timestamp,ahu_id,level,health_index,tier,energy_anomaly,pf_degradation,phase_imbalance,thd_drift,overload,raw_power_total,raw_energy_import,raw_hourly_delta,raw_predicted_delta,raw_energy_anomaly_raw,raw_power_factor_avg,raw_current_unbalance,raw_composite_thd,raw_apparent_power_total,raw_current_l1,raw_current_l2,raw_current_l3,raw_volts_l1_n,raw_volts_l2_n,raw_volts_l3_n,raw_current_l1_thd,raw_current_l3_thd,raw_volts_l1_thd,raw_volts_l2_thd,raw_volts_l3_thd,raw_nema_voltage_imbalance,raw_p95_current,safety_flags,device_id,baseline_power_median,baseline_power_rstd,baseline_power_p5,baseline_power_p25,baseline_power_p75,baseline_power_p95,baseline_energy_median,baseline_energy_rstd,baseline_energy_p5,baseline_energy_p25,baseline_energy_p75,baseline_energy_p95,baseline_pf_median,baseline_pf_rstd,baseline_pf_p5,baseline_pf_p25,baseline_pf_p75,baseline_pf_p95,baseline_unbalance_median,baseline_unbalance_rstd,baseline_unbalance_p5,baseline_unbalance_p25,baseline_unbalance_p75,baseline_unbalance_p95,baseline_thd_24h_median,baseline_thd_24h_rstd,baseline_thd_24h_p5,baseline_thd_24h_p95,z_energy,z_power_factor,z_phase_imbalance,z_thd_drift,z_overload,level_energy,level_pf,level_unbalance,level_thd,trend_energy,trend_pf,trend_unbalance,trend_thd,overload_power_ratio,overload_demand,score_overload_A,score_overload_B,score_overload_C,flag_thd_chronic_high,flag_imbalance_severe,flag_pf_chronic_low,flag_overload_chronic
2025-10-30 08:00:00+00:00,e1108,Level 11,50.0,Maintenance Soon,50.0,50.0,50.0,50.0,50.0,,,,,,,,,,,,,,,,,,,,,,,,,,,,,,,,,,,,,,,,,,,,,,,,,,,,,,,,,,,,,,,,,,,,,,,,,,
2025-10-30 09:00:00+00:00,e1108,Level 11,50.0,Maintenance Soon,50.0,50.0,50.0,50.0,50.0,,,0.0,,,,,,,,,,,,,,,,,,,,,,,,,,,,,,,,,,,,,,,,,,,,,,,,,,,,,,,,,,,,,,,,,,,,,,,
2025-10-30 10:00:00+00:00,e1108,Level 11,50.0,Maintenance Soon,50.0,50.0,50.0,50.0,50.0,,,0.008333333335031,,,,,,,,,,,,,,,,,,,,,,,,,,,,,,,,,,,,,,,,,,,,,,,,,,,,,,,,,,,,,,,,,,,,,,,
2025-10-30 11:00:00+00:00,e1108,Level 11,50.0,Maintenance Soon,50.0,50.0,50.0,50.0,50.0,,,0.0916666666671517,,,,,,,,,,,,,,,,,,,,,,,,,,,,,,,,,,,,,,,,,,,,,,,,,,,,,,,,,,,,,,,,,,,,,,,
2025-10-30 12:00:00+00:00,e1108,Level 11,50.0,Maintenance Soon,50.0,50.0,50.0,50.0,50.0,,,0.0,,,,,,,,,,,,,,,,,,,,,,,,,,,,,,,,,,,,,,,,,,,,,,,,,,,,,,,,,,,,,,,,,,,,,,,
2025-10-30 13:00:00+00:00,e1108,Level 11,50.0,Maintenance Soon,50.0,50.0,50.0,50.0,50.0,,,0.0,,,,,,,,,,,,,,,,,,,,,,,,,,,,,,,,,,,,,,,,,,,,,,,,,,,,,,,,,,,,,,,,,,,,,,,
2025-10-30 14:00:00+00:00,e1108,Level 11,50.0,Maintenance Soon,50.0,50.0,50.0,50.0,50.0,,,0.1416666666627861,,,,,,,,,,,,,,,,,,,,,,,,,,,,,,,,,,,,,,,,,,,,,,,,,,,,,,,,,,,,,,,,,,,,,,,
2025-10-30 15:00:00+00:00,e1108,Level 11,50.0,Maintenance Soon,50.0,50.0,50.0,50.0,50.0,,,0.0583333333415794,,,,,,,,,,,,,,,,,,,,,,,,,,,,,,,,,,,,,,,,,,,,,,,,,,,,,,,,,,,,,,,,,,,,,,,
2025-10-30 16:00:00+00:00,e1108,Level 11,50.0,Maintenance Soon,50.0,50.0,50.0,50.0,50.0,,,0.0,,,,,,,,,,,,,,,,,,,,,,,,,,,,,,,,,,,,,,,,,,,,,,,,,,,,,,,,,,,,,,,,,,,,,,,
2025-10-30 17:00:00+00:00,e1108,Level 11,50.0,Maintenance Soon,50.0,50.0,50.0,50.0,50.0,,,0.0916666666635137,,,,,,,,,,,,,,,,,,,,,,,,,,,,,,,,,,,,,,,,,,,,,,,,,,,,,,,,,,,,,,,,,,,,,,,
2025-10-30 18:00:00+00:00,e1108,Level 11,50.0,Maintenance Soon,50.0,50.0,50.0,50.0,50.0,,,0.008333333331393,,,,,,,,,,,,,,,,,,,,,,,,,,,,,,,,,,,,,,,,,,,,,,,,,,,,,,,,,,,,,,,,,,,,,,,
2025-10-30 19:00:00+00:00,e1108,Level 11,50.0,Maintenance Soon,50.0,50.0,50.0,50.0,50.0,,,0.0,,,,,,,,,,,,,,,,,,,,,,,,,,,,,,,,,,,,,,,,,,,,,,,,,,,,,,,,,,,,,,,,,,,,,,,
2025-10-30 20:00:00+00:00,e1108,Level 11,50.0,Maintenance Soon,50.0,50.0,50.0,50.0,50.0,,,0.0833333333321206,,,,,,,,,,,,,,,,,,,,,,,,,,,,,,,,,,,,,,,,,,,,,,,,,,,,,,,,,,,,,,,,,,,,,,,
2025-10-30 21:00:00+00:00,e1108,Level 11,50.0,Maintenance Soon,50.0,50.0,50.0,50.0,50.0,,,0.0166666666627861,,,,,,,,,,,,,,,,,,,,,,,,,,,,,,,,,,,,,,,,,,,,,,,,,,,,,,,,,,,,,,,,,,,,,,,
2025-10-30 22:00:00+00:00,e1108,Level 11,50.0,Maintenance Soon,50.0,50.0,50.0,50.0,50.0,,,0.0,,,,,,,,,,,,,,,,,,,,,,,,,,,,,,,,,,,,,,,,,,,,,,,,,,,,,,,,,,,,,,,,,,,,,,,
2025-10-30 23:00:00+00:00,e1108,Level 11,50.0,Maintenance Soon,50.0,50.0,50.0,50.0,50.0,,,0.0666666666729725,,,,,,,,,,,,,,,,,,,,,,,,,,,,,,,,,,,,,,,,,,,,,,,,,,,,,,,,,,,,,,,,,,,,,,,
2025-10-31 00:00:00+00:00,e1108,Level 11,50.0,Maintenance Soon,50.0,50.0,50.0,50.0,50.0,,,0.0333333333328482,,,,,,,,,,,,,,,,,,,,,,,,,,,,,,,,,,,,,,,,,,,,,,,,,,,,,,,,,,,,,,,,,,,,,,,
2025-10-31 01:00:00+00:00,e1108,Level 11,50.0,Maintenance Soon,50.0,50.0,50.0,50.0,50.0,,,0.0,,,,,,,,,,,,,,,,,,,,,,,,,,,,,,,,,,,,,,,,,,,,,,,,,,,,,,,,,,,,,,,,,,,,,,,
2025-10-31 02:00:00+00:00,e1108,Level 11,50.0,Maintenance Soon,50.0,50.0,50.0,50.0,50.0,,,0.0499999999992724,,,,,,,,,,,,,,,,,,,,,,,,,,,,,,,,,,,,,,,,,,,,,,,,,,,,,,,,,,,,,,,,,,,,,,,
2025-10-31 03:00:00+00:00,e1108,Level 11,50.0,Maintenance Soon,50.0,50.0,50.0,50.0,50.0,,,0.0499999999992724,,,,,,,,,,,,,,,,,,,,,,,,,,,,,,,,,,,,,,,,,,,,,,,,,,,,,,,,,,,,,,,,,,,,,,,
2025-10-31 04:00:00+00:00,e1108,Level 11,50.0,Maintenance Soon,50.0,50.0,50.0,50.0,50.0,,,0.0,,,,,,,,,,,,,,,,,,,,,,,,,,,,,,,,,,,,,,,,,,,,,,,,,,,,,,,,,,,,,,,,,,,,,,,
2025-10-31 05:00:00+00:00,e1108,Level 11,50.0,Maintenance Soon,50.0,50.0,50.0,50.0,50.0,,,0.0300000000024738,,,,,,,,,,,,,,,,,,,,,,,,,,,,,,,,,,,,,,,,,,,,,,,,,,,,,,,,,,,,,,,,,,,,,,,
2025-10-31 06:00:00+00:00,e1108,Level 11,50.0,Maintenance Soon,50.0,50.0,50.0,50.0,50.0,,,0.0699999999997089,,,,,,,,,,,,,,,,,,,,,,,,,,,,,,,,,,,,,,,,,,,,,,,,,,,,,,,,,,,,,,,,,,,,,,,
2025-10-31 07:00:00+00:00,e1108,Level 11,50.0,Maintenance Soon,50.0,50.0,50.0,50.0,50.0,,,0.0033333333340124,,,,,,,,,,,,,,,,,,,,,,,,,,,,,,,,,,,,,,,,,,,,,,,,,,,,,,,,,,,,,,,,,,,,,,,
2025-10-31 08:00:00+00:00,e1108,Level 11,50.0,Maintenance Soon,50.0,50.0,50.0,50.0,50.0,,,0.1070114942522195,,,,,,,,,,,,,,,,,,,,,,,,,,,,,,,,,,,,,,,,,,,,,,,,,,,,,,,,,,,,,,,,,,,,,,,
2025-10-31 09:00:00+00:00,e1108,Level 11,50.0,Maintenance Soon,50.0,50.0,50.0,50.0,50.0,,,0.0896551724108576,0.0,0.0896551724108576,,,,,,,,,,,,,,,,,,,,,,,,,,,,,,,,,,,,,,,,,,,,,,,,,,,,,,,,,,,,,,,,,,,,,
2025-10-31 10:00:00+00:00,e1108,Level 11,50.0,Maintenance Soon,50.0,50.0,50.0,50.0,50.0,,,0.0,0.008333333335031,-0.008333333335031,,,,,,,,,,,,,,,,,,,,,,,,,,,,,,,,,,,,,,,,,,,,,,,,,,,,,,,,,,,,,,,,,,,,,
2025-10-31 11:00:00+00:00,e1108,Level 11,50.0,Maintenance Soon,50.0,50.0,50.0,50.0,50.0,,,0.0066666666680248,0.0916666666671517,-0.0849999999991268,,,,,,,,,,,,,,,,,,,,,,,,,,,,,,,,,,,,,,,,,,,,,,,,,,,,,,,,,,,,,,,,,,,,,
2025-10-31 12:00:00+00:00,e1108,Level 11,50.0,Maintenance Soon,50.0,50.0,50.0,50.0,50.0,,,0.0933333333341579,0.0,0.0933333333341579,,,,,,,,,,,,,,,,,,,,,,,,,,,,,,,,,,,,,,,,,,,,,,,,,,,,,,,,,,,,,,,,,,,,,
2025-10-31 13:00:00+00:00,e1108,Level 11,50.0,Maintenance Soon,50.0,50.0,50.0,50.0,50.0,,,0.0,0.0,0.0,,,,,,,,,,,,,,,,,,,,,,,,,,,,,,,,,,,,,,,,,,,,,,,,,,,,,,,,,,,,,,,,,,,,,
2025-10-31 14:00:00+00:00,e1108,Level 11,50.0,Maintenance Soon,50.0,50.0,50.0,50.0,50.0,,,0.0,0.1416666666627861,-0.1416666666627861,,,,,,,,,,,,,,,,,,,,,,,,,,,,,,,,,,,,,,,,,,,,,,,,,,,,,,,,,,,,,,,,,,,,,
2025-10-31 15:00:00+00:00,e1108,Level 11,50.0,Maintenance Soon,50.0,50.0,50.0,50.0,50.0,,,0.0966666666681703,0.0583333333415794,0.0383333333265909,,,,,,,,,,,,,,,,,,,,,,,,,,,,,,,,,,,,,,,,,,,,,,,,,,,,,,,,,,,,,,,,,,,,,
2025-10-31 16:00:00+00:00,e1108,Level 11,50.0,Maintenance Soon,50.0,50.0,50.0,50.0,50.0,,,0.0033333333303744,0.0,0.0033333333303744,,,,,,,,,,,,,,,,,,,,,,,,,,,,,,,,,,,,,,,,,,,,,,,,,,,,,,,,,,,,,,,,,,,,,
2025-10-31 17:00:00+00:00,e1108,Level 11,50.0,Maintenance Soon,50.0,50.0,50.0,50.0,50.0,,,0.0,0.0916666666635137,-0.0916666666635137,,,,,,,,,,,,,,,,,,,,,,,,,,,,,,,,,,,,,,,,,,,,,,,,,,,,,,,,,,,,,,,,,,,,,
2025-10-31 18:00:00+00:00,e1108,Level 11,50.0,Maintenance Soon,50.0,50.0,50.0,50.0,50.0,,,0.086666666669771,0.008333333331393,0.078333333338378,,,,,,,,,,,,,,,,,,,,,,,,,,,,,,,,,,,,,,,,,,,,,,,,,,,,,,,,,,,,,,,,,,,,,
2025-10-31 19:00:00+00:00,e1108,Level 11,50.0,Maintenance Soon,50.0,50.0,50.0,50.0,50.0,,,0.0133333333324117,0.0,0.0133333333324117,,,,,,,,,,,,,,,,,,,,,,,,,,,,,,,,,,,,,,,,,,,,,,,,,,,,,,,,,,,,,,,,,,,,,
2025-10-31 20:00:00+00:00,e1108,Level 11,50.0,Maintenance Soon,50.0,50.0,50.0,50.0,50.0,,,0.0,0.0833333333321206,-0.0833333333321206,,,,,,,,,,,,,,,,,,,,,,,,,,,,,,,,,,,,,,,,,,,,,,,,,,,,,,,,,,,,,,,,,,,,,
2025-10-31 21:00:00+00:00,e1108,Level 11,50.0,Maintenance Soon,50.0,50.0,50.0,50.0,50.0,,,0.0799999999981082,0.0166666666627861,0.0633333333353221,,,,,,,,,,,,,,,,,,,,,,,,,,,,,,,,,,,,,,,,,,,,,,,,,,,,,,,,,,,,,,,,,,,,,
2025-10-31 22:00:00+00:00,e1108,Level 11,50.0,Maintenance Soon,50.0,50.0,50.0,50.0,50.0,,,0.0200000000004365,0.0,0.0200000000004365,,,,,,,,,,,,,,,,,,,,,,,,,,,,,,,,,,,,,,,,,,,,,,,,,,,,,,,,,,,,,,,,,,,,,
2025-10-31 23:00:00+00:00,e1108,Level 11,50.0,Maintenance Soon,50.0,50.0,50.0,50.0,50.0,,,0.0,0.0666666666729725,-0.0666666666729725,,,,,,,,,,,,,,,,,,,,,,,,,,,,,,,,,,,,,,,,,,,,,,,,,,,,,,,,,,,,,,,,,,,,,
2025-11-01 00:00:00+00:00,e1108,Level 11,50.0,Maintenance Soon,50.0,50.0,50.0,50.0,50.0,,,0.0733333333300834,0.0333333333328482,0.0399999999972351,,,,,,,,,,,,,,,,,,,,,,,,,,,,,,,,,,,,,,,,,,,,,,,,,,,,,,,,,,,,,,,,,,,,,
2025-11-01 01:00:00+00:00,e1108,Level 11,50.0,Maintenance Soon,50.0,50.0,50.0,50.0,50.0,,,0.0266666666684614,0.0,0.0266666666684614,,,,,,,,,,,,,,,,,,,,,,,,,,,,,,,,,,,,,,,,,,,,,,,,,,,,,,,,,,,,,,,,,,,,,
2025-11-01 02:00:00+00:00,e1108,Level 11,50.0,Maintenance Soon,50.0,50.0,50.0,50.0,50.0,,,0.0099999999983992,0.0499999999992724,-0.0400000000008731,,,,,,,,,,,,,,,,,,,,,,,,,,,,,,,,,,,,,,,,,,,,,,,,,,,,,,,,,,,,,,,,,,,,,
2025-11-01 03:00:00+00:00,e1108,Level 11,50.0,Maintenance Soon,50.0,50.0,50.0,50.0,50.0,,,0.1433333333370683,0.0499999999992724,0.0933333333377959,,,,,,,,,,,,,,,,,,,,,,,,,,,,,,,,,,,,,,,,,,,,,,,,,,,,,,,,,,,,,,,,,,,,,
2025-11-01 04:00:00+00:00,e1108,Level 11,50.0,Maintenance Soon,50.0,50.0,50.0,50.0,50.0,,,0.0466666666652599,0.0,0.0466666666652599,,,,,,,,,,,,,,,,,,,,,,,,,,,,,,,,,,,,,,,,,,,,,,,,,,,,,,,,,,,,,,,,,,,,,
2025-11-01 05:00:00+00:00,e1108,Level 11,50.0,Maintenance Soon,50.0,50.0,50.0,50.0,50.0,,,0.0,0.0300000000024738,-0.0300000000024738,,,,,,,,,,,,,,,,,,,,,,,,,,,,,,,,,,,,,,,,,,,,,,,,,,,,,,,,,,,,,,,,,,,,,
2025-11-01 06:00:00+00:00,e1108,Level 11,50.0,Maintenance Soon,50.0,50.0,50.0,50.0,50.0,,,0.0500000000029103,0.0699999999997089,-0.0199999999967985,,,,,,,,,,,,,,,,,,,,,,,,,,,,,,,,,,,,,,,,,,,,,,,,,,,,,,,,,,,,,,,,,,,,,
2025-11-01 07:00:00+00:00,e1108,Level 11,50.0,Maintenance Soon,50.0,50.0,50.0,50.0,50.0,,,0.0499999999992724,0.0033333333340124,0.0466666666652599,,,,,,,,,,,,,,,,,,,,,,,,,,,,,,,,,,,,,,,,,,,,,,,,,,,,,,,,,,,,,,,,,,,,,
2025-11-01 08:00:00+00:00,e1108,Level 11,50.0,Maintenance Soon,50.0,50.0,50.0,50.0,50.0,,,0.0,0.1070114942522195,-0.1070114942522195,,,,,,,,,,,,,,,,,,,,,,,,,,,,,,,,,,,,,,,,,,,,,,,,,,,,,,,,,,,,,,,,,,,,,
2025-11-01 09:00:00+00:00,e1108,Level 11,50.0,Maintenance Soon,50.0,50.0,50.0,50.0,50.0,,,0.0499999999992724,0.0896551724108576,-0.0396551724115852,,,,,,,,,,,,,,,,,,,,,,,,,,,,,,,,,,,,,,,,,,,,,,,,,,,,,,,,,,,,,,,,,,,,,
2025-11-01 10:00:00+00:00,e1108,Level 11,50.0,Maintenance Soon,50.0,50.0,50.0,50.0,50.0,,,0.0499999999992724,0.0,0.0499999999992724,,,,,,,,,,,,,,,,,,,,,,,,,,,,,,,,,,,,,,,,,,,,,,,,,,,,,,,,,,,,,,,,,,,,,
2025-11-01 11:00:00+00:00,e1108,Level 11,50.0,Maintenance Soon,50.0,50.0,50.0,50.0,50.0,,,0.0,0.0066666666680248,-0.0066666666680248,,,,,,,,,,,,,,,,,,,,,,,,,,,,,,,,,,,,,,,,,,,,,,,,,,,,,,,,,,,,,,,,,,,,,
2025-11-01 12:00:00+00:00,e1108,Level 11,50.0,Maintenance Soon,50.0,50.0,50.0,50.0,50.0,,,0.0433333333312475,0.0933333333341579,-0.0500000000029103,,,,,,,,,,,,,,,,,,,,,,,,,,,,,,,,,,,,,,,,,,,,,,,,,,,,,,,,,,,,,,,,,,,,,
2025-11-01 13:00:00+00:00,e1108,Level 11,50.0,Maintenance Soon,50.0,50.0,50.0,50.0,50.0,,,0.0566666666672972,0.0,0.0566666666672972,,,,,,,,,,,,,,,,,,,,,,,,,,,,,,,,,,,,,,,,,,,,,,,,,,,,,,,,,,,,,,,,,,,,,
2025-11-01 14:00:00+00:00,e1108,Level 11,50.0,Maintenance Soon,50.0,50.0,50.0,50.0,50.0,,,0.0,0.0,0.0,,,,,,,,,,,,,,,,,,,,,,,,,,,,,,,,,,,,,,,,,,,,,,,,,,,,,,,,,,,,,,,,,,,,,
2025-11-01 15:00:00+00:00,e1108,Level 11,50.0,Maintenance Soon,50.0,50.0,50.0,50.0,50.0,,,0.0400000000008731,0.0966666666681703,-0.0566666666672972,,,,,,,,,,,,,,,,,,,,,,,,,,,,,,,,,,,,,,,,,,,,,,,,,,,,,,,,,,,,,,,,,,,,,
2025-11-01 16:00:00+00:00,e1108,Level 11,50.0,Maintenance Soon,50.0,50.0,50.0,50.0,50.0,,,0.0600000000013096,0.0033333333303744,0.0566666666709352,,,,,,,,,,,,,,,,,,,,,,,,,,,,,,,,,,,,,,,,,,,,,,,,,,,,,,,,,,,,,,,,,,,,,
2025-11-01 17:00:00+00:00,e1108,Level 11,50.0,Maintenance Soon,50.0,50.0,50.0,50.0,50.0,,,0.0066666666680248,0.0,0.0066666666680248,,,,,,,,,,,,,,,,,,,,,,,,,,,,,,,,,,,,,,,,,,,,,,,,,,,,,,,,,,,,,,,,,,,,,
2025-11-01 18:00:00+00:00,e1108,Level 11,50.0,Maintenance Soon,50.0,50.0,50.0,50.0,50.0,,,0.1233333333329937,0.086666666669771,0.0366666666632227,,,,,,,,,,,,,,,,,,,,,,,,,,,,,,,,,,,,,,,,,,,,,,,,,,,,,,,,,,,,,,,,,,,,,
2025-11-01 19:00:00+00:00,e1108,Level 11,50.0,Maintenance Soon,50.0,50.0,50.0,50.0,50.0,,,0.0699999999997089,0.0133333333324117,0.0566666666672972,,,,,,,,,,,,,,,,,,,,,,,,,,,,,,,,,,,,,,,,,,,,,,,,,,,,,,,,,,,,,,,,,,,,,
2025-11-01 20:00:00+00:00,e1108,Level 11,50.0,Maintenance Soon,50.0,50.0,50.0,50.0,50.0,,,0.0,0.0,0.0,,,,,,,,,,,,,,,,,,,,,,,,,,,,,,,,,,,,,,,,,,,,,,,,,,,,,,,,,,,,,,,,,,,,,
2025-11-01 21:00:00+00:00,e1108,Level 11,50.0,Maintenance Soon,50.0,50.0,50.0,50.0,50.0,,,0.0233333333344489,0.0799999999981082,-0.0566666666636592,,,,,,,,,,,,,,,,,,,,,,,,,,,,,,,,,,,,,,,,,,,,,,,,,,,,,,,,,,,,,,,,,,,,,
2025-11-01 22:00:00+00:00,e1108,Level 11,50.0,Maintenance Soon,50.0,50.0,50.0,50.0,50.0,,,0.0766666666640958,0.0200000000004365,0.0566666666636592,,,,,,,,,,,,,,,,,,,,,,,,,,,,,,,,,,,,,,,,,,,,,,,,,,,,,,,,,,,,,,,,,,,,,
2025-11-01 23:00:00+00:00,e1108,Level 11,50.0,Maintenance Soon,50.0,50.0,50.0,50.0,50.0,,,0.0,0.0,0.0,,,,,,,,,,,,,,,,,,,,,,,,,,,,,,,,,,,,,,,,,,,,,,,,,,,,,,,,,,,,,,,,,,,,,
2025-11-02 00:00:00+00:00,e1108,Level 11,50.0,Maintenance Soon,50.0,50.0,50.0,50.0,50.0,,,0.023333333330811,0.0733333333300834,-0.0499999999992724,,,,,,,,,,,,,,,,,,,,,,,,,,,,,,,,,,,,,,,,,,,,,,,,,,,,,,,,,,,,,,,,,,,,,
2025-11-02 01:00:00+00:00,e1108,Level 11,50.0,Maintenance Soon,50.0,50.0,50.0,50.0,50.0,,,0.0766666666677338,0.0266666666684614,0.0499999999992724,,,,,,,,,,,,,,,,,,,,,,,,,,,,,,,,,,,,,,,,,,,,,,,,,,,,,,,,,,,,,,,,,,,,,
2025-11-02 02:00:00+00:00,e1108,Level 11,50.0,Maintenance Soon,50.0,50.0,50.0,50.0,50.0,,,0.0,0.0099999999983992,-0.0099999999983992,,,,,,,,,,,,,,,,,,,,,,,,,,,,,,,,,,,,,,,,,,,,,,,,,,,,,,,,,,,,,,,,,,,,,
2025-11-02 03:00:00+00:00,e1108,Level 11,50.0,Maintenance Soon,50.0,50.0,50.0,50.0,50.0,,,0.0033333333340124,0.1433333333370683,-0.1400000000030559,,,,,,,,,,,,,,,,,,,,,,,,,,,,,,,,,,,,,,,,,,,,,,,,,,,,,,,,,,,,,,,,,,,,,
2025-11-02 04:00:00+00:00,e1108,Level 11,50.0,Maintenance Soon,50.0,50.0,50.0,50.0,50.0,,,0.0966666666681703,0.0466666666652599,0.0500000000029103,,,,,,,,,,,,,,,,,,,,,,,,,,,,,,,,,,,,,,,,,,,,,,,,,,,,,,,,,,,,,,,,,,,,,
2025-11-02 05:00:00+00:00,e1108,Level 11,50.0,Maintenance Soon,50.0,50.0,50.0,50.0,50.0,,,0.0,0.0,0.0,,,,,,,,,,,,,,,,,,,,,,,,,,,,,,,,,,,,,,,,,,,,,,,,,,,,,,,,,,,,,,,,,,,,,
2025-11-02 06:00:00+00:00,e1108,Level 11,50.0,Maintenance Soon,50.0,50.0,50.0,50.0,50.0,,,0.0,0.0500000000029103,-0.0500000000029103,,,,,,,,,,,,,,,,,,,,,,,,,,,,,,,,,,,,,,,,,,,,,,,,,,,,,,,,,,,,,,,,,,,,,
2025-11-02 07:00:00+00:00,e1108,Level 11,50.0,Maintenance Soon,50.0,50.0,50.0,50.0,50.0,,,0.0899999999965075,0.0499999999992724,0.0399999999972351,,,,,,,,,,,,,,,,,,,,,,,,,,,,,,,,,,,,,,,,,,,,,,,,,,,,,,,,,,,,,,,,,,,,,
2025-11-02 08:00:00+00:00,e1108,Level 11,50.0,Maintenance Soon,50.0,50.0,50.0,50.0,50.0,,,0.0100000000020372,0.0,0.0100000000020372,,,,,,,,,,,,,,,,,,,,,,,,,,,,,,,,,,,,,,,,,,,,,,,,,,,,,,,,,,,,,,,,,,,,,
2025-11-02 09:00:00+00:00,e1108,Level 11,50.0,Maintenance Soon,50.0,50.0,50.0,50.0,50.0,,,0.0,0.0499999999992724,-0.0499999999992724,,,,,,,,,,,,,,,,,,,,,,,,,,,,,,,,,,,,,,,,,,,,,,,,,,,,,,,,,,,,,,,,,,,,,
2025-11-02 10:00:00+00:00,e1108,Level 11,50.0,Maintenance Soon,50.0,50.0,50.0,50.0,50.0,,,0.0733333333373593,0.0499999999992724,0.0233333333380869,,,,,,,,,,,,,,,,,,,,,,,,,,,,,,,,,,,,,,,,,,,,,,,,,,,,,,,,,,,,,,,,,,,,,
2025-11-02 11:00:00+00:00,e1108,Level 11,50.0,Maintenance Soon,50.0,50.0,50.0,50.0,50.0,,,0.0266666666648234,0.0,0.0266666666648234,,,,,,,,,,,,,,,,,,,,,,,,,,,,,,,,,,,,,,,,,,,,,,,,,,,,,,,,,,,,,,,,,,,,,
2025-11-02 12:00:00+00:00,e1108,Level 11,50.0,Maintenance Soon,50.0,50.0,50.0,50.0,50.0,,,0.0,0.0433333333312475,-0.0433333333312475,,,,,,,,,,,,,,,,,,,,,,,,,,,,,,,,,,,,,,,,,,,,,,,,,,,,,,,,,,,,,,,,,,,,,
2025-11-02 13:00:00+00:00,e1108,Level 11,50.0,Maintenance Soon,50.0,50.0,50.0,50.0,50.0,,,0.0666666666656965,0.0566666666672972,0.0099999999983992,,,,,,,,,,,,,,,,,,,,,,,,,,,,,,,,,,,,,,,,,,,,,,,,,,,,,,,,,,,,,,,,,,,,,
2025-11-02 14:00:00+00:00,e1108,Level 11,50.0,Maintenance Soon,50.0,50.0,50.0,50.0,50.0,,,0.133333333331393,0.0,0.133333333331393,,,,,,,,,,,,,,,,,,,,,,,,,,,,,,,,,,,,,,,,,,,,,,,,,,,,,,,,,,,,,,,,,,,,,
2025-11-02 15:00:00+00:00,e1108,Level 11,50.0,Maintenance Soon,50.0,50.0,50.0,50.0,50.0,,,0.0,0.0400000000008731,-0.0400000000008731,,,,,,,,,,,,,,,,,,,,,,,,,,,,,,,,,,,,,,,,,,,,,,,,,,,,,,,,,,,,,,,,,,,,,
2025-11-02 16:00:00+00:00,e1108,Level 11,50.0,Maintenance Soon,50.0,50.0,50.0,50.0,50.0,,,0.0466666666688979,0.0600000000013096,-0.0133333333324117,,,,,,,,,,,,,,,,,,,,,,,,,,,,,,,,,,,,,,,,,,,,,,,,,,,,,,,,,,,,,,,,,,,,,
2025-11-02 17:00:00+00:00,e1108,Level 11,50.0,Maintenance Soon,50.0,50.0,50.0,50.0,50.0,,,0.0533333333332848,0.0066666666680248,0.0466666666652599,,,,,,,,,,,,,,,,,,,,,,,,,,,,,,,,,,,,,,,,,,,,,,,,,,,,,,,,,,,,,,,,,,,,,
2025-11-02 18:00:00+00:00,e1108,Level 11,50.0,Maintenance Soon,50.0,50.0,50.0,50.0,50.0,,,0.0,0.1233333333329937,-0.1233333333329937,,,,,,,,,,,,,,,,,,,,,,,,,,,,,,,,,,,,,,,,,,,,,,,,,,,,,,,,,,,,,,,,,,,,,
2025-11-02 19:00:00+00:00,e1108,Level 11,50.0,Maintenance Soon,50.0,50.0,50.0,50.0,50.0,,,0.0366666666668606,0.0699999999997089,-0.0333333333328482,,,,,,,,,,,,,,,,,,,,,,,,,,,,,,,,,,,,,,,,,,,,,,,,,,,,,,,,,,,,,,,,,,,,,
2025-11-02 20:00:00+00:00,e1108,Level 11,50.0,Maintenance Soon,50.0,50.0,50.0,50.0,50.0,,,0.0633333333316841,0.0,0.0633333333316841,,,,,,,,,,,,,,,,,,,,,,,,,,,,,,,,,,,,,,,,,,,,,,,,,,,,,,,,,,,,,,,,,,,,,
2025-11-02 21:00:00+00:00,e1108,Level 11,50.0,Maintenance Soon,50.0,50.0,50.0,50.0,50.0,,,0.0,0.0233333333344489,-0.0233333333344489,,,,,,,,,,,,,,,,,,,,,,,,,,,,,,,,,,,,,,,,,,,,,,,,,,,,,,,,,,,,,,,,,,,,,
2025-11-02 22:00:00+00:00,e1108,Level 11,50.0,Maintenance Soon,50.0,50.0,50.0,50.0,50.0,,,0.0366666666668606,0.0766666666640958,-0.0399999999972351,,,,,,,,,,,,,,,,,,,,,,,,,,,,,,,,,,,,,,,,,,,,,,,,,,,,,,,,,,,,,,,,,,,,,
2025-11-02 23:00:00+00:00,e1108,Level 11,50.0,Maintenance Soon,50.0,50.0,50.0,50.0,50.0,,,0.0633333333353221,0.0,0.0633333333353221,,,,,,,,,,,,,,,,,,,,,,,,,,,,,,,,,,,,,,,,,,,,,,,,,,,,,,,,,,,,,,,,,,,,,
2025-11-03 00:00:00+00:00,e1108,Level 11,50.0,Maintenance Soon,50.0,50.0,50.0,50.0,50.0,,,0.0,0.023333333330811,-0.023333333330811,,,,,,,,,,,,,,,,,,,,,,,,,,,,,,,,,,,,,,,,,,,,,,,,,,,,,,,,,,,,,,,,,,,,,
2025-11-03 01:00:00+00:00,e1108,Level 11,50.0,Maintenance Soon,50.0,50.0,50.0,50.0,50.0,,,0.0166666666664241,0.0766666666677338,-0.0600000000013096,,,,,,,,,,,,,,,,,,,,,,,,,,,,,,,,,,,,,,,,,,,,,,,,,,,,,,,,,,,,,,,,,,,,,
2025-11-03 02:00:00+00:00,e1108,Level 11,50.0,Maintenance Soon,50.0,50.0,50.0,50.0,50.0,,,0.1410256410235888,0.0,0.1410256410235888,,,,,,,,,,,,,,,,,,,,,,,,,,,,,,,,,,,,,,,,,,,,,,,,,,,,,,,,,,,,,,,,,,,,,
2025-11-03 03:00:00+00:00,e1108,Level 11,50.0,Maintenance Soon,50.0,50.0,50.0,50.0,50.0,,,0.0423076923070766,0.0033333333340124,0.0389743589730642,,,,,,,,,,,,,,,,,,,,,,,,,,,,,,,,,,,,,,,,,,,,,,,,,,,,,,,,,,,,,,,,,,,,,
2025-11-03 04:00:00+00:00,e1108,Level 11,50.0,Maintenance Soon,50.0,50.0,50.0,50.0,50.0,,,0.0,0.0966666666681703,-0.0966666666681703,,,,,,,,,,,,,,,,,,,,,,,,,,,,,,,,,,,,,,,,,,,,,,,,,,,,,,,,,,,,,,,,,,,,,
2025-11-03 05:00:00+00:00,e1108,Level 11,50.0,Maintenance Soon,50.0,50.0,50.0,50.0,50.0,,,0.0966666666681703,0.0,0.0966666666681703,,,,,,,,,,,,,,,,,,,,,,,,,,,,,,,,,,,,,,,,,,,,,,,,,,,,,,,,,,,,,,,,,,,,,
2025-11-03 06:00:00+00:00,e1108,Level 11,50.0,Maintenance Soon,50.0,50.0,50.0,50.0,50.0,,,0.0033333333340124,0.0,0.0033333333340124,,,,,,,,,,,,,,,,,,,,,,,,,,,,,,,,,,,,,,,,,,,,,,,,,,,,,,,,,,,,,,,,,,,,,
2025-11-03 07:00:00+00:00,e1108,Level 11,50.0,Maintenance Soon,50.0,50.0,50.0,50.0,50.0,,,0.0,0.0899999999965075,-0.0899999999965075,,,,,,,,,,,,,,,,,,,,,,,,,,,,,,,,,,,,,,,,,,,,,,,,,,,,,,,,,,,,,,,,,,,,,
2025-11-03 08:00:00+00:00,e1108,Level 11,50.0,Maintenance Soon,50.0,50.0,50.0,50.0,50.0,,,0.0766666666677338,0.0100000000020372,0.0666666666656965,,,,,,,,,,,,,,,,,,,,,,,,,,,,,,,,,,,,,,,,,,,,,,,,,,,,,,,,,,,,,,,,,,,,,
2025-11-03 09:00:00+00:00,e1108,Level 11,50.0,Maintenance Soon,50.0,50.0,50.0,50.0,50.0,,,0.023333333330811,0.0,0.023333333330811,,,,,,,,,,,,,,,,,,,,,,,,,,,,,,,,,,,,,,,,,,,,,,,,,,,,,,,,,,,,,,,,,,,,,
2025-11-03 10:00:00+00:00,e1108,Level 11,50.0,Maintenance Soon,50.0,50.0,50.0,50.0,50.0,,,0.0,0.0733333333373593,-0.0733333333373593,,,,,,,,,,,,,,,,,,,,,,,,,,,,,,,,,,,,,,,,,,,,,,,,,,,,,,,,,,,,,,,,,,,,,
2025-11-03 11:00:00+00:00,e1108,Level 11,50.0,Maintenance Soon,50.0,50.0,50.0,50.0,50.0,,,0.0733333333373593,0.0266666666648234,0.0466666666725359,,,,,,,,,,,,,,,,,,,,,,,,,,,,,,,,,,,,,,,,,,,,,,,,,,,,,,,,,,,,,,,,,,,,,
2025-11-03 12:00:00+00:00,e1108,Level 11,50.0,Maintenance Soon,50.0,50.0,50.0,50.0,50.0,,,0.0266666666648234,0.0,0.0266666666648234,,,,,,,,,,,,,,,,,,,,,,,,,,,,,,,,,,,,,,,,,,,,,,,,,,,,,,,,,,,,,,,,,,,,,
2025-11-03 13:00:00+00:00,e1108,Level 11,50.0,Maintenance Soon,50.0,50.0,50.0,50.0,50.0,,,0.0,0.0666666666656965,-0.0666666666656965,,,,,,,,,,,,,,,,,,,,,,,,,,,,,,,,,,,,,,,,,,,,,,,,,,,,,,,,,,,,,,,,,,,,,
2025-11-03 14:00:00+00:00,e1108,Level 11,50.0,Maintenance Soon,50.0,50.0,50.0,50.0,50.0,,,0.0666666666656965,0.133333333331393,-0.0666666666656965,,,,,,,,,,,,,,,,,,,,,,,,,,,,,,,,,,,,,,,,,,,,,,,,,,,,,,,,,,,,,,,,,,,,,
2025-11-03 15:00:00+00:00,e1108,Level 11,50.0,Maintenance Soon,50.0,50.0,50.0,50.0,50.0,,,0.0333333333328482,0.0,0.0333333333328482,,,,,,,,,,,,,,,,,,,,,,,,,,,,,,,,,,,,,,,,,,,,,,,,,,,,,,,,,,,,,,,,,,,,,
2025-11-03 16:00:00+00:00,e1108,Level 11,50.0,Maintenance Soon,50.0,50.0,50.0,50.0,50.0,,,0.0,0.0466666666688979,-0.0466666666688979,,,,,,,,,,,,,,,,,,,,,,,,,,,,,,,,,,,,,,,,,,,,,,,,,,,,,,,,,,,,,,,,,,,,,
2025-11-03 17:00:00+00:00,e1108,Level 11,50.0,Maintenance Soon,50.0,50.0,50.0,50.0,50.0,,,0.0566666666636592,0.0533333333332848,0.0033333333303744,,,,,,,,,,,,,,,,,,,,,,,,,,,,,,,,,,,,,,,,,,,,,,,,,,,,,,,,,,,,,,,,,,,,,
2025-11-03 18:00:00+00:00,e1108,Level 11,50.0,Maintenance Soon,50.0,50.0,50.0,50.0,50.0,,,0.0433333333348855,0.0,0.0433333333348855,,,,,,,,,,,,,,,,,,,,,,,,,,,,,,,,,,,,,,,,,,,,,,,,,,,,,,,,,,,,,,,,,,,,,
2025-11-03 19:00:00+00:00,e1108,Level 11,50.0,Maintenance Soon,50.0,50.0,50.0,50.0,50.0,,,0.0,0.0366666666668606,-0.0366666666668606,,,,,,,,,,,,,,,,,,,,,,,,,,,,,,,,,,,,,,,,,,,,,,,,,,,,,,,,,,,,,,,,,,,,,
2025-11-03 20:00:00+00:00,e1108,Level 11,50.0,Maintenance Soon,50.0,50.0,50.0,50.0,50.0,,,0.0533333333332848,0.0633333333316841,-0.0099999999983992,,,,,,,,,,,,,,,,,,,,,,,,,,,,,,,,,,,,,,,,,,,,,,,,,,,,,,,,,,,,,,,,,,,,,
2025-11-03 21:00:00+00:00,e1108,Level 11,50.0,Maintenance Soon,50.0,50.0,50.0,50.0,50.0,,,0.0466666666688979,0.0,0.0466666666688979,,,,,,,,,,,,,,,,,,,,,,,,,,,,,,,,,,,,,,,,,,,,,,,,,,,,,,,,,,,,,,,,,,,,,
2025-11-03 22:00:00+00:00,e1108,Level 11,50.0,Maintenance Soon,50.0,50.0,50.0,50.0,50.0,,,0.0,0.0366666666668606,-0.0366666666668606,,,,,,,,,,,,,,,,,,,,,,,,,,,,,,,,,,,,,,,,,,,,,,,,,,,,,,,,,,,,,,,,,,,,,
2025-11-03 23:00:00+00:00,e1108,Level 11,50.0,Maintenance Soon,50.0,50.0,50.0,50.0,50.0,,,0.0433333333348855,0.0633333333353221,-0.0200000000004365,,,,,,,,,,,,,,,,,,,,,,,,,,,,,,,,,,,,,,,,,,,,,,,,,,,,,,,,,,,,,,,,,,,,,
2025-11-04 00:00:00+00:00,e1108,Level 11,50.0,Maintenance Soon,50.0,50.0,50.0,50.0,50.0,,,0.0999999999985448,0.0,0.0999999999985448,,,,,,,,,,,,,,,,,,,,,,,,,,,,,,,,,,,,,,,,,,,,,,,,,,,,,,,,,,,,,,,,,,,,,
2025-11-04 01:00:00+00:00,e1108,Level 11,50.0,Maintenance Soon,50.0,50.0,50.0,50.0,50.0,,,0.0566666666672972,0.0166666666664241,0.0400000000008731,,,,,,,,,,,,,,,,,,,,,,,,,,,,,,,,,,,,,,,,,,,,,,,,,,,,,,,,,,,,,,,,,,,,,
2025-11-04 02:00:00+00:00,e1108,Level 11,50.0,Maintenance Soon,50.0,50.0,50.0,50.0,50.0,,,0.0275862068956485,0.1410256410235888,-0.1134394341279403,,,,,,,,,,,,,,,,,,,,,,,,,,,,,,,,,,,,,,,,,,,,,,,,,,,,,,,,,,,,,,,,,,,,,
2025-11-04 03:00:00+00:00,e1108,Level 11,50.0,Maintenance Soon,50.0,50.0,50.0,50.0,50.0,,,0.0724137931028963,0.0423076923070766,0.0301061007958196,,,,,,,,,,,,,,,,,,,,,,,,,,,,,,,,,,,,,,,,,,,,,,,,,,,,,,,,,,,,,,,,,,,,,
2025-11-04 04:00:00+00:00,e1108,Level 11,50.0,Maintenance Soon,50.0,50.0,50.0,50.0,50.0,,,0.0,0.0,0.0,,,,,,,,,,,,,,,,,,,,,,,,,,,,,,,,,,,,,,,,,,,,,,,,,,,,,,,,,,,,,,,,,,,,,
2025-11-04 05:00:00+00:00,e1108,Level 11,50.0,Maintenance Soon,50.0,50.0,50.0,50.0,50.0,,,0.0066666666643868,0.0966666666681703,-0.0900000000037835,,,,,,,,,,,,,,,,,,,,,,,,,,,,,,,,,,,,,,,,,,,,,,,,,,,,,,,,,,,,,,,,,,,,,
2025-11-04 06:00:00+00:00,e1108,Level 11,50.0,Maintenance Soon,50.0,50.0,50.0,50.0,50.0,,,0.0933333333341579,0.0033333333340124,0.0900000000001455,,,,,,,,,,,,,,,,,,,,,,,,,,,,,,,,,,,,,,,,,,,,,,,,,,,,,,,,,,,,,,,,,,,,,
2025-11-04 07:00:00+00:00,e1108,Level 11,50.0,Maintenance Soon,50.0,50.0,50.0,50.0,50.0,,,0.0,0.0,0.0,,,,,,,,,,,,,,,,,,,,,,,,,,,,,,,,,,,,,,,,,,,,,,,,,,,,,,,,,,,,,,,,,,,,,
2025-11-04 08:00:00+00:00,e1108,Level 11,50.0,Maintenance Soon,50.0,50.0,50.0,50.0,50.0,,,0.0,0.0766666666677338,-0.0766666666677338,,,,,,,,,,,,,,,,,,,,,,,,,,,,,,,,,,,,,,,,,,,,,,,,,,,,,,,,,,,,,,,,,,,,,
2025-11-04 09:00:00+00:00,e1108,Level 11,50.0,Maintenance Soon,50.0,50.0,50.0,50.0,50.0,,,0.0933333333377959,0.023333333330811,0.0700000000069849,,,,,,,,,,,,,,,,,,,,,,,,,,,,,,,,,,,,,,,,,,,,,,,,,,,,,,,,,,,,,,,,,,,,,
2025-11-04 10:00:00+00:00,e1108,Level 11,50.0,Maintenance Soon,50.0,50.0,50.0,50.0,50.0,,,0.0066666666643868,0.0,0.0066666666643868,,,,,,,,,,,,,,,,,,,,,,,,,,,,,,,,,,,,,,,,,,,,,,,,,,,,,,,,,,,,,,,,,,,,,
2025-11-04 11:00:00+00:00,e1108,Level 11,50.0,Maintenance Soon,50.0,50.0,50.0,50.0,50.0,,,0.0,0.0733333333373593,-0.0733333333373593,,,,,,,,,,,,,,,,,,,,,,,,,,,,,,,,,,,,,,,,,,,,,,,,,,,,,,,,,,,,,,,,,,,,,
2025-11-04 12:00:00+00:00,e1108,Level 11,50.0,Maintenance Soon,50.0,50.0,50.0,50.0,50.0,,,0.1833333333343034,0.0266666666648234,0.15666666666948,,,,,,,,,,,,,,,,,,,,,,,,,,,,,,,,,,,,,,,,,,,,,,,,,,,,,,,,,,,,,,,,,,,,,
2025-11-04 13:00:00+00:00,e1108,Level 11,50.0,Maintenance Soon,50.0,50.0,50.0,50.0,50.0,,,0.0166666666664241,0.0,0.0166666666664241,,,,,,,,,,,,,,,,,,,,,,,,,,,,,,,,,,,,,,,,,,,,,,,,,,,,,,,,,,,,,,,,,,,,,
2025-11-04 14:00:00+00:00,e1108,Level 11,50.0,Maintenance Soon,50.0,50.0,50.0,50.0,50.0,,,0.0,0.0666666666656965,-0.0666666666656965,,,,,,,,,,,,,,,,,,,,,,,,,,,,,,,,,,,,,,,,,,,,,,,,,,,,,,,,,,,,,,,,,,,,,
2025-11-04 15:00:00+00:00,e1108,Level 11,50.0,Maintenance Soon,50.0,50.0,50.0,50.0,50.0,,,0.0799999999981082,0.0333333333328482,0.0466666666652599,,,,,,,,,,,,,,,,,,,,,,,,,,,,,,,,,,,,,,,,,,,,,,,,,,,,,,,,,,,,,,,,,,,,,
2025-11-04 16:00:00+00:00,e1108,Level 11,50.0,Maintenance Soon,50.0,50.0,50.0,50.0,50.0,,,0.0200000000004365,0.0,0.0200000000004365,,,,,,,,,,,,,,,,,,,,,,,,,,,,,,,,,,,,,,,,,,,,,,,,,,,,,,,,,,,,,,,,,,,,,
2025-11-04 17:00:00+00:00,e1108,Level 11,50.0,Maintenance Soon,50.0,50.0,50.0,50.0,50.0,,,0.0,0.0566666666636592,-0.0566666666636592,,,,,,,,,,,,,,,,,,,,,,,,,,,,,,,,,,,,,,,,,,,,,,,,,,,,,,,,,,,,,,,,,,,,,
2025-11-04 18:00:00+00:00,e1108,Level 11,50.0,Maintenance Soon,50.0,50.0,50.0,50.0,50.0,,,0.0699999999997089,0.0433333333348855,0.0266666666648234,,,,,,,,,,,,,,,,,,,,,,,,,,,,,,,,,,,,,,,,,,,,,,,,,,,,,,,,,,,,,,,,,,,,,
2025-11-04 19:00:00+00:00,e1108,Level 11,50.0,Maintenance Soon,50.0,50.0,50.0,50.0,50.0,,,0.0299999999988358,0.0,0.0299999999988358,,,,,,,,,,,,,,,,,,,,,,,,,,,,,,,,,,,,,,,,,,,,,,,,,,,,,,,,,,,,,,,,,,,,,
2025-11-04 20:00:00+00:00,e1108,Level 11,50.0,Maintenance Soon,50.0,50.0,50.0,50.0,50.0,,,0.0,0.0533333333332848,-0.0533333333332848,,,,,,,,,,,,,,,,,,,,,,,,,,,,,,,,,,,,,,,,,,,,,,,,,,,,,,,,,,,,,,,,,,,,,
2025-11-04 21:00:00+00:00,e1108,Level 11,50.0,Maintenance Soon,50.0,50.0,50.0,50.0,50.0,,,0.0633333333353221,0.0466666666688979,0.0166666666664241,,,,,,,,,,,,,,,,,,,,,,,,,,,,,,,,,,,,,,,,,,,,,,,,,,,,,,,,,,,,,,,,,,,,,
2025-11-04 22:00:00+00:00,e1108,Level 11,50.0,Maintenance Soon,50.0,50.0,50.0,50.0,50.0,,,0.0366666666668606,0.0,0.0366666666668606,,,,,,,,,,,,,,,,,,,,,,,,,,,,,,,,,,,,,,,,,,,,,,,,,,,,,,,,,,,,,,,,,,,,,
2025-11-04 23:00:00+00:00,e1108,Level 11,50.0,Maintenance Soon,50.0,50.0,50.0,50.0,50.0,,,0.0,0.0433333333348855,-0.0433333333348855,,,,,,,,,,,,,,,,,,,,,,,,,,,,,,,,,,,,,,,,,,,,,,,,,,,,,,,,,,,,,,,,,,,,,
2025-11-05 00:00:00+00:00,e1108,Level 11,50.0,Maintenance Soon,50.0,50.0,50.0,50.0,50.0,,,0.0533333333332848,0.0999999999985448,-0.0466666666652599,,,,,,,,,,,,,,,,,,,,,,,,,,,,,,,,,,,,,,,,,,,,,,,,,,,,,,,,,,,,,,,,,,,,,
2025-11-05 01:00:00+00:00,e1108,Level 11,50.0,Maintenance Soon,50.0,50.0,50.0,50.0,50.0,,,0.0466666666652599,0.0566666666672972,-0.0100000000020372,,,,,,,,,,,,,,,,,,,,,,,,,,,,,,,,,,,,,,,,,,,,,,,,,,,,,,,,,,,,,,,,,,,,,
2025-11-05 02:00:00+00:00,e1108,Level 11,50.0,Maintenance Soon,50.0,50.0,50.0,50.0,50.0,,,0.0,0.0275862068956485,-0.0275862068956485,,,,,,,,,,,,,,,,,,,,,,,,,,,,,,,,,,,,,,,,,,,,,,,,,,,,,,,,,,,,,,,,,,,,,
2025-11-05 03:00:00+00:00,e1108,Level 11,50.0,Maintenance Soon,50.0,50.0,50.0,50.0,50.0,,,0.0310344827594235,0.0724137931028963,-0.0413793103434727,,,,,,,,,,,,,,,,,,,,,,,,,,,,,,,,,,,,,,,,,,,,,,,,,,,,,,,,,,,,,,,,,,,,,
2025-11-05 04:00:00+00:00,e1108,Level 11,50.0,Maintenance Soon,50.0,50.0,50.0,50.0,50.0,,,0.0689655172427592,0.0,0.0689655172427592,,,,,,,,,,,,,,,,,,,,,,,,,,,,,,,,,,,,,,,,,,,,,,,,,,,,,,,,,,,,,,,,,,,,,
2025-11-05 05:00:00+00:00,e1108,Level 11,50.0,Maintenance Soon,50.0,50.0,50.0,50.0,50.0,,,0.0,0.0066666666643868,-0.0066666666643868,,,,,,,,,,,,,,,,,,,,,,,,,,,,,,,,,,,,,,,,,,,,,,,,,,,,,,,,,,,,,,,,,,,,,
2025-11-05 06:00:00+00:00,e1108,Level 11,50.0,Maintenance Soon,50.0,50.0,50.0,50.0,50.0,,,0.0068965517239121,0.0933333333341579,-0.0864367816102458,,,,,,,,,,,,,,,,,,,,,,,,,,,,,,,,,,,,,,,,,,,,,,,,,,,,,,,,,,,,,,,,,,,,,
2025-11-05 07:00:00+00:00,e1108,Level 11,50.0,Maintenance Soon,50.0,50.0,50.0,50.0,50.0,,,0.0931034482746326,0.0,0.0931034482746326,,,,,,,,,,,,,,,,,,,,,,,,,,,,,,,,,,,,,,,,,,,,,,,,,,,,,,,,,,,,,,,,,,,,,
2025-11-05 08:00:00+00:00,e1108,Level 11,50.0,Maintenance Soon,50.0,50.0,50.0,50.0,50.0,,,0.0,0.0,0.0,,,,,,,,,,,,,,,,,,,,,,,,,,,,,,,,,,,,,,,,,,,,,,,,,,,,,,,,,,,,,,,,,,,,,
2025-11-05 09:00:00+00:00,e1108,Level 11,50.0,Maintenance Soon,50.0,50.0,50.0,50.0,50.0,,,0.0,0.0933333333377959,-0.0933333333377959,,,,,,,,,,,,,,,,,,,,,,,,,,,,,,,,,,,,,,,,,,,,,,,,,,,,,,,,,,,,,,,,,,,,,
2025-11-05 10:00:00+00:00,e1108,Level 11,50.0,Maintenance Soon,50.0,50.0,50.0,50.0,50.0,,,0.0966666666645323,0.0066666666643868,0.0900000000001455,,,,,,,,,,,,,,,,,,,,,,,,,,,,,,,,,,,,,,,,,,,,,,,,,,,,,,,,,,,,,,,,,,,,,
2025-11-05 11:00:00+00:00,e1108,Level 11,50.0,Maintenance Soon,50.0,50.0,50.0,50.0,50.0,,,0.0033333333340124,0.0,0.0033333333340124,,,,,,,,,,,,,,,,,,,,,,,,,,,,,,,,,,,,,,,,,,,,,,,,,,,,,,,,,,,,,,,,,,,,,
2025-11-05 12:00:00+00:00,e1108,Level 11,50.0,Maintenance Soon,50.0,50.0,50.0,50.0,50.0,,,0.0066666666680248,0.1833333333343034,-0.1766666666662786,,,,,,,,,,,,,,,,,,,,,,,,,,,,,,,,,,,,,,,,,,,,,,,,,,,,,,,,,,,,,,,,,,,,,
2025-11-05 13:00:00+00:00,e1108,Level 11,50.0,Maintenance Soon,50.0,50.0,50.0,50.0,50.0,,,0.1866666666646779,0.0166666666664241,0.1699999999982537,,,,,,,,,,,,,,,,,,,,,,,,,,,,,,,,,,,,,,,,,,,,,,,,,,,,,,,,,,,,,,,,,,,,,
2025-11-05 14:00:00+00:00,e1108,Level 11,50.0,Maintenance Soon,50.0,50.0,50.0,50.0,50.0,,,0.0066666666680248,0.0,0.0066666666680248,,,,,,,,,,,,,,,,,,,,,,,,,,,,,,,,,,,,,,,,,,,,,,,,,,,,,,,,,,,,,,,,,,,,,
2025-11-05 15:00:00+00:00,e1108,Level 11,50.0,Maintenance Soon,50.0,50.0,50.0,50.0,50.0,,,0.0,0.0799999999981082,-0.0799999999981082,,,,,,,,,,,,,,,,,,,,,,,,,,,,,,,,,,,,,,,,,,,,,,,,,,,,,,,,,,,,,,,,,,,,,
2025-11-05 16:00:00+00:00,e1108,Level 11,50.0,Maintenance Soon,50.0,50.0,50.0,50.0,50.0,,,0.0833333333357586,0.0200000000004365,0.0633333333353221,,,,,,,,,,,,,,,,,,,,,,,,,,,,,,,,,,,,,,,,,,,,,,,,,,,,,,,,,,,,,,,,,,,,,
2025-11-05 17:00:00+00:00,e1108,Level 11,50.0,Maintenance Soon,50.0,50.0,50.0,50.0,50.0,,,0.0166666666664241,0.0,0.0166666666664241,,,,,,,,,,,,,,,,,,,,,,,,,,,,,,,,,,,,,,,,,,,,,,,,,,,,,,,,,,,,,,,,,,,,,
2025-11-05 18:00:00+00:00,e1108,Level 11,50.0,Maintenance Soon,50.0,50.0,50.0,50.0,50.0,,,0.0,0.0699999999997089,-0.0699999999997089,,,,,,,,,,,,,,,,,,,,,,,,,,,,,,,,,,,,,,,,,,,,,,,,,,,,,,,,,,,,,,,,,,,,,
2025-11-05 19:00:00+00:00,e1108,Level 11,50.0,Maintenance Soon,50.0,50.0,50.0,50.0,50.0,,,0.0766666666677338,0.0299999999988358,0.0466666666688979,,,,,,,,,,,,,,,,,,,,,,,,,,,,,,,,,,,,,,,,,,,,,,,,,,,,,,,,,,,,,,,,,,,,,
2025-11-05 20:00:00+00:00,e1108,Level 11,50.0,Maintenance Soon,50.0,50.0,50.0,50.0,50.0,,,0.0299999999951978,0.0,0.0299999999951978,,,,,,,,,,,,,,,,,,,,,,,,,,,,,,,,,,,,,,,,,,,,,,,,,,,,,,,,,,,,,,,,,,,,,
2025-11-05 21:00:00+00:00,e1108,Level 11,50.0,Maintenance Soon,50.0,50.0,50.0,50.0,50.0,,,0.0933333333341579,0.0633333333353221,0.0299999999988358,,,,,,,,,,,,,,,,,,,,,,,,,,,,,,,,,,,,,,,,,,,,,,,,,,,,,,,,,,,,,,,,,,,,,
2025-11-05 22:00:00+00:00,e1108,Level 11,50.0,Maintenance Soon,50.0,50.0,50.0,50.0,50.0,,,0.0633333333353221,0.0366666666668606,0.0266666666684614,,,,,,,,,,,,,,,,,,,,,,,,,,,,,,,,,,,,,,,,,,,,,,,,,,,,,,,,,,,,,,,,,,,,,
2025-11-05 23:00:00+00:00,e1108,Level 11,50.0,Maintenance Soon,50.0,50.0,50.0,50.0,50.0,,,0.0366666666668606,0.0,0.0366666666668606,,,,,,,,,,,,,,,,,,,,,,,,,,,,,,,,,,,,,,,,,,,,,,,,,,,,,,,,,,,,,,,,,,,,,
2025-11-06 00:00:00+00:00,e1108,Level 11,50.0,Maintenance Soon,50.0,50.0,50.0,50.0,50.0,,,0.0,0.0533333333332848,-0.0533333333332848,,,,,,,,,,,,,,,,,,,,,,,,,,,,,,,,,,,,,,,,,,,,,,,,,,,,,,,,,,,,,,,,,,,,,
2025-11-06 01:00:00+00:00,e1108,Level 11,50.0,Maintenance Soon,50.0,50.0,50.0,50.0,50.0,,,0.0464285714297147,0.0466666666652599,-0.0002380952355451,,,,,,,,,,,,,,,,,,,,,,,,,,,,,,,,,,,,,,,,,,,,,,,,,,,,,,,,,,,,,,,,,,,,,
2025-11-06 02:00:00+00:00,e1108,Level 11,50.0,Maintenance Soon,50.0,50.0,50.0,50.0,50.0,,,0.05357142856883,0.0,0.05357142856883,,,,,,,,,,,,,,,,,,,,,,,,,,,,,,,,,,,,,,,,,,,,,,,,,,,,,,,,,,,,,,,,,,,,,
2025-11-06 03:00:00+00:00,e1108,Level 11,50.0,Maintenance Soon,50.0,50.0,50.0,50.0,50.0,,,0.0,0.0310344827594235,-0.0310344827594235,,,,,,,,,,,,,,,,,,,,,,,,,,,,,,,,,,,,,,,,,,,,,,,,,,,,,,,,,,,,,,,,,,,,,
2025-11-06 04:00:00+00:00,e1108,Level 11,50.0,Maintenance Soon,50.0,50.0,50.0,50.0,50.0,,,0.0241379310355114,0.0689655172427592,-0.0448275862072478,,,,,,,,,,,,,,,,,,,,,,,,,,,,,,,,,,,,,,,,,,,,,,,,,,,,,,,,,,,,,,,,,,,,,
2025-11-06 05:00:00+00:00,e1108,Level 11,50.0,Maintenance Soon,50.0,50.0,50.0,50.0,50.0,,,0.0758620689666713,0.0,0.0758620689666713,,,,,,,,,,,,,,,,,,,,,,,,,,,,,,,,,,,,,,,,,,,,,,,,,,,,,,,,,,,,,,,,,,,,,
2025-11-06 06:00:00+00:00,e1108,Level 11,50.0,Maintenance Soon,50.0,50.0,50.0,50.0,50.0,,,0.0,0.0068965517239121,-0.0068965517239121,,,,,,,,,,,,,,,,,,,,,,,,,,,,,,,,,,,,,,,,,,,,,,,,,,,,,,,,,,,,,,,,,,,,,
2025-11-06 07:00:00+00:00,e1108,Level 11,50.0,Maintenance Soon,50.0,50.0,50.0,50.0,50.0,,,0.0033333333340124,0.0931034482746326,-0.0897701149406202,,,,,,,,,,,,,,,,,,,,,,,,,,,,,,,,,,,,,,,,,,,,,,,,,,,,,,,,,,,,,,,,,,,,,
2025-11-06 08:00:00+00:00,e1108,Level 11,50.0,Maintenance Soon,50.0,50.0,50.0,50.0,50.0,,,0.0966666666645323,0.0,0.0966666666645323,,,,,,,,,,,,,,,,,,,,,,,,,,,,,,,,,,,,,,,,,,,,,,,,,,,,,,,,,,,,,,,,,,,,,
2025-11-06 09:00:00+00:00,e1108,Level 11,50.0,Maintenance Soon,50.0,50.0,50.0,50.0,50.0,,,0.0,0.0,0.0,,,,,,,,,,,,,,,,,,,,,,,,,,,,,,,,,,,,,,,,,,,,,,,,,,,,,,,,,,,,,,,,,,,,,
2025-11-06 10:00:00+00:00,e1108,Level 11,50.0,Maintenance Soon,50.0,50.0,50.0,50.0,50.0,,,0.0,0.0524999999997817,-0.0524999999997817,,,,,,,,,,,,,,,,,,,,,,,,,,,,,,,,,,,,,,,,,,,,,,,,,,,,,,,,,,,,,,,,,,,,,
2025-11-06 11:00:00+00:00,e1108,Level 11,50.0,Maintenance Soon,50.0,50.0,50.0,50.0,50.0,,,0.0966666666645323,0.047500000000582,0.0491666666639503,,,,,,,,,,,,,,,,,,,,,,,,,,,,,,,,,,,,,,,,,,,,,,,,,,,,,,,,,,,,,,,,,,,,,
2025-11-06 12:00:00+00:00,e1108,Level 11,50.0,Maintenance Soon,50.0,50.0,50.0,50.0,50.0,,,0.0033333333340124,0.0033333333340124,0.0,,,,,,,,,,,,,,,,,,,,,,,,,,,,,,,,,,,,,,,,,,,,,,,,,,,,,,,,,,,,,,,,,,,,,
2025-11-06 13:00:00+00:00,e1108,Level 11,50.0,Maintenance Soon,50.0,50.0,50.0,50.0,50.0,,,0.0,0.0933333333323389,-0.0933333333323389,,,,,,,,,,,,,,,,,,,,,,,,,,,,,,,,,,,,,,,,,,,,,,,,,,,,,,,,,,,,,,,,,,,,,
2025-11-06 14:00:00+00:00,e1108,Level 11,50.0,Maintenance Soon,50.0,50.0,50.0,50.0,50.0,,,0.0933333333377959,0.0741666666654055,0.0191666666723904,,,,,,,,,,,,,,,,,,,,,,,,,,,,,,,,,,,,,,,,,,,,,,,,,,,,,,,,,,,,,,,,,,,,,
2025-11-06 15:00:00+00:00,e1108,Level 11,50.0,Maintenance Soon,50.0,50.0,50.0,50.0,50.0,,,0.0066666666643868,0.0291666666707897,-0.0225000000064028,,,,,,,,,,,,,,,,,,,,,,,,,,,,,,,,,,,,,,,,,,,,,,,,,,,,,,,,,,,,,,,,,,,,,
2025-11-06 16:00:00+00:00,e1108,Level 11,50.0,Maintenance Soon,50.0,50.0,50.0,50.0,50.0,,,0.0,0.0416666666678793,-0.0416666666678793,,,,,,,,,,,,,,,,,,,,,,,,,,,,,,,,,,,,,,,,,,,,,,,,,,,,,,,,,,,,,,,,,,,,,
2025-11-06 17:00:00+00:00,e1108,Level 11,50.0,Maintenance Soon,50.0,50.0,50.0,50.0,50.0,,,0.0896551724144956,0.0541666666649689,0.0354885057495266,,,,,,,,,,,,,,,,,,,,,,,,,,,,,,,,,,,,,,,,,,,,,,,,,,,,,,,,,,,,,,,,,,,,,
2025-11-06 18:00:00+00:00,e1108,Level 11,50.0,Maintenance Soon,50.0,50.0,50.0,50.0,50.0,,,0.0103448275840491,0.0041666666656965,0.0061781609183526,,,,,,,,,,,,,,,,,,,,,,,,,,,,,,,,,,,,,,,,,,,,,,,,,,,,,,,,,,,,,,,,,,,,,
2025-11-06 19:00:00+00:00,e1108,Level 11,50.0,Maintenance Soon,50.0,50.0,50.0,50.0,50.0,,,0.0,0.0383333333338669,-0.0383333333338669,,,,,,,,,,,,,,,,,,,,,,,,,,,,,,,,,,,,,,,,,,,,,,,,,,,,,,,,,,,,,,,,,,,,,
2025-11-06 20:00:00+00:00,e1108,Level 11,50.0,Maintenance Soon,50.0,50.0,50.0,50.0,50.0,,,0.0800000000017462,0.0566666666636592,0.0233333333380869,,,,,,,,,,,,,,,,,,,,,,,,,,,,,,,,,,,,,,,,,,,,,,,,,,,,,,,,,,,,,,,,,,,,,
2025-11-06 21:00:00+00:00,e1108,Level 11,50.0,Maintenance Soon,50.0,50.0,50.0,50.0,50.0,,,0.0200000000004365,0.054999999998472,-0.0349999999980354,,,,,,,,,,,,,,,,,,,,,,,,,,,,,,,,,,,,,,,,,,,,,,,,,,,,,,,,,,,,,,,,,,,,,
2025-11-06 22:00:00+00:00,e1108,Level 11,50.0,Maintenance Soon,50.0,50.0,50.0,50.0,50.0,,,0.0,0.031666666667661,-0.031666666667661,,,,,,,,,,,,,,,,,,,,,,,,,,,,,,,,,,,,,,,,,,,,,,,,,,,,,,,,,,,,,,,,,,,,,
2025-11-06 23:00:00+00:00,e1108,Level 11,50.0,Maintenance Soon,50.0,50.0,50.0,50.0,50.0,,,0.1499999999978172,0.0516666666699165,0.0983333333279006,,,,,,,,,,,,,,,,,,,,,,,,,,,,,,,,,,,,,,,,,,,,,,,,,,,,,,,,,,,,,,,,,,,,,
2025-11-07 00:00:00+00:00,e1108,Level 11,50.0,Maintenance Soon,50.0,50.0,50.0,50.0,50.0,,,0.0499999999992724,0.0166666666664241,0.0333333333328482,,,,,,,,,,,,,,,,,,,,,,,,,,,,,,,,,,,,,,,,,,,,,,,,,,,,,,,,,,,,,,,,,,,,,
2025-11-07 01:00:00+00:00,e1108,Level 11,50.0,Maintenance Soon,50.0,50.0,50.0,50.0,50.0,,,0.0,0.0232142857148573,-0.0232142857148573,,,,,,,,,,,,,,,,,,,,,,,,,,,,,,,,,,,,,,,,,,,,,,,,,,,,,,,,,,,,,,,,,,,,,
2025-11-07 02:00:00+00:00,e1108,Level 11,50.0,Maintenance Soon,50.0,50.0,50.0,50.0,50.0,,,0.0499999999992724,0.0517857142840512,-0.0017857142847788,,,,,,,,,,,,,,,,,,,,,,,,,,,,,,,,,,,,,,,,,,,,,,,,,,,,,,,,,,,,,,,,,,,,,
2025-11-07 03:00:00+00:00,e1108,Level 11,50.0,Maintenance Soon,50.0,50.0,50.0,50.0,50.0,,,0.0500000000029103,0.0249999999996362,0.0250000000032741,,,,,,,,,,,,,,,,,,,,,,,,,,,,,,,,,,,,,,,,,,,,,,,,,,,,,,,,,,,,,,,,,,,,,
2025-11-07 04:00:00+00:00,e1108,Level 11,50.0,Maintenance Soon,50.0,50.0,50.0,50.0,50.0,,,0.0,0.0120689655177557,-0.0120689655177557,,,,,,,,,,,,,,,,,,,,,,,,,,,,,,,,,,,,,,,,,,,,,,,,,,,,,,,,,,,,,,,,,,,,,
2025-11-07 05:00:00+00:00,e1108,Level 11,50.0,Maintenance Soon,50.0,50.0,50.0,50.0,50.0,,,0.0281250000007275,0.0529310344845725,-0.0248060344838449,,,,,,,,,,,,,,,,,,,,,,,,,,,,,,,,,,,,,,,,,,,,,,,,,,,,,,,,,,,,,,,,,,,,,
2025-11-07 06:00:00+00:00,e1108,Level 11,50.0,Maintenance Soon,50.0,50.0,50.0,50.0,50.0,,,0.0718749999978172,0.0349999999998544,0.0368749999979627,,,,,,,,,,,,,,,,,,,,,,,,,,,,,,,,,,,,,,,,,,,,,,,,,,,,,,,,,,,,,,,,,,,,,
2025-11-07 07:00:00+00:00,e1108,Level 11,50.0,Maintenance Soon,50.0,50.0,50.0,50.0,50.0,,,0.0888888888912333,0.0033333333340124,0.0855555555572209,,,,,,,,,,,,,,,,,,,,,,,,,,,,,,,,,,,,,,,,,,,,,,,,,,,,,,,,,,,,,,,,,,,,,
2025-11-07 08:00:00+00:00,e1108,Level 11,50.0,Maintenance Soon,50.0,50.0,50.0,50.0,50.0,,,0.0111111111109494,0.1018390804583759,-0.0907279693474265,,,,,,,,,,,,,,,,,,,,,,,,,,,,,,,,,,,,,,,,,,,,,,,,,,,,,,,,,,,,,,,,,,,,,
2025-11-07 09:00:00+00:00,e1108,Level 11,50.0,Maintenance Soon,50.0,50.0,50.0,50.0,50.0,,,0.0933333333341579,0.0448275862054288,0.0485057471287291,,,,,,,,,,,,,,,,,,,,,,,,,,,,,,,,,,,,,,,,,,,,,,,,,,,,,,,,,,,,,,,,,,,,,
2025-11-07 10:00:00+00:00,e1108,Level 11,50.0,Maintenance Soon,50.0,50.0,50.0,50.0,50.0,,,0.0066666666643868,0.0,0.0066666666643868,,,,,,,,,,,,,,,,,,,,,,,,,,,,,,,,,,,,,,,,,,,,,,,,,,,,,,,,,,,,,,,,,,,,,
2025-11-07 11:00:00+00:00,e1108,Level 11,50.0,Maintenance Soon,50.0,50.0,50.0,50.0,50.0,,,0.0,0.0516666666662786,-0.0516666666662786,,,,,,,,,,,,,,,,,,,,,,,,,,,,,,,,,,,,,,,,,,,,,,,,,,,,,,,,,,,,,,,,,,,,,
2025-11-07 12:00:00+00:00,e1108,Level 11,50.0,Maintenance Soon,50.0,50.0,50.0,50.0,50.0,,,0.0935483870925963,0.0483333333340851,0.0452150537585112,,,,,,,,,,,,,,,,,,,,,,,,,,,,,,,,,,,,,,,,,,,,,,,,,,,,,,,,,,,,,,,,,,,,,
2025-11-07 13:00:00+00:00,e1108,Level 11,50.0,Maintenance Soon,50.0,50.0,50.0,50.0,50.0,,,0.0064516129059484,0.0,0.0064516129059484,,,,,,,,,,,,,,,,,,,,,,,,,,,,,,,,,,,,,,,,,,,,,,,,,,,,,,,,,,,,,,,,,,,,,
2025-11-07 14:00:00+00:00,e1108,Level 11,50.0,Maintenance Soon,50.0,50.0,50.0,50.0,50.0,,,0.0,0.0466666666688979,-0.0466666666688979,,,,,,,,,,,,,,,,,,,,,,,,,,,,,,,,,,,,,,,,,,,,,,,,,,,,,,,,,,,,,,,,,,,,,
2025-11-07 15:00:00+00:00,e1108,Level 11,50.0,Maintenance Soon,50.0,50.0,50.0,50.0,50.0,,,0.0967741935492085,0.0516666666662786,0.0451075268829299,,,,,,,,,,,,,,,,,,,,,,,,,,,,,,,,,,,,,,,,,,,,,,,,,,,,,,,,,,,,,,,,,,,,,
2025-11-07 16:00:00+00:00,e1108,Level 11,50.0,Maintenance Soon,50.0,50.0,50.0,50.0,50.0,,,0.0032258064529742,0.0016666666651872,0.0015591397877869,,,,,,,,,,,,,,,,,,,,,,,,,,,,,,,,,,,,,,,,,,,,,,,,,,,,,,,,,,,,,,,,,,,,,
2025-11-07 17:00:00+00:00,e1108,Level 11,50.0,Maintenance Soon,50.0,50.0,50.0,50.0,50.0,,,0.0,0.0448275862072478,-0.0448275862072478,,,,,,,,,,,,,,,,,,,,,,,,,,,,,,,,,,,,,,,,,,,,,,,,,,,,,,,,,,,,,,,,,,,,,
2025-11-07 18:00:00+00:00,e1108,Level 11,50.0,Maintenance Soon,50.0,50.0,50.0,50.0,50.0,,,0.0933333333305199,0.0485057471269101,0.0448275862036098,,,,,,,,,,,,,,,,,,,,,,,,,,,,,,,,,,,,,,,,,,,,,,,,,,,,,,,,,,,,,,,,,,,,,
2025-11-07 19:00:00+00:00,e1108,Level 11,50.0,Maintenance Soon,50.0,50.0,50.0,50.0,50.0,,,0.0066666666680248,0.0066666666662058,1.8189894035458565e-12,,,,,,,,,,,,,,,,,,,,,,,,,,,,,,,,,,,,,,,,,,,,,,,,,,,,,,,,,,,,,,,,,,,,,
2025-11-07 20:00:00+00:00,e1108,Level 11,50.0,Maintenance Soon,50.0,50.0,50.0,50.0,50.0,,,0.0,0.0400000000008731,-0.0400000000008731,,,,,,,,,,,,,,,,,,,,,,,,,,,,,,,,,,,,,,,,,,,,,,,,,,,,,,,,,,,,,,,,,,,,,
2025-11-07 21:00:00+00:00,e1108,Level 11,50.0,Maintenance Soon,50.0,50.0,50.0,50.0,50.0,,,0.0833333333357586,0.0499999999992724,0.0333333333364862,,,,,,,,,,,,,,,,,,,,,,,,,,,,,,,,,,,,,,,,,,,,,,,,,,,,,,,,,,,,,,,,,,,,,
2025-11-07 22:00:00+00:00,e1108,Level 11,50.0,Maintenance Soon,50.0,50.0,50.0,50.0,50.0,,,0.0166666666664241,0.0100000000002182,0.0066666666662058,,,,,,,,,,,,,,,,,,,,,,,,,,,,,,,,,,,,,,,,,,,,,,,,,,,,,,,,,,,,,,,,,,,,,
2025-11-07 23:00:00+00:00,e1108,Level 11,50.0,Maintenance Soon,50.0,50.0,50.0,50.0,50.0,,,0.0,0.0749999999989086,-0.0749999999989086,,,,,,,,,,,,,,,,,,,,,,,,,,,,,,,,,,,,,,,,,,,,,,,,,,,,,,,,,,,,,,,,,,,,,
2025-11-08 00:00:00+00:00,e1108,Level 11,50.0,Maintenance Soon,50.0,50.0,50.0,50.0,50.0,,,0.0699999999960709,0.0616666666646779,0.008333333331393,,,,,,,,,,,,,,,,,,,,,,,,,,,,,,,,,,,,,,,,,,,,,,,,,,,,,,,,,,,,,,,,,,,,,
2025-11-08 01:00:00+00:00,e1108,Level 11,50.0,Maintenance Soon,50.0,50.0,50.0,50.0,50.0,,,0.0300000000024738,0.0133333333342307,0.0166666666682431,,,,,,,,,,,,,,,,,,,,,,,,,,,,,,,,,,,,,,,,,,,,,,,,,,,,,,,,,,,,,,,,,,,,,
2025-11-08 02:00:00+00:00,e1108,Level 11,50.0,Maintenance Soon,50.0,50.0,50.0,50.0,50.0,,,0.0,0.0299999999988358,-0.0299999999988358,,,,,,,,,,,,,,,,,,,,,,,,,,,,,,,,,,,,,,,,,,,,,,,,,,,,,,,,,,,,,,,,,,,,,
2025-11-08 03:00:00+00:00,e1108,Level 11,50.0,Maintenance Soon,50.0,50.0,50.0,50.0,50.0,,,0.058620689655072,0.0966666666699893,-0.0380459770149173,,,,,,,,,,,,,,,,,,,,,,,,,,,,,,,,,,,,,,,,,,,,,,,,,,,,,,,,,,,,,,,,,,,,,
2025-11-08 04:00:00+00:00,e1108,Level 11,50.0,Maintenance Soon,50.0,50.0,50.0,50.0,50.0,,,0.0413793103434727,0.0233333333326299,0.0180459770108427,,,,,,,,,,,,,,,,,,,,,,,,,,,,,,,,,,,,,,,,,,,,,,,,,,,,,,,,,,,,,,,,,,,,,
2025-11-08 05:00:00+00:00,e1108,Level 11,50.0,Maintenance Soon,50.0,50.0,50.0,50.0,50.0,,,0.0,0.0140625000003637,-0.0140625000003637,,,,,,,,,,,,,,,,,,,,,,,,,,,,,,,,,,,,,,,,,,,,,,,,,,,,,,,,,,,,,,,,,,,,,
2025-11-08 06:00:00+00:00,e1108,Level 11,50.0,Maintenance Soon,50.0,50.0,50.0,50.0,50.0,,,0.0466666666688979,0.0609375000003638,-0.0142708333314658,,,,,,,,,,,,,,,,,,,,,,,,,,,,,,,,,,,,,,,,,,,,,,,,,,,,,,,,,,,,,,,,,,,,,
2025-11-08 07:00:00+00:00,e1108,Level 11,50.0,Maintenance Soon,50.0,50.0,50.0,50.0,50.0,,,0.0533333333332848,0.0694444444452528,-0.016111111111968,,,,,,,,,,,,,,,,,,,,,,,,,,,,,,,,,,,,,,,,,,,,,,,,,,,,,,,,,,,,,,,,,,,,,
2025-11-08 08:00:00+00:00,e1108,Level 11,50.0,Maintenance Soon,50.0,50.0,50.0,50.0,50.0,,,0.0,0.0055555555554747,-0.0055555555554747,,,,,,,,,,,,,,,,,,,,,,,,,,,,,,,,,,,,,,,,,,,,,,,,,,,,,,,,,,,,,,,,,,,,,
2025-11-08 09:00:00+00:00,e1108,Level 11,50.0,Maintenance Soon,50.0,50.0,50.0,50.0,50.0,,,0.0299999999988358,0.0716666666667151,-0.0416666666678793,,,,,,,,,,,,,,,,,,,,,,,,,,,,,,,,,,,,,,,,,,,,,,,,,,,,,,,,,,,,,,,,,,,,,
2025-11-08 10:00:00+00:00,e1108,Level 11,50.0,Maintenance Soon,50.0,50.0,50.0,50.0,50.0,,,0.1300000000010186,0.0283333333318296,0.101666666669189,,,,,,,,,,,,,,,,,,,,,,,,,,,,,,,,,,,,,,,,,,,,,,,,,,,,,,,,,,,,,,,,,,,,,
2025-11-08 11:00:00+00:00,e1108,Level 11,50.0,Maintenance Soon,50.0,50.0,50.0,50.0,50.0,,,0.0400000000008731,0.0,0.0400000000008731,,,,,,,,,,,,,,,,,,,,,,,,,,,,,,,,,,,,,,,,,,,,,,,,,,,,,,,,,,,,,,,,,,,,,
2025-11-08 12:00:00+00:00,e1108,Level 11,50.0,Maintenance Soon,50.0,50.0,50.0,50.0,50.0,,,0.0258064516128797,0.0684408602119219,-0.0426344085990422,,,,,,,,,,,,,,,,,,,,,,,,,,,,,,,,,,,,,,,,,,,,,,,,,,,,,,,,,,,,,,,,,,,,,
2025-11-08 13:00:00+00:00,e1108,Level 11,50.0,Maintenance Soon,50.0,50.0,50.0,50.0,50.0,,,0.074193548385665,0.0315591397866228,0.0426344085990422,,,,,,,,,,,,,,,,,,,,,,,,,,,,,,,,,,,,,,,,,,,,,,,,,,,,,,,,,,,,,,,,,,,,,
2025-11-08 14:00:00+00:00,e1108,Level 11,50.0,Maintenance Soon,50.0,50.0,50.0,50.0,50.0,,,0.0,0.0,0.0,,,,,,,,,,,,,,,,,,,,,,,,,,,,,,,,,,,,,,,,,,,,,,,,,,,,,,,,,,,,,,,,,,,,,
2025-11-08 15:00:00+00:00,e1108,Level 11,50.0,Maintenance Soon,50.0,50.0,50.0,50.0,50.0,,,0.0068965517239121,0.0683870967750408,-0.0614905450511287,,,,,,,,,,,,,,,,,,,,,,,,,,,,,,,,,,,,,,,,,,,,,,,,,,,,,,,,,,,,,,,,,,,,,
2025-11-08 16:00:00+00:00,e1108,Level 11,50.0,Maintenance Soon,50.0,50.0,50.0,50.0,50.0,,,0.1447163515003922,0.0316129032271419,0.1131034482732502,,,,,,,,,,,,,,,,,,,,,,,,,,,,,,,,,,,,,,,,,,,,,,,,,,,,,,,,,,,,,,,,,,,,,
2025-11-08 17:00:00+00:00,e1108,Level 11,50.0,Maintenance Soon,50.0,50.0,50.0,50.0,50.0,,,0.0483870967764232,0.0033333333340124,0.0450537634424108,,,,,,,,,,,,,,,,,,,,,,,,,,,,,,,,,,,,,,,,,,,,,,,,,,,,,,,,,,,,,,,,,,,,,
2025-11-08 18:00:00+00:00,e1108,Level 11,50.0,Maintenance Soon,50.0,50.0,50.0,50.0,50.0,,,0.0033333333303744,0.1083333333317568,-0.1050000000013824,,,,,,,,,,,,,,,,,,,,,,,,,,,,,,,,,,,,,,,,,,,,,,,,,,,,,,,,,,,,,,,,,,,,,
2025-11-08 19:00:00+00:00,e1108,Level 11,50.0,Maintenance Soon,50.0,50.0,50.0,50.0,50.0,,,0.0966666666681703,0.0383333333338669,0.0583333333343034,,,,,,,,,,,,,,,,,,,,,,,,,,,,,,,,,,,,,,,,,,,,,,,,,,,,,,,,,,,,,,,,,,,,,
2025-11-08 20:00:00+00:00,e1108,Level 11,50.0,Maintenance Soon,50.0,50.0,50.0,50.0,50.0,,,0.0,0.0,0.0,,,,,,,,,,,,,,,,,,,,,,,,,,,,,,,,,,,,,,,,,,,,,,,,,,,,,,,,,,,,,,,,,,,,,
2025-11-08 21:00:00+00:00,e1108,Level 11,50.0,Maintenance Soon,50.0,50.0,50.0,50.0,50.0,,,0.0,0.0533333333351038,-0.0533333333351038,,,,,,,,,,,,,,,,,,,,,,,,,,,,,,,,,,,,,,,,,,,,,,,,,,,,,,,,,,,,,,,,,,,,,
2025-11-08 22:00:00+00:00,e1108,Level 11,50.0,Maintenance Soon,50.0,50.0,50.0,50.0,50.0,,,0.0896551724144956,0.0466666666652599,0.0429885057492356,,,,,,,,,,,,,,,,,,,,,,,,,,,,,,,,,,,,,,,,,,,,,,,,,,,,,,,,,,,,,,,,,,,,,
2025-11-08 23:00:00+00:00,e1108,Level 11,50.0,Maintenance Soon,50.0,50.0,50.0,50.0,50.0,,,0.0103448275876871,0.0,0.0103448275876871,,,,,,,,,,,,,,,,,,,,,,,,,,,,,,,,,,,,,,,,,,,,,,,,,,,,,,,,,,,,,,,,,,,,,
2025-11-09 00:00:00+00:00,e1108,Level 11,50.0,Maintenance Soon,50.0,50.0,50.0,50.0,50.0,,,0.0,0.0466666666634409,-0.0466666666634409,,,,,,,,,,,,,,,,,,,,,,,,,,,,,,,,,,,,,,,,,,,,,,,,,,,,,,,,,,,,,,,,,,,,,
2025-11-09 01:00:00+00:00,e1108,Level 11,50.0,Maintenance Soon,50.0,50.0,50.0,50.0,50.0,,,0.0733333333300834,0.0533333333351038,0.0199999999949795,,,,,,,,,,,,,,,,,,,,,,,,,,,,,,,,,,,,,,,,,,,,,,,,,,,,,,,,,,,,,,,,,,,,,
2025-11-09 02:00:00+00:00,e1108,Level 11,50.0,Maintenance Soon,50.0,50.0,50.0,50.0,50.0,,,0.0266666666684614,0.0,0.0266666666684614,,,,,,,,,,,,,,,,,,,,,,,,,,,,,,,,,,,,,,,,,,,,,,,,,,,,,,,,,,,,,,,,,,,,,
2025-11-09 03:00:00+00:00,e1108,Level 11,50.0,Maintenance Soon,50.0,50.0,50.0,50.0,50.0,,,0.0,0.0309770114945422,-0.0309770114945422,,,,,,,,,,,,,,,,,,,,,,,,,,,,,,,,,,,,,,,,,,,,,,,,,,,,,,,,,,,,,,,,,,,,,
2025-11-09 04:00:00+00:00,e1108,Level 11,50.0,Maintenance Soon,50.0,50.0,50.0,50.0,50.0,,,0.0533333333332848,0.0690229885058215,-0.0156896551725367,,,,,,,,,,,,,,,,,,,,,,,,,,,,,,,,,,,,,,,,,,,,,,,,,,,,,,,,,,,,,,,,,,,,,
2025-11-09 05:00:00+00:00,e1108,Level 11,50.0,Maintenance Soon,50.0,50.0,50.0,50.0,50.0,,,0.0466666666652599,0.0,0.0466666666652599,,,,,,,,,,,,,,,,,,,,,,,,,,,,,,,,,,,,,,,,,,,,,,,,,,,,,,,,,,,,,,,,,,,,,
2025-11-09 06:00:00+00:00,e1108,Level 11,50.0,Maintenance Soon,50.0,50.0,50.0,50.0,50.0,,,0.0,0.0233333333344489,-0.0233333333344489,,,,,,,,,,,,,,,,,,,,,,,,,,,,,,,,,,,,,,,,,,,,,,,,,,,,,,,,,,,,,,,,,,,,,
2025-11-09 07:00:00+00:00,e1108,Level 11,50.0,Maintenance Soon,50.0,50.0,50.0,50.0,50.0,,,0.0300000000024738,0.0716666666648961,-0.0416666666624223,,,,,,,,,,,,,,,,,,,,,,,,,,,,,,,,,,,,,,,,,,,,,,,,,,,,,,,,,,,,,,,,,,,,,
2025-11-09 08:00:00+00:00,e1108,Level 11,50.0,Maintenance Soon,50.0,50.0,50.0,50.0,50.0,,,0.0699999999997089,0.0050000000010186,0.0649999999986903,,,,,,,,,,,,,,,,,,,,,,,,,,,,,,,,,,,,,,,,,,,,,,,,,,,,,,,,,,,,,,,,,,,,,
2025-11-09 09:00:00+00:00,e1108,Level 11,50.0,Maintenance Soon,50.0,50.0,50.0,50.0,50.0,,,0.0,0.0149999999994179,-0.0149999999994179,,,,,,,,,,,,,,,,,,,,,,,,,,,,,,,,,,,,,,,,,,,,,,,,,,,,,,,,,,,,,,,,,,,,,
2025-11-09 10:00:00+00:00,e1108,Level 11,50.0,Maintenance Soon,50.0,50.0,50.0,50.0,50.0,,,0.0037037037036498,0.101666666669189,-0.0979629629655391,,,,,,,,,,,,,,,,,,,,,,,,,,,,,,,,,,,,,,,,,,,,,,,,,,,,,,,,,,,,,,,,,,,,,
2025-11-09 11:00:00+00:00,e1108,Level 11,50.0,Maintenance Soon,50.0,50.0,50.0,50.0,50.0,,,0.096296296294895,0.0333333333328482,0.0629629629620467,,,,,,,,,,,,,,,,,,,,,,,,,,,,,,,,,,,,,,,,,,,,,,,,,,,,,,,,,,,,,,,,,,,,,
2025-11-09 12:00:00+00:00,e1108,Level 11,50.0,Maintenance Soon,50.0,50.0,50.0,50.0,50.0,,,0.0,0.0129032258064398,-0.0129032258064398,,,,,,,,,,,,,,,,,,,,,,,,,,,,,,,,,,,,,,,,,,,,,,,,,,,,,,,,,,,,,,,,,,,,,
2025-11-09 13:00:00+00:00,e1108,Level 11,50.0,Maintenance Soon,50.0,50.0,50.0,50.0,50.0,,,0.0,0.0704301075256808,-0.0704301075256808,,,,,,,,,,,,,,,,,,,,,,,,,,,,,,,,,,,,,,,,,,,,,,,,,,,,,,,,,,,,,,,,,,,,,
2025-11-09 14:00:00+00:00,e1108,Level 11,50.0,Maintenance Soon,50.0,50.0,50.0,50.0,50.0,,,0.0941176470587379,0.0666666666656965,0.0274509803930413,,,,,,,,,,,,,,,,,,,,,,,,,,,,,,,,,,,,,,,,,,,,,,,,,,,,,,,,,,,,,,,,,,,,,
2025-11-09 15:00:00+00:00,e1108,Level 11,50.0,Maintenance Soon,50.0,50.0,50.0,50.0,50.0,,,0.0058823529434448,0.003448275861956,0.0024340770814887,,,,,,,,,,,,,,,,,,,,,,,,,,,,,,,,,,,,,,,,,,,,,,,,,,,,,,,,,,,,,,,,,,,,,
2025-11-09 16:00:00+00:00,e1108,Level 11,50.0,Maintenance Soon,50.0,50.0,50.0,50.0,50.0,,,0.0,0.095691509084645,-0.095691509084645,,,,,,,,,,,,,,,,,,,,,,,,,,,,,,,,,,,,,,,,,,,,,,,,,,,,,,,,,,,,,,,,,,,,,
2025-11-09 17:00:00+00:00,e1108,Level 11,50.0,Maintenance Soon,50.0,50.0,50.0,50.0,50.0,,,0.0967741935492085,0.050860215054854,0.0459139784943545,,,,,,,,,,,,,,,,,,,,,,,,,,,,,,,,,,,,,,,,,,,,,,,,,,,,,,,,,,,,,,,,,,,,,
2025-11-09 18:00:00+00:00,e1108,Level 11,50.0,Maintenance Soon,50.0,50.0,50.0,50.0,50.0,,,0.0032258064493362,0.0016666666651872,0.001559139784149,,,,,,,,,,,,,,,,,,,,,,,,,,,,,,,,,,,,,,,,,,,,,,,,,,,,,,,,,,,,,,,,,,,,,
2025-11-09 19:00:00+00:00,e1108,Level 11,50.0,Maintenance Soon,50.0,50.0,50.0,50.0,50.0,,,0.023333333330811,0.0666666666675155,-0.0433333333367045,,,,,,,,,,,,,,,,,,,,,,,,,,,,,,,,,,,,,,,,,,,,,,,,,,,,,,,,,,,,,,,,,,,,,
2025-11-09 20:00:00+00:00,e1108,Level 11,50.0,Maintenance Soon,50.0,50.0,50.0,50.0,50.0,,,0.1600000000034924,0.031666666665842,0.1283333333376504,,,,,,,,,,,,,,,,,,,,,,,,,,,,,,,,,,,,,,,,,,,,,,,,,,,,,,,,,,,,,,,,,,,,,
2025-11-09 21:00:00+00:00,e1108,Level 11,50.0,Maintenance Soon,50.0,50.0,50.0,50.0,50.0,,,0.0166666666664241,0.0,0.0166666666664241,,,,,,,,,,,,,,,,,,,,,,,,,,,,,,,,,,,,,,,,,,,,,,,,,,,,,,,,,,,,,,,,,,,,,
2025-11-09 22:00:00+00:00,e1108,Level 11,50.0,Maintenance Soon,50.0,50.0,50.0,50.0,50.0,,,0.0,0.0631609195406781,-0.0631609195406781,,,,,,,,,,,,,,,,,,,,,,,,,,,,,,,,,,,,,,,,,,,,,,,,,,,,,,,,,,,,,,,,,,,,,
2025-11-09 23:00:00+00:00,e1108,Level 11,50.0,Maintenance Soon,50.0,50.0,50.0,50.0,50.0,,,0.0724137931028963,0.0368390804615046,0.0355747126413916,,,,,,,,,,,,,,,,,,,,,,,,,,,,,,,,,,,,,,,,,,,,,,,,,,,,,,,,,,,,,,,,,,,,,
2025-11-10 00:00:00+00:00,e1108,Level 11,50.0,Maintenance Soon,50.0,50.0,50.0,50.0,50.0,,,0.1109195402314071,0.0,0.1109195402314071,,,,,,,,,,,,,,,,,,,,,,,,,,,,,,,,,,,,,,,,,,,,,,,,,,,,,,,,,,,,,,,,,,,,,
2025-11-10 01:00:00+00:00,e1108,Level 11,50.0,Maintenance Soon,50.0,50.0,50.0,50.0,50.0,,,0.0166666666664241,0.0449999999982537,-0.0283333333318296,,,,,,,,,,,,,,,,,,,,,,,,,,,,,,,,,,,,,,,,,,,,,,,,,,,,,,,,,,,,,,,,,,,,,
2025-11-10 02:00:00+00:00,e1108,Level 11,50.0,Maintenance Soon,50.0,50.0,50.0,50.0,50.0,,,0.0384615384609787,0.0838461538460251,-0.0453846153850463,,,,,,,,,,,,,,,,,,,,,,,,,,,,,,,,,,,,,,,,,,,,,,,,,,,,,,,,,,,,,,,,,,,,,
2025-11-10 03:00:00+00:00,e1108,Level 11,50.0,Maintenance Soon,50.0,50.0,50.0,50.0,50.0,,,0.061538461537566,0.0211538461535383,0.0403846153840277,,,,,,,,,,,,,,,,,,,,,,,,,,,,,,,,,,,,,,,,,,,,,,,,,,,,,,,,,,,,,,,,,,,,,
2025-11-10 04:00:00+00:00,e1108,Level 11,50.0,Maintenance Soon,50.0,50.0,50.0,50.0,50.0,,,0.0,0.0266666666666424,-0.0266666666666424,,,,,,,,,,,,,,,,,,,,,,,,,,,,,,,,,,,,,,,,,,,,,,,,,,,,,,,,,,,,,,,,,,,,,
2025-11-10 05:00:00+00:00,e1108,Level 11,50.0,Maintenance Soon,50.0,50.0,50.0,50.0,50.0,,,0.0366666666668606,0.0716666666667151,-0.0349999999998544,,,,,,,,,,,,,,,,,,,,,,,,,,,,,,,,,,,,,,,,,,,,,,,,,,,,,,,,,,,,,,,,,,,,,
2025-11-10 06:00:00+00:00,e1108,Level 11,50.0,Maintenance Soon,50.0,50.0,50.0,50.0,50.0,,,0.0633333333316841,0.0016666666670062,0.0616666666646779,,,,,,,,,,,,,,,,,,,,,,,,,,,,,,,,,,,,,,,,,,,,,,,,,,,,,,,,,,,,,,,,,,,,,
2025-11-10 07:00:00+00:00,e1108,Level 11,50.0,Maintenance Soon,50.0,50.0,50.0,50.0,50.0,,,0.0,0.0150000000012369,-0.0150000000012369,,,,,,,,,,,,,,,,,,,,,,,,,,,,,,,,,,,,,,,,,,,,,,,,,,,,,,,,,,,,,,,,,,,,,
2025-11-10 08:00:00+00:00,e1108,Level 11,50.0,Maintenance Soon,50.0,50.0,50.0,50.0,50.0,,,0.0137931034478242,0.0733333333337213,-0.0595402298858971,,,,,,,,,,,,,,,,,,,,,,,,,,,,,,,,,,,,,,,,,,,,,,,,,,,,,,,,,,,,,,,,,,,,,
2025-11-10 09:00:00+00:00,e1108,Level 11,50.0,Maintenance Soon,50.0,50.0,50.0,50.0,50.0,,,0.0862068965543585,0.0116666666654055,0.074540229888953,,,,,,,,,,,,,,,,,,,,,,,,,,,,,,,,,,,,,,,,,,,,,,,,,,,,,,,,,,,,,,,,,,,,,
2025-11-10 10:00:00+00:00,e1108,Level 11,50.0,Maintenance Soon,50.0,50.0,50.0,50.0,50.0,,,0.0,0.0018518518518249,-0.0018518518518249,,,,,,,,,,,,,,,,,,,,,,,,,,,,,,,,,,,,,,,,,,,,,,,,,,,,,,,,,,,,,,,,,,,,,
2025-11-10 11:00:00+00:00,e1108,Level 11,50.0,Maintenance Soon,50.0,50.0,50.0,50.0,50.0,,,0.0,0.0848148148161271,-0.0848148148161271,,,,,,,,,,,,,,,,,,,,,,,,,,,,,,,,,,,,,,,,,,,,,,,,,,,,,,,,,,,,,,,,,,,,,
2025-11-10 12:00:00+00:00,e1108,Level 11,50.0,Maintenance Soon,50.0,50.0,50.0,50.0,50.0,,,0.0814814814802957,0.0133333333324117,0.068148148147884,,,,,,,,,,,,,,,,,,,,,,,,,,,,,,,,,,,,,,,,,,,,,,,,,,,,,,,,,,,,,,,,,,,,,
2025-11-10 13:00:00+00:00,e1108,Level 11,50.0,Maintenance Soon,50.0,50.0,50.0,50.0,50.0,,,0.018518518518249,0.0,0.018518518518249,,,,,,,,,,,,,,,,,,,,,,,,,,,,,,,,,,,,,,,,,,,,,,,,,,,,,,,,,,,,,,,,,,,,,
2025-11-10 14:00:00+00:00,e1108,Level 11,50.0,Maintenance Soon,50.0,50.0,50.0,50.0,50.0,,,0.0,0.0803921568622172,-0.0803921568622172,,,,,,,,,,,,,,,,,,,,,,,,,,,,,,,,,,,,,,,,,,,,,,,,,,,,,,,,,,,,,,,,,,,,,
2025-11-10 15:00:00+00:00,e1108,Level 11,50.0,Maintenance Soon,50.0,50.0,50.0,50.0,50.0,,,0.0464285714260768,0.0196078431381465,0.0268207282879302,,,,,,,,,,,,,,,,,,,,,,,,,,,,,,,,,,,,,,,,,,,,,,,,,,,,,,,,,,,,,,,,,,,,,
2025-11-10 16:00:00+00:00,e1108,Level 11,50.0,Maintenance Soon,50.0,50.0,50.0,50.0,50.0,,,0.0535714285761059,0.0,0.0535714285761059,,,,,,,,,,,,,,,,,,,,,,,,,,,,,,,,,,,,,,,,,,,,,,,,,,,,,,,,,,,,,,,,,,,,,
2025-11-10 17:00:00+00:00,e1108,Level 11,50.0,Maintenance Soon,50.0,50.0,50.0,50.0,50.0,,,0.0,0.0767204301064339,-0.0767204301064339,,,,,,,,,,,,,,,,,,,,,,,,,,,,,,,,,,,,,,,,,,,,,,,,,,,,,,,,,,,,,,,,,,,,,
2025-11-10 18:00:00+00:00,e1108,Level 11,50.0,Maintenance Soon,50.0,50.0,50.0,50.0,50.0,,,0.0419354838704748,0.0232795698921108,0.0186559139783639,,,,,,,,,,,,,,,,,,,,,,,,,,,,,,,,,,,,,,,,,,,,,,,,,,,,,,,,,,,,,,,,,,,,,
2025-11-10 19:00:00+00:00,e1108,Level 11,50.0,Maintenance Soon,50.0,50.0,50.0,50.0,50.0,,,0.0580645161280699,0.0116666666654055,0.0463978494626644,,,,,,,,,,,,,,,,,,,,,,,,,,,,,,,,,,,,,,,,,,,,,,,,,,,,,,,,,,,,,,,,,,,,,
2025-11-10 20:00:00+00:00,e1108,Level 11,50.0,Maintenance Soon,50.0,50.0,50.0,50.0,50.0,,,0.0,0.1066666666683886,-0.1066666666683886,,,,,,,,,,,,,,,,,,,,,,,,,,,,,,,,,,,,,,,,,,,,,,,,,,,,,,,,,,,,,,,,,,,,,
2025-11-10 21:00:00+00:00,e1108,Level 11,50.0,Maintenance Soon,50.0,50.0,50.0,50.0,50.0,,,0.0466666666688979,0.031666666667661,0.0150000000012369,,,,,,,,,,,,,,,,,,,,,,,,,,,,,,,,,,,,,,,,,,,,,,,,,,,,,,,,,,,,,,,,,,,,,
2025-11-10 22:00:00+00:00,e1108,Level 11,50.0,Maintenance Soon,50.0,50.0,50.0,50.0,50.0,,,0.0533333333296468,0.0,0.0533333333296468,,,,,,,,,,,,,,,,,,,,,,,,,,,,,,,,,,,,,,,,,,,,,,,,,,,,,,,,,,,,,,,,,,,,,
2025-11-10 23:00:00+00:00,e1108,Level 11,50.0,Maintenance Soon,50.0,50.0,50.0,50.0,50.0,,,0.0,0.0578735632188909,-0.0578735632188909,,,,,,,,,,,,,,,,,,,,,,,,,,,,,,,,,,,,,,,,,,,,,,,,,,,,,,,,,,,,,,,,,,,,,
2025-11-11 00:00:00+00:00,e1108,Level 11,50.0,Maintenance Soon,50.0,50.0,50.0,50.0,50.0,,,0.0366666666668606,0.1054597701149759,-0.0687931034481152,,,,,,,,,,,,,,,,,,,,,,,,,,,,,,,,,,,,,,,,,,,,,,,,,,,,,,,,,,,,,,,,,,,,,
2025-11-11 01:00:00+00:00,e1108,Level 11,50.0,Maintenance Soon,50.0,50.0,50.0,50.0,50.0,,,0.0633333333353221,0.0366666666668606,0.0266666666684614,,,,,,,,,,,,,,,,,,,,,,,,,,,,,,,,,,,,,,,,,,,,,,,,,,,,,,,,,,,,,,,,,,,,,
2025-11-11 02:00:00+00:00,e1108,Level 11,50.0,Maintenance Soon,50.0,50.0,50.0,50.0,50.0,,,0.0,0.0330238726783136,-0.0330238726783136,,,,,,,,,,,,,,,,,,,,,,,,,,,,,,,,,,,,,,,,,,,,,,,,,,,,,,,,,,,,,,,,,,,,,
2025-11-11 03:00:00+00:00,e1108,Level 11,50.0,Maintenance Soon,50.0,50.0,50.0,50.0,50.0,,,0.0142857142855064,0.0669761273202311,-0.0526904130347247,,,,,,,,,,,,,,,,,,,,,,,,,,,,,,,,,,,,,,,,,,,,,,,,,,,,,,,,,,,,,,,,,,,,,
2025-11-11 04:00:00+00:00,e1108,Level 11,50.0,Maintenance Soon,50.0,50.0,50.0,50.0,50.0,,,0.0857142857130384,0.0,0.0857142857130384,,,,,,,,,,,,,,,,,,,,,,,,,,,,,,,,,,,,,,,,,,,,,,,,,,,,,,,,,,,,,,,,,,,,,
2025-11-11 05:00:00+00:00,e1108,Level 11,50.0,Maintenance Soon,50.0,50.0,50.0,50.0,50.0,,,0.0,0.0216666666656237,-0.0216666666656237,,,,,,,,,,,,,,,,,,,,,,,,,,,,,,,,,,,,,,,,,,,,,,,,,,,,,,,,,,,,,,,,,,,,,
2025-11-11 06:00:00+00:00,e1108,Level 11,50.0,Maintenance Soon,50.0,50.0,50.0,50.0,50.0,,,-3.637978807091713e-12,0.078333333332921,-0.078333333336559,,,,,,,,,,,,,,,,,,,,,,,,,,,,,,,,,,,,,,,,,,,,,,,,,,,,,,,,,,,,,,,,,,,,,
2025-11-11 07:00:00+00:00,e1108,Level 11,50.0,Maintenance Soon,50.0,50.0,50.0,50.0,50.0,,,0.1535714285746507,0.0,0.1535714285746507,,,,,,,,,,,,,,,,,,,,,,,,,,,,,,,,,,,,,,,,,,,,,,,,,,,,,,,,,,,,,,,,,,,,,
2025-11-11 08:00:00+00:00,e1108,Level 11,50.0,Maintenance Soon,50.0,50.0,50.0,50.0,50.0,,,0.0464285714297147,0.0068965517239121,0.0395320197058026,,,,,,,,,,,,,,,,,,,,,,,,,,,,,,,,,,,,,,,,,,,,,,,,,,,,,,,,,,,,,,,,,,,,,
2025-11-11 09:00:00+00:00,e1108,Level 11,50.0,Maintenance Soon,50.0,50.0,50.0,50.0,50.0,,,0.0,0.0897701149460772,-0.0897701149460772,,,,,,,,,,,,,,,,,,,,,,,,,,,,,,,,,,,,,,,,,,,,,,,,,,,,,,,,,,,,,,,,,,,,,
2025-11-11 10:00:00+00:00,e1108,Level 11,50.0,Maintenance Soon,50.0,50.0,50.0,50.0,50.0,,,0.0,0.0033333333321934,-0.0033333333321934,,,,,,,,,,,,,,,,,,,,,,,,,,,,,,,,,,,,,,,,,,,,,,,,,,,,,,,,,,,,,,,,,,,,,
2025-11-11 11:00:00+00:00,e1108,Level 11,50.0,Maintenance Soon,50.0,50.0,50.0,50.0,50.0,,,0.1740740740715409,0.0,0.1740740740715409,,,,,,,,,,,,,,,,,,,,,,,,,,,,,,,,,,,,,,,,,,,,,,,,,,,,,,,,,,,,,,,,,,,,,
2025-11-11 12:00:00+00:00,e1108,Level 11,50.0,Maintenance Soon,50.0,50.0,50.0,50.0,50.0,,,0.0259259259291866,0.1324074074072996,-0.1064814814781129,,,,,,,,,,,,,,,,,,,,,,,,,,,,,,,,,,,,,,,,,,,,,,,,,,,,,,,,,,,,,,,,,,,,,
2025-11-11 13:00:00+00:00,e1108,Level 11,50.0,Maintenance Soon,50.0,50.0,50.0,50.0,50.0,,,0.0,0.0175925925923365,-0.0175925925923365,,,,,,,,,,,,,,,,,,,,,,,,,,,,,,,,,,,,,,,,,,,,,,,,,,,,,,,,,,,,,,,,,,,,,
2025-11-11 14:00:00+00:00,e1108,Level 11,50.0,Maintenance Soon,50.0,50.0,50.0,50.0,50.0,,,0.0785714285739231,0.0,0.0785714285739231,,,,,,,,,,,,,,,,,,,,,,,,,,,,,,,,,,,,,,,,,,,,,,,,,,,,,,,,,,,,,,,,,,,,,
2025-11-11 15:00:00+00:00,e1108,Level 11,50.0,Maintenance Soon,50.0,50.0,50.0,50.0,50.0,,,0.0214285714246216,0.0632142857120925,-0.0417857142874709,,,,,,,,,,,,,,,,,,,,,,,,,,,,,,,,,,,,,,,,,,,,,,,,,,,,,,,,,,,,,,,,,,,,,
2025-11-11 16:00:00+00:00,e1108,Level 11,50.0,Maintenance Soon,50.0,50.0,50.0,50.0,50.0,,,0.0,0.0367857142882712,-0.0367857142882712,,,,,,,,,,,,,,,,,,,,,,,,,,,,,,,,,,,,,,,,,,,,,,,,,,,,,,,,,,,,,,,,,,,,,
2025-11-11 17:00:00+00:00,e1108,Level 11,50.0,Maintenance Soon,50.0,50.0,50.0,50.0,50.0,,,0.0551724137949349,0.0,0.0551724137949349,,,,,,,,,,,,,,,,,,,,,,,,,,,,,,,,,,,,,,,,,,,,,,,,,,,,,,,,,,,,,,,,,,,,,
2025-11-11 18:00:00+00:00,e1108,Level 11,50.0,Maintenance Soon,50.0,50.0,50.0,50.0,50.0,,,0.0448275862072478,0.0559677419350919,-0.0111401557278441,,,,,,,,,,,,,,,,,,,,,,,,,,,,,,,,,,,,,,,,,,,,,,,,,,,,,,,,,,,,,,,,,,,,,
2025-11-11 19:00:00+00:00,e1108,Level 11,50.0,Maintenance Soon,50.0,50.0,50.0,50.0,50.0,,,0.0,0.0440322580634529,-0.0440322580634529,,,,,,,,,,,,,,,,,,,,,,,,,,,,,,,,,,,,,,,,,,,,,,,,,,,,,,,,,,,,,,,,,,,,,
2025-11-11 20:00:00+00:00,e1108,Level 11,50.0,Maintenance Soon,50.0,50.0,50.0,50.0,50.0,,,0.0466666666652599,0.0,0.0466666666652599,,,,,,,,,,,,,,,,,,,,,,,,,,,,,,,,,,,,,,,,,,,,,,,,,,,,,,,,,,,,,,,,,,,,,
2025-11-11 21:00:00+00:00,e1108,Level 11,50.0,Maintenance Soon,50.0,50.0,50.0,50.0,50.0,,,0.0533333333332848,0.05500000000211,-0.0016666666688252,,,,,,,,,,,,,,,,,,,,,,,,,,,,,,,,,,,,,,,,,,,,,,,,,,,,,,,,,,,,,,,,,,,,,
2025-11-11 22:00:00+00:00,e1108,Level 11,50.0,Maintenance Soon,50.0,50.0,50.0,50.0,50.0,,,0.0,0.0449999999982537,-0.0449999999982537,,,,,,,,,,,,,,,,,,,,,,,,,,,,,,,,,,,,,,,,,,,,,,,,,,,,,,,,,,,,,,,,,,,,,
2025-11-11 23:00:00+00:00,e1108,Level 11,50.0,Maintenance Soon,50.0,50.0,50.0,50.0,50.0,,,0.0448275862036098,0.0,0.0448275862036098,,,,,,,,,,,,,,,,,,,,,,,,,,,,,,,,,,,,,,,,,,,,,,,,,,,,,,,,,,,,,,,,,,,,,
2025-11-12 00:00:00+00:00,e1108,Level 11,50.0,Maintenance Soon,50.0,50.0,50.0,50.0,50.0,,,0.0551724137949349,0.0450000000000727,0.0101724137948622,,,,,,,,,,,,,,,,,,,,,,,,,,,,,,,,,,,,,,,,,,,,,,,,,,,,,,,,,,,,,,,,,,,,,
2025-11-12 01:00:00+00:00,e1108,Level 11,50.0,Maintenance Soon,50.0,50.0,50.0,50.0,50.0,,,0.0,0.055000000000291,-0.055000000000291,,,,,,,,,,,,,,,,,,,,,,,,,,,,,,,,,,,,,,,,,,,,,,,,,,,,,,,,,,,,,,,,,,,,,
2025-11-12 02:00:00+00:00,e1108,Level 11,50.0,Maintenance Soon,50.0,50.0,50.0,50.0,50.0,,,0.0,0.0,0.0,,,,,,,,,,,,,,,,,,,,,,,,,,,,,,,,,,,,,,,,,,,,,,,,,,,,,,,,,,,,,,,,,,,,,
2025-11-12 03:00:00+00:00,e1108,Level 11,50.0,Maintenance Soon,50.0,50.0,50.0,50.0,50.0,,,0.1000000000058207,0.0226600985224649,0.0773399014833557,,,,,,,,,,,,,,,,,,,,,,,,,,,,,,,,,,,,,,,,,,,,,,,,,,,,,,,,,,,,,,,,,,,,,
2025-11-12 04:00:00+00:00,e1108,Level 11,50.0,Maintenance Soon,50.0,50.0,50.0,50.0,50.0,,,-3.637978807091713e-12,0.0773399014778988,-0.0773399014815368,,,,,,,,,,,,,,,,,,,,,,,,,,,,,,,,,,,,,,,,,,,,,,,,,,,,,,,,,,,,,,,,,,,,,
2025-11-12 05:00:00+00:00,e1108,Level 11,50.0,Maintenance Soon,50.0,50.0,50.0,50.0,50.0,,,0.0,0.0,0.0,,,,,,,,,,,,,,,,,,,,,,,,,,,,,,,,,,,,,,,,,,,,,,,,,,,,,,,,,,,,,,,,,,,,,
2025-11-12 06:00:00+00:00,e1108,Level 11,50.0,Maintenance Soon,50.0,50.0,50.0,50.0,50.0,,,0.0346153846148808,0.003448275860137,0.0311671087547438,,,,,,,,,,,,,,,,,,,,,,,,,,,,,,,,,,,,,,,,,,,,,,,,,,,,,,,,,,,,,,,,,,,,,
2025-11-12 07:00:00+00:00,e1108,Level 11,50.0,Maintenance Soon,50.0,50.0,50.0,50.0,50.0,,,0.0653846153800259,0.1233374384246417,-0.0579528230446158,,,,,,,,,,,,,,,,,,,,,,,,,,,,,,,,,,,,,,,,,,,,,,,,,,,,,,,,,,,,,,,,,,,,,
2025-11-12 08:00:00+00:00,e1108,Level 11,50.0,Maintenance Soon,50.0,50.0,50.0,50.0,50.0,,,3.637978807091713e-12,0.0232142857148573,-0.0232142857112194,,,,,,,,,,,,,,,,,,,,,,,,,,,,,,,,,,,,,,,,,,,,,,,,,,,,,,,,,,,,,,,,,,,,,
2025-11-12 09:00:00+00:00,e1108,Level 11,50.0,Maintenance Soon,50.0,50.0,50.0,50.0,50.0,,,0.0,0.0,0.0,,,,,,,,,,,,,,,,,,,,,,,,,,,,,,,,,,,,,,,,,,,,,,,,,,,,,,,,,,,,,,,,,,,,,
2025-11-12 10:00:00+00:00,e1108,Level 11,50.0,Maintenance Soon,50.0,50.0,50.0,50.0,50.0,,,0.0538461538453702,0.0483333333322661,0.005512820513104,,,,,,,,,,,,,,,,,,,,,,,,,,,,,,,,,,,,,,,,,,,,,,,,,,,,,,,,,,,,,,,,,,,,,
2025-11-12 11:00:00+00:00,e1108,Level 11,50.0,Maintenance Soon,50.0,50.0,50.0,50.0,50.0,,,0.0461538461568125,0.0887037037027766,-0.0425498575459641,,,,,,,,,,,,,,,,,,,,,,,,,,,,,,,,,,,,,,,,,,,,,,,,,,,,,,,,,,,,,,,,,,,,,
2025-11-12 12:00:00+00:00,e1108,Level 11,50.0,Maintenance Soon,50.0,50.0,50.0,50.0,50.0,,,0.0,0.0162962962986057,-0.0162962962986057,,,,,,,,,,,,,,,,,,,,,,,,,,,,,,,,,,,,,,,,,,,,,,,,,,,,,,,,,,,,,,,,,,,,,
2025-11-12 13:00:00+00:00,e1108,Level 11,50.0,Maintenance Soon,50.0,50.0,50.0,50.0,50.0,,,0.0107142857123108,0.0933333333323389,-0.0826190476200281,,,,,,,,,,,,,,,,,,,,,,,,,,,,,,,,,,,,,,,,,,,,,,,,,,,,,,,,,,,,,,,,,,,,,
2025-11-12 14:00:00+00:00,e1108,Level 11,50.0,Maintenance Soon,50.0,50.0,50.0,50.0,50.0,,,0.089285714286234,0.042619047620974,0.0466666666652599,,,,,,,,,,,,,,,,,,,,,,,,,,,,,,,,,,,,,,,,,,,,,,,,,,,,,,,,,,,,,,,,,,,,,
2025-11-12 15:00:00+00:00,e1108,Level 11,50.0,Maintenance Soon,50.0,50.0,50.0,50.0,50.0,,,0.0,0.0107142857123108,-0.0107142857123108,,,,,,,,,,,,,,,,,,,,,,,,,,,,,,,,,,,,,,,,,,,,,,,,,,,,,,,,,,,,,,,,,,,,,
2025-11-12 16:00:00+00:00,e1108,Level 11,50.0,Maintenance Soon,50.0,50.0,50.0,50.0,50.0,,,0.0,0.0416666666678793,-0.0416666666678793,,,,,,,,,,,,,,,,,,,,,,,,,,,,,,,,,,,,,,,,,,,,,,,,,,,,,,,,,,,,,,,,,,,,,
2025-11-12 17:00:00+00:00,e1108,Level 11,50.0,Maintenance Soon,50.0,50.0,50.0,50.0,50.0,,,0.0689655172427592,0.0359195402306795,0.0330459770120796,,,,,,,,,,,,,,,,,,,,,,,,,,,,,,,,,,,,,,,,,,,,,,,,,,,,,,,,,,,,,,,,,,,,,
2025-11-12 18:00:00+00:00,e1108,Level 11,50.0,Maintenance Soon,50.0,50.0,50.0,50.0,50.0,,,0.0310344827557855,0.0224137931036239,0.0086206896521616,,,,,,,,,,,,,,,,,,,,,,,,,,,,,,,,,,,,,,,,,,,,,,,,,,,,,,,,,,,,,,,,,,,,,
2025-11-12 19:00:00+00:00,e1108,Level 11,50.0,Maintenance Soon,50.0,50.0,50.0,50.0,50.0,,,0.0,0.0383333333338669,-0.0383333333338669,,,,,,,,,,,,,,,,,,,,,,,,,,,,,,,,,,,,,,,,,,,,,,,,,,,,,,,,,,,,,,,,,,,,,
2025-11-12 20:00:00+00:00,e1108,Level 11,50.0,Maintenance Soon,50.0,50.0,50.0,50.0,50.0,,,0.1580645161302527,0.0383333333302289,0.1197311828000238,,,,,,,,,,,,,,,,,,,,,,,,,,,,,,,,,,,,,,,,,,,,,,,,,,,,,,,,,,,,,,,,,,,,,
2025-11-12 21:00:00+00:00,e1108,Level 11,50.0,Maintenance Soon,50.0,50.0,50.0,50.0,50.0,,,0.0419354838704748,0.0733333333337213,-0.0313978494632465,,,,,,,,,,,,,,,,,,,,,,,,,,,,,,,,,,,,,,,,,,,,,,,,,,,,,,,,,,,,,,,,,,,,,
2025-11-12 22:00:00+00:00,e1108,Level 11,50.0,Maintenance Soon,50.0,50.0,50.0,50.0,50.0,,,0.0129032258046208,0.031666666667661,-0.0187634408630401,,,,,,,,,,,,,,,,,,,,,,,,,,,,,,,,,,,,,,,,,,,,,,,,,,,,,,,,,,,,,,,,,,,,,
2025-11-12 23:00:00+00:00,e1108,Level 11,50.0,Maintenance Soon,50.0,50.0,50.0,50.0,50.0,,,0.1604301075276453,0.0407471264352352,0.11968298109241,,,,,,,,,,,,,,,,,,,,,,,,,,,,,,,,,,,,,,,,,,,,,,,,,,,,,,,,,,,,,,,,,,,,,
2025-11-13 00:00:00+00:00,e1108,Level 11,50.0,Maintenance Soon,50.0,50.0,50.0,50.0,50.0,,,0.0266666666684614,0.0275862068974674,-0.000919540229006,,,,,,,,,,,,,,,,,,,,,,,,,,,,,,,,,,,,,,,,,,,,,,,,,,,,,,,,,,,,,,,,,,,,,
2025-11-13 01:00:00+00:00,e1108,Level 11,50.0,Maintenance Soon,50.0,50.0,50.0,50.0,50.0,,,0.0,0.0232142857148573,-0.0232142857148573,,,,,,,,,,,,,,,,,,,,,,,,,,,,,,,,,,,,,,,,,,,,,,,,,,,,,,,,,,,,,,,,,,,,,
2025-11-13 02:00:00+00:00,e1108,Level 11,50.0,Maintenance Soon,50.0,50.0,50.0,50.0,50.0,,,0.0517241379311599,0.026785714284415,0.0249384236467449,,,,,,,,,,,,,,,,,,,,,,,,,,,,,,,,,,,,,,,,,,,,,,,,,,,,,,,,,,,,,,,,,,,,,
2025-11-13 03:00:00+00:00,e1108,Level 11,50.0,Maintenance Soon,50.0,50.0,50.0,50.0,50.0,,,0.0482758620673848,0.0500000000029103,-0.0017241379355255,,,,,,,,,,,,,,,,,,,,,,,,,,,,,,,,,,,,,,,,,,,,,,,,,,,,,,,,,,,,,,,,,,,,,
2025-11-13 04:00:00+00:00,e1108,Level 11,50.0,Maintenance Soon,50.0,50.0,50.0,50.0,50.0,,,0.0,0.0120689655159367,-0.0120689655159367,,,,,,,,,,,,,,,,,,,,,,,,,,,,,,,,,,,,,,,,,,,,,,,,,,,,,,,,,,,,,,,,,,,,,
2025-11-13 05:00:00+00:00,e1108,Level 11,50.0,Maintenance Soon,50.0,50.0,50.0,50.0,50.0,,,0.0192307692304893,0.0379310344833356,-0.0187002652528462,,,,,,,,,,,,,,,,,,,,,,,,,,,,,,,,,,,,,,,,,,,,,,,,,,,,,,,,,,,,,,,,,,,,,
2025-11-13 06:00:00+00:00,e1108,Level 11,50.0,Maintenance Soon,50.0,50.0,50.0,50.0,50.0,,,0.0807692307716934,0.0173076923074404,0.0634615384642529,,,,,,,,,,,,,,,,,,,,,,,,,,,,,,,,,,,,,,,,,,,,,,,,,,,,,,,,,,,,,,,,,,,,,
2025-11-13 07:00:00+00:00,e1108,Level 11,50.0,Maintenance Soon,50.0,50.0,50.0,50.0,50.0,,,3.637978807091713e-12,0.0343589743570191,-0.0343589743533812,,,,,,,,,,,,,,,,,,,,,,,,,,,,,,,,,,,,,,,,,,,,,,,,,,,,,,,,,,,,,,,,,,,,,
2025-11-13 08:00:00+00:00,e1108,Level 11,50.0,Maintenance Soon,50.0,50.0,50.0,50.0,50.0,,,-3.637978807091713e-12,0.0483333333340851,-0.0483333333377231,,,,,,,,,,,,,,,,,,,,,,,,,,,,,,,,,,,,,,,,,,,,,,,,,,,,,,,,,,,,,,,,,,,,,
2025-11-13 09:00:00+00:00,e1108,Level 11,50.0,Maintenance Soon,50.0,50.0,50.0,50.0,50.0,,,0.0749999999970896,0.0,0.0749999999970896,,,,,,,,,,,,,,,,,,,,,,,,,,,,,,,,,,,,,,,,,,,,,,,,,,,,,,,,,,,,,,,,,,,,,
2025-11-13 10:00:00+00:00,e1108,Level 11,50.0,Maintenance Soon,50.0,50.0,50.0,50.0,50.0,,,0.0250000000014551,0.0207264957268004,0.0042735042746547,,,,,,,,,,,,,,,,,,,,,,,,,,,,,,,,,,,,,,,,,,,,,,,,,,,,,,,,,,,,,,,,,,,,,
2025-11-13 11:00:00+00:00,e1108,Level 11,50.0,Maintenance Soon,50.0,50.0,50.0,50.0,50.0,,,0.0,0.0781623931628322,-0.0781623931628322,,,,,,,,,,,,,,,,,,,,,,,,,,,,,,,,,,,,,,,,,,,,,,,,,,,,,,,,,,,,,,,,,,,,,
2025-11-13 12:00:00+00:00,e1108,Level 11,50.0,Maintenance Soon,50.0,50.0,50.0,50.0,50.0,,,0.018518518518249,0.0011111111113374,0.0174074074069115,,,,,,,,,,,,,,,,,,,,,,,,,,,,,,,,,,,,,,,,,,,,,,,,,,,,,,,,,,,,,,,,,,,,,
2025-11-13 13:00:00+00:00,e1108,Level 11,50.0,Maintenance Soon,50.0,50.0,50.0,50.0,50.0,,,0.0814814814839337,0.0035714285707702,0.0779100529131634,,,,,,,,,,,,,,,,,,,,,,,,,,,,,,,,,,,,,,,,,,,,,,,,,,,,,,,,,,,,,,,,,,,,,
2025-11-13 14:00:00+00:00,e1108,Level 11,50.0,Maintenance Soon,50.0,50.0,50.0,50.0,50.0,,,0.0,0.1080952380956053,-0.1080952380956053,,,,,,,,,,,,,,,,,,,,,,,,,,,,,,,,,,,,,,,,,,,,,,,,,,,,,,,,,,,,,,,,,,,,,
2025-11-13 15:00:00+00:00,e1108,Level 11,50.0,Maintenance Soon,50.0,50.0,50.0,50.0,50.0,,,0.0,0.0216666666686554,-0.0216666666686554,,,,,,,,,,,,,,,,,,,,,,,,,,,,,,,,,,,,,,,,,,,,,,,,,,,,,,,,,,,,,,,,,,,,,
2025-11-13 16:00:00+00:00,e1108,Level 11,50.0,Maintenance Soon,50.0,50.0,50.0,50.0,50.0,,,0.0827586206869455,0.0,0.0827586206869455,,,,,,,,,,,,,,,,,,,,,,,,,,,,,,,,,,,,,,,,,,,,,,,,,,,,,,,,,,,,,,,,,,,,,
2025-11-13 17:00:00+00:00,e1108,Level 11,50.0,Maintenance Soon,50.0,50.0,50.0,50.0,50.0,,,0.0172413793115993,0.0834291187735895,-0.0661877394619902,,,,,,,,,,,,,,,,,,,,,,,,,,,,,,,,,,,,,,,,,,,,,,,,,,,,,,,,,,,,,,,,,,,,,
2025-11-13 18:00:00+00:00,e1108,Level 11,50.0,Maintenance Soon,50.0,50.0,50.0,50.0,50.0,,,0.0,0.0165708812237426,-0.0165708812237426,,,,,,,,,,,,,,,,,,,,,,,,,,,,,,,,,,,,,,,,,,,,,,,,,,,,,,,,,,,,,,,,,,,,,
2025-11-13 19:00:00+00:00,e1108,Level 11,50.0,Maintenance Soon,50.0,50.0,50.0,50.0,50.0,,,0.0666666666656965,0.0,0.0666666666656965,,,,,,,,,,,,,,,,,,,,,,,,,,,,,,,,,,,,,,,,,,,,,,,,,,,,,,,,,,,,,,,,,,,,,
2025-11-13 20:00:00+00:00,e1108,Level 11,50.0,Maintenance Soon,50.0,50.0,50.0,50.0,50.0,,,0.0333333333328482,0.1071326164880398,-0.0737992831551916,,,,,,,,,,,,,,,,,,,,,,,,,,,,,,,,,,,,,,,,,,,,,,,,,,,,,,,,,,,,,,,,,,,,,
2025-11-13 21:00:00+00:00,e1108,Level 11,50.0,Maintenance Soon,50.0,50.0,50.0,50.0,50.0,,,0.0,0.0262007168445658,-0.0262007168445658,,,,,,,,,,,,,,,,,,,,,,,,,,,,,,,,,,,,,,,,,,,,,,,,,,,,,,,,,,,,,,,,,,,,,
2025-11-13 22:00:00+00:00,e1108,Level 11,50.0,Maintenance Soon,50.0,50.0,50.0,50.0,50.0,,,0.0533333333332848,0.0043010752682069,0.0490322580650778,,,,,,,,,,,,,,,,,,,,,,,,,,,,,,,,,,,,,,,,,,,,,,,,,,,,,,,,,,,,,,,,,,,,,
2025-11-13 23:00:00+00:00,e1108,Level 11,50.0,Maintenance Soon,50.0,50.0,50.0,50.0,50.0,,,0.0466666666688979,0.1256989247328116,-0.0790322580639137,,,,,,,,,,,,,,,,,,,,,,,,,,,,,,,,,,,,,,,,,,,,,,,,,,,,,,,,,,,,,,,,,,,,,
2025-11-14 00:00:00+00:00,e1108,Level 11,50.0,Maintenance Soon,50.0,50.0,50.0,50.0,50.0,,,0.0,0.0366666666668606,-0.0366666666668606,,,,,,,,,,,,,,,,,,,,,,,,,,,,,,,,,,,,,,,,,,,,,,,,,,,,,,,,,,,,,,,,,,,,,
2025-11-14 01:00:00+00:00,e1108,Level 11,50.0,Maintenance Soon,50.0,50.0,50.0,50.0,50.0,,,0.0464285714297147,0.0,0.0464285714297147,,,,,,,,,,,,,,,,,,,,,,,,,,,,,,,,,,,,,,,,,,,,,,,,,,,,,,,,,,,,,,,,,,,,,
2025-11-14 02:00:00+00:00,e1108,Level 11,50.0,Maintenance Soon,50.0,50.0,50.0,50.0,50.0,,,0.05357142856883,0.0505747126432349,0.0029967159255951,,,,,,,,,,,,,,,,,,,,,,,,,,,,,,,,,,,,,,,,,,,,,,,,,,,,,,,,,,,,,,,,,,,,,
2025-11-14 03:00:00+00:00,e1108,Level 11,50.0,Maintenance Soon,50.0,50.0,50.0,50.0,50.0,,,0.0,0.0494252873565225,-0.0494252873565225,,,,,,,,,,,,,,,,,,,,,,,,,,,,,,,,,,,,,,,,,,,,,,,,,,,,,,,,,,,,,,,,,,,,,
2025-11-14 04:00:00+00:00,e1108,Level 11,50.0,Maintenance Soon,50.0,50.0,50.0,50.0,50.0,,,0.0,0.0,0.0,,,,,,,,,,,,,,,,,,,,,,,,,,,,,,,,,,,,,,,,,,,,,,,,,,,,,,,,,,,,,,,,,,,,,
2025-11-14 05:00:00+00:00,e1108,Level 11,50.0,Maintenance Soon,50.0,50.0,50.0,50.0,50.0,,,0.0785714285702852,0.0257852564112302,0.0527861721590549,,,,,,,,,,,,,,,,,,,,,,,,,,,,,,,,,,,,,,,,,,,,,,,,,,,,,,,,,,,,,,,,,,,,,
2025-11-14 06:00:00+00:00,e1108,Level 11,50.0,Maintenance Soon,50.0,50.0,50.0,50.0,50.0,,,0.0214285714318975,0.0742147435897398,-0.0527861721578422,,,,,,,,,,,,,,,,,,,,,,,,,,,,,,,,,,,,,,,,,,,,,,,,,,,,,,,,,,,,,,,,,,,,,
2025-11-14 07:00:00+00:00,e1108,Level 11,50.0,Maintenance Soon,50.0,50.0,50.0,50.0,50.0,,,0.0,0.0307407407429612,-0.0307407407429612,,,,,,,,,,,,,,,,,,,,,,,,,,,,,,,,,,,,,,,,,,,,,,,,,,,,,,,,,,,,,,,,,,,,,
2025-11-14 08:00:00+00:00,e1108,Level 11,50.0,Maintenance Soon,50.0,50.0,50.0,50.0,50.0,,,0.0222222222218988,0.0393742017865103,-0.0171519795646114,,,,,,,,,,,,,,,,,,,,,,,,,,,,,,,,,,,,,,,,,,,,,,,,,,,,,,,,,,,,,,,,,,,,,
2025-11-14 09:00:00+00:00,e1108,Level 11,50.0,Maintenance Soon,50.0,50.0,50.0,50.0,50.0,,,0.1508547008561436,0.0859961685807017,0.0648585322754418,,,,,,,,,,,,,,,,,,,,,,,,,,,,,,,,,,,,,,,,,,,,,,,,,,,,,,,,,,,,,,,,,,,,,
2025-11-14 10:00:00+00:00,e1108,Level 11,50.0,Maintenance Soon,50.0,50.0,50.0,50.0,50.0,,,0.0269230769190471,0.0105555555552806,0.0163675213637664,,,,,,,,,,,,,,,,,,,,,,,,,,,,,,,,,,,,,,,,,,,,,,,,,,,,,,,,,,,,,,,,,,,,,
2025-11-14 11:00:00+00:00,e1108,Level 11,50.0,Maintenance Soon,50.0,50.0,50.0,50.0,50.0,,,0.0,0.0022222222226749,-0.0022222222226749,,,,,,,,,,,,,,,,,,,,,,,,,,,,,,,,,,,,,,,,,,,,,,,,,,,,,,,,,,,,,,,,,,,,,
2025-11-14 12:00:00+00:00,e1108,Level 11,50.0,Maintenance Soon,50.0,50.0,50.0,50.0,50.0,,,0.1185185185204318,0.0684667463150011,0.0500517722054307,,,,,,,,,,,,,,,,,,,,,,,,,,,,,,,,,,,,,,,,,,,,,,,,,,,,,,,,,,,,,,,,,,,,,
2025-11-14 13:00:00+00:00,e1108,Level 11,50.0,Maintenance Soon,50.0,50.0,50.0,50.0,50.0,,,0.0814814814802957,0.029311031463294,0.0521704500170017,,,,,,,,,,,,,,,,,,,,,,,,,,,,,,,,,,,,,,,,,,,,,,,,,,,,,,,,,,,,,,,,,,,,,
2025-11-14 14:00:00+00:00,e1108,Level 11,50.0,Maintenance Soon,50.0,50.0,50.0,50.0,50.0,,,0.0,0.0,0.0,,,,,,,,,,,,,,,,,,,,,,,,,,,,,,,,,,,,,,,,,,,,,,,,,,,,,,,,,,,,,,,,,,,,,
2025-11-14 15:00:00+00:00,e1108,Level 11,50.0,Maintenance Soon,50.0,50.0,50.0,50.0,50.0,,,0.0428571428565192,0.0644802867391263,-0.0216231438826071,,,,,,,,,,,,,,,,,,,,,,,,,,,,,,,,,,,,,,,,,,,,,,,,,,,,,,,,,,,,,,,,,,,,,
2025-11-14 16:00:00+00:00,e1108,Level 11,50.0,Maintenance Soon,50.0,50.0,50.0,50.0,50.0,,,0.0571428571456635,0.0297725868234313,0.0273702703222321,,,,,,,,,,,,,,,,,,,,,,,,,,,,,,,,,,,,,,,,,,,,,,,,,,,,,,,,,,,,,,,,,,,,,
2025-11-14 17:00:00+00:00,e1108,Level 11,50.0,Maintenance Soon,50.0,50.0,50.0,50.0,50.0,,,0.0,0.0057471264371997,-0.0057471264371997,,,,,,,,,,,,,,,,,,,,,,,,,,,,,,,,,,,,,,,,,,,,,,,,,,,,,,,,,,,,,,,,,,,,,
2025-11-14 18:00:00+00:00,e1108,Level 11,50.0,Maintenance Soon,50.0,50.0,50.0,50.0,50.0,,,0.0178571428587019,0.060000000000097,-0.042142857141395,,,,,,,,,,,,,,,,,,,,,,,,,,,,,,,,,,,,,,,,,,,,,,,,,,,,,,,,,,,,,,,,,,,,,
2025-11-14 19:00:00+00:00,e1108,Level 11,50.0,Maintenance Soon,50.0,50.0,50.0,50.0,50.0,,,0.0821428571398428,0.028888888888711,0.0532539682511317,,,,,,,,,,,,,,,,,,,,,,,,,,,,,,,,,,,,,,,,,,,,,,,,,,,,,,,,,,,,,,,,,,,,,
2025-11-14 20:00:00+00:00,e1108,Level 11,50.0,Maintenance Soon,50.0,50.0,50.0,50.0,50.0,,,0.0,0.0111111111109494,-0.0111111111109494,,,,,,,,,,,,,,,,,,,,,,,,,,,,,,,,,,,,,,,,,,,,,,,,,,,,,,,,,,,,,,,,,,,,,
2025-11-14 21:00:00+00:00,e1108,Level 11,50.0,Maintenance Soon,50.0,50.0,50.0,50.0,50.0,,,0.0,0.0544444444446223,-0.0544444444446223,,,,,,,,,,,,,,,,,,,,,,,,,,,,,,,,,,,,,,,,,,,,,,,,,,,,,,,,,,,,,,,,,,,,,
2025-11-14 22:00:00+00:00,e1108,Level 11,50.0,Maintenance Soon,50.0,50.0,50.0,50.0,50.0,,,0.0866666666661331,0.0300000000000485,0.0566666666660845,,,,,,,,,,,,,,,,,,,,,,,,,,,,,,,,,,,,,,,,,,,,,,,,,,,,,,,,,,,,,,,,,,,,,
2025-11-14 23:00:00+00:00,e1108,Level 11,50.0,Maintenance Soon,50.0,50.0,50.0,50.0,50.0,,,0.0133333333324117,0.0155555555562993,-0.0022222222238876,,,,,,,,,,,,,,,,,,,,,,,,,,,,,,,,,,,,,,,,,,,,,,,,,,,,,,,,,,,,,,,,,,,,,
2025-11-15 00:00:00+00:00,e1108,Level 11,50.0,Maintenance Soon,50.0,50.0,50.0,50.0,50.0,,,0.0,0.0477777777753848,-0.0477777777753848,,,,,,,,,,,,,,,,,,,,,,,,,,,,,,,,,,,,,,,,,,,,,,,,,,,,,,,,,,,,,,,,,,,,,
2025-11-15 01:00:00+00:00,e1108,Level 11,50.0,Maintenance Soon,50.0,50.0,50.0,50.0,50.0,,,0.0724137931065342,0.0343650793668833,0.0380487137396509,,,,,,,,,,,,,,,,,,,,,,,,,,,,,,,,,,,,,,,,,,,,,,,,,,,,,,,,,,,,,,,,,,,,,
2025-11-15 02:00:00+00:00,e1108,Level 11,50.0,Maintenance Soon,50.0,50.0,50.0,50.0,50.0,,,0.0275862068956485,0.0211904761890764,0.006395730706572,,,,,,,,,,,,,,,,,,,,,,,,,,,,,,,,,,,,,,,,,,,,,,,,,,,,,,,,,,,,,,,,,,,,,
2025-11-15 03:00:00+00:00,e1108,Level 11,50.0,Maintenance Soon,50.0,50.0,50.0,50.0,50.0,,,0.0,0.0673180076640467,-0.0673180076640467,,,,,,,,,,,,,,,,,,,,,,,,,,,,,,,,,,,,,,,,,,,,,,,,,,,,,,,,,,,,,,,,,,,,,
2025-11-15 04:00:00+00:00,e1108,Level 11,50.0,Maintenance Soon,50.0,50.0,50.0,50.0,50.0,,,0.0428571428565192,0.0293486590029109,0.0135084838536082,,,,,,,,,,,,,,,,,,,,,,,,,,,,,,,,,,,,,,,,,,,,,,,,,,,,,,,,,,,,,,,,,,,,,
2025-11-15 05:00:00+00:00,e1108,Level 11,50.0,Maintenance Soon,50.0,50.0,50.0,50.0,50.0,,,0.0571428571420256,0.026190476190095,0.0309523809519305,,,,,,,,,,,,,,,,,,,,,,,,,,,,,,,,,,,,,,,,,,,,,,,,,,,,,,,,,,,,,,,,,,,,,
2025-11-15 06:00:00+00:00,e1108,Level 11,50.0,Maintenance Soon,50.0,50.0,50.0,50.0,50.0,,,0.0,0.0393650793679019,-0.0393650793679019,,,,,,,,,,,,,,,,,,,,,,,,,,,,,,,,,,,,,,,,,,,,,,,,,,,,,,,,,,,,,,,,,,,,,
2025-11-15 07:00:00+00:00,e1108,Level 11,50.0,Maintenance Soon,50.0,50.0,50.0,50.0,50.0,,,0.0035714285731955,0.0344444444441857,-0.0308730158709901,,,,,,,,,,,,,,,,,,,,,,,,,,,,,,,,,,,,,,,,,,,,,,,,,,,,,,,,,,,,,,,,,,,,,
2025-11-15 08:00:00+00:00,e1108,Level 11,50.0,Maintenance Soon,50.0,50.0,50.0,50.0,50.0,,,0.0964285714289872,0.0074074074072996,0.0890211640216875,,,,,,,,,,,,,,,,,,,,,,,,,,,,,,,,,,,,,,,,,,,,,,,,,,,,,,,,,,,,,,,,,,,,,
2025-11-15 09:00:00+00:00,e1108,Level 11,50.0,Maintenance Soon,50.0,50.0,50.0,50.0,50.0,,,0.0,0.0769515669514172,-0.0769515669514172,,,,,,,,,,,,,,,,,,,,,,,,,,,,,,,,,,,,,,,,,,,,,,,,,,,,,,,,,,,,,,,,,,,,,
2025-11-15 10:00:00+00:00,e1108,Level 11,50.0,Maintenance Soon,50.0,50.0,50.0,50.0,50.0,,,0.0,0.0689743589731127,-0.0689743589731127,,,,,,,,,,,,,,,,,,,,,,,,,,,,,,,,,,,,,,,,,,,,,,,,,,,,,,,,,,,,,,,,,,,,,
2025-11-15 11:00:00+00:00,e1108,Level 11,50.0,Maintenance Soon,50.0,50.0,50.0,50.0,50.0,,,0.0571428571420256,0.0133333333336243,0.0438095238084012,,,,,,,,,,,,,,,,,,,,,,,,,,,,,,,,,,,,,,,,,,,,,,,,,,,,,,,,,,,,,,,,,,,,,
2025-11-15 12:00:00+00:00,e1108,Level 11,50.0,Maintenance Soon,50.0,50.0,50.0,50.0,50.0,,,0.0428571428565192,0.0625527678215197,-0.0196956249650005,,,,,,,,,,,,,,,,,,,,,,,,,,,,,,,,,,,,,,,,,,,,,,,,,,,,,,,,,,,,,,,,,,,,,
2025-11-15 13:00:00+00:00,e1108,Level 11,50.0,Maintenance Soon,50.0,50.0,50.0,50.0,50.0,,,0.0,0.070780565511086,-0.070780565511086,,,,,,,,,,,,,,,,,,,,,,,,,,,,,,,,,,,,,,,,,,,,,,,,,,,,,,,,,,,,,,,,,,,,,
2025-11-15 14:00:00+00:00,e1108,Level 11,50.0,Maintenance Soon,50.0,50.0,50.0,50.0,50.0,,,0.0074074074072996,0.0,0.0074074074072996,,,,,,,,,,,,,,,,,,,,,,,,,,,,,,,,,,,,,,,,,,,,,,,,,,,,,,,,,,,,,,,,,,,,,
2025-11-15 15:00:00+00:00,e1108,Level 11,50.0,Maintenance Soon,50.0,50.0,50.0,50.0,50.0,,,0.0925925925912451,0.0299178981937681,0.062674694397477,,,,,,,,,,,,,,,,,,,,,,,,,,,,,,,,,,,,,,,,,,,,,,,,,,,,,,,,,,,,,,,,,,,,,
2025-11-15 16:00:00+00:00,e1108,Level 11,50.0,Maintenance Soon,50.0,50.0,50.0,50.0,50.0,,,0.0,0.0872864028824551,-0.0872864028824551,,,,,,,,,,,,,,,,,,,,,,,,,,,,,,,,,,,,,,,,,,,,,,,,,,,,,,,,,,,,,,,,,,,,,
2025-11-15 17:00:00+00:00,e1108,Level 11,50.0,Maintenance Soon,50.0,50.0,50.0,50.0,50.0,,,0.0,0.0183512544814827,-0.0183512544814827,,,,,,,,,,,,,,,,,,,,,,,,,,,,,,,,,,,,,,,,,,,,,,,,,,,,,,,,,,,,,,,,,,,,,
2025-11-15 18:00:00+00:00,e1108,Level 11,50.0,Maintenance Soon,50.0,50.0,50.0,50.0,50.0,,,0.0720000000037544,0.0481746031740234,0.0238253968297309,,,,,,,,,,,,,,,,,,,,,,,,,,,,,,,,,,,,,,,,,,,,,,,,,,,,,,,,,,,,,,,,,,,,,
2025-11-15 19:00:00+00:00,e1108,Level 11,50.0,Maintenance Soon,50.0,50.0,50.0,50.0,50.0,,,0.0279999999984283,0.0829365079359073,-0.0549365079374789,,,,,,,,,,,,,,,,,,,,,,,,,,,,,,,,,,,,,,,,,,,,,,,,,,,,,,,,,,,,,,,,,,,,,
2025-11-15 20:00:00+00:00,e1108,Level 11,50.0,Maintenance Soon,50.0,50.0,50.0,50.0,50.0,,,0.0,0.0,0.0,,,,,,,,,,,,,,,,,,,,,,,,,,,,,,,,,,,,,,,,,,,,,,,,,,,,,,,,,,,,,,,,,,,,,
2025-11-15 21:00:00+00:00,e1108,Level 11,50.0,Maintenance Soon,50.0,50.0,50.0,50.0,50.0,,,0.058620689655072,0.0077777777781496,0.0508429118769223,,,,,,,,,,,,,,,,,,,,,,,,,,,,,,,,,,,,,,,,,,,,,,,,,,,,,,,,,,,,,,,,,,,,,
2025-11-15 22:00:00+00:00,e1108,Level 11,50.0,Maintenance Soon,50.0,50.0,50.0,50.0,50.0,,,0.1413793103456555,0.0843295019149081,0.0570498084307473,,,,,,,,,,,,,,,,,,,,,,,,,,,,,,,,,,,,,,,,,,,,,,,,,,,,,,,,,,,,,,,,,,,,,
2025-11-15 23:00:00+00:00,e1108,Level 11,50.0,Maintenance Soon,50.0,50.0,50.0,50.0,50.0,,,0.0,0.0078927203066996,-0.0078927203066996,,,,,,,,,,,,,,,,,,,,,,,,,,,,,,,,,,,,,,,,,,,,,,,,,,,,,,,,,,,,,,,,,,,,,
2025-11-16 00:00:00+00:00,e1108,Level 11,50.0,Maintenance Soon,50.0,50.0,50.0,50.0,50.0,,,0.0241379310355114,0.007777777776937,0.0163601532585744,,,,,,,,,,,,,,,,,,,,,,,,,,,,,,,,,,,,,,,,,,,,,,,,,,,,,,,,,,,,,,,,,,,,,
2025-11-16 01:00:00+00:00,e1108,Level 11,50.0,Maintenance Soon,50.0,50.0,50.0,50.0,50.0,,,0.0795657726666831,0.0741379310347838,0.0054278416318993,,,,,,,,,,,,,,,,,,,,,,,,,,,,,,,,,,,,,,,,,,,,,,,,,,,,,,,,,,,,,,,,,,,,,
2025-11-16 02:00:00+00:00,e1108,Level 11,50.0,Maintenance Soon,50.0,50.0,50.0,50.0,50.0,,,0.096296296294895,0.0180842911880366,0.0782120051068583,,,,,,,,,,,,,,,,,,,,,,,,,,,,,,,,,,,,,,,,,,,,,,,,,,,,,,,,,,,,,,,,,,,,,
2025-11-16 03:00:00+00:00,e1108,Level 11,50.0,Maintenance Soon,50.0,50.0,50.0,50.0,50.0,,,0.0,0.0011111111113374,-0.0011111111113374,,,,,,,,,,,,,,,,,,,,,,,,,,,,,,,,,,,,,,,,,,,,,,,,,,,,,,,,,,,,,,,,,,,,,
2025-11-16 04:00:00+00:00,e1108,Level 11,50.0,Maintenance Soon,50.0,50.0,50.0,50.0,50.0,,,0.0925925925948831,0.0642857142859914,0.0283068783088917,,,,,,,,,,,,,,,,,,,,,,,,,,,,,,,,,,,,,,,,,,,,,,,,,,,,,,,,,,,,,,,,,,,,,
2025-11-16 05:00:00+00:00,e1108,Level 11,50.0,Maintenance Soon,50.0,50.0,50.0,50.0,50.0,,,0.0074074074109375,0.0346031746024285,-0.0271957671914909,,,,,,,,,,,,,,,,,,,,,,,,,,,,,,,,,,,,,,,,,,,,,,,,,,,,,,,,,,,,,,,,,,,,,
2025-11-16 06:00:00+00:00,e1108,Level 11,50.0,Maintenance Soon,50.0,50.0,50.0,50.0,50.0,,,-3.637978807091713e-12,0.0,-3.637978807091713e-12,,,,,,,,,,,,,,,,,,,,,,,,,,,,,,,,,,,,,,,,,,,,,,,,,,,,,,,,,,,,,,,,,,,,,
2025-11-16 07:00:00+00:00,e1108,Level 11,50.0,Maintenance Soon,50.0,50.0,50.0,50.0,50.0,,,0.030769230768783,0.0411904761907256,-0.0104212454219426,,,,,,,,,,,,,,,,,,,,,,,,,,,,,,,,,,,,,,,,,,,,,,,,,,,,,,,,,,,,,,,,,,,,,
2025-11-16 08:00:00+00:00,e1108,Level 11,50.0,Maintenance Soon,50.0,50.0,50.0,50.0,50.0,,,0.0692307692261238,0.0588095238102444,0.0104212454158793,,,,,,,,,,,,,,,,,,,,,,,,,,,,,,,,,,,,,,,,,,,,,,,,,,,,,,,,,,,,,,,,,,,,,
2025-11-16 09:00:00+00:00,e1108,Level 11,50.0,Maintenance Soon,50.0,50.0,50.0,50.0,50.0,,,0.0,0.0,0.0,,,,,,,,,,,,,,,,,,,,,,,,,,,,,,,,,,,,,,,,,,,,,,,,,,,,,,,,,,,,,,,,,,,,,
2025-11-16 10:00:00+00:00,e1108,Level 11,50.0,Maintenance Soon,50.0,50.0,50.0,50.0,50.0,,,0.0,0.025679012347003,-0.025679012347003,,,,,,,,,,,,,,,,,,,,,,,,,,,,,,,,,,,,,,,,,,,,,,,,,,,,,,,,,,,,,,,,,,,,,
2025-11-16 11:00:00+00:00,e1108,Level 11,50.0,Maintenance Soon,50.0,50.0,50.0,50.0,50.0,,,0.0640000000021245,0.060035273367248,0.0039647266348765,,,,,,,,,,,,,,,,,,,,,,,,,,,,,,,,,,,,,,,,,,,,,,,,,,,,,,,,,,,,,,,,,,,,,
2025-11-16 12:00:00+00:00,e1108,Level 11,50.0,Maintenance Soon,50.0,50.0,50.0,50.0,50.0,,,0.0360000000036961,0.0142857142855064,0.0217142857181897,,,,,,,,,,,,,,,,,,,,,,,,,,,,,,,,,,,,,,,,,,,,,,,,,,,,,,,,,,,,,,,,,,,,,
2025-11-16 13:00:00+00:00,e1108,Level 11,50.0,Maintenance Soon,50.0,50.0,50.0,50.0,50.0,,,3.637978807091713e-12,0.0222222222218988,-0.0222222222182608,,,,,,,,,,,,,,,,,,,,,,,,,,,,,,,,,,,,,,,,,,,,,,,,,,,,,,,,,,,,,,,,,,,,,
2025-11-16 14:00:00+00:00,e1108,Level 11,50.0,Maintenance Soon,50.0,50.0,50.0,50.0,50.0,,,0.003448275860137,0.0782861292658102,-0.0748378534056731,,,,,,,,,,,,,,,,,,,,,,,,,,,,,,,,,,,,,,,,,,,,,,,,,,,,,,,,,,,,,,,,,,,,,
2025-11-16 15:00:00+00:00,e1108,Level 11,50.0,Maintenance Soon,50.0,50.0,50.0,50.0,50.0,,,0.0965517241347697,0.0328249818448966,0.063726742289873,,,,,,,,,,,,,,,,,,,,,,,,,,,,,,,,,,,,,,,,,,,,,,,,,,,,,,,,,,,,,,,,,,,,,
2025-11-16 16:00:00+00:00,e1108,Level 11,50.0,Maintenance Soon,50.0,50.0,50.0,50.0,50.0,,,0.0,0.0155555555562993,-0.0155555555562993,,,,,,,,,,,,,,,,,,,,,,,,,,,,,,,,,,,,,,,,,,,,,,,,,,,,,,,,,,,,,,,,,,,,,
2025-11-16 17:00:00+00:00,e1108,Level 11,50.0,Maintenance Soon,50.0,50.0,50.0,50.0,50.0,,,0.0,0.0500358422941644,-0.0500358422941644,,,,,,,,,,,,,,,,,,,,,,,,,,,,,,,,,,,,,,,,,,,,,,,,,,,,,,,,,,,,,,,,,,,,,
2025-11-16 18:00:00+00:00,e1108,Level 11,50.0,Maintenance Soon,50.0,50.0,50.0,50.0,50.0,,,0.0607142857115832,0.0250752688176968,0.0356390168938863,,,,,,,,,,,,,,,,,,,,,,,,,,,,,,,,,,,,,,,,,,,,,,,,,,,,,,,,,,,,,,,,,,,,,
2025-11-16 19:00:00+00:00,e1108,Level 11,50.0,Maintenance Soon,50.0,50.0,50.0,50.0,50.0,,,0.0392857142869615,0.0293333333320333,0.0099523809549282,,,,,,,,,,,,,,,,,,,,,,,,,,,,,,,,,,,,,,,,,,,,,,,,,,,,,,,,,,,,,,,,,,,,,
2025-11-16 20:00:00+00:00,e1108,Level 11,50.0,Maintenance Soon,50.0,50.0,50.0,50.0,50.0,,,0.0,0.0744444444450588,-0.0744444444450588,,,,,,,,,,,,,,,,,,,,,,,,,,,,,,,,,,,,,,,,,,,,,,,,,,,,,,,,,,,,,,,,,,,,,
2025-11-16 21:00:00+00:00,e1108,Level 11,50.0,Maintenance Soon,50.0,50.0,50.0,50.0,50.0,,,0.0259259259291866,0.0250957854404987,0.0008301404886879,,,,,,,,,,,,,,,,,,,,,,,,,,,,,,,,,,,,,,,,,,,,,,,,,,,,,,,,,,,,,,,,,,,,,
2025-11-16 22:00:00+00:00,e1108,Level 11,50.0,Maintenance Soon,50.0,50.0,50.0,50.0,50.0,,,0.0740740740729961,0.059348659004172,0.014725415068824,,,,,,,,,,,,,,,,,,,,,,,,,,,,,,,,,,,,,,,,,,,,,,,,,,,,,,,,,,,,,,,,,,,,,
2025-11-16 23:00:00+00:00,e1108,Level 11,50.0,Maintenance Soon,50.0,50.0,50.0,50.0,50.0,,,3.637978807091713e-12,0.0452490421460728,-0.0452490421424348,,,,,,,,,,,,,,,,,,,,,,,,,,,,,,,,,,,,,,,,,,,,,,,,,,,,,,,,,,,,,,,,,,,,,
2025-11-17 00:00:00+00:00,e1108,Level 11,50.0,Maintenance Soon,50.0,50.0,50.0,50.0,50.0,,,-3.637978807091713e-12,0.0450191570889728,-0.0450191570926108,,,,,,,,,,,,,,,,,,,,,,,,,,,,,,,,,,,,,,,,,,,,,,,,,,,,,,,,,,,,,,,,,,,,,
2025-11-17 01:00:00+00:00,e1108,Level 11,50.0,Maintenance Soon,50.0,50.0,50.0,50.0,50.0,,,0.0777777777766459,0.0376330353331771,0.0401447424434688,,,,,,,,,,,,,,,,,,,,,,,,,,,,,,,,,,,,,,,,,,,,,,,,,,,,,,,,,,,,,,,,,,,,,
2025-11-17 02:00:00+00:00,e1108,Level 11,50.0,Maintenance Soon,50.0,50.0,50.0,50.0,50.0,,,0.0222222222218988,0.0919278252598208,-0.069705603037922,,,,,,,,,,,,,,,,,,,,,,,,,,,,,,,,,,,,,,,,,,,,,,,,,,,,,,,,,,,,,,,,,,,,,
2025-11-17 03:00:00+00:00,e1108,Level 11,50.0,Maintenance Soon,50.0,50.0,50.0,50.0,50.0,,,0.0,0.0346153846148808,-0.0346153846148808,,,,,,,,,,,,,,,,,,,,,,,,,,,,,,,,,,,,,,,,,,,,,,,,,,,,,,,,,,,,,,,,,,,,,
2025-11-17 04:00:00+00:00,e1108,Level 11,50.0,Maintenance Soon,50.0,50.0,50.0,50.0,50.0,,,0.0,0.0308641975316277,-0.0308641975316277,,,,,,,,,,,,,,,,,,,,,,,,,,,,,,,,,,,,,,,,,,,,,,,,,,,,,,,,,,,,,,,,,,,,,
2025-11-17 05:00:00+00:00,e1108,Level 11,50.0,Maintenance Soon,50.0,50.0,50.0,50.0,50.0,,,0.0,0.0469135802486562,-0.0469135802486562,,,,,,,,,,,,,,,,,,,,,,,,,,,,,,,,,,,,,,,,,,,,,,,,,,,,,,,,,,,,,,,,,,,,,
2025-11-17 06:00:00+00:00,e1108,Level 11,50.0,Maintenance Soon,50.0,50.0,50.0,50.0,50.0,,,0.0,0.0222222222206861,-0.0222222222206861,,,,,,,,,,,,,,,,,,,,,,,,,,,,,,,,,,,,,,,,,,,,,,,,,,,,,,,,,,,,,,,,,,,,,
2025-11-17 07:00:00+00:00,e1108,Level 11,50.0,Maintenance Soon,50.0,50.0,50.0,50.0,50.0,,,0.0,0.010256410256261,-0.010256410256261,,,,,,,,,,,,,,,,,,,,,,,,,,,,,,,,,,,,,,,,,,,,,,,,,,,,,,,,,,,,,,,,,,,,,
2025-11-17 08:00:00+00:00,e1108,Level 11,50.0,Maintenance Soon,50.0,50.0,50.0,50.0,50.0,,,0.0,0.0532301797805606,-0.0532301797805606,,,,,,,,,,,,,,,,,,,,,,,,,,,,,,,,,,,,,,,,,,,,,,,,,,,,,,,,,,,,,,,,,,,,,
2025-11-17 09:00:00+00:00,e1108,Level 11,50.0,Maintenance Soon,50.0,50.0,50.0,50.0,50.0,,,0.0,0.0365134099617231,-0.0365134099617231,,,,,,,,,,,,,,,,,,,,,,,,,,,,,,,,,,,,,,,,,,,,,,,,,,,,,,,,,,,,,,,,,,,,,
2025-11-17 10:00:00+00:00,e1108,Level 11,50.0,Maintenance Soon,50.0,50.0,50.0,50.0,50.0,,,0.0,0.0,0.0,,,,,,,,,,,,,,,,,,,,,,,,,,,,,,,,,,,,,,,,,,,,,,,,,,,,,,,,,,,,,,,,,,,,,
2025-11-17 11:00:00+00:00,e1108,Level 11,50.0,Maintenance Soon,50.0,50.0,50.0,50.0,50.0,,,0.0,0.0457777777798279,-0.0457777777798279,,,,,,,,,,,,,,,,,,,,,,,,,,,,,,,,,,,,,,,,,,,,,,,,,,,,,,,,,,,,,,,,,,,,,
2025-11-17 12:00:00+00:00,e1108,Level 11,50.0,Maintenance Soon,50.0,50.0,50.0,50.0,50.0,,,0.0,0.0480493827162717,-0.0480493827162717,,,,,,,,,,,,,,,,,,,,,,,,,,,,,,,,,,,,,,,,,,,,,,,,,,,,,,,,,,,,,,,,,,,,,
2025-11-17 13:00:00+00:00,e1108,Level 11,50.0,Maintenance Soon,50.0,50.0,50.0,50.0,50.0,,,0.0,0.0061728395072956,-0.0061728395072956,,,,,,,,,,,,,,,,,,,,,,,,,,,,,,,,,,,,,,,,,,,,,,,,,,,,,,,,,,,,,,,,,,,,,
2025-11-17 14:00:00+00:00,e1108,Level 11,50.0,Maintenance Soon,50.0,50.0,50.0,50.0,50.0,,,0.0,0.0233716475086112,-0.0233716475086112,,,,,,,,,,,,,,,,,,,,,,,,,,,,,,,,,,,,,,,,,,,,,,,,,,,,,,,,,,,,,,,,,,,,,
2025-11-17 15:00:00+00:00,e1108,Level 11,50.0,Maintenance Soon,50.0,50.0,50.0,50.0,50.0,,,0.0,0.0587712096312316,-0.0587712096312316,,,,,,,,,,,,,,,,,,,,,,,,,,,,,,,,,,,,,,,,,,,,,,,,,,,,,,,,,,,,,,,,,,,,,
2025-11-17 16:00:00+00:00,e1108,Level 11,50.0,Maintenance Soon,50.0,50.0,50.0,50.0,50.0,,,0.0,0.0178571428587019,-0.0178571428587019,,,,,,,,,,,,,,,,,,,,,,,,,,,,,,,,,,,,,,,,,,,,,,,,,,,,,,,,,,,,,,,,,,,,,
2025-11-17 17:00:00+00:00,e1108,Level 11,50.0,Maintenance Soon,50.0,50.0,50.0,50.0,50.0,,,0.0,0.0188888888878864,-0.0188888888878864,,,,,,,,,,,,,,,,,,,,,,,,,,,,,,,,,,,,,,,,,,,,,,,,,,,,,,,,,,,,,,,,,,,,,
2025-11-17 18:00:00+00:00,e1108,Level 11,50.0,Maintenance Soon,50.0,50.0,50.0,50.0,50.0,,,0.0,0.0486610343056478,-0.0486610343056478,,,,,,,,,,,,,,,,,,,,,,,,,,,,,,,,,,,,,,,,,,,,,,,,,,,,,,,,,,,,,,,,,,,,,
2025-11-17 19:00:00+00:00,e1108,Level 11,50.0,Maintenance Soon,50.0,50.0,50.0,50.0,50.0,,,0.0,0.0324500768050105,-0.0324500768050105,,,,,,,,,,,,,,,,,,,,,,,,,,,,,,,,,,,,,,,,,,,,,,,,,,,,,,,,,,,,,,,,,,,,,
2025-11-17 20:00:00+00:00,e1108,Level 11,50.0,Maintenance Soon,50.0,50.0,50.0,50.0,50.0,,,0.0,0.0177777777777616,-0.0177777777777616,,,,,,,,,,,,,,,,,,,,,,,,,,,,,,,,,,,,,,,,,,,,,,,,,,,,,,,,,,,,,,,,,,,,,
2025-11-17 21:00:00+00:00,e1108,Level 11,50.0,Maintenance Soon,50.0,50.0,50.0,50.0,50.0,,,0.0,0.0397530864223275,-0.0397530864223275,,,,,,,,,,,,,,,,,,,,,,,,,,,,,,,,,,,,,,,,,,,,,,,,,,,,,,,,,,,,,,,,,,,,,
2025-11-17 22:00:00+00:00,e1108,Level 11,50.0,Maintenance Soon,50.0,50.0,50.0,50.0,50.0,,,0.0,0.042469135800881,-0.042469135800881,,,,,,,,,,,,,,,,,,,,,,,,,,,,,,,,,,,,,,,,,,,,,,,,,,,,,,,,,,,,,,,,,,,,,
2025-11-17 23:00:00+00:00,e1108,Level 11,50.0,Maintenance Soon,50.0,50.0,50.0,50.0,50.0,,,0.0,0.0144444444461745,-0.0144444444461745,,,,,,,,,,,,,,,,,,,,,,,,,,,,,,,,,,,,,,,,,,,,,,,,,,,,,,,,,,,,,,,,,,,,,
2025-11-18 00:00:00+00:00,e1108,Level 11,50.0,Maintenance Soon,50.0,50.0,50.0,50.0,50.0,,,0.0,0.0455555555539225,-0.0455555555539225,,,,,,,,,,,,,,,,,,,,,,,,,,,,,,,,,,,,,,,,,,,,,,,,,,,,,,,,,,,,,,,,,,,,,
2025-11-18 01:00:00+00:00,e1108,Level 11,50.0,Maintenance Soon,50.0,50.0,50.0,50.0,50.0,,,0.0,0.0659259259264217,-0.0659259259264217,,,,,,,,,,,,,,,,,,,,,,,,,,,,,,,,,,,,,,,,,,,,,,,,,,,,,,,,,,,,,,,,,,,,,
2025-11-18 02:00:00+00:00,e1108,Level 11,50.0,Maintenance Soon,50.0,50.0,50.0,50.0,50.0,,,1.2999999999992724,0.0166028097058491,1.2833971902934234,,,,,,,,,,,,,,,,,,,,,,,,,,,,,,,,,,,,,,,,,,,,,,,,,,,,,,,,,,,,,,,,,,,,,
2025-11-18 03:00:00+00:00,e1108,Level 11,50.0,Maintenance Soon,50.0,50.0,50.0,50.0,50.0,,,0.0,0.0288998357961342,-0.0288998357961342,,,,,,,,,,,,,,,,,,,,,,,,,,,,,,,,,,,,,,,,,,,,,,,,,,,,,,,,,,,,,,,,,,,,,
2025-11-18 04:00:00+00:00,e1108,Level 11,50.0,Maintenance Soon,50.0,50.0,50.0,50.0,50.0,,,0.0,0.0285714285710128,-0.0285714285710128,,,,,,,,,,,,,,,,,,,,,,,,,,,,,,,,,,,,,,,,,,,,,,,,,,,,,,,,,,,,,,,,,,,,,
2025-11-18 05:00:00+00:00,e1108,Level 11,50.0,Maintenance Soon,50.0,50.0,50.0,50.0,50.0,,,0.0758620689666713,0.0022222222214622,0.073639846745209,,,,,,,,,,,,,,,,,,,,,,,,,,,,,,,,,,,,,,,,,,,,,,,,,,,,,,,,,,,,,,,,,,,,,
2025-11-18 06:00:00+00:00,e1108,Level 11,50.0,Maintenance Soon,50.0,50.0,50.0,50.0,50.0,,,0.0241379310355114,0.0311111111101733,-0.0069731800746618,,,,,,,,,,,,,,,,,,,,,,,,,,,,,,,,,,,,,,,,,,,,,,,,,,,,,,,,,,,,,,,,,,,,,
2025-11-18 07:00:00+00:00,e1108,Level 11,50.0,Maintenance Soon,50.0,50.0,50.0,50.0,50.0,,,0.0,0.0511904761915502,-0.0511904761915502,,,,,,,,,,,,,,,,,,,,,,,,,,,,,,,,,,,,,,,,,,,,,,,,,,,,,,,,,,,,,,,,,,,,,
2025-11-18 08:00:00+00:00,e1108,Level 11,50.0,Maintenance Soon,50.0,50.0,50.0,50.0,50.0,,,0.0555555555547471,0.0154761904765715,0.0400793650781755,,,,,,,,,,,,,,,,,,,,,,,,,,,,,,,,,,,,,,,,,,,,,,,,,,,,,,,,,,,,,,,,,,,,,
2025-11-18 09:00:00+00:00,e1108,Level 11,50.0,Maintenance Soon,50.0,50.0,50.0,50.0,50.0,,,0.0444444444437976,0.0311111111125986,0.013333333331199,,,,,,,,,,,,,,,,,,,,,,,,,,,,,,,,,,,,,,,,,,,,,,,,,,,,,,,,,,,,,,,,,,,,,
2025-11-18 10:00:00+00:00,e1108,Level 11,50.0,Maintenance Soon,50.0,50.0,50.0,50.0,50.0,,,0.0,0.0022222222214622,-0.0022222222214622,,,,,,,,,,,,,,,,,,,,,,,,,,,,,,,,,,,,,,,,,,,,,,,,,,,,,,,,,,,,,,,,,,,,,
2025-11-18 11:00:00+00:00,e1108,Level 11,50.0,Maintenance Soon,50.0,50.0,50.0,50.0,50.0,,,0.1400000000030559,0.0580246913571803,0.0819753086458755,,,,,,,,,,,,,,,,,,,,,,,,,,,,,,,,,,,,,,,,,,,,,,,,,,,,,,,,,,,,,,,,,,,,,
2025-11-18 12:00:00+00:00,e1108,Level 11,50.0,Maintenance Soon,50.0,50.0,50.0,50.0,50.0,,,0.0599999999976716,0.0697530864211633,-0.0097530864234916,,,,,,,,,,,,,,,,,,,,,,,,,,,,,,,,,,,,,,,,,,,,,,,,,,,,,,,,,,,,,,,,,,,,,
2025-11-18 13:00:00+00:00,e1108,Level 11,50.0,Maintenance Soon,50.0,50.0,50.0,50.0,50.0,,,0.0,0.0055555555554747,-0.0055555555554747,,,,,,,,,,,,,,,,,,,,,,,,,,,,,,,,,,,,,,,,,,,,,,,,,,,,,,,,,,,,,,,,,,,,,
2025-11-18 14:00:00+00:00,e1108,Level 11,50.0,Maintenance Soon,50.0,50.0,50.0,50.0,50.0,,,0.0366666666668606,0.0261904761913077,0.0104761904755529,,,,,,,,,,,,,,,,,,,,,,,,,,,,,,,,,,,,,,,,,,,,,,,,,,,,,,,,,,,,,,,,,,,,,
2025-11-18 15:00:00+00:00,e1108,Level 11,50.0,Maintenance Soon,50.0,50.0,50.0,50.0,50.0,,,0.1633333333338669,0.0338095238075766,0.1295238095262902,,,,,,,,,,,,,,,,,,,,,,,,,,,,,,,,,,,,,,,,,,,,,,,,,,,,,,,,,,,,,,,,,,,,,
2025-11-18 16:00:00+00:00,e1108,Level 11,50.0,Maintenance Soon,50.0,50.0,50.0,50.0,50.0,,,0.0,0.0066666666668121,-0.0066666666668121,,,,,,,,,,,,,,,,,,,,,,,,,,,,,,,,,,,,,,,,,,,,,,,,,,,,,,,,,,,,,,,,,,,,,
2025-11-18 17:00:00+00:00,e1108,Level 11,50.0,Maintenance Soon,50.0,50.0,50.0,50.0,50.0,,,0.023333333330811,0.0183908045983116,0.0049425287324993,,,,,,,,,,,,,,,,,,,,,,,,,,,,,,,,,,,,,,,,,,,,,,,,,,,,,,,,,,,,,,,,,,,,,
2025-11-18 18:00:00+00:00,e1108,Level 11,50.0,Maintenance Soon,50.0,50.0,50.0,50.0,50.0,,,0.0766666666677338,0.0382758620689855,0.0383908045987482,,,,,,,,,,,,,,,,,,,,,,,,,,,,,,,,,,,,,,,,,,,,,,,,,,,,,,,,,,,,,,,,,,,,,
2025-11-18 19:00:00+00:00,e1108,Level 11,50.0,Maintenance Soon,50.0,50.0,50.0,50.0,50.0,,,0.0,0.0099999999996119,-0.0099999999996119,,,,,,,,,,,,,,,,,,,,,,,,,,,,,,,,,,,,,,,,,,,,,,,,,,,,,,,,,,,,,,,,,,,,,
2025-11-18 20:00:00+00:00,e1108,Level 11,50.0,Maintenance Soon,50.0,50.0,50.0,50.0,50.0,,,0.0166666666664241,0.0155555555550866,0.0011111111113374,,,,,,,,,,,,,,,,,,,,,,,,,,,,,,,,,,,,,,,,,,,,,,,,,,,,,,,,,,,,,,,,,,,,,
2025-11-18 21:00:00+00:00,e1108,Level 11,50.0,Maintenance Soon,50.0,50.0,50.0,50.0,50.0,,,0.0833333333357586,0.0388888888895356,0.044444444446223,,,,,,,,,,,,,,,,,,,,,,,,,,,,,,,,,,,,,,,,,,,,,,,,,,,,,,,,,,,,,,,,,,,,,
2025-11-18 22:00:00+00:00,e1108,Level 11,50.0,Maintenance Soon,50.0,50.0,50.0,50.0,50.0,,,0.0,0.0122222222222868,-0.0122222222222868,,,,,,,,,,,,,,,,,,,,,,,,,,,,,,,,,,,,,,,,,,,,,,,,,,,,,,,,,,,,,,,,,,,,,
2025-11-18 23:00:00+00:00,e1108,Level 11,50.0,Maintenance Soon,50.0,50.0,50.0,50.0,50.0,,,0.0,0.0149425287345366,-0.0149425287345366,,,,,,,,,,,,,,,,,,,,,,,,,,,,,,,,,,,,,,,,,,,,,,,,,,,,,,,,,,,,,,,,,,,,,
2025-11-19 00:00:00+00:00,e1108,Level 11,50.0,Maintenance Soon,50.0,50.0,50.0,50.0,50.0,,,0.0999999999985448,0.0361685823760732,0.0638314176224715,,,,,,,,,,,,,,,,,,,,,,,,,,,,,,,,,,,,,,,,,,,,,,,,,,,,,,,,,,,,,,,,,,,,,
2025-11-19 01:00:00+00:00,e1108,Level 11,50.0,Maintenance Soon,50.0,50.0,50.0,50.0,50.0,,,0.0,0.0155555555550866,-0.0155555555550866,,,,,,,,,,,,,,,,,,,,,,,,,,,,,,,,,,,,,,,,,,,,,,,,,,,,,,,,,,,,,,,,,,,,,
2025-11-19 02:00:00+00:00,e1108,Level 11,50.0,Maintenance Soon,50.0,50.0,50.0,50.0,50.0,,,0.0,0.4333333333330908,-0.4333333333330908,,,,,,,,,,,,,,,,,,,,,,,,,,,,,,,,,,,,,,,,,,,,,,,,,,,,,,,,,,,,,,,,,,,,,
2025-11-19 03:00:00+00:00,e1108,Level 11,50.0,Maintenance Soon,50.0,50.0,50.0,50.0,50.0,,,0.0766666666640958,0.0436781609217481,0.0329885057423477,,,,,,,,,,,,,,,,,,,,,,,,,,,,,,,,,,,,,,,,,,,,,,,,,,,,,,,,,,,,,,,,,,,,,
2025-11-19 04:00:00+00:00,e1108,Level 11,50.0,Maintenance Soon,50.0,50.0,50.0,50.0,50.0,,,0.0233333333344489,0.0229885057463737,0.0003448275880752,,,,,,,,,,,,,,,,,,,,,,,,,,,,,,,,,,,,,,,,,,,,,,,,,,,,,,,,,,,,,,,,,,,,,
2025-11-19 05:00:00+00:00,e1108,Level 11,50.0,Maintenance Soon,50.0,50.0,50.0,50.0,50.0,,,0.0,0.0252873563222237,-0.0252873563222237,,,,,,,,,,,,,,,,,,,,,,,,,,,,,,,,,,,,,,,,,,,,,,,,,,,,,,,,,,,,,,,,,,,,,
2025-11-19 06:00:00+00:00,e1108,Level 11,50.0,Maintenance Soon,50.0,50.0,50.0,50.0,50.0,,,0.0517241379347979,0.0218832891247681,0.0298408488100297,,,,,,,,,,,,,,,,,,,,,,,,,,,,,,,,,,,,,,,,,,,,,,,,,,,,,,,,,,,,,,,,,,,,,
2025-11-19 07:00:00+00:00,e1108,Level 11,50.0,Maintenance Soon,50.0,50.0,50.0,50.0,50.0,,,0.0482758620673848,0.0528293545515528,-0.0045534924841679,,,,,,,,,,,,,,,,,,,,,,,,,,,,,,,,,,,,,,,,,,,,,,,,,,,,,,,,,,,,,,,,,,,,,
2025-11-19 08:00:00+00:00,e1108,Level 11,50.0,Maintenance Soon,50.0,50.0,50.0,50.0,50.0,,,0.0,0.0185185185194616,-0.0185185185194616,,,,,,,,,,,,,,,,,,,,,,,,,,,,,,,,,,,,,,,,,,,,,,,,,,,,,,,,,,,,,,,,,,,,,
2025-11-19 09:00:00+00:00,e1108,Level 11,50.0,Maintenance Soon,50.0,50.0,50.0,50.0,50.0,,,0.023333333330811,0.0148148148145992,0.0085185185162117,,,,,,,,,,,,,,,,,,,,,,,,,,,,,,,,,,,,,,,,,,,,,,,,,,,,,,,,,,,,,,,,,,,,,
2025-11-19 10:00:00+00:00,e1108,Level 11,50.0,Maintenance Soon,50.0,50.0,50.0,50.0,50.0,,,0.0766666666677338,0.0501709401699675,0.0264957264977662,,,,,,,,,,,,,,,,,,,,,,,,,,,,,,,,,,,,,,,,,,,,,,,,,,,,,,,,,,,,,,,,,,,,,
2025-11-19 11:00:00+00:00,e1108,Level 11,50.0,Maintenance Soon,50.0,50.0,50.0,50.0,50.0,,,0.0,0.0631623931646269,-0.0631623931646269,,,,,,,,,,,,,,,,,,,,,,,,,,,,,,,,,,,,,,,,,,,,,,,,,,,,,,,,,,,,,,,,,,,,,
2025-11-19 12:00:00+00:00,e1108,Level 11,50.0,Maintenance Soon,50.0,50.0,50.0,50.0,50.0,,,0.0193548387105693,0.0222222222218988,-0.0028673835113295,,,,,,,,,,,,,,,,,,,,,,,,,,,,,,,,,,,,,,,,,,,,,,,,,,,,,,,,,,,,,,,,,,,,,
2025-11-19 13:00:00+00:00,e1108,Level 11,50.0,Maintenance Soon,50.0,50.0,50.0,50.0,50.0,,,0.0806451612916134,0.0657936507923295,0.0148515104992839,,,,,,,,,,,,,,,,,,,,,,,,,,,,,,,,,,,,,,,,,,,,,,,,,,,,,,,,,,,,,,,,,,,,,
2025-11-19 14:00:00+00:00,e1108,Level 11,50.0,Maintenance Soon,50.0,50.0,50.0,50.0,50.0,,,0.0,0.0442063492070398,-0.0442063492070398,,,,,,,,,,,,,,,,,,,,,,,,,,,,,,,,,,,,,,,,,,,,,,,,,,,,,,,,,,,,,,,,,,,,,
2025-11-19 15:00:00+00:00,e1108,Level 11,50.0,Maintenance Soon,50.0,50.0,50.0,50.0,50.0,,,0.0066666666680248,0.0544444444446223,-0.0477777777765974,,,,,,,,,,,,,,,,,,,,,,,,,,,,,,,,,,,,,,,,,,,,,,,,,,,,,,,,,,,,,,,,,,,,,
2025-11-19 16:00:00+00:00,e1108,Level 11,50.0,Maintenance Soon,50.0,50.0,50.0,50.0,50.0,,,0.0933333333305199,0.0277777777785862,0.0655555555519337,,,,,,,,,,,,,,,,,,,,,,,,,,,,,,,,,,,,,,,,,,,,,,,,,,,,,,,,,,,,,,,,,,,,,
2025-11-19 17:00:00+00:00,e1108,Level 11,50.0,Maintenance Soon,50.0,50.0,50.0,50.0,50.0,,,0.0,0.0363218390799981,-0.0363218390799981,,,,,,,,,,,,,,,,,,,,,,,,,,,,,,,,,,,,,,,,,,,,,,,,,,,,,,,,,,,,,,,,,,,,,
2025-11-19 18:00:00+00:00,e1108,Level 11,50.0,Maintenance Soon,50.0,50.0,50.0,50.0,50.0,,,0.0,0.0359003831411731,-0.0359003831411731,,,,,,,,,,,,,,,,,,,,,,,,,,,,,,,,,,,,,,,,,,,,,,,,,,,,,,,,,,,,,,,,,,,,,
2025-11-19 19:00:00+00:00,e1108,Level 11,50.0,Maintenance Soon,50.0,50.0,50.0,50.0,50.0,,,0.0999999999985448,0.0255555555559112,0.0744444444426335,,,,,,,,,,,,,,,,,,,,,,,,,,,,,,,,,,,,,,,,,,,,,,,,,,,,,,,,,,,,,,,,,,,,,
2025-11-19 20:00:00+00:00,e1108,Level 11,50.0,Maintenance Soon,50.0,50.0,50.0,50.0,50.0,,,0.0500000000029103,0.0682437275972915,-0.0182437275943812,,,,,,,,,,,,,,,,,,,,,,,,,,,,,,,,,,,,,,,,,,,,,,,,,,,,,,,,,,,,,,,,,,,,,
2025-11-19 21:00:00+00:00,e1108,Level 11,50.0,Maintenance Soon,50.0,50.0,50.0,50.0,50.0,,,0.0499999999992724,0.0728673835134638,-0.0228673835141914,,,,,,,,,,,,,,,,,,,,,,,,,,,,,,,,,,,,,,,,,,,,,,,,,,,,,,,,,,,,,,,,,,,,,
2025-11-19 22:00:00+00:00,e1108,Level 11,50.0,Maintenance Soon,50.0,50.0,50.0,50.0,50.0,,,0.0899999999965075,0.0254121863799809,0.0645878136165265,,,,,,,,,,,,,,,,,,,,,,,,,,,,,,,,,,,,,,,,,,,,,,,,,,,,,,,,,,,,,,,,,,,,,
2025-11-19 23:00:00+00:00,e1108,Level 11,50.0,Maintenance Soon,50.0,50.0,50.0,50.0,50.0,,,0.0100000000020372,0.065698924731502,-0.0556989247294647,,,,,,,,,,,,,,,,,,,,,,,,,,,,,,,,,,,,,,,,,,,,,,,,,,,,,,,,,,,,,,,,,,,,,
2025-11-20 00:00:00+00:00,e1108,Level 11,50.0,Maintenance Soon,50.0,50.0,50.0,50.0,50.0,,,0.0033333333340124,0.0422222222223354,-0.0388888888883229,,,,,,,,,,,,,,,,,,,,,,,,,,,,,,,,,,,,,,,,,,,,,,,,,,,,,,,,,,,,,,,,,,,,,
2025-11-20 01:00:00+00:00,e1108,Level 11,50.0,Maintenance Soon,50.0,50.0,50.0,50.0,50.0,,,0.15666666666948,0.0154761904765715,0.1411904761929084,,,,,,,,,,,,,,,,,,,,,,,,,,,,,,,,,,,,,,,,,,,,,,,,,,,,,,,,,,,,,,,,,,,,,
2025-11-20 02:00:00+00:00,e1108,Level 11,50.0,Maintenance Soon,50.0,50.0,50.0,50.0,50.0,,,0.0399999999972351,0.0350985221666633,0.0049014778305718,,,,,,,,,,,,,,,,,,,,,,,,,,,,,,,,,,,,,,,,,,,,,,,,,,,,,,,,,,,,,,,,,,,,,
2025-11-20 03:00:00+00:00,e1108,Level 11,50.0,Maintenance Soon,50.0,50.0,50.0,50.0,50.0,,,0.0,0.0416475095771602,-0.0416475095771602,,,,,,,,,,,,,,,,,,,,,,,,,,,,,,,,,,,,,,,,,,,,,,,,,,,,,,,,,,,,,,,,,,,,,
2025-11-20 04:00:00+00:00,e1108,Level 11,50.0,Maintenance Soon,50.0,50.0,50.0,50.0,50.0,,,0.0,0.0158237547899868,-0.0158237547899868,,,,,,,,,,,,,,,,,,,,,,,,,,,,,,,,,,,,,,,,,,,,,,,,,,,,,,,,,,,,,,,,,,,,,
2025-11-20 05:00:00+00:00,e1108,Level 11,50.0,Maintenance Soon,50.0,50.0,50.0,50.0,50.0,,,0.0689655172427592,0.0316976127323869,0.0372679045103723,,,,,,,,,,,,,,,,,,,,,,,,,,,,,,,,,,,,,,,,,,,,,,,,,,,,,,,,,,,,,,,,,,,,,
2025-11-20 06:00:00+00:00,e1108,Level 11,50.0,Maintenance Soon,50.0,50.0,50.0,50.0,50.0,,,0.0310344827557855,0.0441644562354971,-0.0131299734797115,,,,,,,,,,,,,,,,,,,,,,,,,,,,,,,,,,,,,,,,,,,,,,,,,,,,,,,,,,,,,,,,,,,,,
2025-11-20 07:00:00+00:00,e1108,Level 11,50.0,Maintenance Soon,50.0,50.0,50.0,50.0,50.0,,,0.0,0.0172030651350117,-0.0172030651350117,,,,,,,,,,,,,,,,,,,,,,,,,,,,,,,,,,,,,,,,,,,,,,,,,,,,,,,,,,,,,,,,,,,,,
2025-11-20 08:00:00+00:00,e1108,Level 11,50.0,Maintenance Soon,50.0,50.0,50.0,50.0,50.0,,,0.0148148148145992,0.0322222222202981,-0.0174074074056989,,,,,,,,,,,,,,,,,,,,,,,,,,,,,,,,,,,,,,,,,,,,,,,,,,,,,,,,,,,,,,,,,,,,,
2025-11-20 09:00:00+00:00,e1108,Level 11,50.0,Maintenance Soon,50.0,50.0,50.0,50.0,50.0,,,0.0851851851875835,0.0327777777759668,0.0524074074116166,,,,,,,,,,,,,,,,,,,,,,,,,,,,,,,,,,,,,,,,,,,,,,,,,,,,,,,,,,,,,,,,,,,,,
2025-11-20 10:00:00+00:00,e1108,Level 11,50.0,Maintenance Soon,50.0,50.0,50.0,50.0,50.0,,,0.0,0.0338888888897296,-0.0338888888897296,,,,,,,,,,,,,,,,,,,,,,,,,,,,,,,,,,,,,,,,,,,,,,,,,,,,,,,,,,,,,,,,,,,,,
2025-11-20 11:00:00+00:00,e1108,Level 11,50.0,Maintenance Soon,50.0,50.0,50.0,50.0,50.0,,,0.0,0.0322222222215108,-0.0322222222215108,,,,,,,,,,,,,,,,,,,,,,,,,,,,,,,,,,,,,,,,,,,,,,,,,,,,,,,,,,,,,,,,,,,,,
2025-11-20 12:00:00+00:00,e1108,Level 11,50.0,Maintenance Soon,50.0,50.0,50.0,50.0,50.0,,,0.0999999999985448,0.0137355635209435,0.0862644364776012,,,,,,,,,,,,,,,,,,,,,,,,,,,,,,,,,,,,,,,,,,,,,,,,,,,,,,,,,,,,,,,,,,,,,
2025-11-20 13:00:00+00:00,e1108,Level 11,50.0,Maintenance Soon,50.0,50.0,50.0,50.0,50.0,,,0.0,0.0540422142585157,-0.0540422142585157,,,,,,,,,,,,,,,,,,,,,,,,,,,,,,,,,,,,,,,,,,,,,,,,,,,,,,,,,,,,,,,,,,,,,
2025-11-20 14:00:00+00:00,e1108,Level 11,50.0,Maintenance Soon,50.0,50.0,50.0,50.0,50.0,,,0.0,0.0311111111125986,-0.0311111111125986,,,,,,,,,,,,,,,,,,,,,,,,,,,,,,,,,,,,,,,,,,,,,,,,,,,,,,,,,,,,,,,,,,,,,
2025-11-20 15:00:00+00:00,e1108,Level 11,50.0,Maintenance Soon,50.0,50.0,50.0,50.0,50.0,,,0.0967741935492085,0.0044444444441372,0.0923297491050713,,,,,,,,,,,,,,,,,,,,,,,,,,,,,,,,,,,,,,,,,,,,,,,,,,,,,,,,,,,,,,,,,,,,,
2025-11-20 16:00:00+00:00,e1108,Level 11,50.0,Maintenance Soon,50.0,50.0,50.0,50.0,50.0,,,0.0032258064529742,0.0586973180058218,-0.0554715115528476,,,,,,,,,,,,,,,,,,,,,,,,,,,,,,,,,,,,,,,,,,,,,,,,,,,,,,,,,,,,,,,,,,,,,
2025-11-20 17:00:00+00:00,e1108,Level 11,50.0,Maintenance Soon,50.0,50.0,50.0,50.0,50.0,,,0.0032258064493362,0.0356321839086983,-0.032406377459362,,,,,,,,,,,,,,,,,,,,,,,,,,,,,,,,,,,,,,,,,,,,,,,,,,,,,,,,,,,,,,,,,,,,,
2025-11-20 18:00:00+00:00,e1108,Level 11,50.0,Maintenance Soon,50.0,50.0,50.0,50.0,50.0,,,0.0967741935492085,0.0034482758613497,0.0933259176878588,,,,,,,,,,,,,,,,,,,,,,,,,,,,,,,,,,,,,,,,,,,,,,,,,,,,,,,,,,,,,,,,,,,,,
2025-11-20 19:00:00+00:00,e1108,Level 11,50.0,Maintenance Soon,50.0,50.0,50.0,50.0,50.0,,,0.0,0.0555555555547471,-0.0555555555547471,,,,,,,,,,,,,,,,,,,,,,,,,,,,,,,,,,,,,,,,,,,,,,,,,,,,,,,,,,,,,,,,,,,,,
2025-11-20 20:00:00+00:00,e1108,Level 11,50.0,Maintenance Soon,50.0,50.0,50.0,50.0,50.0,,,0.0133333333324117,0.0544444444458349,-0.0411111111134232,,,,,,,,,,,,,,,,,,,,,,,,,,,,,,,,,,,,,,,,,,,,,,,,,,,,,,,,,,,,,,,,,,,,,
2025-11-20 21:00:00+00:00,e1108,Level 11,50.0,Maintenance Soon,50.0,50.0,50.0,50.0,50.0,,,0.0866666666661331,0.0233333333332363,0.0633333333328967,,,,,,,,,,,,,,,,,,,,,,,,,,,,,,,,,,,,,,,,,,,,,,,,,,,,,,,,,,,,,,,,,,,,,
2025-11-20 22:00:00+00:00,e1108,Level 11,50.0,Maintenance Soon,50.0,50.0,50.0,50.0,50.0,,,0.0,0.0477777777765974,-0.0477777777765974,,,,,,,,,,,,,,,,,,,,,,,,,,,,,,,,,,,,,,,,,,,,,,,,,,,,,,,,,,,,,,,,,,,,,
2025-11-20 23:00:00+00:00,e1108,Level 11,50.0,Maintenance Soon,50.0,50.0,50.0,50.0,50.0,,,0.0,0.0688888888895841,-0.0688888888895841,,,,,,,,,,,,,,,,,,,,,,,,,,,,,,,,,,,,,,,,,,,,,,,,,,,,,,,,,,,,,,,,,,,,,
2025-11-21 00:00:00+00:00,e1108,Level 11,50.0,Maintenance Soon,50.0,50.0,50.0,50.0,50.0,,,0.0966666666681703,0.0177777777777616,0.0788888888904087,,,,,,,,,,,,,,,,,,,,,,,,,,,,,,,,,,,,,,,,,,,,,,,,,,,,,,,,,,,,,,,,,,,,,
2025-11-21 01:00:00+00:00,e1108,Level 11,50.0,Maintenance Soon,50.0,50.0,50.0,50.0,50.0,,,0.0033333333340124,0.0676984126997316,-0.0643650793657191,,,,,,,,,,,,,,,,,,,,,,,,,,,,,,,,,,,,,,,,,,,,,,,,,,,,,,,,,,,,,,,,,,,,,
2025-11-21 02:00:00+00:00,e1108,Level 11,50.0,Maintenance Soon,50.0,50.0,50.0,50.0,50.0,,,0.0,0.0478571428551125,-0.0478571428551125,,,,,,,,,,,,,,,,,,,,,,,,,,,,,,,,,,,,,,,,,,,,,,,,,,,,,,,,,,,,,,,,,,,,,
2025-11-21 03:00:00+00:00,e1108,Level 11,50.0,Maintenance Soon,50.0,50.0,50.0,50.0,50.0,,,0.0758620689630333,0.0166666666676367,0.0591954022953965,,,,,,,,,,,,,,,,,,,,,,,,,,,,,,,,,,,,,,,,,,,,,,,,,,,,,,,,,,,,,,,,,,,,,
2025-11-21 04:00:00+00:00,e1108,Level 11,50.0,Maintenance Soon,50.0,50.0,50.0,50.0,50.0,,,0.0241379310355114,0.0,0.0241379310355114,,,,,,,,,,,,,,,,,,,,,,,,,,,,,,,,,,,,,,,,,,,,,,,,,,,,,,,,,,,,,,,,,,,,,
2025-11-21 05:00:00+00:00,e1108,Level 11,50.0,Maintenance Soon,50.0,50.0,50.0,50.0,50.0,,,0.0,0.058553981937924,-0.058553981937924,,,,,,,,,,,,,,,,,,,,,,,,,,,,,,,,,,,,,,,,,,,,,,,,,,,,,,,,,,,,,,,,,,,,,
2025-11-21 06:00:00+00:00,e1108,Level 11,50.0,Maintenance Soon,50.0,50.0,50.0,50.0,50.0,,,0.0518518518510973,0.0414460180618334,0.0104058337892638,,,,,,,,,,,,,,,,,,,,,,,,,,,,,,,,,,,,,,,,,,,,,,,,,,,,,,,,,,,,,,,,,,,,,
2025-11-21 07:00:00+00:00,e1108,Level 11,50.0,Maintenance Soon,50.0,50.0,50.0,50.0,50.0,,,0.1274584929778939,0.0296296296304111,0.0978288633474828,,,,,,,,,,,,,,,,,,,,,,,,,,,,,,,,,,,,,,,,,,,,,,,,,,,,,,,,,,,,,,,,,,,,,
2025-11-21 08:00:00+00:00,e1108,Level 11,50.0,Maintenance Soon,50.0,50.0,50.0,50.0,50.0,,,0.0206896551717363,0.0160493827158158,0.0046402724559205,,,,,,,,,,,,,,,,,,,,,,,,,,,,,,,,,,,,,,,,,,,,,,,,,,,,,,,,,,,,,,,,,,,,,
2025-11-21 09:00:00+00:00,e1108,Level 11,50.0,Maintenance Soon,50.0,50.0,50.0,50.0,50.0,,,0.0074074074072996,0.1097910731259617,-0.102383665718662,,,,,,,,,,,,,,,,,,,,,,,,,,,,,,,,,,,,,,,,,,,,,,,,,,,,,,,,,,,,,,,,,,,,,
2025-11-21 10:00:00+00:00,e1108,Level 11,50.0,Maintenance Soon,50.0,50.0,50.0,50.0,50.0,,,0.0925925925912451,0.011196581194478,0.0813960113967671,,,,,,,,,,,,,,,,,,,,,,,,,,,,,,,,,,,,,,,,,,,,,,,,,,,,,,,,,,,,,,,,,,,,,
2025-11-21 11:00:00+00:00,e1108,Level 11,50.0,Maintenance Soon,50.0,50.0,50.0,50.0,50.0,,,0.0,0.0,0.0,,,,,,,,,,,,,,,,,,,,,,,,,,,,,,,,,,,,,,,,,,,,,,,,,,,,,,,,,,,,,,,,,,,,,
2025-11-21 12:00:00+00:00,e1108,Level 11,50.0,Maintenance Soon,50.0,50.0,50.0,50.0,50.0,,,0.0,0.1040223018705243,-0.1040223018705243,,,,,,,,,,,,,,,,,,,,,,,,,,,,,,,,,,,,,,,,,,,,,,,,,,,,,,,,,,,,,,,,,,,,,
2025-11-21 13:00:00+00:00,e1108,Level 11,50.0,Maintenance Soon,50.0,50.0,50.0,50.0,50.0,,,0.1533333333354676,0.0293110314620814,0.1240223018733862,,,,,,,,,,,,,,,,,,,,,,,,,,,,,,,,,,,,,,,,,,,,,,,,,,,,,,,,,,,,,,,,,,,,,
2025-11-21 14:00:00+00:00,e1108,Level 11,50.0,Maintenance Soon,50.0,50.0,50.0,50.0,50.0,,,0.0466666666652599,0.0,0.0466666666652599,,,,,,,,,,,,,,,,,,,,,,,,,,,,,,,,,,,,,,,,,,,,,,,,,,,,,,,,,,,,,,,,,,,,,
2025-11-21 15:00:00+00:00,e1108,Level 11,50.0,Maintenance Soon,50.0,50.0,50.0,50.0,50.0,,,0.0,0.0788018433183121,-0.0788018433183121,,,,,,,,,,,,,,,,,,,,,,,,,,,,,,,,,,,,,,,,,,,,,,,,,,,,,,,,,,,,,,,,,,,,,
2025-11-21 16:00:00+00:00,e1108,Level 11,50.0,Maintenance Soon,50.0,50.0,50.0,50.0,50.0,,,0.0633333333353221,0.0211981566838706,0.0421351766514514,,,,,,,,,,,,,,,,,,,,,,,,,,,,,,,,,,,,,,,,,,,,,,,,,,,,,,,,,,,,,,,,,,,,,
2025-11-21 17:00:00+00:00,e1108,Level 11,50.0,Maintenance Soon,50.0,50.0,50.0,50.0,50.0,,,0.0366666666668606,0.0010752688164454,0.0355913978504152,,,,,,,,,,,,,,,,,,,,,,,,,,,,,,,,,,,,,,,,,,,,,,,,,,,,,,,,,,,,,,,,,,,,,
2025-11-21 18:00:00+00:00,e1108,Level 11,50.0,Maintenance Soon,50.0,50.0,50.0,50.0,50.0,,,0.0,0.0693215565794768,-0.0693215565794768,,,,,,,,,,,,,,,,,,,,,,,,,,,,,,,,,,,,,,,,,,,,,,,,,,,,,,,,,,,,,,,,,,,,,
2025-11-21 19:00:00+00:00,e1108,Level 11,50.0,Maintenance Soon,50.0,50.0,50.0,50.0,50.0,,,0.0566666666672972,0.0296031746026225,0.0270634920646746,,,,,,,,,,,,,,,,,,,,,,,,,,,,,,,,,,,,,,,,,,,,,,,,,,,,,,,,,,,,,,,,,,,,,
2025-11-21 20:00:00+00:00,e1108,Level 11,50.0,Maintenance Soon,50.0,50.0,50.0,50.0,50.0,,,0.0433333333312475,0.0044444444441372,0.0388888888871103,,,,,,,,,,,,,,,,,,,,,,,,,,,,,,,,,,,,,,,,,,,,,,,,,,,,,,,,,,,,,,,,,,,,,
2025-11-21 21:00:00+00:00,e1108,Level 11,50.0,Maintenance Soon,50.0,50.0,50.0,50.0,50.0,,,0.0,0.0566666666672972,-0.0566666666672972,,,,,,,,,,,,,,,,,,,,,,,,,,,,,,,,,,,,,,,,,,,,,,,,,,,,,,,,,,,,,,,,,,,,,
2025-11-21 22:00:00+00:00,e1108,Level 11,50.0,Maintenance Soon,50.0,50.0,50.0,50.0,50.0,,,0.0677419354833546,0.0344444444441857,0.0332974910391688,,,,,,,,,,,,,,,,,,,,,,,,,,,,,,,,,,,,,,,,,,,,,,,,,,,,,,,,,,,,,,,,,,,,,
2025-11-21 23:00:00+00:00,e1108,Level 11,50.0,Maintenance Soon,50.0,50.0,50.0,50.0,50.0,,,0.0322580645151902,0.0044444444441372,0.0278136200710529,,,,,,,,,,,,,,,,,,,,,,,,,,,,,,,,,,,,,,,,,,,,,,,,,,,,,,,,,,,,,,,,,,,,,
2025-11-22 00:00:00+00:00,e1108,Level 11,50.0,Maintenance Soon,50.0,50.0,50.0,50.0,50.0,,,0.0,0.0555555555547471,-0.0555555555547471,,,,,,,,,,,,,,,,,,,,,,,,,,,,,,,,,,,,,,,,,,,,,,,,,,,,,,,,,,,,,,,,,,,,,
2025-11-22 01:00:00+00:00,e1108,Level 11,50.0,Maintenance Soon,50.0,50.0,50.0,50.0,50.0,,,0.0696969696982705,0.0352490421476735,0.034447927550597,,,,,,,,,,,,,,,,,,,,,,,,,,,,,,,,,,,,,,,,,,,,,,,,,,,,,,,,,,,,,,,,,,,,,
2025-11-22 02:00:00+00:00,e1108,Level 11,50.0,Maintenance Soon,50.0,50.0,50.0,50.0,50.0,,,0.0303030303039122,0.0091954022985495,0.0211076280053627,,,,,,,,,,,,,,,,,,,,,,,,,,,,,,,,,,,,,,,,,,,,,,,,,,,,,,,,,,,,,,,,,,,,,
2025-11-22 03:00:00+00:00,e1108,Level 11,50.0,Maintenance Soon,50.0,50.0,50.0,50.0,50.0,,,0.0,0.0448275862060351,-0.0448275862060351,,,,,,,,,,,,,,,,,,,,,,,,,,,,,,,,,,,,,,,,,,,,,,,,,,,,,,,,,,,,,,,,,,,,,
2025-11-22 04:00:00+00:00,e1108,Level 11,50.0,Maintenance Soon,50.0,50.0,50.0,50.0,50.0,,,0.0517241379311599,0.0361247947451678,0.0155993431859921,,,,,,,,,,,,,,,,,,,,,,,,,,,,,,,,,,,,,,,,,,,,,,,,,,,,,,,,,,,,,,,,,,,,,
2025-11-22 05:00:00+00:00,e1108,Level 11,50.0,Maintenance Soon,50.0,50.0,50.0,50.0,50.0,,,0.0482758620673848,0.0190476190473418,0.029228243020043,,,,,,,,,,,,,,,,,,,,,,,,,,,,,,,,,,,,,,,,,,,,,,,,,,,,,,,,,,,,,,,,,,,,,
2025-11-22 06:00:00+00:00,e1108,Level 11,50.0,Maintenance Soon,50.0,50.0,50.0,50.0,50.0,,,0.0,0.0328395061733317,-0.0328395061733317,,,,,,,,,,,,,,,,,,,,,,,,,,,,,,,,,,,,,,,,,,,,,,,,,,,,,,,,,,,,,,,,,,,,,
2025-11-22 07:00:00+00:00,e1108,Level 11,50.0,Maintenance Soon,50.0,50.0,50.0,50.0,50.0,,,0.0076923076921957,0.0614544182947914,-0.0537621106025956,,,,,,,,,,,,,,,,,,,,,,,,,,,,,,,,,,,,,,,,,,,,,,,,,,,,,,,,,,,,,,,,,,,,,
2025-11-22 08:00:00+00:00,e1108,Level 11,50.0,Maintenance Soon,50.0,50.0,50.0,50.0,50.0,,,0.092307692309987,0.0390394088669078,0.0532682834430791,,,,,,,,,,,,,,,,,,,,,,,,,,,,,,,,,,,,,,,,,,,,,,,,,,,,,,,,,,,,,,,,,,,,,
2025-11-22 09:00:00+00:00,e1108,Level 11,50.0,Maintenance Soon,50.0,50.0,50.0,50.0,50.0,,,0.0,0.0124691358020451,-0.0124691358020451,,,,,,,,,,,,,,,,,,,,,,,,,,,,,,,,,,,,,,,,,,,,,,,,,,,,,,,,,,,,,,,,,,,,,
2025-11-22 10:00:00+00:00,e1108,Level 11,50.0,Maintenance Soon,50.0,50.0,50.0,50.0,50.0,,,0.0,0.0741975308640879,-0.0741975308640879,,,,,,,,,,,,,,,,,,,,,,,,,,,,,,,,,,,,,,,,,,,,,,,,,,,,,,,,,,,,,,,,,,,,,
2025-11-22 11:00:00+00:00,e1108,Level 11,50.0,Maintenance Soon,50.0,50.0,50.0,50.0,50.0,,,0.0592592592583969,0.0323809523809662,0.0268783068774306,,,,,,,,,,,,,,,,,,,,,,,,,,,,,,,,,,,,,,,,,,,,,,,,,,,,,,,,,,,,,,,,,,,,,
2025-11-22 12:00:00+00:00,e1108,Level 11,50.0,Maintenance Soon,50.0,50.0,50.0,50.0,50.0,,,0.0407407407401478,0.0228878648231329,0.0178528759170149,,,,,,,,,,,,,,,,,,,,,,,,,,,,,,,,,,,,,,,,,,,,,,,,,,,,,,,,,,,,,,,,,,,,,
2025-11-22 13:00:00+00:00,e1108,Level 11,50.0,Maintenance Soon,50.0,50.0,50.0,50.0,50.0,,,0.0,0.0758422939070442,-0.0758422939070442,,,,,,,,,,,,,,,,,,,,,,,,,,,,,,,,,,,,,,,,,,,,,,,,,,,,,,,,,,,,,,,,,,,,,
2025-11-22 14:00:00+00:00,e1108,Level 11,50.0,Maintenance Soon,50.0,50.0,50.0,50.0,50.0,,,0.0206896551717363,0.0180246913575198,0.0026649638142165,,,,,,,,,,,,,,,,,,,,,,,,,,,,,,,,,,,,,,,,,,,,,,,,,,,,,,,,,,,,,,,,,,,,,
2025-11-22 15:00:00+00:00,e1108,Level 11,50.0,Maintenance Soon,50.0,50.0,50.0,50.0,50.0,,,0.0931034482746326,0.0331630481050524,0.0599404001695802,,,,,,,,,,,,,,,,,,,,,,,,,,,,,,,,,,,,,,,,,,,,,,,,,,,,,,,,,,,,,,,,,,,,,
2025-11-22 16:00:00+00:00,e1108,Level 11,50.0,Maintenance Soon,50.0,50.0,50.0,50.0,50.0,,,0.0862068965543585,0.069349894945238,0.0168570016091204,,,,,,,,,,,,,,,,,,,,,,,,,,,,,,,,,,,,,,,,,,,,,,,,,,,,,,,,,,,,,,,,,,,,,
2025-11-22 17:00:00+00:00,e1108,Level 11,50.0,Maintenance Soon,50.0,50.0,50.0,50.0,50.0,,,0.015625,0.0283512544810946,-0.0127262544810946,,,,,,,,,,,,,,,,,,,,,,,,,,,,,,,,,,,,,,,,,,,,,,,,,,,,,,,,,,,,,,,,,,,,,
2025-11-22 18:00:00+00:00,e1108,Level 11,50.0,Maintenance Soon,50.0,50.0,50.0,50.0,50.0,,,0.0843749999985448,0.0251111111113762,0.0592638888871685,,,,,,,,,,,,,,,,,,,,,,,,,,,,,,,,,,,,,,,,,,,,,,,,,,,,,,,,,,,,,,,,,,,,,
2025-11-22 19:00:00+00:00,e1108,Level 11,50.0,Maintenance Soon,50.0,50.0,50.0,50.0,50.0,,,0.0,0.060444444444632,-0.060444444444632,,,,,,,,,,,,,,,,,,,,,,,,,,,,,,,,,,,,,,,,,,,,,,,,,,,,,,,,,,,,,,,,,,,,,
2025-11-22 20:00:00+00:00,e1108,Level 11,50.0,Maintenance Soon,50.0,50.0,50.0,50.0,50.0,,,0.009090909090446,0.0144444444437491,-0.0053535353533031,,,,,,,,,,,,,,,,,,,,,,,,,,,,,,,,,,,,,,,,,,,,,,,,,,,,,,,,,,,,,,,,,,,,,
2025-11-22 21:00:00+00:00,e1108,Level 11,50.0,Maintenance Soon,50.0,50.0,50.0,50.0,50.0,,,0.0909090909117367,0.019540229885024,0.0713688610267127,,,,,,,,,,,,,,,,,,,,,,,,,,,,,,,,,,,,,,,,,,,,,,,,,,,,,,,,,,,,,,,,,,,,,
2025-11-22 22:00:00+00:00,e1108,Level 11,50.0,Maintenance Soon,50.0,50.0,50.0,50.0,50.0,,,0.074193548385665,0.0995921394145019,-0.0253985910288368,,,,,,,,,,,,,,,,,,,,,,,,,,,,,,,,,,,,,,,,,,,,,,,,,,,,,,,,,,,,,,,,,,,,,
2025-11-22 23:00:00+00:00,e1108,Level 11,50.0,Maintenance Soon,50.0,50.0,50.0,50.0,50.0,,,0.045161290323449,0.0142009640342924,0.0309603262891566,,,,,,,,,,,,,,,,,,,,,,,,,,,,,,,,,,,,,,,,,,,,,,,,,,,,,,,,,,,,,,,,,,,,,
2025-11-23 00:00:00+00:00,e1108,Level 11,50.0,Maintenance Soon,50.0,50.0,50.0,50.0,50.0,,,0.0806451612879755,0.0080459770118371,0.0725991842761383,,,,,,,,,,,,,,,,,,,,,,,,,,,,,,,,,,,,,,,,,,,,,,,,,,,,,,,,,,,,,,,,,,,,,
2025-11-23 01:00:00+00:00,e1108,Level 11,50.0,Maintenance Soon,50.0,50.0,50.0,50.0,50.0,,,0.0,0.0741986918983457,-0.0741986918983457,,,,,,,,,,,,,,,,,,,,,,,,,,,,,,,,,,,,,,,,,,,,,,,,,,,,,,,,,,,,,,,,,,,,,
2025-11-23 02:00:00+00:00,e1108,Level 11,50.0,Maintenance Soon,50.0,50.0,50.0,50.0,50.0,,,0.0172413793115993,0.0510886644224228,-0.0338472851108235,,,,,,,,,,,,,,,,,,,,,,,,,,,,,,,,,,,,,,,,,,,,,,,,,,,,,,,,,,,,,,,,,,,,,
2025-11-23 03:00:00+00:00,e1108,Level 11,50.0,Maintenance Soon,50.0,50.0,50.0,50.0,50.0,,,0.0827586206905834,0.0,0.0827586206905834,,,,,,,,,,,,,,,,,,,,,,,,,,,,,,,,,,,,,,,,,,,,,,,,,,,,,,,,,,,,,,,,,,,,,
2025-11-23 04:00:00+00:00,e1108,Level 11,50.0,Maintenance Soon,50.0,50.0,50.0,50.0,50.0,,,0.0,0.0658833546197759,-0.0658833546197759,,,,,,,,,,,,,,,,,,,,,,,,,,,,,,,,,,,,,,,,,,,,,,,,,,,,,,,,,,,,,,,,,,,,,
2025-11-23 05:00:00+00:00,e1108,Level 11,50.0,Maintenance Soon,50.0,50.0,50.0,50.0,50.0,,,0.0,0.0341166453811941,-0.0341166453811941,,,,,,,,,,,,,,,,,,,,,,,,,,,,,,,,,,,,,,,,,,,,,,,,,,,,,,,,,,,,,,,,,,,,,
2025-11-23 06:00:00+00:00,e1108,Level 11,50.0,Maintenance Soon,50.0,50.0,50.0,50.0,50.0,,,0.0821428571434808,-1.2126596023639042e-12,0.0821428571446934,,,,,,,,,,,,,,,,,,,,,,,,,,,,,,,,,,,,,,,,,,,,,,,,,,,,,,,,,,,,,,,,,,,,,
2025-11-23 07:00:00+00:00,e1108,Level 11,50.0,Maintenance Soon,50.0,50.0,50.0,50.0,50.0,,,0.017857142855064,0.0228205128211508,-0.0049633699660868,,,,,,,,,,,,,,,,,,,,,,,,,,,,,,,,,,,,,,,,,,,,,,,,,,,,,,,,,,,,,,,,,,,,,
2025-11-23 08:00:00+00:00,e1108,Level 11,50.0,Maintenance Soon,50.0,50.0,50.0,50.0,50.0,,,0.0,0.0771794871786066,-0.0771794871786066,,,,,,,,,,,,,,,,,,,,,,,,,,,,,,,,,,,,,,,,,,,,,,,,,,,,,,,,,,,,,,,,,,,,,
2025-11-23 09:00:00+00:00,e1108,Level 11,50.0,Maintenance Soon,50.0,50.0,50.0,50.0,50.0,,,0.0500000000029103,0.0,0.0500000000029103,,,,,,,,,,,,,,,,,,,,,,,,,,,,,,,,,,,,,,,,,,,,,,,,,,,,,,,,,,,,,,,,,,,,,
2025-11-23 10:00:00+00:00,e1108,Level 11,50.0,Maintenance Soon,50.0,50.0,50.0,50.0,50.0,,,0.0499999999992724,0.0012345679012166,0.0487654320980558,,,,,,,,,,,,,,,,,,,,,,,,,,,,,,,,,,,,,,,,,,,,,,,,,,,,,,,,,,,,,,,,,,,,,
2025-11-23 11:00:00+00:00,e1108,Level 11,50.0,Maintenance Soon,50.0,50.0,50.0,50.0,50.0,,,0.0,0.0731851851851388,-0.0731851851851388,,,,,,,,,,,,,,,,,,,,,,,,,,,,,,,,,,,,,,,,,,,,,,,,,,,,,,,,,,,,,,,,,,,,,
2025-11-23 12:00:00+00:00,e1108,Level 11,50.0,Maintenance Soon,50.0,50.0,50.0,50.0,50.0,,,0.0310344827557855,0.0255802469146146,0.0054542358411708,,,,,,,,,,,,,,,,,,,,,,,,,,,,,,,,,,,,,,,,,,,,,,,,,,,,,,,,,,,,,,,,,,,,,
2025-11-23 13:00:00+00:00,e1108,Level 11,50.0,Maintenance Soon,50.0,50.0,50.0,50.0,50.0,,,0.0689655172427592,1.2126596023639042e-12,0.0689655172415465,,,,,,,,,,,,,,,,,,,,,,,,,,,,,,,,,,,,,,,,,,,,,,,,,,,,,,,,,,,,,,,,,,,,,
2025-11-23 14:00:00+00:00,e1108,Level 11,50.0,Maintenance Soon,50.0,50.0,50.0,50.0,50.0,,,0.0,0.0394185260302037,-0.0394185260302037,,,,,,,,,,,,,,,,,,,,,,,,,,,,,,,,,,,,,,,,,,,,,,,,,,,,,,,,,,,,,,,,,,,,,
2025-11-23 15:00:00+00:00,e1108,Level 11,50.0,Maintenance Soon,50.0,50.0,50.0,50.0,50.0,,,0.0074074074072996,0.0651791751176157,-0.0577717677103161,,,,,,,,,,,,,,,,,,,,,,,,,,,,,,,,,,,,,,,,,,,,,,,,,,,,,,,,,,,,,,,,,,,,,
2025-11-23 16:00:00+00:00,e1108,Level 11,50.0,Maintenance Soon,50.0,50.0,50.0,50.0,50.0,,,0.0925925925912451,0.0287356321847861,0.063856960406459,,,,,,,,,,,,,,,,,,,,,,,,,,,,,,,,,,,,,,,,,,,,,,,,,,,,,,,,,,,,,,,,,,,,,
2025-11-23 17:00:00+00:00,e1108,Level 11,50.0,Maintenance Soon,50.0,50.0,50.0,50.0,50.0,,,0.0,0.0374663978497361,-0.0374663978497361,,,,,,,,,,,,,,,,,,,,,,,,,,,,,,,,,,,,,,,,,,,,,,,,,,,,,,,,,,,,,,,,,,,,,
2025-11-23 18:00:00+00:00,e1108,Level 11,50.0,Maintenance Soon,50.0,50.0,50.0,50.0,50.0,,,0.0,0.0494383640531547,-0.0494383640531547,,,,,,,,,,,,,,,,,,,,,,,,,,,,,,,,,,,,,,,,,,,,,,,,,,,,,,,,,,,,,,,,,,,,,
2025-11-23 19:00:00+00:00,e1108,Level 11,50.0,Maintenance Soon,50.0,50.0,50.0,50.0,50.0,,,0.0967741935492085,0.0208730158725908,0.0759011776766177,,,,,,,,,,,,,,,,,,,,,,,,,,,,,,,,,,,,,,,,,,,,,,,,,,,,,,,,,,,,,,,,,,,,,
2025-11-23 20:00:00+00:00,e1108,Level 11,50.0,Maintenance Soon,50.0,50.0,50.0,50.0,50.0,,,0.0032258064529742,0.0563636363646461,-0.0531378299116719,,,,,,,,,,,,,,,,,,,,,,,,,,,,,,,,,,,,,,,,,,,,,,,,,,,,,,,,,,,,,,,,,,,,,
2025-11-23 21:00:00+00:00,e1108,Level 11,50.0,Maintenance Soon,50.0,50.0,50.0,50.0,50.0,,,0.0,0.0445005611691158,-0.0445005611691158,,,,,,,,,,,,,,,,,,,,,,,,,,,,,,,,,,,,,,,,,,,,,,,,,,,,,,,,,,,,,,,,,,,,,
2025-11-23 22:00:00+00:00,e1108,Level 11,50.0,Maintenance Soon,50.0,50.0,50.0,50.0,50.0,,,0.0935483870962343,0.0494225408195537,0.0441258462766806,,,,,,,,,,,,,,,,,,,,,,,,,,,,,,,,,,,,,,,,,,,,,,,,,,,,,,,,,,,,,,,,,,,,,
2025-11-23 23:00:00+00:00,e1108,Level 11,50.0,Maintenance Soon,50.0,50.0,50.0,50.0,50.0,,,0.0671658986175316,0.0391916944766611,0.0279742041408705,,,,,,,,,,,,,,,,,,,,,,,,,,,,,,,,,,,,,,,,,,,,,,,,,,,,,,,,,,,,,,,,,,,,,
2025-11-24 00:00:00+00:00,e1108,Level 11,50.0,Maintenance Soon,50.0,50.0,50.0,50.0,50.0,,,0.0392857142869615,0.0638549005052482,-0.0245691862182866,,,,,,,,,,,,,,,,,,,,,,,,,,,,,,,,,,,,,,,,,,,,,,,,,,,,,,,,,,,,,,,,,,,,,
2025-11-24 01:00:00+00:00,e1108,Level 11,50.0,Maintenance Soon,50.0,50.0,50.0,50.0,50.0,,,0.0642857142847788,0.0314814814810233,0.0328042328037554,,,,,,,,,,,,,,,,,,,,,,,,,,,,,,,,,,,,,,,,,,,,,,,,,,,,,,,,,,,,,,,,,,,,,
2025-11-24 02:00:00+00:00,e1108,Level 11,50.0,Maintenance Soon,50.0,50.0,50.0,50.0,50.0,,,0.035714285713766,0.0259750466648256,0.0097392390489403,,,,,,,,,,,,,,,,,,,,,,,,,,,,,,,,,,,,,,,,,,,,,,,,,,,,,,,,,,,,,,,,,,,,,
2025-11-24 03:00:00+00:00,e1108,Level 11,50.0,Maintenance Soon,50.0,50.0,50.0,50.0,50.0,,,0.0,0.0480990274093831,-0.0480990274093831,,,,,,,,,,,,,,,,,,,,,,,,,,,,,,,,,,,,,,,,,,,,,,,,,,,,,,,,,,,,,,,,,,,,,
2025-11-24 04:00:00+00:00,e1108,Level 11,50.0,Maintenance Soon,50.0,50.0,50.0,50.0,50.0,,,0.0392857142833236,0.0,0.0392857142833236,,,,,,,,,,,,,,,,,,,,,,,,,,,,,,,,,,,,,,,,,,,,,,,,,,,,,,,,,,,,,,,,,,,,,
2025-11-24 05:00:00+00:00,e1108,Level 11,50.0,Maintenance Soon,50.0,50.0,50.0,50.0,50.0,,,0.0607142857152211,0.0122222222222868,0.0484920634929343,,,,,,,,,,,,,,,,,,,,,,,,,,,,,,,,,,,,,,,,,,,,,,,,,,,,,,,,,,,,,,,,,,,,,
2025-11-24 06:00:00+00:00,e1108,Level 11,50.0,Maintenance Soon,50.0,50.0,50.0,50.0,50.0,,,0.0,0.0484920634917216,-0.0484920634917216,,,,,,,,,,,,,,,,,,,,,,,,,,,,,,,,,,,,,,,,,,,,,,,,,,,,,,,,,,,,,,,,,,,,,
2025-11-24 07:00:00+00:00,e1108,Level 11,50.0,Maintenance Soon,50.0,50.0,50.0,50.0,50.0,,,0.0192307692304893,0.005952380951688,0.0132783882788013,,,,,,,,,,,,,,,,,,,,,,,,,,,,,,,,,,,,,,,,,,,,,,,,,,,,,,,,,,,,,,,,,,,,,
2025-11-24 08:00:00+00:00,e1108,Level 11,50.0,Maintenance Soon,50.0,50.0,50.0,50.0,50.0,,,0.1807692307702382,0.0045977011492747,0.1761715296209634,,,,,,,,,,,,,,,,,,,,,,,,,,,,,,,,,,,,,,,,,,,,,,,,,,,,,,,,,,,,,,,,,,,,,
2025-11-24 09:00:00+00:00,e1108,Level 11,50.0,Maintenance Soon,50.0,50.0,50.0,50.0,50.0,,,0.0,0.0454022988524229,-0.0454022988524229,,,,,,,,,,,,,,,,,,,,,,,,,,,,,,,,,,,,,,,,,,,,,,,,,,,,,,,,,,,,,,,,,,,,,
2025-11-24 10:00:00+00:00,e1108,Level 11,50.0,Maintenance Soon,50.0,50.0,50.0,50.0,50.0,,,0.0416666666642413,0.0166666666664241,0.0249999999978172,,,,,,,,,,,,,,,,,,,,,,,,,,,,,,,,,,,,,,,,,,,,,,,,,,,,,,,,,,,,,,,,,,,,,
2025-11-24 11:00:00+00:00,e1108,Level 11,50.0,Maintenance Soon,50.0,50.0,50.0,50.0,50.0,,,0.0583333333379414,0.0,0.0583333333379414,,,,,,,,,,,,,,,,,,,,,,,,,,,,,,,,,,,,,,,,,,,,,,,,,,,,,,,,,,,,,,,,,,,,,
2025-11-24 12:00:00+00:00,e1108,Level 11,50.0,Maintenance Soon,50.0,50.0,50.0,50.0,50.0,,,0.0,0.0375053214120271,-0.0375053214120271,,,,,,,,,,,,,,,,,,,,,,,,,,,,,,,,,,,,,,,,,,,,,,,,,,,,,,,,,,,,,,,,,,,,,
2025-11-24 13:00:00+00:00,e1108,Level 11,50.0,Maintenance Soon,50.0,50.0,50.0,50.0,50.0,,,0.0,0.0291613452536694,-0.0291613452536694,,,,,,,,,,,,,,,,,,,,,,,,,,,,,,,,,,,,,,,,,,,,,,,,,,,,,,,,,,,,,,,,,,,,,
2025-11-24 14:00:00+00:00,e1108,Level 11,50.0,Maintenance Soon,50.0,50.0,50.0,50.0,50.0,,,0.0964285714289872,0.0,0.0964285714289872,,,,,,,,,,,,,,,,,,,,,,,,,,,,,,,,,,,,,,,,,,,,,,,,,,,,,,,,,,,,,,,,,,,,,
2025-11-24 15:00:00+00:00,e1108,Level 11,50.0,Maintenance Soon,50.0,50.0,50.0,50.0,50.0,,,0.0035714285695576,0.0179453262777921,-0.0143738977082345,,,,,,,,,,,,,,,,,,,,,,,,,,,,,,,,,,,,,,,,,,,,,,,,,,,,,,,,,,,,,,,,,,,,,
2025-11-24 16:00:00+00:00,e1108,Level 11,50.0,Maintenance Soon,50.0,50.0,50.0,50.0,50.0,,,0.0,0.048721340389117,-0.048721340389117,,,,,,,,,,,,,,,,,,,,,,,,,,,,,,,,,,,,,,,,,,,,,,,,,,,,,,,,,,,,,,,,,,,,,
2025-11-24 17:00:00+00:00,e1108,Level 11,50.0,Maintenance Soon,50.0,50.0,50.0,50.0,50.0,,,0.0733333333300834,0.0,0.0733333333300834,,,,,,,,,,,,,,,,,,,,,,,,,,,,,,,,,,,,,,,,,,,,,,,,,,,,,,,,,,,,,,,,,,,,,
2025-11-24 18:00:00+00:00,e1108,Level 11,50.0,Maintenance Soon,50.0,50.0,50.0,50.0,50.0,,,0.0266666666684614,0.0139784946234916,0.0126881720449697,,,,,,,,,,,,,,,,,,,,,,,,,,,,,,,,,,,,,,,,,,,,,,,,,,,,,,,,,,,,,,,,,,,,,
2025-11-24 19:00:00+00:00,e1108,Level 11,50.0,Maintenance Soon,50.0,50.0,50.0,50.0,50.0,,,0.0,0.0516129032257595,-0.0516129032257595,,,,,,,,,,,,,,,,,,,,,,,,,,,,,,,,,,,,,,,,,,,,,,,,,,,,,,,,,,,,,,,,,,,,,
2025-11-24 20:00:00+00:00,e1108,Level 11,50.0,Maintenance Soon,50.0,50.0,50.0,50.0,50.0,,,0.0709677419399668,0.001075268817658,0.0698924731223087,,,,,,,,,,,,,,,,,,,,,,,,,,,,,,,,,,,,,,,,,,,,,,,,,,,,,,,,,,,,,,,,,,,,,
2025-11-24 21:00:00+00:00,e1108,Level 11,50.0,Maintenance Soon,50.0,50.0,50.0,50.0,50.0,,,0.0290322580622159,0.0155555555562993,0.0134767025059166,,,,,,,,,,,,,,,,,,,,,,,,,,,,,,,,,,,,,,,,,,,,,,,,,,,,,,,,,,,,,,,,,,,,,
2025-11-24 22:00:00+00:00,e1108,Level 11,50.0,Maintenance Soon,50.0,50.0,50.0,50.0,50.0,,,0.0,0.0489605734752937,-0.0489605734752937,,,,,,,,,,,,,,,,,,,,,,,,,,,,,,,,,,,,,,,,,,,,,,,,,,,,,,,,,,,,,,,,,,,,,
2025-11-24 23:00:00+00:00,e1108,Level 11,50.0,Maintenance Soon,50.0,50.0,50.0,50.0,50.0,,,0.05357142856883,0.0223886328725105,0.0311827956963194,,,,,,,,,,,,,,,,,,,,,,,,,,,,,,,,,,,,,,,,,,,,,,,,,,,,,,,,,,,,,,,,,,,,,
2025-11-25 00:00:00+00:00,e1108,Level 11,50.0,Maintenance Soon,50.0,50.0,50.0,50.0,50.0,,,0.0464285714297147,0.0253174603179407,0.021111111111774,,,,,,,,,,,,,,,,,,,,,,,,,,,,,,,,,,,,,,,,,,,,,,,,,,,,,,,,,,,,,,,,,,,,,
2025-11-25 01:00:00+00:00,e1108,Level 11,50.0,Maintenance Soon,50.0,50.0,50.0,50.0,50.0,,,0.0,0.0425396825400336,-0.0425396825400336,,,,,,,,,,,,,,,,,,,,,,,,,,,,,,,,,,,,,,,,,,,,,,,,,,,,,,,,,,,,,,,,,,,,,
2025-11-25 02:00:00+00:00,e1108,Level 11,50.0,Maintenance Soon,50.0,50.0,50.0,50.0,50.0,,,0.0300000000024738,0.4452380952376795,-0.4152380952352056,,,,,,,,,,,,,,,,,,,,,,,,,,,,,,,,,,,,,,,,,,,,,,,,,,,,,,,,,,,,,,,,,,,,,
2025-11-25 03:00:00+00:00,e1108,Level 11,50.0,Maintenance Soon,50.0,50.0,50.0,50.0,50.0,,,0.0699999999997089,0.0047619047618354,0.0652380952378735,,,,,,,,,,,,,,,,,,,,,,,,,,,,,,,,,,,,,,,,,,,,,,,,,,,,,,,,,,,,,,,,,,,,,
2025-11-25 04:00:00+00:00,e1108,Level 11,50.0,Maintenance Soon,50.0,50.0,50.0,50.0,50.0,,,0.0,0.041666666665454,-0.041666666665454,,,,,,,,,,,,,,,,,,,,,,,,,,,,,,,,,,,,,,,,,,,,,,,,,,,,,,,,,,,,,,,,,,,,,
2025-11-25 05:00:00+00:00,e1108,Level 11,50.0,Maintenance Soon,50.0,50.0,50.0,50.0,50.0,,,0.0066666666680248,0.0455254515606308,-0.038858784892606,,,,,,,,,,,,,,,,,,,,,,,,,,,,,,,,,,,,,,,,,,,,,,,,,,,,,,,,,,,,,,,,,,,,,
2025-11-25 06:00:00+00:00,e1108,Level 11,50.0,Maintenance Soon,50.0,50.0,50.0,50.0,50.0,,,0.1312643678138556,0.0080459770106244,0.1232183908032311,,,,,,,,,,,,,,,,,,,,,,,,,,,,,,,,,,,,,,,,,,,,,,,,,,,,,,,,,,,,,,,,,,,,,
2025-11-25 07:00:00+00:00,e1108,Level 11,50.0,Maintenance Soon,50.0,50.0,50.0,50.0,50.0,,,0.0620689655152091,0.0576007326017133,0.0044682329134957,,,,,,,,,,,,,,,,,,,,,,,,,,,,,,,,,,,,,,,,,,,,,,,,,,,,,,,,,,,,,,,,,,,,,
2025-11-25 08:00:00+00:00,e1108,Level 11,50.0,Maintenance Soon,50.0,50.0,50.0,50.0,50.0,,,0.0,0.0942511192515667,-0.0942511192515667,,,,,,,,,,,,,,,,,,,,,,,,,,,,,,,,,,,,,,,,,,,,,,,,,,,,,,,,,,,,,,,,,,,,,
2025-11-25 09:00:00+00:00,e1108,Level 11,50.0,Maintenance Soon,50.0,50.0,50.0,50.0,50.0,,,0.0679999999993015,0.0148148148145992,0.0531851851847022,,,,,,,,,,,,,,,,,,,,,,,,,,,,,,,,,,,,,,,,,,,,,,,,,,,,,,,,,,,,,,,,,,,,,
2025-11-25 10:00:00+00:00,e1108,Level 11,50.0,Maintenance Soon,50.0,50.0,50.0,50.0,50.0,,,0.0320000000028812,0.0138888888880804,0.0181111111148008,,,,,,,,,,,,,,,,,,,,,,,,,,,,,,,,,,,,,,,,,,,,,,,,,,,,,,,,,,,,,,,,,,,,,
2025-11-25 11:00:00+00:00,e1108,Level 11,50.0,Maintenance Soon,50.0,50.0,50.0,50.0,50.0,,,0.0,0.1241358024708461,-0.1241358024708461,,,,,,,,,,,,,,,,,,,,,,,,,,,,,,,,,,,,,,,,,,,,,,,,,,,,,,,,,,,,,,,,,,,,,
2025-11-25 12:00:00+00:00,e1108,Level 11,50.0,Maintenance Soon,50.0,50.0,50.0,50.0,50.0,,,0.0322580645151902,0.0286419753089527,0.0036160892062374,,,,,,,,,,,,,,,,,,,,,,,,,,,,,,,,,,,,,,,,,,,,,,,,,,,,,,,,,,,,,,,,,,,,,
2025-11-25 13:00:00+00:00,e1108,Level 11,50.0,Maintenance Soon,50.0,50.0,50.0,50.0,50.0,,,0.0677419354833546,0.0,0.0677419354833546,,,,,,,,,,,,,,,,,,,,,,,,,,,,,,,,,,,,,,,,,,,,,,,,,,,,,,,,,,,,,,,,,,,,,
2025-11-25 14:00:00+00:00,e1108,Level 11,50.0,Maintenance Soon,50.0,50.0,50.0,50.0,50.0,,,0.0,0.0705555555565903,-0.0705555555565903,,,,,,,,,,,,,,,,,,,,,,,,,,,,,,,,,,,,,,,,,,,,,,,,,,,,,,,,,,,,,,,,,,,,,
2025-11-25 15:00:00+00:00,e1108,Level 11,50.0,Maintenance Soon,50.0,50.0,50.0,50.0,50.0,,,0.1258064516150625,0.0627777777760153,0.0630286738390471,,,,,,,,,,,,,,,,,,,,,,,,,,,,,,,,,,,,,,,,,,,,,,,,,,,,,,,,,,,,,,,,,,,,,
2025-11-25 16:00:00+00:00,e1108,Level 11,50.0,Maintenance Soon,50.0,50.0,50.0,50.0,50.0,,,0.074193548385665,0.0,0.074193548385665,,,,,,,,,,,,,,,,,,,,,,,,,,,,,,,,,,,,,,,,,,,,,,,,,,,,,,,,,,,,,,,,,,,,,
2025-11-25 17:00:00+00:00,e1108,Level 11,50.0,Maintenance Soon,50.0,50.0,50.0,50.0,50.0,,,0.0,0.0506130268186097,-0.0506130268186097,,,,,,,,,,,,,,,,,,,,,,,,,,,,,,,,,,,,,,,,,,,,,,,,,,,,,,,,,,,,,,,,,,,,,
2025-11-25 18:00:00+00:00,e1108,Level 11,50.0,Maintenance Soon,50.0,50.0,50.0,50.0,50.0,,,0.0548387096750957,0.0493869731811476,0.005451736493948,,,,,,,,,,,,,,,,,,,,,,,,,,,,,,,,,,,,,,,,,,,,,,,,,,,,,,,,,,,,,,,,,,,,,
2025-11-25 19:00:00+00:00,e1108,Level 11,50.0,Maintenance Soon,50.0,50.0,50.0,50.0,50.0,,,0.045161290323449,0.0,0.045161290323449,,,,,,,,,,,,,,,,,,,,,,,,,,,,,,,,,,,,,,,,,,,,,,,,,,,,,,,,,,,,,,,,,,,,,
2025-11-25 20:00:00+00:00,e1108,Level 11,50.0,Maintenance Soon,50.0,50.0,50.0,50.0,50.0,,,0.0,0.0447670250905503,-0.0447670250905503,,,,,,,,,,,,,,,,,,,,,,,,,,,,,,,,,,,,,,,,,,,,,,,,,,,,,,,,,,,,,,,,,,,,,
2025-11-25 21:00:00+00:00,e1108,Level 11,50.0,Maintenance Soon,50.0,50.0,50.0,50.0,50.0,,,0.0566666666672972,0.0552329749104198,0.0014336917568774,,,,,,,,,,,,,,,,,,,,,,,,,,,,,,,,,,,,,,,,,,,,,,,,,,,,,,,,,,,,,,,,,,,,,
2025-11-25 22:00:00+00:00,e1108,Level 11,50.0,Maintenance Soon,50.0,50.0,50.0,50.0,50.0,,,0.0433333333348855,0.0,0.0433333333348855,,,,,,,,,,,,,,,,,,,,,,,,,,,,,,,,,,,,,,,,,,,,,,,,,,,,,,,,,,,,,,,,,,,,,
2025-11-25 23:00:00+00:00,e1108,Level 11,50.0,Maintenance Soon,50.0,50.0,50.0,50.0,50.0,,,0.0,0.0327996715908132,-0.0327996715908132,,,,,,,,,,,,,,,,,,,,,,,,,,,,,,,,,,,,,,,,,,,,,,,,,,,,,,,,,,,,,,,,,,,,,
2025-11-26 00:00:00+00:00,e1108,Level 11,50.0,Maintenance Soon,50.0,50.0,50.0,50.0,50.0,,,0.0448275862036098,0.0672003284077315,-0.0223727422041217,,,,,,,,,,,,,,,,,,,,,,,,,,,,,,,,,,,,,,,,,,,,,,,,,,,,,,,,,,,,,,,,,,,,,
2025-11-26 01:00:00+00:00,e1108,Level 11,50.0,Maintenance Soon,50.0,50.0,50.0,50.0,50.0,,,0.0551724137949349,0.0,0.0551724137949349,,,,,,,,,,,,,,,,,,,,,,,,,,,,,,,,,,,,,,,,,,,,,,,,,,,,,,,,,,,,,,,,,,,,,
2025-11-26 02:00:00+00:00,e1108,Level 11,50.0,Maintenance Soon,50.0,50.0,50.0,50.0,50.0,,,0.0,0.0100000000008246,-0.0100000000008246,,,,,,,,,,,,,,,,,,,,,,,,,,,,,,,,,,,,,,,,,,,,,,,,,,,,,,,,,,,,,,,,,,,,,
2025-11-26 03:00:00+00:00,e1108,Level 11,50.0,Maintenance Soon,50.0,50.0,50.0,50.0,50.0,,,0.0103448275876871,0.0822222222232085,-0.0718773946355213,,,,,,,,,,,,,,,,,,,,,,,,,,,,,,,,,,,,,,,,,,,,,,,,,,,,,,,,,,,,,,,,,,,,,
2025-11-26 04:00:00+00:00,e1108,Level 11,50.0,Maintenance Soon,50.0,50.0,50.0,50.0,50.0,,,0.0896551724144956,0.007777777776937,0.0818773946375586,,,,,,,,,,,,,,,,,,,,,,,,,,,,,,,,,,,,,,,,,,,,,,,,,,,,,,,,,,,,,,,,,,,,,
2025-11-26 05:00:00+00:00,e1108,Level 11,50.0,Maintenance Soon,50.0,50.0,50.0,50.0,50.0,,,0.0,0.0022222222226749,-0.0022222222226749,,,,,,,,,,,,,,,,,,,,,,,,,,,,,,,,,,,,,,,,,,,,,,,,,,,,,,,,,,,,,,,,,,,,,
2025-11-26 06:00:00+00:00,e1108,Level 11,50.0,Maintenance Soon,50.0,50.0,50.0,50.0,50.0,,,0.0,0.0725346301211781,-0.0725346301211781,,,,,,,,,,,,,,,,,,,,,,,,,,,,,,,,,,,,,,,,,,,,,,,,,,,,,,,,,,,,,,,,,,,,,
2025-11-26 07:00:00+00:00,e1108,Level 11,50.0,Maintenance Soon,50.0,50.0,50.0,50.0,50.0,,,0.0730769230758596,0.0585764809875399,0.0145004420883196,,,,,,,,,,,,,,,,,,,,,,,,,,,,,,,,,,,,,,,,,,,,,,,,,,,,,,,,,,,,,,,,,,,,,
2025-11-26 08:00:00+00:00,e1108,Level 11,50.0,Maintenance Soon,50.0,50.0,50.0,50.0,50.0,,,0.0269230769226851,1.2126596023639042e-12,0.0269230769214724,,,,,,,,,,,,,,,,,,,,,,,,,,,,,,,,,,,,,,,,,,,,,,,,,,,,,,,,,,,,,,,,,,,,,
2025-11-26 09:00:00+00:00,e1108,Level 11,50.0,Maintenance Soon,50.0,50.0,50.0,50.0,50.0,,,0.0,0.0304444444433708,-0.0304444444433708,,,,,,,,,,,,,,,,,,,,,,,,,,,,,,,,,,,,,,,,,,,,,,,,,,,,,,,,,,,,,,,,,,,,,
2025-11-26 10:00:00+00:00,e1108,Level 11,50.0,Maintenance Soon,50.0,50.0,50.0,50.0,50.0,,,0.0038461538460978,0.0541709401719951,-0.0503247863258972,,,,,,,,,,,,,,,,,,,,,,,,,,,,,,,,,,,,,,,,,,,,,,,,,,,,,,,,,,,,,,,,,,,,,
2025-11-26 11:00:00+00:00,e1108,Level 11,50.0,Maintenance Soon,50.0,50.0,50.0,50.0,50.0,,,0.0961538461524469,0.0153846153856041,0.0807692307668427,,,,,,,,,,,,,,,,,,,,,,,,,,,,,,,,,,,,,,,,,,,,,,,,,,,,,,,,,,,,,,,,,,,,,
2025-11-26 12:00:00+00:00,e1108,Level 11,50.0,Maintenance Soon,50.0,50.0,50.0,50.0,50.0,,,0.0,0.0172043010752531,-0.0172043010752531,,,,,,,,,,,,,,,,,,,,,,,,,,,,,,,,,,,,,,,,,,,,,,,,,,,,,,,,,,,,,,,,,,,,,
2025-11-26 13:00:00+00:00,e1108,Level 11,50.0,Maintenance Soon,50.0,50.0,50.0,50.0,50.0,,,0.0,0.0530337941624263,-0.0530337941624263,,,,,,,,,,,,,,,,,,,,,,,,,,,,,,,,,,,,,,,,,,,,,,,,,,,,,,,,,,,,,,,,,,,,,
2025-11-26 14:00:00+00:00,e1108,Level 11,50.0,Maintenance Soon,50.0,50.0,50.0,50.0,50.0,,,0.0838709677409497,0.029761904762078,0.0541090629788717,,,,,,,,,,,,,,,,,,,,,,,,,,,,,,,,,,,,,,,,,,,,,,,,,,,,,,,,,,,,,,,,,,,,,
2025-11-26 15:00:00+00:00,e1108,Level 11,50.0,Maintenance Soon,50.0,50.0,50.0,50.0,50.0,,,0.1161290322597778,0.0441577060943624,0.0719713261654154,,,,,,,,,,,,,,,,,,,,,,,,,,,,,,,,,,,,,,,,,,,,,,,,,,,,,,,,,,,,,,,,,,,,,
2025-11-26 16:00:00+00:00,e1108,Level 11,50.0,Maintenance Soon,50.0,50.0,50.0,50.0,50.0,,,0.0,0.055842293905395,-0.055842293905395,,,,,,,,,,,,,,,,,,,,,,,,,,,,,,,,,,,,,,,,,,,,,,,,,,,,,,,,,,,,,,,,,,,,,
2025-11-26 17:00:00+00:00,e1108,Level 11,50.0,Maintenance Soon,50.0,50.0,50.0,50.0,50.0,,,0.0818181818212906,0.0229885057475864,0.0588296760737042,,,,,,,,,,,,,,,,,,,,,,,,,,,,,,,,,,,,,,,,,,,,,,,,,,,,,,,,,,,,,,,,,,,,,
2025-11-26 18:00:00+00:00,e1108,Level 11,50.0,Maintenance Soon,50.0,50.0,50.0,50.0,50.0,,,0.0181818181808921,0.0286243974769604,-0.0104425792960682,,,,,,,,,,,,,,,,,,,,,,,,,,,,,,,,,,,,,,,,,,,,,,,,,,,,,,,,,,,,,,,,,,,,,
2025-11-26 19:00:00+00:00,e1108,Level 11,50.0,Maintenance Soon,50.0,50.0,50.0,50.0,50.0,,,0.0,0.0483870967739979,-0.0483870967739979,,,,,,,,,,,,,,,,,,,,,,,,,,,,,,,,,,,,,,,,,,,,,,,,,,,,,,,,,,,,,,,,,,,,,
2025-11-26 20:00:00+00:00,e1108,Level 11,50.0,Maintenance Soon,50.0,50.0,50.0,50.0,50.0,,,0.0911764705851965,0.0693548387110543,0.0218216318741421,,,,,,,,,,,,,,,,,,,,,,,,,,,,,,,,,,,,,,,,,,,,,,,,,,,,,,,,,,,,,,,,,,,,,
2025-11-26 21:00:00+00:00,e1108,Level 11,50.0,Maintenance Soon,50.0,50.0,50.0,50.0,50.0,,,0.0088235294133482,0.0495340501790148,-0.0407105207656665,,,,,,,,,,,,,,,,,,,,,,,,,,,,,,,,,,,,,,,,,,,,,,,,,,,,,,,,,,,,,,,,,,,,,
2025-11-26 22:00:00+00:00,e1108,Level 11,50.0,Maintenance Soon,50.0,50.0,50.0,50.0,50.0,,,0.0470588235293689,0.0487455197120046,-0.0016866961826356,,,,,,,,,,,,,,,,,,,,,,,,,,,,,,,,,,,,,,,,,,,,,,,,,,,,,,,,,,,,,,,,,,,,,
2025-11-26 23:00:00+00:00,e1108,Level 11,50.0,Maintenance Soon,50.0,50.0,50.0,50.0,50.0,,,0.1529411764713586,0.0568100358432275,0.0961311406281311,,,,,,,,,,,,,,,,,,,,,,,,,,,,,,,,,,,,,,,,,,,,,,,,,,,,,,,,,,,,,,,,,,,,,
2025-11-27 00:00:00+00:00,e1108,Level 11,50.0,Maintenance Soon,50.0,50.0,50.0,50.0,50.0,,,0.0,0.0249425287353612,-0.0249425287353612,,,,,,,,,,,,,,,,,,,,,,,,,,,,,,,,,,,,,,,,,,,,,,,,,,,,,,,,,,,,,,,,,,,,,
2025-11-27 01:00:00+00:00,e1108,Level 11,50.0,Maintenance Soon,50.0,50.0,50.0,50.0,50.0,,,0.0,0.0706130268214716,-0.0706130268214716,,,,,,,,,,,,,,,,,,,,,,,,,,,,,,,,,,,,,,,,,,,,,,,,,,,,,,,,,,,,,,,,,,,,,
2025-11-27 02:00:00+00:00,e1108,Level 11,50.0,Maintenance Soon,50.0,50.0,50.0,50.0,50.0,,,0.0999999999985448,0.0305747126427983,0.0694252873557464,,,,,,,,,,,,,,,,,,,,,,,,,,,,,,,,,,,,,,,,,,,,,,,,,,,,,,,,,,,,,,,,,,,,,
2025-11-27 03:00:00+00:00,e1108,Level 11,50.0,Maintenance Soon,50.0,50.0,50.0,50.0,50.0,,,0.0,0.019540229885024,-0.019540229885024,,,,,,,,,,,,,,,,,,,,,,,,,,,,,,,,,,,,,,,,,,,,,,,,,,,,,,,,,,,,,,,,,,,,,
2025-11-27 04:00:00+00:00,e1108,Level 11,50.0,Maintenance Soon,50.0,50.0,50.0,50.0,50.0,,,0.0,0.0298850574714985,-0.0298850574714985,,,,,,,,,,,,,,,,,,,,,,,,,,,,,,,,,,,,,,,,,,,,,,,,,,,,,,,,,,,,,,,,,,,,,
2025-11-27 05:00:00+00:00,e1108,Level 11,50.0,Maintenance Soon,50.0,50.0,50.0,50.0,50.0,,,0.0592592592620349,0.0293987621577495,0.0298604971042853,,,,,,,,,,,,,,,,,,,,,,,,,,,,,,,,,,,,,,,,,,,,,,,,,,,,,,,,,,,,,,,,,,,,,
2025-11-27 06:00:00+00:00,e1108,Level 11,50.0,Maintenance Soon,50.0,50.0,50.0,50.0,50.0,,,0.0407407407401478,0.0372679045091596,0.0034728362309882,,,,,,,,,,,,,,,,,,,,,,,,,,,,,,,,,,,,,,,,,,,,,,,,,,,,,,,,,,,,,,,,,,,,,
2025-11-27 07:00:00+00:00,e1108,Level 11,50.0,Maintenance Soon,50.0,50.0,50.0,50.0,50.0,,,0.0,0.0243589743598325,-0.0243589743598325,,,,,,,,,,,,,,,,,,,,,,,,,,,,,,,,,,,,,,,,,,,,,,,,,,,,,,,,,,,,,,,,,,,,,
2025-11-27 08:00:00+00:00,e1108,Level 11,50.0,Maintenance Soon,50.0,50.0,50.0,50.0,50.0,,,0.0,0.0139126305778821,-0.0139126305778821,,,,,,,,,,,,,,,,,,,,,,,,,,,,,,,,,,,,,,,,,,,,,,,,,,,,,,,,,,,,,,,,,,,,,
2025-11-27 09:00:00+00:00,e1108,Level 11,50.0,Maintenance Soon,50.0,50.0,50.0,50.0,50.0,,,0.0961538461524469,0.0533950617282243,0.0427587844242225,,,,,,,,,,,,,,,,,,,,,,,,,,,,,,,,,,,,,,,,,,,,,,,,,,,,,,,,,,,,,,,,,,,,,
2025-11-27 10:00:00+00:00,e1108,Level 11,50.0,Maintenance Soon,50.0,50.0,50.0,50.0,50.0,,,0.0038461538460978,0.009615384615851,-0.0057692307697531,,,,,,,,,,,,,,,,,,,,,,,,,,,,,,,,,,,,,,,,,,,,,,,,,,,,,,,,,,,,,,,,,,,,,
2025-11-27 11:00:00+00:00,e1108,Level 11,50.0,Maintenance Soon,50.0,50.0,50.0,50.0,50.0,,,0.0,0.0320512820508156,-0.0320512820508156,,,,,,,,,,,,,,,,,,,,,,,,,,,,,,,,,,,,,,,,,,,,,,,,,,,,,,,,,,,,,,,,,,,,,
2025-11-27 12:00:00+00:00,e1108,Level 11,50.0,Maintenance Soon,50.0,50.0,50.0,50.0,50.0,,,0.0461538461531745,0.0395061728389312,0.0066476733142432,,,,,,,,,,,,,,,,,,,,,,,,,,,,,,,,,,,,,,,,,,,,,,,,,,,,,,,,,,,,,,,,,,,,,
2025-11-27 13:00:00+00:00,e1108,Level 11,50.0,Maintenance Soon,50.0,50.0,50.0,50.0,50.0,,,0.0538461538453702,0.0271604938279779,0.0266856600173923,,,,,,,,,,,,,,,,,,,,,,,,,,,,,,,,,,,,,,,,,,,,,,,,,,,,,,,,,,,,,,,,,,,,,
2025-11-27 14:00:00+00:00,e1108,Level 11,50.0,Maintenance Soon,50.0,50.0,50.0,50.0,50.0,,,0.0,0.0279569892469832,-0.0279569892469832,,,,,,,,,,,,,,,,,,,,,,,,,,,,,,,,,,,,,,,,,,,,,,,,,,,,,,,,,,,,,,,,,,,,,
2025-11-27 15:00:00+00:00,e1108,Level 11,50.0,Maintenance Soon,50.0,50.0,50.0,50.0,50.0,,,0.0192307692304893,0.0709677419363288,-0.0517369727058394,,,,,,,,,,,,,,,,,,,,,,,,,,,,,,,,,,,,,,,,,,,,,,,,,,,,,,,,,,,,,,,,,,,,,
2025-11-27 16:00:00+00:00,e1108,Level 11,50.0,Maintenance Soon,50.0,50.0,50.0,50.0,50.0,,,0.0807692307716934,0.0286614757133065,0.0521077550583868,,,,,,,,,,,,,,,,,,,,,,,,,,,,,,,,,,,,,,,,,,,,,,,,,,,,,,,,,,,,,,,,,,,,,
2025-11-27 17:00:00+00:00,e1108,Level 11,50.0,Maintenance Soon,50.0,50.0,50.0,50.0,50.0,,,0.0,0.0340951225274087,-0.0340951225274087,,,,,,,,,,,,,,,,,,,,,,,,,,,,,,,,,,,,,,,,,,,,,,,,,,,,,,,,,,,,,,,,,,,,,
2025-11-27 18:00:00+00:00,e1108,Level 11,50.0,Maintenance Soon,50.0,50.0,50.0,50.0,50.0,,,0.0,0.0383186705767002,-0.0383186705767002,,,,,,,,,,,,,,,,,,,,,,,,,,,,,,,,,,,,,,,,,,,,,,,,,,,,,,,,,,,,,,,,,,,,,
2025-11-27 19:00:00+00:00,e1108,Level 11,50.0,Maintenance Soon,50.0,50.0,50.0,50.0,50.0,,,0.0933333333305199,0.0222222222218988,0.0711111111086211,,,,,,,,,,,,,,,,,,,,,,,,,,,,,,,,,,,,,,,,,,,,,,,,,,,,,,,,,,,,,,,,,,,,,
2025-11-27 20:00:00+00:00,e1108,Level 11,50.0,Maintenance Soon,50.0,50.0,50.0,50.0,50.0,,,0.0066666666680248,0.0459477124168188,-0.0392810457487939,,,,,,,,,,,,,,,,,,,,,,,,,,,,,,,,,,,,,,,,,,,,,,,,,,,,,,,,,,,,,,,,,,,,,
2025-11-27 21:00:00+00:00,e1108,Level 11,50.0,Maintenance Soon,50.0,50.0,50.0,50.0,50.0,,,0.0,0.0318300653598271,-0.0318300653598271,,,,,,,,,,,,,,,,,,,,,,,,,,,,,,,,,,,,,,,,,,,,,,,,,,,,,,,,,,,,,,,,,,,,,
2025-11-27 22:00:00+00:00,e1108,Level 11,50.0,Maintenance Soon,50.0,50.0,50.0,50.0,50.0,,,0.0964285714289872,0.0334640522875512,0.0629645191414359,,,,,,,,,,,,,,,,,,,,,,,,,,,,,,,,,,,,,,,,,,,,,,,,,,,,,,,,,,,,,,,,,,,,,
2025-11-27 23:00:00+00:00,e1108,Level 11,50.0,Maintenance Soon,50.0,50.0,50.0,50.0,50.0,,,0.1035714285717404,0.0665359477134188,0.0370354808583215,,,,,,,,,,,,,,,,,,,,,,,,,,,,,,,,,,,,,,,,,,,,,,,,,,,,,,,,,,,,,,,,,,,,,
2025-11-28 00:00:00+00:00,e1108,Level 11,50.0,Maintenance Soon,50.0,50.0,50.0,50.0,50.0,,,0.0,0.0322222222227234,-0.0322222222227234,,,,,,,,,,,,,,,,,,,,,,,,,,,,,,,,,,,,,,,,,,,,,,,,,,,,,,,,,,,,,,,,,,,,,
2025-11-28 01:00:00+00:00,e1108,Level 11,50.0,Maintenance Soon,50.0,50.0,50.0,50.0,50.0,,,0.0703703703729843,0.016587301587909,0.0537830687850752,,,,,,,,,,,,,,,,,,,,,,,,,,,,,,,,,,,,,,,,,,,,,,,,,,,,,,,,,,,,,,,,,,,,,
2025-11-28 02:00:00+00:00,e1108,Level 11,50.0,Maintenance Soon,50.0,50.0,50.0,50.0,50.0,,,0.0296296296255604,0.0511904761891249,-0.0215608465635644,,,,,,,,,,,,,,,,,,,,,,,,,,,,,,,,,,,,,,,,,,,,,,,,,,,,,,,,,,,,,,,,,,,,,
2025-11-28 03:00:00+00:00,e1108,Level 11,50.0,Maintenance Soon,50.0,50.0,50.0,50.0,50.0,,,0.0,0.0252873563210111,-0.0252873563210111,,,,,,,,,,,,,,,,,,,,,,,,,,,,,,,,,,,,,,,,,,,,,,,,,,,,,,,,,,,,,,,,,,,,,
2025-11-28 04:00:00+00:00,e1108,Level 11,50.0,Maintenance Soon,50.0,50.0,50.0,50.0,50.0,,,0.0115384615419316,0.0080459770118371,0.0034924845300944,,,,,,,,,,,,,,,,,,,,,,,,,,,,,,,,,,,,,,,,,,,,,,,,,,,,,,,,,,,,,,,,,,,,,
2025-11-28 05:00:00+00:00,e1108,Level 11,50.0,Maintenance Soon,50.0,50.0,50.0,50.0,50.0,,,0.0884615384602511,0.0459435626107733,0.0425179758494778,,,,,,,,,,,,,,,,,,,,,,,,,,,,,,,,,,,,,,,,,,,,,,,,,,,,,,,,,,,,,,,,,,,,,
2025-11-28 06:00:00+00:00,e1108,Level 11,50.0,Maintenance Soon,50.0,50.0,50.0,50.0,50.0,,,3.637978807091713e-12,0.0380070546743809,-0.0380070546707429,,,,,,,,,,,,,,,,,,,,,,,,,,,,,,,,,,,,,,,,,,,,,,,,,,,,,,,,,,,,,,,,,,,,,
2025-11-28 07:00:00+00:00,e1108,Level 11,50.0,Maintenance Soon,50.0,50.0,50.0,50.0,50.0,,,0.0,0.0424861643259646,-0.0424861643259646,,,,,,,,,,,,,,,,,,,,,,,,,,,,,,,,,,,,,,,,,,,,,,,,,,,,,,,,,,,,,,,,,,,,,
2025-11-28 08:00:00+00:00,e1108,Level 11,50.0,Maintenance Soon,50.0,50.0,50.0,50.0,50.0,,,0.062499999996362,0.0143039591312117,0.0481960408651502,,,,,,,,,,,,,,,,,,,,,,,,,,,,,,,,,,,,,,,,,,,,,,,,,,,,,,,,,,,,,,,,,,,,,
2025-11-28 09:00:00+00:00,e1108,Level 11,50.0,Maintenance Soon,50.0,50.0,50.0,50.0,50.0,,,0.1375000000007276,0.08480531813863,0.0526946818620975,,,,,,,,,,,,,,,,,,,,,,,,,,,,,,,,,,,,,,,,,,,,,,,,,,,,,,,,,,,,,,,,,,,,,
2025-11-28 10:00:00+00:00,e1108,Level 11,50.0,Maintenance Soon,50.0,50.0,50.0,50.0,50.0,,,0.0,0.0411206077854634,-0.0411206077854634,,,,,,,,,,,,,,,,,,,,,,,,,,,,,,,,,,,,,,,,,,,,,,,,,,,,,,,,,,,,,,,,,,,,,
2025-11-28 11:00:00+00:00,e1108,Level 11,50.0,Maintenance Soon,50.0,50.0,50.0,50.0,50.0,,,0.0,0.0,0.0,,,,,,,,,,,,,,,,,,,,,,,,,,,,,,,,,,,,,,,,,,,,,,,,,,,,,,,,,,,,,,,,,,,,,
2025-11-28 12:00:00+00:00,e1108,Level 11,50.0,Maintenance Soon,50.0,50.0,50.0,50.0,50.0,,,0.0846153846141533,0.0548907882245354,0.0297245963896178,,,,,,,,,,,,,,,,,,,,,,,,,,,,,,,,,,,,,,,,,,,,,,,,,,,,,,,,,,,,,,,,,,,,,
2025-11-28 13:00:00+00:00,e1108,Level 11,50.0,Maintenance Soon,50.0,50.0,50.0,50.0,50.0,,,0.0153846153843915,0.0962203228870445,-0.080835707502653,,,,,,,,,,,,,,,,,,,,,,,,,,,,,,,,,,,,,,,,,,,,,,,,,,,,,,,,,,,,,,,,,,,,,
2025-11-28 14:00:00+00:00,e1108,Level 11,50.0,Maintenance Soon,50.0,50.0,50.0,50.0,50.0,,,0.0,0.0155555555550866,-0.0155555555550866,,,,,,,,,,,,,,,,,,,,,,,,,,,,,,,,,,,,,,,,,,,,,,,,,,,,,,,,,,,,,,,,,,,,,
2025-11-28 15:00:00+00:00,e1108,Level 11,50.0,Maintenance Soon,50.0,50.0,50.0,50.0,50.0,,,0.0346153846148808,0.0206959706956695,0.0139194139192113,,,,,,,,,,,,,,,,,,,,,,,,,,,,,,,,,,,,,,,,,,,,,,,,,,,,,,,,,,,,,,,,,,,,,
2025-11-28 16:00:00+00:00,e1108,Level 11,50.0,Maintenance Soon,50.0,50.0,50.0,50.0,50.0,,,0.0653846153836639,0.0670818070842263,-0.0016971917005624,,,,,,,,,,,,,,,,,,,,,,,,,,,,,,,,,,,,,,,,,,,,,,,,,,,,,,,,,,,,,,,,,,,,,
2025-11-28 17:00:00+00:00,e1108,Level 11,50.0,Maintenance Soon,50.0,50.0,50.0,50.0,50.0,,,0.0,0.0122222222222868,-0.0122222222222868,,,,,,,,,,,,,,,,,,,,,,,,,,,,,,,,,,,,,,,,,,,,,,,,,,,,,,,,,,,,,,,,,,,,,
2025-11-28 18:00:00+00:00,e1108,Level 11,50.0,Maintenance Soon,50.0,50.0,50.0,50.0,50.0,,,0.0068965517239121,0.0059523809529006,0.0009441707710114,,,,,,,,,,,,,,,,,,,,,,,,,,,,,,,,,,,,,,,,,,,,,,,,,,,,,,,,,,,,,,,,,,,,,
2025-11-28 19:00:00+00:00,e1108,Level 11,50.0,Maintenance Soon,50.0,50.0,50.0,50.0,50.0,,,0.0931034482782706,0.07738095237922,0.0157224958990506,,,,,,,,,,,,,,,,,,,,,,,,,,,,,,,,,,,,,,,,,,,,,,,,,,,,,,,,,,,,,,,,,,,,,
2025-11-28 20:00:00+00:00,e1108,Level 11,50.0,Maintenance Soon,50.0,50.0,50.0,50.0,50.0,,,0.0,0.0166666666664241,-0.0166666666664241,,,,,,,,,,,,,,,,,,,,,,,,,,,,,,,,,,,,,,,,,,,,,,,,,,,,,,,,,,,,,,,,,,,,,
2025-11-28 21:00:00+00:00,e1108,Level 11,50.0,Maintenance Soon,50.0,50.0,50.0,50.0,50.0,,,0.1107142857108556,0.0,0.1107142857108556,,,,,,,,,,,,,,,,,,,,,,,,,,,,,,,,,,,,,,,,,,,,,,,,,,,,,,,,,,,,,,,,,,,,,
2025-11-28 22:00:00+00:00,e1108,Level 11,50.0,Maintenance Soon,50.0,50.0,50.0,50.0,50.0,,,0.0892857142898719,0.0836123911928249,0.005673323097047,,,,,,,,,,,,,,,,,,,,,,,,,,,,,,,,,,,,,,,,,,,,,,,,,,,,,,,,,,,,,,,,,,,,,
2025-11-28 23:00:00+00:00,e1108,Level 11,50.0,Maintenance Soon,50.0,50.0,50.0,50.0,50.0,,,0.0,0.0497209421397807,-0.0497209421397807,,,,,,,,,,,,,,,,,,,,,,,,,,,,,,,,,,,,,,,,,,,,,,,,,,,,,,,,,,,,,,,,,,,,,
2025-11-29 00:00:00+00:00,e1108,Level 11,50.0,Maintenance Soon,50.0,50.0,50.0,50.0,50.0,,,0.0,0.0,0.0,,,,,,,,,,,,,,,,,,,,,,,,,,,,,,,,,,,,,,,,,,,,,,,,,,,,,,,,,,,,,,,,,,,,,
2025-11-29 01:00:00+00:00,e1108,Level 11,50.0,Maintenance Soon,50.0,50.0,50.0,50.0,50.0,,,0.0964285714289872,0.0708270443925963,0.0256015270363908,,,,,,,,,,,,,,,,,,,,,,,,,,,,,,,,,,,,,,,,,,,,,,,,,,,,,,,,,,,,,,,,,,,,,
2025-11-29 02:00:00+00:00,e1108,Level 11,50.0,Maintenance Soon,50.0,50.0,50.0,50.0,50.0,,,0.0035714285695576,0.0291729556083737,-0.0256015270388161,,,,,,,,,,,,,,,,,,,,,,,,,,,,,,,,,,,,,,,,,,,,,,,,,,,,,,,,,,,,,,,,,,,,,
2025-11-29 03:00:00+00:00,e1108,Level 11,50.0,Maintenance Soon,50.0,50.0,50.0,50.0,50.0,,,0.0,0.0,0.0,,,,,,,,,,,,,,,,,,,,,,,,,,,,,,,,,,,,,,,,,,,,,,,,,,,,,,,,,,,,,,,,,,,,,
2025-11-29 04:00:00+00:00,e1108,Level 11,50.0,Maintenance Soon,50.0,50.0,50.0,50.0,50.0,,,0.0499999999956344,0.0353732474432035,0.0146267525524308,,,,,,,,,,,,,,,,,,,,,,,,,,,,,,,,,,,,,,,,,,,,,,,,,,,,,,,,,,,,,,,,,,,,,
2025-11-29 05:00:00+00:00,e1108,Level 11,50.0,Maintenance Soon,50.0,50.0,50.0,50.0,50.0,,,0.0500000000029103,0.0646267525565538,-0.0146267525536434,,,,,,,,,,,,,,,,,,,,,,,,,,,,,,,,,,,,,,,,,,,,,,,,,,,,,,,,,,,,,,,,,,,,,
2025-11-29 06:00:00+00:00,e1108,Level 11,50.0,Maintenance Soon,50.0,50.0,50.0,50.0,50.0,,,0.0720000000037544,1.2126596023639042e-12,0.0720000000025417,,,,,,,,,,,,,,,,,,,,,,,,,,,,,,,,,,,,,,,,,,,,,,,,,,,,,,,,,,,,,,,,,,,,,
2025-11-29 07:00:00+00:00,e1108,Level 11,50.0,Maintenance Soon,50.0,50.0,50.0,50.0,50.0,,,0.0280000000020663,0.0037545787551304,0.0242454212469359,,,,,,,,,,,,,,,,,,,,,,,,,,,,,,,,,,,,,,,,,,,,,,,,,,,,,,,,,,,,,,,,,,,,,
2025-11-29 08:00:00+00:00,e1108,Level 11,50.0,Maintenance Soon,50.0,50.0,50.0,50.0,50.0,,,0.0499999999956344,0.083745421245112,-0.0337454212494776,,,,,,,,,,,,,,,,,,,,,,,,,,,,,,,,,,,,,,,,,,,,,,,,,,,,,,,,,,,,,,,,,,,,,
2025-11-29 09:00:00+00:00,e1108,Level 11,50.0,Maintenance Soon,50.0,50.0,50.0,50.0,50.0,,,0.0499999999992724,0.0458333333335758,0.0041666666656965,,,,,,,,,,,,,,,,,,,,,,,,,,,,,,,,,,,,,,,,,,,,,,,,,,,,,,,,,,,,,,,,,,,,,
2025-11-29 10:00:00+00:00,e1108,Level 11,50.0,Maintenance Soon,50.0,50.0,50.0,50.0,50.0,,,0.0,0.0,0.0,,,,,,,,,,,,,,,,,,,,,,,,,,,,,,,,,,,,,,,,,,,,,,,,,,,,,,,,,,,,,,,,,,,,,
2025-11-29 11:00:00+00:00,e1108,Level 11,50.0,Maintenance Soon,50.0,50.0,50.0,50.0,50.0,,,0.0269230769226851,0.0388007054668075,-0.0118776285441223,,,,,,,,,,,,,,,,,,,,,,,,,,,,,,,,,,,,,,,,,,,,,,,,,,,,,,,,,,,,,,,,,,,,,
2025-11-29 12:00:00+00:00,e1108,Level 11,50.0,Maintenance Soon,50.0,50.0,50.0,50.0,50.0,,,0.0730769230794976,0.0560710894036068,0.0170058336758908,,,,,,,,,,,,,,,,,,,,,,,,,,,,,,,,,,,,,,,,,,,,,,,,,,,,,,,,,,,,,,,,,,,,,
2025-11-29 13:00:00+00:00,e1108,Level 11,50.0,Maintenance Soon,50.0,50.0,50.0,50.0,50.0,,,0.0,0.0051282051281305,-0.0051282051281305,,,,,,,,,,,,,,,,,,,,,,,,,,,,,,,,,,,,,,,,,,,,,,,,,,,,,,,,,,,,,,,,,,,,,
2025-11-29 14:00:00+00:00,e1108,Level 11,50.0,Maintenance Soon,50.0,50.0,50.0,50.0,50.0,,,0.0,0.0093656875263453,-0.0093656875263453,,,,,,,,,,,,,,,,,,,,,,,,,,,,,,,,,,,,,,,,,,,,,,,,,,,,,,,,,,,,,,,,,,,,,
2025-11-29 15:00:00+00:00,e1108,Level 11,50.0,Maintenance Soon,50.0,50.0,50.0,50.0,50.0,,,0.1111111111131322,0.0734371418269195,0.0376739692862126,,,,,,,,,,,,,,,,,,,,,,,,,,,,,,,,,,,,,,,,,,,,,,,,,,,,,,,,,,,,,,,,,,,,,
2025-11-29 16:00:00+00:00,e1108,Level 11,50.0,Maintenance Soon,50.0,50.0,50.0,50.0,50.0,,,0.0888888888839574,0.0505305039793408,0.0383583849046165,,,,,,,,,,,,,,,,,,,,,,,,,,,,,,,,,,,,,,,,,,,,,,,,,,,,,,,,,,,,,,,,,,,,,
2025-11-29 17:00:00+00:00,e1108,Level 11,50.0,Maintenance Soon,50.0,50.0,50.0,50.0,50.0,,,0.0,0.0052083333333333,-0.0052083333333333,,,,,,,,,,,,,,,,,,,,,,,,,,,,,,,,,,,,,,,,,,,,,,,,,,,,,,,,,,,,,,,,,,,,,
2025-11-29 18:00:00+00:00,e1108,Level 11,50.0,Maintenance Soon,50.0,50.0,50.0,50.0,50.0,,,0.0307692307724209,0.0544238505754037,-0.0236546198029827,,,,,,,,,,,,,,,,,,,,,,,,,,,,,,,,,,,,,,,,,,,,,,,,,,,,,,,,,,,,,,,,,,,,,
2025-11-29 19:00:00+00:00,e1108,Level 11,50.0,Maintenance Soon,50.0,50.0,50.0,50.0,50.0,,,0.0692307692297617,0.040367816092233,0.0288629531375287,,,,,,,,,,,,,,,,,,,,,,,,,,,,,,,,,,,,,,,,,,,,,,,,,,,,,,,,,,,,,,,,,,,,,
2025-11-29 20:00:00+00:00,e1108,Level 11,50.0,Maintenance Soon,50.0,50.0,50.0,50.0,50.0,,,0.0,0.0030303030301486,-0.0030303030301486,,,,,,,,,,,,,,,,,,,,,,,,,,,,,,,,,,,,,,,,,,,,,,,,,,,,,,,,,,,,,,,,,,,,,
2025-11-29 21:00:00+00:00,e1108,Level 11,50.0,Maintenance Soon,50.0,50.0,50.0,50.0,50.0,,,0.0142857142855064,0.0867480220925547,-0.0724623078070483,,,,,,,,,,,,,,,,,,,,,,,,,,,,,,,,,,,,,,,,,,,,,,,,,,,,,,,,,,,,,,,,,,,,,
2025-11-29 22:00:00+00:00,e1108,Level 11,50.0,Maintenance Soon,50.0,50.0,50.0,50.0,50.0,,,0.0857142857130384,0.1016195243403975,-0.0159052386273591,,,,,,,,,,,,,,,,,,,,,,,,,,,,,,,,,,,,,,,,,,,,,,,,,,,,,,,,,,,,,,,,,,,,,
2025-11-29 23:00:00+00:00,e1108,Level 11,50.0,Maintenance Soon,50.0,50.0,50.0,50.0,50.0,,,0.0,0.0150537634411496,-0.0150537634411496,,,,,,,,,,,,,,,,,,,,,,,,,,,,,,,,,,,,,,,,,,,,,,,,,,,,,,,,,,,,,,,,,,,,,
2025-11-30 00:00:00+00:00,e1108,Level 11,50.0,Maintenance Soon,50.0,50.0,50.0,50.0,50.0,,,0.0,0.0349276974411623,-0.0349276974411623,,,,,,,,,,,,,,,,,,,,,,,,,,,,,,,,,,,,,,,,,,,,,,,,,,,,,,,,,,,,,,,,,,,,,
2025-11-30 01:00:00+00:00,e1108,Level 11,50.0,Maintenance Soon,50.0,50.0,50.0,50.0,50.0,,,0.1000000000021827,0.0586647813652234,0.0413352186369593,,,,,,,,,,,,,,,,,,,,,,,,,,,,,,,,,,,,,,,,,,,,,,,,,,,,,,,,,,,,,,,,,,,,,
2025-11-30 02:00:00+00:00,e1108,Level 11,50.0,Maintenance Soon,50.0,50.0,50.0,50.0,50.0,,,0.0,0.0390363680586839,-0.0390363680586839,,,,,,,,,,,,,,,,,,,,,,,,,,,,,,,,,,,,,,,,,,,,,,,,,,,,,,,,,,,,,,,,,,,,,
2025-11-30 03:00:00+00:00,e1108,Level 11,50.0,Maintenance Soon,50.0,50.0,50.0,50.0,50.0,,,0.0,0.0275862068968611,-0.0275862068968611,,,,,,,,,,,,,,,,,,,,,,,,,,,,,,,,,,,,,,,,,,,,,,,,,,,,,,,,,,,,,,,,,,,,,
2025-11-30 04:00:00+00:00,e1108,Level 11,50.0,Maintenance Soon,50.0,50.0,50.0,50.0,50.0,,,0.0653846153836639,0.0475308641968392,0.0178537511868247,,,,,,,,,,,,,,,,,,,,,,,,,,,,,,,,,,,,,,,,,,,,,,,,,,,,,,,,,,,,,,,,,,,,,
2025-11-30 05:00:00+00:00,e1108,Level 11,50.0,Maintenance Soon,50.0,50.0,50.0,50.0,50.0,,,0.0346153846148808,0.0191358024712826,0.0154795821435982,,,,,,,,,,,,,,,,,,,,,,,,,,,,,,,,,,,,,,,,,,,,,,,,,,,,,,,,,,,,,,,,,,,,,
2025-11-30 06:00:00+00:00,e1108,Level 11,50.0,Maintenance Soon,50.0,50.0,50.0,50.0,50.0,,,0.0,0.051380952381199,-0.051380952381199,,,,,,,,,,,,,,,,,,,,,,,,,,,,,,,,,,,,,,,,,,,,,,,,,,,,,,,,,,,,,,,,,,,,,
2025-11-30 07:00:00+00:00,e1108,Level 11,50.0,Maintenance Soon,50.0,50.0,50.0,50.0,50.0,,,0.0037037037036498,0.0255421245419711,-0.0218384208383213,,,,,,,,,,,,,,,,,,,,,,,,,,,,,,,,,,,,,,,,,,,,,,,,,,,,,,,,,,,,,,,,,,,,,
2025-11-30 08:00:00+00:00,e1108,Level 11,50.0,Maintenance Soon,50.0,50.0,50.0,50.0,50.0,,,0.096296296294895,0.039743589740586,0.0565527065543089,,,,,,,,,,,,,,,,,,,,,,,,,,,,,,,,,,,,,,,,,,,,,,,,,,,,,,,,,,,,,,,,,,,,,
2025-11-30 09:00:00+00:00,e1108,Level 11,50.0,Maintenance Soon,50.0,50.0,50.0,50.0,50.0,,,0.0,0.0333333333340609,-0.0333333333340609,,,,,,,,,,,,,,,,,,,,,,,,,,,,,,,,,,,,,,,,,,,,,,,,,,,,,,,,,,,,,,,,,,,,,
2025-11-30 10:00:00+00:00,e1108,Level 11,50.0,Maintenance Soon,50.0,50.0,50.0,50.0,50.0,,,0.0,0.0166666666664241,-0.0166666666664241,,,,,,,,,,,,,,,,,,,,,,,,,,,,,,,,,,,,,,,,,,,,,,,,,,,,,,,,,,,,,,,,,,,,,
2025-11-30 11:00:00+00:00,e1108,Level 11,50.0,Maintenance Soon,50.0,50.0,50.0,50.0,50.0,,,0.0500000000029103,0.0303076923082699,0.0196923076946404,,,,,,,,,,,,,,,,,,,,,,,,,,,,,,,,,,,,,,,,,,,,,,,,,,,,,,,,,,,,,,,,,,,,,
2025-11-30 12:00:00+00:00,e1108,Level 11,50.0,Maintenance Soon,50.0,50.0,50.0,50.0,50.0,,,0.0499999999992724,0.0467038019463264,0.0032961980529459,,,,,,,,,,,,,,,,,,,,,,,,,,,,,,,,,,,,,,,,,,,,,,,,,,,,,,,,,,,,,,,,,,,,,
2025-11-30 13:00:00+00:00,e1108,Level 11,50.0,Maintenance Soon,50.0,50.0,50.0,50.0,50.0,,,3.637978807091713e-12,0.022988505748799,-0.022988505745161,,,,,,,,,,,,,,,,,,,,,,,,,,,,,,,,,,,,,,,,,,,,,,,,,,,,,,,,,,,,,,,,,,,,,
2025-11-30 14:00:00+00:00,e1108,Level 11,50.0,Maintenance Soon,50.0,50.0,50.0,50.0,50.0,,,0.0,0.0011494252867123,-0.0011494252867123,,,,,,,,,,,,,,,,,,,,,,,,,,,,,,,,,,,,,,,,,,,,,,,,,,,,,,,,,,,,,,,,,,,,,
2025-11-30 15:00:00+00:00,e1108,Level 11,50.0,Maintenance Soon,50.0,50.0,50.0,50.0,50.0,,,0.0888888888803194,0.0716900808850671,0.0171988079952522,,,,,,,,,,,,,,,,,,,,,,,,,,,,,,,,,,,,,,,,,,,,,,,,,,,,,,,,,,,,,,,,,,,,,
2025-11-30 16:00:00+00:00,e1108,Level 11,50.0,Maintenance Soon,50.0,50.0,50.0,50.0,50.0,,,0.0111111111145874,0.0604938271584008,-0.0493827160438134,,,,,,,,,,,,,,,,,,,,,,,,,,,,,,,,,,,,,,,,,,,,,,,,,,,,,,,,,,,,,,,,,,,,,
2025-11-30 17:00:00+00:00,e1108,Level 11,50.0,Maintenance Soon,50.0,50.0,50.0,50.0,50.0,,,0.0,0.0,0.0,,,,,,,,,,,,,,,,,,,,,,,,,,,,,,,,,,,,,,,,,,,,,,,,,,,,,,,,,,,,,,,,,,,,,
2025-11-30 18:00:00+00:00,e1108,Level 11,50.0,Maintenance Soon,50.0,50.0,50.0,50.0,50.0,,,0.1153846153865743,0.030494505494668,0.0848901098919062,,,,,,,,,,,,,,,,,,,,,,,,,,,,,,,,,,,,,,,,,,,,,,,,,,,,,,,,,,,,,,,,,,,,,
2025-11-30 19:00:00+00:00,e1108,Level 11,50.0,Maintenance Soon,50.0,50.0,50.0,50.0,50.0,,,0.0846153846141533,0.0684302256886439,0.0161851589255093,,,,,,,,,,,,,,,,,,,,,,,,,,,,,,,,,,,,,,,,,,,,,,,,,,,,,,,,,,,,,,,,,,,,,
2025-11-30 20:00:00+00:00,e1108,Level 11,50.0,Maintenance Soon,50.0,50.0,50.0,50.0,50.0,,,0.0,0.001075268817658,-0.001075268817658,,,,,,,,,,,,,,,,,,,,,,,,,,,,,,,,,,,,,,,,,,,,,,,,,,,,,,,,,,,,,,,,,,,,,
2025-11-30 21:00:00+00:00,e1108,Level 11,50.0,Maintenance Soon,50.0,50.0,50.0,50.0,50.0,,,0.0,0.0134038800715643,-0.0134038800715643,,,,,,,,,,,,,,,,,,,,,,,,,,,,,,,,,,,,,,,,,,,,,,,,,,,,,,,,,,,,,,,,,,,,,
2025-11-30 22:00:00+00:00,e1108,Level 11,50.0,Maintenance Soon,50.0,50.0,50.0,50.0,50.0,,,0.0964285714253492,0.0844455822940896,0.0119829891312595,,,,,,,,,,,,,,,,,,,,,,,,,,,,,,,,,,,,,,,,,,,,,,,,,,,,,,,,,,,,,,,,,,,,,
2025-11-30 23:00:00+00:00,e1108,Level 11,50.0,Maintenance Soon,50.0,50.0,50.0,50.0,50.0,,,0.0035714285731955,0.0223886328737232,-0.0188172043005276,,,,,,,,,,,,,,,,,,,,,,,,,,,,,,,,,,,,,,,,,,,,,,,,,,,,,,,,,,,,,,,,,,,,,
2025-12-01 00:00:00+00:00,e1108,Level 11,50.0,Maintenance Soon,50.0,50.0,50.0,50.0,50.0,,,0.0,0.0130952380944412,-0.0130952380944412,,,,,,,,,,,,,,,,,,,,,,,,,,,,,,,,,,,,,,,,,,,,,,,,,,,,,,,,,,,,,,,,,,,,,
2025-12-01 01:00:00+00:00,e1108,Level 11,50.0,Maintenance Soon,50.0,50.0,50.0,50.0,50.0,,,0.0666666666693345,0.0806878306878691,-0.0140211640185346,,,,,,,,,,,,,,,,,,,,,,,,,,,,,,,,,,,,,,,,,,,,,,,,,,,,,,,,,,,,,,,,,,,,,
2025-12-01 02:00:00+00:00,e1108,Level 11,50.0,Maintenance Soon,50.0,50.0,50.0,50.0,50.0,,,0.1259259259240934,0.0193121693118882,0.1066137566122051,,,,,,,,,,,,,,,,,,,,,,,,,,,,,,,,,,,,,,,,,,,,,,,,,,,,,,,,,,,,,,,,,,,,,
2025-12-01 03:00:00+00:00,e1108,Level 11,50.0,Maintenance Soon,50.0,50.0,50.0,50.0,50.0,,,0.0074074074036616,0.0,0.0074074074036616,,,,,,,,,,,,,,,,,,,,,,,,,,,,,,,,,,,,,,,,,,,,,,,,,,,,,,,,,,,,,,,,,,,,,
2025-12-01 04:00:00+00:00,e1108,Level 11,50.0,Maintenance Soon,50.0,50.0,50.0,50.0,50.0,,,0.0230769230838632,0.0348901098889958,-0.0118131868051326,,,,,,,,,,,,,,,,,,,,,,,,,,,,,,,,,,,,,,,,,,,,,,,,,,,,,,,,,,,,,,,,,,,,,
2025-12-01 05:00:00+00:00,e1108,Level 11,50.0,Maintenance Soon,50.0,50.0,50.0,50.0,50.0,,,0.0769230769219575,0.0317765567767006,0.0451465201452568,,,,,,,,,,,,,,,,,,,,,,,,,,,,,,,,,,,,,,,,,,,,,,,,,,,,,,,,,,,,,,,,,,,,,
2025-12-01 06:00:00+00:00,e1108,Level 11,50.0,Maintenance Soon,50.0,50.0,50.0,50.0,50.0,,,0.0,0.0,0.0,,,,,,,,,,,,,,,,,,,,,,,,,,,,,,,,,,,,,,,,,,,,,,,,,,,,,,,,,,,,,,,,,,,,,
2025-12-01 07:00:00+00:00,e1108,Level 11,50.0,Maintenance Soon,50.0,50.0,50.0,50.0,50.0,,,0.0,0.0076448243113797,-0.0076448243113797,,,,,,,,,,,,,,,,,,,,,,,,,,,,,,,,,,,,,,,,,,,,,,,,,,,,,,,,,,,,,,,,,,,,,
2025-12-01 08:00:00+00:00,e1108,Level 11,50.0,Maintenance Soon,50.0,50.0,50.0,50.0,50.0,,,0.0519999999996798,0.0923551756883777,-0.0403551756886978,,,,,,,,,,,,,,,,,,,,,,,,,,,,,,,,,,,,,,,,,,,,,,,,,,,,,,,,,,,,,,,,,,,,,
2025-12-01 09:00:00+00:00,e1108,Level 11,50.0,Maintenance Soon,50.0,50.0,50.0,50.0,50.0,,,0.0479999999988649,0.0,0.0479999999988649,,,,,,,,,,,,,,,,,,,,,,,,,,,,,,,,,,,,,,,,,,,,,,,,,,,,,,,,,,,,,,,,,,,,,
2025-12-01 10:00:00+00:00,e1108,Level 11,50.0,Maintenance Soon,50.0,50.0,50.0,50.0,50.0,,,0.0,0.0138888888880804,-0.0138888888880804,,,,,,,,,,,,,,,,,,,,,,,,,,,,,,,,,,,,,,,,,,,,,,,,,,,,,,,,,,,,,,,,,,,,,
2025-12-01 11:00:00+00:00,e1108,Level 11,50.0,Maintenance Soon,50.0,50.0,50.0,50.0,50.0,,,0.0,0.0361111111136172,-0.0361111111136172,,,,,,,,,,,,,,,,,,,,,,,,,,,,,,,,,,,,,,,,,,,,,,,,,,,,,,,,,,,,,,,,,,,,,
2025-12-01 12:00:00+00:00,e1108,Level 11,50.0,Maintenance Soon,50.0,50.0,50.0,50.0,50.0,,,0.0846153846141533,0.0166666666664241,0.0679487179477291,,,,,,,,,,,,,,,,,,,,,,,,,,,,,,,,,,,,,,,,,,,,,,,,,,,,,,,,,,,,,,,,,,,,,
2025-12-01 13:00:00+00:00,e1108,Level 11,50.0,Maintenance Soon,50.0,50.0,50.0,50.0,50.0,,,0.0153846153843915,1.2126596023639042e-12,0.0153846153831788,,,,,,,,,,,,,,,,,,,,,,,,,,,,,,,,,,,,,,,,,,,,,,,,,,,,,,,,,,,,,,,,,,,,,
2025-12-01 14:00:00+00:00,e1108,Level 11,50.0,Maintenance Soon,50.0,50.0,50.0,50.0,50.0,,,0.0,0.0321428571429957,-0.0321428571429957,,,,,,,,,,,,,,,,,,,,,,,,,,,,,,,,,,,,,,,,,,,,,,,,,,,,,,,,,,,,,,,,,,,,,
2025-12-01 15:00:00+00:00,e1108,Level 11,50.0,Maintenance Soon,50.0,50.0,50.0,50.0,50.0,,,0.0555555555547471,0.0308201058166256,0.0247354497381214,,,,,,,,,,,,,,,,,,,,,,,,,,,,,,,,,,,,,,,,,,,,,,,,,,,,,,,,,,,,,,,,,,,,,
2025-12-01 16:00:00+00:00,e1108,Level 11,50.0,Maintenance Soon,50.0,50.0,50.0,50.0,50.0,,,0.0444444444510736,0.0037037037048624,0.0407407407462111,,,,,,,,,,,,,,,,,,,,,,,,,,,,,,,,,,,,,,,,,,,,,,,,,,,,,,,,,,,,,,,,,,,,,
2025-12-01 17:00:00+00:00,e1108,Level 11,50.0,Maintenance Soon,50.0,50.0,50.0,50.0,50.0,,,-3.637978807091713e-12,0.0244444444433611,-0.0244444444469991,,,,,,,,,,,,,,,,,,,,,,,,,,,,,,,,,,,,,,,,,,,,,,,,,,,,,,,,,,,,,,,,,,,,,
2025-12-01 18:00:00+00:00,e1108,Level 11,50.0,Maintenance Soon,50.0,50.0,50.0,50.0,50.0,,,0.0192307692268514,0.0473504273516785,-0.0281196581248271,,,,,,,,,,,,,,,,,,,,,,,,,,,,,,,,,,,,,,,,,,,,,,,,,,,,,,,,,,,,,,,,,,,,,
2025-12-01 19:00:00+00:00,e1108,Level 11,50.0,Maintenance Soon,50.0,50.0,50.0,50.0,50.0,,,0.0807692307716934,0.0282051282047177,0.0525641025669756,,,,,,,,,,,,,,,,,,,,,,,,,,,,,,,,,,,,,,,,,,,,,,,,,,,,,,,,,,,,,,,,,,,,,
2025-12-01 20:00:00+00:00,e1108,Level 11,50.0,Maintenance Soon,50.0,50.0,50.0,50.0,50.0,,,0.0,0.0236559139799889,-0.0236559139799889,,,,,,,,,,,,,,,,,,,,,,,,,,,,,,,,,,,,,,,,,,,,,,,,,,,,,,,,,,,,,,,,,,,,,
2025-12-01 21:00:00+00:00,e1108,Level 11,50.0,Maintenance Soon,50.0,50.0,50.0,50.0,50.0,,,0.0035714285731955,0.0096774193540719,-0.0061059907808764,,,,,,,,,,,,,,,,,,,,,,,,,,,,,,,,,,,,,,,,,,,,,,,,,,,,,,,,,,,,,,,,,,,,,
2025-12-01 22:00:00+00:00,e1108,Level 11,50.0,Maintenance Soon,50.0,50.0,50.0,50.0,50.0,,,0.0964285714289872,0.032142857141783,0.0642857142872041,,,,,,,,,,,,,,,,,,,,,,,,,,,,,,,,,,,,,,,,,,,,,,,,,,,,,,,,,,,,,,,,,,,,,
2025-12-01 23:00:00+00:00,e1108,Level 11,50.0,Maintenance Soon,50.0,50.0,50.0,50.0,50.0,,,0.0,0.0190476190473418,-0.0190476190473418,,,,,,,,,,,,,,,,,,,,,,,,,,,,,,,,,,,,,,,,,,,,,,,,,,,,,,,,,,,,,,,,,,,,,
2025-12-02 00:00:00+00:00,e1108,Level 11,50.0,Maintenance Soon,50.0,50.0,50.0,50.0,50.0,,,0.0,0.0154761904765715,-0.0154761904765715,,,,,,,,,,,,,,,,,,,,,,,,,,,,,,,,,,,,,,,,,,,,,,,,,,,,,,,,,,,,,,,,,,,,,
2025-12-02 01:00:00+00:00,e1108,Level 11,50.0,Maintenance Soon,50.0,50.0,50.0,50.0,50.0,,,0.0730769230758596,0.0222222222231115,0.0508547008527481,,,,,,,,,,,,,,,,,,,,,,,,,,,,,,,,,,,,,,,,,,,,,,,,,,,,,,,,,,,,,,,,,,,,,
2025-12-02 02:00:00+00:00,e1108,Level 11,50.0,Maintenance Soon,50.0,50.0,50.0,50.0,50.0,,,0.0269230769226851,0.4853086419752799,-0.4583855650525947,,,,,,,,,,,,,,,,,,,,,,,,,,,,,,,,,,,,,,,,,,,,,,,,,,,,,,,,,,,,,,,,,,,,,
2025-12-02 03:00:00+00:00,e1108,Level 11,50.0,Maintenance Soon,50.0,50.0,50.0,50.0,50.0,,,0.0,0.0258024691344568,-0.0258024691344568,,,,,,,,,,,,,,,,,,,,,,,,,,,,,,,,,,,,,,,,,,,,,,,,,,,,,,,,,,,,,,,,,,,,,
2025-12-02 04:00:00+00:00,e1108,Level 11,50.0,Maintenance Soon,50.0,50.0,50.0,50.0,50.0,,,0.0800000000017462,0.007692307694621,0.0723076923071251,,,,,,,,,,,,,,,,,,,,,,,,,,,,,,,,,,,,,,,,,,,,,,,,,,,,,,,,,,,,,,,,,,,,,
2025-12-02 05:00:00+00:00,e1108,Level 11,50.0,Maintenance Soon,50.0,50.0,50.0,50.0,50.0,,,0.1199999999989813,0.0531506041855512,0.0668493958134301,,,,,,,,,,,,,,,,,,,,,,,,,,,,,,,,,,,,,,,,,,,,,,,,,,,,,,,,,,,,,,,,,,,,,
2025-12-02 06:00:00+00:00,e1108,Level 11,50.0,Maintenance Soon,50.0,50.0,50.0,50.0,50.0,,,0.0,0.0518007662831223,-0.0518007662831223,,,,,,,,,,,,,,,,,,,,,,,,,,,,,,,,,,,,,,,,,,,,,,,,,,,,,,,,,,,,,,,,,,,,,
2025-12-02 07:00:00+00:00,e1108,Level 11,50.0,Maintenance Soon,50.0,50.0,50.0,50.0,50.0,,,0.0,0.0206896551717363,-0.0206896551717363,,,,,,,,,,,,,,,,,,,,,,,,,,,,,,,,,,,,,,,,,,,,,,,,,,,,,,,,,,,,,,,,,,,,,
2025-12-02 08:00:00+00:00,e1108,Level 11,50.0,Maintenance Soon,50.0,50.0,50.0,50.0,50.0,,,0.0,0.0358518518514756,-0.0358518518514756,,,,,,,,,,,,,,,,,,,,,,,,,,,,,,,,,,,,,,,,,,,,,,,,,,,,,,,,,,,,,,,,,,,,,
2025-12-02 09:00:00+00:00,e1108,Level 11,50.0,Maintenance Soon,50.0,50.0,50.0,50.0,50.0,,,0.0,0.0534814814806547,-0.0534814814806547,,,,,,,,,,,,,,,,,,,,,,,,,,,,,,,,,,,,,,,,,,,,,,,,,,,,,,,,,,,,,,,,,,,,,
2025-12-02 10:00:00+00:00,e1108,Level 11,50.0,Maintenance Soon,50.0,50.0,50.0,50.0,50.0,,,0.0,0.010666666667627,-0.010666666667627,,,,,,,,,,,,,,,,,,,,,,,,,,,,,,,,,,,,,,,,,,,,,,,,,,,,,,,,,,,,,,,,,,,,,
2025-12-02 11:00:00+00:00,e1108,Level 11,50.0,Maintenance Soon,50.0,50.0,50.0,50.0,50.0,,,0.0,0.0466666666676853,-0.0466666666676853,,,,,,,,,,,,,,,,,,,,,,,,,,,,,,,,,,,,,,,,,,,,,,,,,,,,,,,,,,,,,,,,,,,,,
2025-12-02 12:00:00+00:00,e1108,Level 11,50.0,Maintenance Soon,50.0,50.0,50.0,50.0,50.0,,,0.0,0.0589578163756717,-0.0589578163756717,,,,,,,,,,,,,,,,,,,,,,,,,,,,,,,,,,,,,,,,,,,,,,,,,,,,,,,,,,,,,,,,,,,,,
2025-12-02 13:00:00+00:00,e1108,Level 11,50.0,Maintenance Soon,50.0,50.0,50.0,50.0,50.0,,,0.0,0.0277088502892487,-0.0277088502892487,,,,,,,,,,,,,,,,,,,,,,,,,,,,,,,,,,,,,,,,,,,,,,,,,,,,,,,,,,,,,,,,,,,,,
2025-12-02 14:00:00+00:00,e1108,Level 11,50.0,Maintenance Soon,50.0,50.0,50.0,50.0,50.0,,,0.0,0.0122222222222868,-0.0122222222222868,,,,,,,,,,,,,,,,,,,,,,,,,,,,,,,,,,,,,,,,,,,,,,,,,,,,,,,,,,,,,,,,,,,,,
2025-12-02 15:00:00+00:00,e1108,Level 11,50.0,Maintenance Soon,50.0,50.0,50.0,50.0,50.0,,,0.0,0.1148984468345588,-0.1148984468345588,,,,,,,,,,,,,,,,,,,,,,,,,,,,,,,,,,,,,,,,,,,,,,,,,,,,,,,,,,,,,,,,,,,,,
2025-12-02 16:00:00+00:00,e1108,Level 11,50.0,Maintenance Soon,50.0,50.0,50.0,50.0,50.0,,,0.0,0.0395459976122462,-0.0395459976122462,,,,,,,,,,,,,,,,,,,,,,,,,,,,,,,,,,,,,,,,,,,,,,,,,,,,,,,,,,,,,,,,,,,,,
2025-12-02 17:00:00+00:00,e1108,Level 11,50.0,Maintenance Soon,50.0,50.0,50.0,50.0,50.0,,,0.0,0.0077777777757243,-0.0077777777757243,,,,,,,,,,,,,,,,,,,,,,,,,,,,,,,,,,,,,,,,,,,,,,,,,,,,,,,,,,,,,,,,,,,,,
2025-12-02 18:00:00+00:00,e1108,Level 11,50.0,Maintenance Soon,50.0,50.0,50.0,50.0,50.0,,,0.0,0.0502453818565603,-0.0502453818565603,,,,,,,,,,,,,,,,,,,,,,,,,,,,,,,,,,,,,,,,,,,,,,,,,,,,,,,,,,,,,,,,,,,,,
2025-12-02 19:00:00+00:00,e1108,Level 11,50.0,Maintenance Soon,50.0,50.0,50.0,50.0,50.0,,,0.0,0.0419768403650474,-0.0419768403650474,,,,,,,,,,,,,,,,,,,,,,,,,,,,,,,,,,,,,,,,,,,,,,,,,,,,,,,,,,,,,,,,,,,,,
2025-12-02 20:00:00+00:00,e1108,Level 11,50.0,Maintenance Soon,50.0,50.0,50.0,50.0,50.0,,,0.0,0.0055555555554747,-0.0055555555554747,,,,,,,,,,,,,,,,,,,,,,,,,,,,,,,,,,,,,,,,,,,,,,,,,,,,,,,,,,,,,,,,,,,,,
2025-12-02 21:00:00+00:00,e1108,Level 11,50.0,Maintenance Soon,50.0,50.0,50.0,50.0,50.0,,,0.0,0.0478571428587505,-0.0478571428587505,,,,,,,,,,,,,,,,,,,,,,,,,,,,,,,,,,,,,,,,,,,,,,,,,,,,,,,,,,,,,,,,,,,,,
2025-12-02 22:00:00+00:00,e1108,Level 11,50.0,Maintenance Soon,50.0,50.0,50.0,50.0,50.0,,,0.0,0.0465873015879575,-0.0465873015879575,,,,,,,,,,,,,,,,,,,,,,,,,,,,,,,,,,,,,,,,,,,,,,,,,,,,,,,,,,,,,,,,,,,,,
2025-12-02 23:00:00+00:00,e1108,Level 11,50.0,Maintenance Soon,50.0,50.0,50.0,50.0,50.0,,,0.0,0.0,0.0,,,,,,,,,,,,,,,,,,,,,,,,,,,,,,,,,,,,,,,,,,,,,,,,,,,,,,,,,,,,,,,,,,,,,
2025-12-03 00:00:00+00:00,e1108,Level 11,50.0,Maintenance Soon,50.0,50.0,50.0,50.0,50.0,,,0.0,0.0482758620673848,-0.0482758620673848,,,,,,,,,,,,,,,,,,,,,,,,,,,,,,,,,,,,,,,,,,,,,,,,,,,,,,,,,,,,,,,,,,,,,
2025-12-03 01:00:00+00:00,e1108,Level 11,50.0,Maintenance Soon,50.0,50.0,50.0,50.0,50.0,,,0.0,0.0427497789569315,-0.0427497789569315,,,,,,,,,,,,,,,,,,,,,,,,,,,,,,,,,,,,,,,,,,,,,,,,,,,,,,,,,,,,,,,,,,,,,
2025-12-03 02:00:00+00:00,e1108,Level 11,50.0,Maintenance Soon,50.0,50.0,50.0,50.0,50.0,,,0.0,0.0089743589742283,-0.0089743589742283,,,,,,,,,,,,,,,,,,,,,,,,,,,,,,,,,,,,,,,,,,,,,,,,,,,,,,,,,,,,,,,,,,,,,
2025-12-03 03:00:00+00:00,e1108,Level 11,50.0,Maintenance Soon,50.0,50.0,50.0,50.0,50.0,,,0.0,0.029003831417261,-0.029003831417261,,,,,,,,,,,,,,,,,,,,,,,,,,,,,,,,,,,,,,,,,,,,,,,,,,,,,,,,,,,,,,,,,,,,,
2025-12-03 04:00:00+00:00,e1108,Level 11,50.0,Maintenance Soon,50.0,50.0,50.0,50.0,50.0,,,0.0,0.0643295019168969,-0.0643295019168969,,,,,,,,,,,,,,,,,,,,,,,,,,,,,,,,,,,,,,,,,,,,,,,,,,,,,,,,,,,,,,,,,,,,,
2025-12-03 05:00:00+00:00,e1108,Level 11,50.0,Maintenance Soon,50.0,50.0,50.0,50.0,50.0,,,0.0,0.0399999999996604,-0.0399999999996604,,,,,,,,,,,,,,,,,,,,,,,,,,,,,,,,,,,,,,,,,,,,,,,,,,,,,,,,,,,,,,,,,,,,,
2025-12-03 06:00:00+00:00,e1108,Level 11,50.0,Maintenance Soon,50.0,50.0,50.0,50.0,50.0,,,0.0,0.0172413793115993,-0.0172413793115993,,,,,,,,,,,,,,,,,,,,,,,,,,,,,,,,,,,,,,,,,,,,,,,,,,,,,,,,,,,,,,,,,,,,,
2025-12-03 07:00:00+00:00,e1108,Level 11,50.0,Maintenance Soon,50.0,50.0,50.0,50.0,50.0,,,0.0,0.0404509283810815,-0.0404509283810815,,,,,,,,,,,,,,,,,,,,,,,,,,,,,,,,,,,,,,,,,,,,,,,,,,,,,,,,,,,,,,,,,,,,,
2025-12-03 08:00:00+00:00,e1108,Level 11,50.0,Maintenance Soon,50.0,50.0,50.0,50.0,50.0,,,0.0,0.0089743589742283,-0.0089743589742283,,,,,,,,,,,,,,,,,,,,,,,,,,,,,,,,,,,,,,,,,,,,,,,,,,,,,,,,,,,,,,,,,,,,,
2025-12-03 09:00:00+00:00,e1108,Level 11,50.0,Maintenance Soon,50.0,50.0,50.0,50.0,50.0,,,0.0,0.007777777776937,-0.007777777776937,,,,,,,,,,,,,,,,,,,,,,,,,,,,,,,,,,,,,,,,,,,,,,,,,,,,,,,,,,,,,,,,,,,,,
2025-12-03 10:00:00+00:00,e1108,Level 11,50.0,Maintenance Soon,50.0,50.0,50.0,50.0,50.0,,,0.0,0.0268376068379438,-0.0268376068379438,,,,,,,,,,,,,,,,,,,,,,,,,,,,,,,,,,,,,,,,,,,,,,,,,,,,,,,,,,,,,,,,,,,,,
2025-12-03 11:00:00+00:00,e1108,Level 11,50.0,Maintenance Soon,50.0,50.0,50.0,50.0,50.0,,,0.0,0.0320512820508156,-0.0320512820508156,,,,,,,,,,,,,,,,,,,,,,,,,,,,,,,,,,,,,,,,,,,,,,,,,,,,,,,,,,,,,,,,,,,,,
2025-12-03 12:00:00+00:00,e1108,Level 11,50.0,Maintenance Soon,50.0,50.0,50.0,50.0,50.0,,,0.0,0.0064516129035231,-0.0064516129035231,,,,,,,,,,,,,,,,,,,,,,,,,,,,,,,,,,,,,,,,,,,,,,,,,,,,,,,,,,,,,,,,,,,,,
2025-12-03 13:00:00+00:00,e1108,Level 11,50.0,Maintenance Soon,50.0,50.0,50.0,50.0,50.0,,,0.0,0.0268817204305378,-0.0268817204305378,,,,,,,,,,,,,,,,,,,,,,,,,,,,,,,,,,,,,,,,,,,,,,,,,,,,,,,,,,,,,,,,,,,,,
2025-12-03 14:00:00+00:00,e1108,Level 11,50.0,Maintenance Soon,50.0,50.0,50.0,50.0,50.0,,,0.0,0.0279569892469832,-0.0279569892469832,,,,,,,,,,,,,,,,,,,,,,,,,,,,,,,,,,,,,,,,,,,,,,,,,,,,,,,,,,,,,,,,,,,,,
2025-12-03 15:00:00+00:00,e1108,Level 11,50.0,Maintenance Soon,50.0,50.0,50.0,50.0,50.0,,,0.0,0.0409318996426009,-0.0409318996426009,,,,,,,,,,,,,,,,,,,,,,,,,,,,,,,,,,,,,,,,,,,,,,,,,,,,,,,,,,,,,,,,,,,,,
2025-12-03 16:00:00+00:00,e1108,Level 11,50.0,Maintenance Soon,50.0,50.0,50.0,50.0,50.0,,,0.0,0.0311111111101733,-0.0311111111101733,,,,,,,,,,,,,,,,,,,,,,,,,,,,,,,,,,,,,,,,,,,,,,,,,,,,,,,,,,,,,,,,,,,,,
2025-12-03 17:00:00+00:00,e1108,Level 11,50.0,Maintenance Soon,50.0,50.0,50.0,50.0,50.0,,,0.0,0.0272727272737635,-0.0272727272737635,,,,,,,,,,,,,,,,,,,,,,,,,,,,,,,,,,,,,,,,,,,,,,,,,,,,,,,,,,,,,,,,,,,,,
2025-12-03 18:00:00+00:00,e1108,Level 11,50.0,Maintenance Soon,50.0,50.0,50.0,50.0,50.0,,,0.0,0.0060606060602973,-0.0060606060602973,,,,,,,,,,,,,,,,,,,,,,,,,,,,,,,,,,,,,,,,,,,,,,,,,,,,,,,,,,,,,,,,,,,,,
2025-12-03 19:00:00+00:00,e1108,Level 11,50.0,Maintenance Soon,50.0,50.0,50.0,50.0,50.0,,,0.0,0.0333333333328482,-0.0333333333328482,,,,,,,,,,,,,,,,,,,,,,,,,,,,,,,,,,,,,,,,,,,,,,,,,,,,,,,,,,,,,,,,,,,,,
2025-12-03 20:00:00+00:00,e1108,Level 11,50.0,Maintenance Soon,50.0,50.0,50.0,50.0,50.0,,,0.0,0.0470588235293689,-0.0470588235293689,,,,,,,,,,,,,,,,,,,,,,,,,,,,,,,,,,,,,,,,,,,,,,,,,,,,,,,,,,,,,,,,,,,,,
2025-12-03 21:00:00+00:00,e1108,Level 11,50.0,Maintenance Soon,50.0,50.0,50.0,50.0,50.0,,,0.0,0.0196078431375402,-0.0196078431375402,,,,,,,,,,,,,,,,,,,,,,,,,,,,,,,,,,,,,,,,,,,,,,,,,,,,,,,,,,,,,,,,,,,,,
2025-12-03 22:00:00+00:00,e1108,Level 11,50.0,Maintenance Soon,50.0,50.0,50.0,50.0,50.0,,,0.0,0.0456862745086255,-0.0456862745086255,,,,,,,,,,,,,,,,,,,,,,,,,,,,,,,,,,,,,,,,,,,,,,,,,,,,,,,,,,,,,,,,,,,,,
2025-12-03 23:00:00+00:00,e1108,Level 11,50.0,Maintenance Soon,50.0,50.0,50.0,50.0,50.0,,,0.0,0.0543137254911319,-0.0543137254911319,,,,,,,,,,,,,,,,,,,,,,,,,,,,,,,,,,,,,,,,,,,,,,,,,,,,,,,,,,,,,,,,,,,,,
2025-12-04 00:00:00+00:00,e1108,Level 11,50.0,Maintenance Soon,50.0,50.0,50.0,50.0,50.0,,,0.0,0.0011111111113374,-0.0011111111113374,,,,,,,,,,,,,,,,,,,,,,,,,,,,,,,,,,,,,,,,,,,,,,,,,,,,,,,,,,,,,,,,,,,,,
2025-12-04 01:00:00+00:00,e1108,Level 11,50.0,Maintenance Soon,50.0,50.0,50.0,50.0,50.0,,,0.0,0.05222222222316,-0.05222222222316,,,,,,,,,,,,,,,,,,,,,,,,,,,,,,,,,,,,,,,,,,,,,,,,,,,,,,,,,,,,,,,,,,,,,
2025-12-04 02:00:00+00:00,e1108,Level 11,50.0,Maintenance Soon,50.0,50.0,50.0,50.0,50.0,,,67.0909090909081,0.0466666666652599,67.04424242424284,,,,,,,,,,,,,,,,,,,,,,,,,,,,,,,,,,,,,,,,,,,,,,,,,,,,,,,,,,,,,,,,,,,,,
2025-12-04 03:00:00+00:00,e1108,Level 11,50.0,Maintenance Soon,50.0,50.0,50.0,50.0,50.0,,,1.6549242424225667,0.0,1.6549242424225667,,,,,,,,,,,,,,,,,,,,,,,,,,,,,,,,,,,,,,,,,,,,,,,,,,,,,,,,,,,,,,,,,,,,,
2025-12-04 04:00:00+00:00,e1108,Level 11,50.0,Maintenance Soon,50.0,50.0,50.0,50.0,50.0,,,2.271557971016591,0.0,2.271557971016591,,,,,,,,,,,,,,,,,,,,,,,,,,,,,,,,,,,,,,,,,,,,,,,,,,,,,,,,,,,,,,,,,,,,,
2025-12-04 05:00:00+00:00,e1108,Level 11,50.0,Maintenance Soon,50.0,50.0,50.0,50.0,50.0,,,2.174608695655479,0.0427415921682647,2.1318671034872145,,,,,,,,,,,,,,,,,,,,,,,,,,,,,,,,,,,,,,,,,,,,,,,,,,,,,,,,,,,,,,,,,,,,,
2025-12-04 06:00:00+00:00,e1108,Level 11,50.0,Maintenance Soon,50.0,50.0,50.0,50.0,50.0,,,2.4651428571378347,0.0239250744986444,2.4412177826391903,,,,,,,,,,,,,,,,,,,,,,,,,,,,,,,,,,,,,,,,,,,,,,,,,,,,,,,,,,,,,,,,,,,,,
2025-12-04 07:00:00+00:00,e1108,Level 11,50.0,Maintenance Soon,50.0,50.0,50.0,50.0,50.0,,,2.3988571428599244,0.0,2.3988571428599244,,,,,,,,,,,,,,,,,,,,,,,,,,,,,,,,,,,,,,,,,,,,,,,,,,,,,,,,,,,,,,,,,,,,,
2025-12-04 08:00:00+00:00,e1108,Level 11,50.0,Maintenance Soon,50.0,50.0,50.0,50.0,50.0,,,2.520000000000437,0.0049382716048664,2.5150617283955703,,,,,,,,,,,,,,,,,,,,,,,,,,,,,,,,,,,,,,,,,,,,,,,,,,,,,,,,,,,,,,,,,,,,,
2025-12-04 09:00:00+00:00,e1108,Level 11,50.0,Maintenance Soon,50.0,50.0,50.0,50.0,50.0,,,2.276000000001659,0.0604463437800101,2.215553656221649,,,,,,,,,,,,,,,,,,,,,,,,,,,,,,,,,,,,,,,,,,,,,,,,,,,,,,,,,,,,,,,,,,,,,
2025-12-04 10:00:00+00:00,e1108,Level 11,50.0,Maintenance Soon,50.0,50.0,50.0,50.0,50.0,,,2.2999999999992724,0.0012820512820326,2.29871794871724,,,,,,,,,,,,,,,,,,,,,,,,,,,,,,,,,,,,,,,,,,,,,,,,,,,,,,,,,,,,,,,,,,,,,
2025-12-04 11:00:00+00:00,e1108,Level 11,50.0,Maintenance Soon,50.0,50.0,50.0,50.0,50.0,,,2.2919999999976426,0.0,2.2919999999976426,,,,,,,,,,,,,,,,,,,,,,,,,,,,,,,,,,,,,,,,,,,,,,,,,,,,,,,,,,,,,,,,,,,,,
2025-12-04 12:00:00+00:00,e1108,Level 11,50.0,Maintenance Soon,50.0,50.0,50.0,50.0,50.0,,,2.182086956519925,0.0487179487172397,2.133369007802685,,,,,,,,,,,,,,,,,,,,,,,,,,,,,,,,,,,,,,,,,,,,,,,,,,,,,,,,,,,,,,,,,,,,,
2025-12-04 13:00:00+00:00,e1108,Level 11,50.0,Maintenance Soon,50.0,50.0,50.0,50.0,50.0,,,2.2179130434778926,0.0179487179484567,2.199964325529436,,,,,,,,,,,,,,,,,,,,,,,,,,,,,,,,,,,,,,,,,,,,,,,,,,,,,,,,,,,,,,,,,,,,,
2025-12-04 14:00:00+00:00,e1108,Level 11,50.0,Maintenance Soon,50.0,50.0,50.0,50.0,50.0,,,2.380000000001018,0.0,2.380000000001018,,,,,,,,,,,,,,,,,,,,,,,,,,,,,,,,,,,,,,,,,,,,,,,,,,,,,,,,,,,,,,,,,,,,,
2025-12-04 15:00:00+00:00,e1108,Level 11,50.0,Maintenance Soon,50.0,50.0,50.0,50.0,50.0,,,2.355999999999767,0.0386683209265659,2.317331679073201,,,,,,,,,,,,,,,,,,,,,,,,,,,,,,,,,,,,,,,,,,,,,,,,,,,,,,,,,,,,,,,,,,,,,
2025-12-04 16:00:00+00:00,e1108,Level 11,50.0,Maintenance Soon,50.0,50.0,50.0,50.0,50.0,,,2.316000000002532,0.0279983457415558,2.288001654260976,,,,,,,,,,,,,,,,,,,,,,,,,,,,,,,,,,,,,,,,,,,,,,,,,,,,,,,,,,,,,,,,,,,,,
2025-12-04 17:00:00+00:00,e1108,Level 11,50.0,Maintenance Soon,50.0,50.0,50.0,50.0,50.0,,,2.267999999996391,0.0010752688164454,2.266924731179946,,,,,,,,,,,,,,,,,,,,,,,,,,,,,,,,,,,,,,,,,,,,,,,,,,,,,,,,,,,,,,,,,,,,,
2025-12-04 18:00:00+00:00,e1108,Level 11,50.0,Maintenance Soon,50.0,50.0,50.0,50.0,50.0,,,2.366769230771752,0.0322580645164028,2.3345111662553486,,,,,,,,,,,,,,,,,,,,,,,,,,,,,,,,,,,,,,,,,,,,,,,,,,,,,,,,,,,,,,,,,,,,,
2025-12-04 19:00:00+00:00,e1108,Level 11,50.0,Maintenance Soon,50.0,50.0,50.0,50.0,50.0,,,2.3567307692283066,0.0311111111101733,2.325619658118133,,,,,,,,,,,,,,,,,,,,,,,,,,,,,,,,,,,,,,,,,,,,,,,,,,,,,,,,,,,,,,,,,,,,,
2025-12-04 20:00:00+00:00,e1108,Level 11,50.0,Maintenance Soon,50.0,50.0,50.0,50.0,50.0,,,2.5125000000043656,0.0066666666668121,2.505833333337553,,,,,,,,,,,,,,,,,,,,,,,,,,,,,,,,,,,,,,,,,,,,,,,,,,,,,,,,,,,,,,,,,,,,,
2025-12-04 21:00:00+00:00,e1108,Level 11,50.0,Maintenance Soon,50.0,50.0,50.0,50.0,50.0,,,2.319999999996071,0.028888888888711,2.29111111110736,,,,,,,,,,,,,,,,,,,,,,,,,,,,,,,,,,,,,,,,,,,,,,,,,,,,,,,,,,,,,,,,,,,,,
2025-12-04 22:00:00+00:00,e1108,Level 11,50.0,Maintenance Soon,50.0,50.0,50.0,50.0,50.0,,,2.431851851852116,0.0321428571429957,2.3997089947091204,,,,,,,,,,,,,,,,,,,,,,,,,,,,,,,,,,,,,,,,,,,,,,,,,,,,,,,,,,,,,,,,,,,,,
2025-12-04 23:00:00+00:00,e1108,Level 11,50.0,Maintenance Soon,50.0,50.0,50.0,50.0,50.0,,,2.5410052910083323,0.0345238095239134,2.506481481484419,,,,,,,,,,,,,,,,,,,,,,,,,,,,,,,,,,,,,,,,,,,,,,,,,,,,,,,,,,,,,,,,,,,,,
2025-12-05 00:00:00+00:00,e1108,Level 11,50.0,Maintenance Soon,50.0,50.0,50.0,50.0,50.0,,,2.56640211640115,0.0322222222227234,2.534179894178427,,,,,,,,,,,,,,,,,,,,,,,,,,,,,,,,,,,,,,,,,,,,,,,,,,,,,,,,,,,,,,,,,,,,,
2025-12-05 01:00:00+00:00,e1108,Level 11,50.0,Maintenance Soon,50.0,50.0,50.0,50.0,50.0,,,2.49629629629635,0.0245679012356655,2.4717283950606848,,,,,,,,,,,,,,,,,,,,,,,,,,,,,,,,,,,,,,,,,,,,,,,,,,,,,,,,,,,,,,,,,,,,,
2025-12-05 02:00:00+00:00,e1108,Level 11,50.0,Maintenance Soon,50.0,50.0,50.0,50.0,50.0,,,2.4598290598296444,22.37351290684456,-19.91368384701491,,,,,,,,,,,,,,,,,,,,,,,,,,,,,,,,,,,,,,,,,,,,,,,,,,,,,,,,,,,,,,,,,,,,,
2025-12-05 03:00:00+00:00,e1108,Level 11,50.0,Maintenance Soon,50.0,50.0,50.0,50.0,50.0,,,2.342307692306349,0.5769287704618667,1.7653789218444822,,,,,,,,,,,,,,,,,,,,,,,,,,,,,,,,,,,,,,,,,,,,,,,,,,,,,,,,,,,,,,,,,,,,,
2025-12-05 04:00:00+00:00,e1108,Level 11,50.0,Maintenance Soon,50.0,50.0,50.0,50.0,50.0,,,2.2727424749136844,0.7690781211980114,1.5036643537156729,,,,,,,,,,,,,,,,,,,,,,,,,,,,,,,,,,,,,,,,,,,,,,,,,,,,,,,,,,,,,,,,,,,,,
2025-12-05 05:00:00+00:00,e1108,Level 11,50.0,Maintenance Soon,50.0,50.0,50.0,50.0,50.0,,,2.5157190635472944,0.7543567447052434,1.761362318842051,,,,,,,,,,,,,,,,,,,,,,,,,,,,,,,,,,,,,,,,,,,,,,,,,,,,,,,,,,,,,,,,,,,,,
2025-12-05 06:00:00+00:00,e1108,Level 11,50.0,Maintenance Soon,50.0,50.0,50.0,50.0,50.0,,,2.4098461538487754,0.8389982363308567,1.5708479175179186,,,,,,,,,,,,,,,,,,,,,,,,,,,,,,,,,,,,,,,,,,,,,,,,,,,,,,,,,,,,,,,,,,,,,
2025-12-05 07:00:00+00:00,e1108,Level 11,50.0,Maintenance Soon,50.0,50.0,50.0,50.0,50.0,,,2.2189999999973224,0.8421052119459395,1.3768947880513829,,,,,,,,,,,,,,,,,,,,,,,,,,,,,,,,,,,,,,,,,,,,,,,,,,,,,,,,,,,,,,,,,,,,,
2025-12-05 08:00:00+00:00,e1108,Level 11,50.0,Maintenance Soon,50.0,50.0,50.0,50.0,50.0,,,2.258333333335031,0.8677298850561783,1.3906034482788527,,,,,,,,,,,,,,,,,,,,,,,,,,,,,,,,,,,,,,,,,,,,,,,,,,,,,,,,,,,,,,,,,,,,,
2025-12-05 09:00:00+00:00,e1108,Level 11,50.0,Maintenance Soon,50.0,50.0,50.0,50.0,50.0,,,2.3986666666678502,0.8069691358032287,1.5916975308646215,,,,,,,,,,,,,,,,,,,,,,,,,,,,,,,,,,,,,,,,,,,,,,,,,,,,,,,,,,,,,,,,,,,,,
2025-12-05 10:00:00+00:00,e1108,Level 11,50.0,Maintenance Soon,50.0,50.0,50.0,50.0,50.0,,,2.235999999997148,0.7975308641968392,1.4384691358003088,,,,,,,,,,,,,,,,,,,,,,,,,,,,,,,,,,,,,,,,,,,,,,,,,,,,,,,,,,,,,,,,,,,,,
2025-12-05 11:00:00+00:00,e1108,Level 11,50.0,Maintenance Soon,50.0,50.0,50.0,50.0,50.0,,,2.3727407407423016,0.7639999999992142,1.6087407407430874,,,,,,,,,,,,,,,,,,,,,,,,,,,,,,,,,,,,,,,,,,,,,,,,,,,,,,,,,,,,,,,,,,,,,
2025-12-05 12:00:00+00:00,e1108,Level 11,50.0,Maintenance Soon,50.0,50.0,50.0,50.0,50.0,,,2.4092592592569417,0.7555674470446926,1.6536918122122493,,,,,,,,,,,,,,,,,,,,,,,,,,,,,,,,,,,,,,,,,,,,,,,,,,,,,,,,,,,,,,,,,,,,,
2025-12-05 13:00:00+00:00,e1108,Level 11,50.0,Maintenance Soon,50.0,50.0,50.0,50.0,50.0,,,2.333999999998923,0.7955436640659173,1.538456335933006,,,,,,,,,,,,,,,,,,,,,,,,,,,,,,,,,,,,,,,,,,,,,,,,,,,,,,,,,,,,,,,,,,,,,
2025-12-05 14:00:00+00:00,e1108,Level 11,50.0,Maintenance Soon,50.0,50.0,50.0,50.0,50.0,,,2.3352307692330214,0.8088888888887595,1.526341880344262,,,,,,,,,,,,,,,,,,,,,,,,,,,,,,,,,,,,,,,,,,,,,,,,,,,,,,,,,,,,,,,,,,,,,
2025-12-05 15:00:00+00:00,e1108,Level 11,50.0,Maintenance Soon,50.0,50.0,50.0,50.0,50.0,,,2.4474358974366623,0.7968717948715494,1.650564102565113,,,,,,,,,,,,,,,,,,,,,,,,,,,,,,,,,,,,,,,,,,,,,,,,,,,,,,,,,,,,,,,,,,,,,
2025-12-05 16:00:00+00:00,e1108,Level 11,50.0,Maintenance Soon,50.0,50.0,50.0,50.0,50.0,,,2.452564102564793,0.8149059829071726,1.6376581196576203,,,,,,,,,,,,,,,,,,,,,,,,,,,,,,,,,,,,,,,,,,,,,,,,,,,,,,,,,,,,,,,,,,,,,
2025-12-05 17:00:00+00:00,e1108,Level 11,50.0,Maintenance Soon,50.0,50.0,50.0,50.0,50.0,,,2.436324786322075,0.7682222222210839,1.668102564100991,,,,,,,,,,,,,,,,,,,,,,,,,,,,,,,,,,,,,,,,,,,,,,,,,,,,,,,,,,,,,,,,,,,,,
2025-12-05 18:00:00+00:00,e1108,Level 11,50.0,Maintenance Soon,50.0,50.0,50.0,50.0,50.0,,,2.5551587301597465,0.7912219274985546,1.763936802661192,,,,,,,,,,,,,,,,,,,,,,,,,,,,,,,,,,,,,,,,,,,,,,,,,,,,,,,,,,,,,,,,,,,,,
2025-12-05 19:00:00+00:00,e1108,Level 11,50.0,Maintenance Soon,50.0,50.0,50.0,50.0,50.0,,,2.632142857142753,0.8355002947246248,1.7966425624181284,,,,,,,,,,,,,,,,,,,,,,,,,,,,,,,,,,,,,,,,,,,,,,,,,,,,,,,,,,,,,,,,,,,,,
2025-12-05 20:00:00+00:00,e1108,Level 11,50.0,Maintenance Soon,50.0,50.0,50.0,50.0,50.0,,,2.649735449733271,0.8519444444452043,1.7977910052880666,,,,,,,,,,,,,,,,,,,,,,,,,,,,,,,,,,,,,,,,,,,,,,,,,,,,,,,,,,,,,,,,,,,,,
2025-12-05 21:00:00+00:00,e1108,Level 11,50.0,Maintenance Soon,50.0,50.0,50.0,50.0,50.0,,,2.462962962963502,0.8102380952356422,1.65272486772786,,,,,,,,,,,,,,,,,,,,,,,,,,,,,,,,,,,,,,,,,,,,,,,,,,,,,,,,,,,,,,,,,,,,,
2025-12-05 22:00:00+00:00,e1108,Level 11,50.0,Maintenance Soon,50.0,50.0,50.0,50.0,50.0,,,2.49629629629635,0.8629598338751142,1.633336462421236,,,,,,,,,,,,,,,,,,,,,,,,,,,,,,,,,,,,,,,,,,,,,,,,,,,,,,,,,,,,,,,,,,,,,
2025-12-05 23:00:00+00:00,e1108,Level 11,50.0,Maintenance Soon,50.0,50.0,50.0,50.0,50.0,,,2.6171136653938447,0.8577544518411742,1.7593592135526706,,,,,,,,,,,,,,,,,,,,,,,,,,,,,,,,,,,,,,,,,,,,,,,,,,,,,,,,,,,,,,,,,,,,,
2025-12-06 00:00:00+00:00,e1108,Level 11,50.0,Maintenance Soon,50.0,50.0,50.0,50.0,50.0,,,2.6088122605324315,0.8554673721337167,1.7533448883987148,,,,,,,,,,,,,,,,,,,,,,,,,,,,,,,,,,,,,,,,,,,,,,,,,,,,,,,,,,,,,,,,,,,,,
2025-12-06 01:00:00+00:00,e1108,Level 11,50.0,Maintenance Soon,50.0,50.0,50.0,50.0,50.0,,,2.5333333333328483,0.8874739458078693,1.645859387524979,,,,,,,,,,,,,,,,,,,,,,,,,,,,,,,,,,,,,,,,,,,,,,,,,,,,,,,,,,,,,,,,,,,,,
2025-12-06 02:00:00+00:00,e1108,Level 11,50.0,Maintenance Soon,50.0,50.0,50.0,50.0,50.0,,,2.511965811969276,0.8312345062343715,1.6807313057349045,,,,,,,,,,,,,,,,,,,,,,,,,,,,,,,,,,,,,,,,,,,,,,,,,,,,,,,,,,,,,,,,,,,,,
2025-12-06 03:00:00+00:00,e1108,Level 11,50.0,Maintenance Soon,50.0,50.0,50.0,50.0,50.0,,,2.342307692306349,0.780769230768783,1.561538461537566,,,,,,,,,,,,,,,,,,,,,,,,,,,,,,,,,,,,,,,,,,,,,,,,,,,,,,,,,,,,,,,,,,,,,
2025-12-06 04:00:00+00:00,e1108,Level 11,50.0,Maintenance Soon,50.0,50.0,50.0,50.0,50.0,,,2.390615384618286,0.7914888709468263,1.5991265136714596,,,,,,,,,,,,,,,,,,,,,,,,,,,,,,,,,,,,,,,,,,,,,,,,,,,,,,,,,,,,,,,,,,,,,
2025-12-06 05:00:00+00:00,e1108,Level 11,50.0,Maintenance Soon,50.0,50.0,50.0,50.0,50.0,,,2.351692307689518,0.8713316418725299,1.4803606658169883,,,,,,,,,,,,,,,,,,,,,,,,,,,,,,,,,,,,,,,,,,,,,,,,,,,,,,,,,,,,,,,,,,,,,
2025-12-06 06:00:00+00:00,e1108,Level 11,50.0,Maintenance Soon,50.0,50.0,50.0,50.0,50.0,,,2.35064102564138,0.8272820512841766,1.5233589743572034,,,,,,,,,,,,,,,,,,,,,,,,,,,,,,,,,,,,,,,,,,,,,,,,,,,,,,,,,,,,,,,,,,,,,
2025-12-06 07:00:00+00:00,e1108,Level 11,50.0,Maintenance Soon,50.0,50.0,50.0,50.0,50.0,,,2.3185897435869265,0.7515641025638615,1.567025641023065,,,,,,,,,,,,,,,,,,,,,,,,,,,,,,,,,,,,,,,,,,,,,,,,,,,,,,,,,,,,,,,,,,,,,
2025-12-06 08:00:00+00:00,e1108,Level 11,50.0,Maintenance Soon,50.0,50.0,50.0,50.0,50.0,,,2.306410256413073,0.8002136752135508,1.5061965811995228,,,,,,,,,,,,,,,,,,,,,,,,,,,,,,,,,,,,,,,,,,,,,,,,,,,,,,,,,,,,,,,,,,,,,
2025-12-06 09:00:00+00:00,e1108,Level 11,50.0,Maintenance Soon,50.0,50.0,50.0,50.0,50.0,,,2.248666666670033,0.8162222222223742,1.432444444447659,,,,,,,,,,,,,,,,,,,,,,,,,,,,,,,,,,,,,,,,,,,,,,,,,,,,,,,,,,,,,,,,,,,,,
2025-12-06 10:00:00+00:00,e1108,Level 11,50.0,Maintenance Soon,50.0,50.0,50.0,50.0,50.0,,,2.259666666664998,0.7453333333323826,1.5143333333326154,,,,,,,,,,,,,,,,,,,,,,,,,,,,,,,,,,,,,,,,,,,,,,,,,,,,,,,,,,,,,,,,,,,,,
2025-12-06 11:00:00+00:00,e1108,Level 11,50.0,Maintenance Soon,50.0,50.0,50.0,50.0,50.0,,,2.2083333333321207,0.8196410256411278,1.388692307690993,,,,,,,,,,,,,,,,,,,,,,,,,,,,,,,,,,,,,,,,,,,,,,,,,,,,,,,,,,,,,,,,,,,,,
2025-12-06 12:00:00+00:00,e1108,Level 11,50.0,Maintenance Soon,50.0,50.0,50.0,50.0,50.0,,,2.323999999996886,0.8410256410255291,1.4829743589713569,,,,,,,,,,,,,,,,,,,,,,,,,,,,,,,,,,,,,,,,,,,,,,,,,,,,,,,,,,,,,,,,,,,,,
2025-12-06 13:00:00+00:00,e1108,Level 11,50.0,Maintenance Soon,50.0,50.0,50.0,50.0,50.0,,,2.3960000000006403,0.7779999999996411,1.618000000000999,,,,,,,,,,,,,,,,,,,,,,,,,,,,,,,,,,,,,,,,,,,,,,,,,,,,,,,,,,,,,,,,,,,,,
2025-12-06 14:00:00+00:00,e1108,Level 11,50.0,Maintenance Soon,50.0,50.0,50.0,50.0,50.0,,,2.5146153846180823,0.7853068081349193,1.729308576483163,,,,,,,,,,,,,,,,,,,,,,,,,,,,,,,,,,,,,,,,,,,,,,,,,,,,,,,,,,,,,,,,,,,,,
2025-12-06 15:00:00+00:00,e1108,Level 11,50.0,Maintenance Soon,50.0,50.0,50.0,50.0,50.0,,,2.5,0.8838834856081424,1.6161165143918574,,,,,,,,,,,,,,,,,,,,,,,,,,,,,,,,,,,,,,,,,,,,,,,,,,,,,,,,,,,,,,,,,,,,,
2025-12-06 16:00:00+00:00,e1108,Level 11,50.0,Maintenance Soon,50.0,50.0,50.0,50.0,50.0,,,2.44686609686687,0.8758866293343696,1.5709794675325006,,,,,,,,,,,,,,,,,,,,,,,,,,,,,,,,,,,,,,,,,,,,,,,,,,,,,,,,,,,,,,,,,,,,,
2025-12-06 17:00:00+00:00,e1108,Level 11,50.0,Maintenance Soon,50.0,50.0,50.0,50.0,50.0,,,2.5220899470914446,0.8173165954406917,1.7047733516507528,,,,,,,,,,,,,,,,,,,,,,,,,,,,,,,,,,,,,,,,,,,,,,,,,,,,,,,,,,,,,,,,,,,,,
2025-12-06 18:00:00+00:00,e1108,Level 11,50.0,Maintenance Soon,50.0,50.0,50.0,50.0,50.0,,,2.4364285714254947,0.8901009869769041,1.5463275844485906,,,,,,,,,,,,,,,,,,,,,,,,,,,,,,,,,,,,,,,,,,,,,,,,,,,,,,,,,,,,,,,,,,,,,
2025-12-06 19:00:00+00:00,e1108,Level 11,50.0,Maintenance Soon,50.0,50.0,50.0,50.0,50.0,,,2.4457142857136205,0.900457875457505,1.5452564102561157,,,,,,,,,,,,,,,,,,,,,,,,,,,,,,,,,,,,,,,,,,,,,,,,,,,,,,,,,,,,,,,,,,,,,
2025-12-06 20:00:00+00:00,e1108,Level 11,50.0,Maintenance Soon,50.0,50.0,50.0,50.0,50.0,,,2.614285714284051,0.886275452941239,1.728010261342812,,,,,,,,,,,,,,,,,,,,,,,,,,,,,,,,,,,,,,,,,,,,,,,,,,,,,,,,,,,,,,,,,,,,,
2025-12-06 21:00:00+00:00,e1108,Level 11,50.0,Maintenance Soon,50.0,50.0,50.0,50.0,50.0,,,2.633333333335031,0.856052589386915,1.7772807439481162,,,,,,,,,,,,,,,,,,,,,,,,,,,,,,,,,,,,,,,,,,,,,,,,,,,,,,,,,,,,,,,,,,,,,
2025-12-06 22:00:00+00:00,e1108,Level 11,50.0,Maintenance Soon,50.0,50.0,50.0,50.0,50.0,,,2.598809523809905,0.8854013767983512,1.713408147011554,,,,,,,,,,,,,,,,,,,,,,,,,,,,,,,,,,,,,,,,,,,,,,,,,,,,,,,,,,,,,,,,,,,,,
2025-12-06 23:00:00+00:00,e1108,Level 11,50.0,Maintenance Soon,50.0,50.0,50.0,50.0,50.0,,,2.76096059113479,0.887424985239098,1.873535605895692,,,,,,,,,,,,,,,,,,,,,,,,,,,,,,,,,,,,,,,,,,,,,,,,,,,,,,,,,,,,,,,,,,,,,
2025-12-07 00:00:00+00:00,e1108,Level 11,50.0,Maintenance Soon,50.0,50.0,50.0,50.0,50.0,,,2.4610632183903363,0.896485807273469,1.564577411116867,,,,,,,,,,,,,,,,,,,,,,,,,,,,,,,,,,,,,,,,,,,,,,,,,,,,,,,,,,,,,,,,,,,,,
2025-12-07 01:00:00+00:00,e1108,Level 11,50.0,Maintenance Soon,50.0,50.0,50.0,50.0,50.0,,,2.5680555555554747,0.8777777777783436,1.6902777777771312,,,,,,,,,,,,,,,,,,,,,,,,,,,,,,,,,,,,,,,,,,,,,,,,,,,,,,,,,,,,,,,,,,,,,
2025-12-07 02:00:00+00:00,e1108,Level 11,50.0,Maintenance Soon,50.0,50.0,50.0,50.0,50.0,,,2.4393162393171224,0.8430690637602917,1.5962471755568308,,,,,,,,,,,,,,,,,,,,,,,,,,,,,,,,,,,,,,,,,,,,,,,,,,,,,,,,,,,,,,,,,,,,,
2025-12-07 03:00:00+00:00,e1108,Level 11,50.0,Maintenance Soon,50.0,50.0,50.0,50.0,50.0,,,2.3784615384611243,0.8083554376656442,1.57010610079548,,,,,,,,,,,,,,,,,,,,,,,,,,,,,,,,,,,,,,,,,,,,,,,,,,,,,,,,,,,,,,,,,,,,,
2025-12-07 04:00:00+00:00,e1108,Level 11,50.0,Maintenance Soon,50.0,50.0,50.0,50.0,50.0,,,2.327999999997701,0.8186666666673167,1.509333333330384,,,,,,,,,,,,,,,,,,,,,,,,,,,,,,,,,,,,,,,,,,,,,,,,,,,,,,,,,,,,,,,,,,,,,
2025-12-07 05:00:00+00:00,e1108,Level 11,50.0,Maintenance Soon,50.0,50.0,50.0,50.0,50.0,,,2.385846153847524,0.7954358974347997,1.5904102564127245,,,,,,,,,,,,,,,,,,,,,,,,,,,,,,,,,,,,,,,,,,,,,,,,,,,,,,,,,,,,,,,,,,,,,
2025-12-07 06:00:00+00:00,e1108,Level 11,50.0,Maintenance Soon,50.0,50.0,50.0,50.0,50.0,,,2.373076923075132,0.810927960928287,1.562148962146845,,,,,,,,,,,,,,,,,,,,,,,,,,,,,,,,,,,,,,,,,,,,,,,,,,,,,,,,,,,,,,,,,,,,,
2025-12-07 07:00:00+00:00,e1108,Level 11,50.0,Maintenance Soon,50.0,50.0,50.0,50.0,50.0,,,2.419230769231945,0.7800501967152135,1.639180572516731,,,,,,,,,,,,,,,,,,,,,,,,,,,,,,,,,,,,,,,,,,,,,,,,,,,,,,,,,,,,,,,,,,,,,
2025-12-07 08:00:00+00:00,e1108,Level 11,50.0,Maintenance Soon,50.0,50.0,50.0,50.0,50.0,,,2.4307692307666,0.8009021842359895,1.6298670465306109,,,,,,,,,,,,,,,,,,,,,,,,,,,,,,,,,,,,,,,,,,,,,,,,,,,,,,,,,,,,,,,,,,,,,
2025-12-07 09:00:00+00:00,e1108,Level 11,50.0,Maintenance Soon,50.0,50.0,50.0,50.0,50.0,,,2.473076923080953,0.7662222222243145,1.7068547008566384,,,,,,,,,,,,,,,,,,,,,,,,,,,,,,,,,,,,,,,,,,,,,,,,,,,,,,,,,,,,,,,,,,,,,
2025-12-07 10:00:00+00:00,e1108,Level 11,50.0,Maintenance Soon,50.0,50.0,50.0,50.0,50.0,,,2.4153846153822087,0.7698888888880902,1.6454957264941186,,,,,,,,,,,,,,,,,,,,,,,,,,,,,,,,,,,,,,,,,,,,,,,,,,,,,,,,,,,,,,,,,,,,,
2025-12-07 11:00:00+00:00,e1108,Level 11,50.0,Maintenance Soon,50.0,50.0,50.0,50.0,50.0,,,2.442307692308532,0.7527777777783436,1.6895299145301883,,,,,,,,,,,,,,,,,,,,,,,,,,,,,,,,,,,,,,,,,,,,,,,,,,,,,,,,,,,,,,,,,,,,,
2025-12-07 12:00:00+00:00,e1108,Level 11,50.0,Maintenance Soon,50.0,50.0,50.0,50.0,50.0,,,2.457692307692924,0.8016781609173146,1.6560141467756089,,,,,,,,,,,,,,,,,,,,,,,,,,,,,,,,,,,,,,,,,,,,,,,,,,,,,,,,,,,,,,,,,,,,,
2025-12-07 13:00:00+00:00,e1108,Level 11,50.0,Maintenance Soon,50.0,50.0,50.0,50.0,50.0,,,2.531043956045324,0.8216551724156792,1.709388783629644,,,,,,,,,,,,,,,,,,,,,,,,,,,,,,,,,,,,,,,,,,,,,,,,,,,,,,,,,,,,,,,,,,,,,
2025-12-07 14:00:00+00:00,e1108,Level 11,50.0,Maintenance Soon,50.0,50.0,50.0,50.0,50.0,,,2.522089947087806,0.8382051282060274,1.6838848188817792,,,,,,,,,,,,,,,,,,,,,,,,,,,,,,,,,,,,,,,,,,,,,,,,,,,,,,,,,,,,,,,,,,,,,
2025-12-07 15:00:00+00:00,e1108,Level 11,50.0,Maintenance Soon,50.0,50.0,50.0,50.0,50.0,,,2.5333333333328483,0.8654320987625397,1.6679012345703086,,,,,,,,,,,,,,,,,,,,,,,,,,,,,,,,,,,,,,,,,,,,,,,,,,,,,,,,,,,,,,,,,,,,,
2025-12-07 16:00:00+00:00,e1108,Level 11,50.0,Maintenance Soon,50.0,50.0,50.0,50.0,50.0,,,2.548148148151085,0.8501899335242342,1.6979582146268513,,,,,,,,,,,,,,,,,,,,,,,,,,,,,,,,,,,,,,,,,,,,,,,,,,,,,,,,,,,,,,,,,,,,,
2025-12-07 17:00:00+00:00,e1108,Level 11,50.0,Maintenance Soon,50.0,50.0,50.0,50.0,50.0,,,2.577777777776646,0.8406966490304816,1.7370811287461645,,,,,,,,,,,,,,,,,,,,,,,,,,,,,,,,,,,,,,,,,,,,,,,,,,,,,,,,,,,,,,,,,,,,,
2025-12-07 18:00:00+00:00,e1108,Level 11,50.0,Maintenance Soon,50.0,50.0,50.0,50.0,50.0,,,2.598084291184932,0.850604395604023,1.7474798955809092,,,,,,,,,,,,,,,,,,,,,,,,,,,,,,,,,,,,,,,,,,,,,,,,,,,,,,,,,,,,,,,,,,,,,
2025-12-07 19:00:00+00:00,e1108,Level 11,50.0,Maintenance Soon,50.0,50.0,50.0,50.0,50.0,,,2.6517241379333427,0.8757012879589942,1.7760228499743484,,,,,,,,,,,,,,,,,,,,,,,,,,,,,,,,,,,,,,,,,,,,,,,,,,,,,,,,,,,,,,,,,,,,,
2025-12-07 20:00:00+00:00,e1108,Level 11,50.0,Maintenance Soon,50.0,50.0,50.0,50.0,50.0,,,2.679310344825353,0.8725038402456752,1.806806504579678,,,,,,,,,,,,,,,,,,,,,,,,,,,,,,,,,,,,,,,,,,,,,,,,,,,,,,,,,,,,,,,,,,,,,
2025-12-07 21:00:00+00:00,e1108,Level 11,50.0,Maintenance Soon,50.0,50.0,50.0,50.0,50.0,,,2.639532019707985,0.8777777777783436,1.761754241929642,,,,,,,,,,,,,,,,,,,,,,,,,,,,,,,,,,,,,,,,,,,,,,,,,,,,,,,,,,,,,,,,,,,,,
2025-12-07 22:00:00+00:00,e1108,Level 11,50.0,Maintenance Soon,50.0,50.0,50.0,50.0,50.0,,,2.65701970443115,0.929595494110496,1.727424210320654,,,,,,,,,,,,,,,,,,,,,,,,,,,,,,,,,,,,,,,,,,,,,,,,,,,,,,,,,,,,,,,,,,,,,
2025-12-07 23:00:00+00:00,e1108,Level 11,50.0,Maintenance Soon,50.0,50.0,50.0,50.0,50.0,,,2.566922094505572,0.9438993061085056,1.6230227883970656,,,,,,,,,,,,,,,,,,,,,,,,,,,,,,,,,,,,,,,,,,,,,,,,,,,,,,,,,,,,,,,,,,,,,
2025-12-08 00:00:00+00:00,e1108,Level 11,50.0,Maintenance Soon,50.0,50.0,50.0,50.0,50.0,,,2.5333333333364862,0.833449644225766,1.6998836891107203,,,,,,,,,,,,,,,,,,,,,,,,,,,,,,,,,,,,,,,,,,,,,,,,,,,,,,,,,,,,,,,,,,,,,
2025-12-08 01:00:00+00:00,e1108,Level 11,50.0,Maintenance Soon,50.0,50.0,50.0,50.0,50.0,,,2.3962962962978054,0.8996693121698627,1.4966269841279427,,,,,,,,,,,,,,,,,,,,,,,,,,,,,,,,,,,,,,,,,,,,,,,,,,,,,,,,,,,,,,,,,,,,,
2025-12-08 02:00:00+00:00,e1108,Level 11,50.0,Maintenance Soon,50.0,50.0,50.0,50.0,50.0,,,2.249999999996362,0.8669854836516606,1.3830145163447014,,,,,,,,,,,,,,,,,,,,,,,,,,,,,,,,,,,,,,,,,,,,,,,,,,,,,,,,,,,,,,,,,,,,,
2025-12-08 03:00:00+00:00,e1108,Level 11,50.0,Maintenance Soon,50.0,50.0,50.0,50.0,50.0,,,2.2375000000029104,0.7952896486215953,1.442210351381315,,,,,,,,,,,,,,,,,,,,,,,,,,,,,,,,,,,,,,,,,,,,,,,,,,,,,,,,,,,,,,,,,,,,,
2025-12-08 04:00:00+00:00,e1108,Level 11,50.0,Maintenance Soon,50.0,50.0,50.0,50.0,50.0,,,2.22916666666788,0.7967875457882959,1.4323791208795833,,,,,,,,,,,,,,,,,,,,,,,,,,,,,,,,,,,,,,,,,,,,,,,,,,,,,,,,,,,,,,,,,,,,,
2025-12-08 05:00:00+00:00,e1108,Level 11,50.0,Maintenance Soon,50.0,50.0,50.0,50.0,50.0,,,2.315333333332092,0.8411611721615676,1.474172161170524,,,,,,,,,,,,,,,,,,,,,,,,,,,,,,,,,,,,,,,,,,,,,,,,,,,,,,,,,,,,,,,,,,,,,
2025-12-08 06:00:00+00:00,e1108,Level 11,50.0,Maintenance Soon,50.0,50.0,50.0,50.0,50.0,,,2.255499999999301,0.791025641025044,1.4644743589742577,,,,,,,,,,,,,,,,,,,,,,,,,,,,,,,,,,,,,,,,,,,,,,,,,,,,,,,,,,,,,,,,,,,,,
2025-12-08 07:00:00+00:00,e1108,Level 11,50.0,Maintenance Soon,50.0,50.0,50.0,50.0,50.0,,,2.129891304350167,0.8128205128208114,1.3170707915293556,,,,,,,,,,,,,,,,,,,,,,,,,,,,,,,,,,,,,,,,,,,,,,,,,,,,,,,,,,,,,,,,,,,,,
2025-12-08 08:00:00+00:00,e1108,Level 11,50.0,Maintenance Soon,50.0,50.0,50.0,50.0,50.0,,,2.156521739128948,0.8878461538455061,1.2686755852834417,,,,,,,,,,,,,,,,,,,,,,,,,,,,,,,,,,,,,,,,,,,,,,,,,,,,,,,,,,,,,,,,,,,,,
2025-12-08 09:00:00+00:00,e1108,Level 11,50.0,Maintenance Soon,50.0,50.0,50.0,50.0,50.0,,,2.139130434781692,0.8403589743599392,1.2987714604217522,,,,,,,,,,,,,,,,,,,,,,,,,,,,,,,,,,,,,,,,,,,,,,,,,,,,,,,,,,,,,,,,,,,,,
2025-12-08 10:00:00+00:00,e1108,Level 11,50.0,Maintenance Soon,50.0,50.0,50.0,50.0,50.0,,,2.130434782608063,0.8190170940154834,1.3114176885925797,,,,,,,,,,,,,,,,,,,,,,,,,,,,,,,,,,,,,,,,,,,,,,,,,,,,,,,,,,,,,,,,,,,,,
2025-12-08 11:00:00+00:00,e1108,Level 11,50.0,Maintenance Soon,50.0,50.0,50.0,50.0,50.0,,,2.224521739128249,0.8335470085488245,1.390974730579425,,,,,,,,,,,,,,,,,,,,,,,,,,,,,,,,,,,,,,,,,,,,,,,,,,,,,,,,,,,,,,,,,,,,,
2025-12-08 12:00:00+00:00,e1108,Level 11,50.0,Maintenance Soon,50.0,50.0,50.0,50.0,50.0,,,2.2778333333371847,0.8474358974356923,1.4303974359014924,,,,,,,,,,,,,,,,,,,,,,,,,,,,,,,,,,,,,,,,,,,,,,,,,,,,,,,,,,,,,,,,,,,,,
2025-12-08 13:00:00+00:00,e1108,Level 11,50.0,Maintenance Soon,50.0,50.0,50.0,50.0,50.0,,,2.2461666666677047,0.8488095238099049,1.3973571428577998,,,,,,,,,,,,,,,,,,,,,,,,,,,,,,,,,,,,,,,,,,,,,,,,,,,,,,,,,,,,,,,,,,,,,
2025-12-08 14:00:00+00:00,e1108,Level 11,50.0,Maintenance Soon,50.0,50.0,50.0,50.0,50.0,,,2.291333333334478,0.8728395061722646,1.4184938271622136,,,,,,,,,,,,,,,,,,,,,,,,,,,,,,,,,,,,,,,,,,,,,,,,,,,,,,,,,,,,,,,,,,,,,
2025-12-08 15:00:00+00:00,e1108,Level 11,50.0,Maintenance Soon,50.0,50.0,50.0,50.0,50.0,,,2.383333333331393,0.8641534391523843,1.519179894179009,,,,,,,,,,,,,,,,,,,,,,,,,,,,,,,,,,,,,,,,,,,,,,,,,,,,,,,,,,,,,,,,,,,,,
2025-12-08 16:00:00+00:00,e1108,Level 11,50.0,Maintenance Soon,50.0,50.0,50.0,50.0,50.0,,,2.521794871794554,0.8641975308673864,1.6575973409271685,,,,,,,,,,,,,,,,,,,,,,,,,,,,,,,,,,,,,,,,,,,,,,,,,,,,,,,,,,,,,,,,,,,,,
2025-12-08 17:00:00+00:00,e1108,Level 11,50.0,Maintenance Soon,50.0,50.0,50.0,50.0,50.0,,,2.7356763925745327,0.8837037037010305,1.8519726888735024,,,,,,,,,,,,,,,,,,,,,,,,,,,,,,,,,,,,,,,,,,,,,,,,,,,,,,,,,,,,,,,,,,,,,
2025-12-08 18:00:00+00:00,e1108,Level 11,50.0,Maintenance Soon,50.0,50.0,50.0,50.0,50.0,,,2.658004926106514,0.8813272423600816,1.7766776837464326,,,,,,,,,,,,,,,,,,,,,,,,,,,,,,,,,,,,,,,,,,,,,,,,,,,,,,,,,,,,,,,,,,,,,
2025-12-08 19:00:00+00:00,e1108,Level 11,50.0,Maintenance Soon,50.0,50.0,50.0,50.0,50.0,,,2.6557881773405825,0.9108311229016788,1.744957054438904,,,,,,,,,,,,,,,,,,,,,,,,,,,,,,,,,,,,,,,,,,,,,,,,,,,,,,,,,,,,,,,,,,,,,
2025-12-08 20:00:00+00:00,e1108,Level 11,50.0,Maintenance Soon,50.0,50.0,50.0,50.0,50.0,,,2.733497536941286,0.9167593622551068,1.81673817468618,,,,,,,,,,,,,,,,,,,,,,,,,,,,,,,,,,,,,,,,,,,,,,,,,,,,,,,,,,,,,,,,,,,,,
2025-12-08 21:00:00+00:00,e1108,Level 11,50.0,Maintenance Soon,50.0,50.0,50.0,50.0,50.0,,,2.839285714286234,0.8907119021144657,1.948573812171768,,,,,,,,,,,,,,,,,,,,,,,,,,,,,,,,,,,,,,,,,,,,,,,,,,,,,,,,,,,,,,,,,,,,,
2025-12-08 22:00:00+00:00,e1108,Level 11,50.0,Maintenance Soon,50.0,50.0,50.0,50.0,50.0,,,2.75,0.917816091953379,1.832183908046621,,,,,,,,,,,,,,,,,,,,,,,,,,,,,,,,,,,,,,,,,,,,,,,,,,,,,,,,,,,,,,,,,,,,,
2025-12-08 23:00:00+00:00,e1108,Level 11,50.0,Maintenance Soon,50.0,50.0,50.0,50.0,50.0,,,2.646693121696444,0.8734978410248004,1.7731952806716436,,,,,,,,,,,,,,,,,,,,,,,,,,,,,,,,,,,,,,,,,,,,,,,,,,,,,,,,,,,,,,,,,,,,,
2025-12-09 00:00:00+00:00,e1108,Level 11,50.0,Maintenance Soon,50.0,50.0,50.0,50.0,50.0,,,2.420592592588946,0.859920634922067,1.5606719576668788,,,,,,,,,,,,,,,,,,,,,,,,,,,,,,,,,,,,,,,,,,,,,,,,,,,,,,,,,,,,,,,,,,,,,
2025-12-09 01:00:00+00:00,e1108,Level 11,50.0,Maintenance Soon,50.0,50.0,50.0,50.0,50.0,,,2.364307692310831,0.8231244064578883,1.5411832858529428,,,,,,,,,,,,,,,,,,,,,,,,,,,,,,,,,,,,,,,,,,,,,,,,,,,,,,,,,,,,,,,,,,,,,
2025-12-09 02:00:00+00:00,e1108,Level 11,50.0,Maintenance Soon,50.0,50.0,50.0,50.0,50.0,,,2.391692307690392,0.7689743589738404,1.6227179487165508,,,,,,,,,,,,,,,,,,,,,,,,,,,,,,,,,,,,,,,,,,,,,,,,,,,,,,,,,,,,,,,,,,,,,
2025-12-09 03:00:00+00:00,e1108,Level 11,50.0,Maintenance Soon,50.0,50.0,50.0,50.0,50.0,,,2.257666666668229,0.7691666666675397,1.488500000000689,,,,,,,,,,,,,,,,,,,,,,,,,,,,,,,,,,,,,,,,,,,,,,,,,,,,,,,,,,,,,,,,,,,,,
2025-12-09 04:00:00+00:00,e1108,Level 11,50.0,Maintenance Soon,50.0,50.0,50.0,50.0,50.0,,,2.381410256410163,0.7697222222232085,1.6116880341869546,,,,,,,,,,,,,,,,,,,,,,,,,,,,,,,,,,,,,,,,,,,,,,,,,,,,,,,,,,,,,,,,,,,,,
2025-12-09 05:00:00+00:00,e1108,Level 11,50.0,Maintenance Soon,50.0,50.0,50.0,50.0,50.0,,,2.31442307692123,0.8139999999996993,1.5004230769215303,,,,,,,,,,,,,,,,,,,,,,,,,,,,,,,,,,,,,,,,,,,,,,,,,,,,,,,,,,,,,,,,,,,,,
2025-12-09 06:00:00+00:00,e1108,Level 11,50.0,Maintenance Soon,50.0,50.0,50.0,50.0,50.0,,,2.2585000000035507,0.7955881226043857,1.462911877399165,,,,,,,,,,,,,,,,,,,,,,,,,,,,,,,,,,,,,,,,,,,,,,,,,,,,,,,,,,,,,,,,,,,,,
2025-12-09 07:00:00+00:00,e1108,Level 11,50.0,Maintenance Soon,50.0,50.0,50.0,50.0,50.0,,,2.2344347826074227,0.7306534232884587,1.503781359318964,,,,,,,,,,,,,,,,,,,,,,,,,,,,,,,,,,,,,,,,,,,,,,,,,,,,,,,,,,,,,,,,,,,,,
2025-12-09 08:00:00+00:00,e1108,Level 11,50.0,Maintenance Soon,50.0,50.0,50.0,50.0,50.0,,,2.1739130434762046,0.7188405797096493,1.4550724637665553,,,,,,,,,,,,,,,,,,,,,,,,,,,,,,,,,,,,,,,,,,,,,,,,,,,,,,,,,,,,,,,,,,,,,
2025-12-09 09:00:00+00:00,e1108,Level 11,50.0,Maintenance Soon,50.0,50.0,50.0,50.0,50.0,,,2.2036521739137243,0.7357101449269976,1.4679420289867269,,,,,,,,,,,,,,,,,,,,,,,,,,,,,,,,,,,,,,,,,,,,,,,,,,,,,,,,,,,,,,,,,,,,,
2025-12-09 10:00:00+00:00,e1108,Level 11,50.0,Maintenance Soon,50.0,50.0,50.0,50.0,50.0,,,2.3520000000025902,0.720811594203648,1.6311884057989423,,,,,,,,,,,,,,,,,,,,,,,,,,,,,,,,,,,,,,,,,,,,,,,,,,,,,,,,,,,,,,,,,,,,,
2025-12-09 11:00:00+00:00,e1108,Level 11,50.0,Maintenance Soon,50.0,50.0,50.0,50.0,50.0,,,2.359230769230635,0.7415072463760831,1.617723522854552,,,,,,,,,,,,,,,,,,,,,,,,,,,,,,,,,,,,,,,,,,,,,,,,,,,,,,,,,,,,,,,,,,,,,
2025-12-09 12:00:00+00:00,e1108,Level 11,50.0,Maintenance Soon,50.0,50.0,50.0,50.0,50.0,,,2.302508361201035,0.7700304659507916,1.5324778952502434,,,,,,,,,,,,,,,,,,,,,,,,,,,,,,,,,,,,,,,,,,,,,,,,,,,,,,,,,,,,,,,,,,,,,
2025-12-09 13:00:00+00:00,e1108,Level 11,50.0,Maintenance Soon,50.0,50.0,50.0,50.0,50.0,,,2.1217391304380726,0.7713028673836865,1.350436263054386,,,,,,,,,,,,,,,,,,,,,,,,,,,,,,,,,,,,,,,,,,,,,,,,,,,,,,,,,,,,,,,,,,,,,
2025-12-09 14:00:00+00:00,e1108,Level 11,50.0,Maintenance Soon,50.0,50.0,50.0,50.0,50.0,,,2.2285217391290644,0.7637777777781594,1.464743961350905,,,,,,,,,,,,,,,,,,,,,,,,,,,,,,,,,,,,,,,,,,,,,,,,,,,,,,,,,,,,,,,,,,,,,
2025-12-09 15:00:00+00:00,e1108,Level 11,50.0,Maintenance Soon,50.0,50.0,50.0,50.0,50.0,,,2.0279999999984284,0.8363799283154852,1.191620071682943,,,,,,,,,,,,,,,,,,,,,,,,,,,,,,,,,,,,,,,,,,,,,,,,,,,,,,,,,,,,,,,,,,,,,
2025-12-09 16:00:00+00:00,e1108,Level 11,50.0,Maintenance Soon,50.0,50.0,50.0,50.0,50.0,,,1.7315789473686891,0.8653294733934066,0.8662494739752825,,,,,,,,,,,,,,,,,,,,,,,,,,,,,,,,,,,,,,,,,,,,,,,,,,,,,,,,,,,,,,,,,,,,,
2025-12-09 17:00:00+00:00,e1108,Level 11,50.0,Maintenance Soon,50.0,50.0,50.0,50.0,50.0,,,2.1469924812045065,0.9118921308581776,1.235100350346329,,,,,,,,,,,,,,,,,,,,,,,,,,,,,,,,,,,,,,,,,,,,,,,,,,,,,,,,,,,,,,,,,,,,,
2025-12-09 18:00:00+00:00,e1108,Level 11,50.0,Maintenance Soon,50.0,50.0,50.0,50.0,50.0,,,2.5843915343903063,0.9042812119272032,1.6801103224631029,,,,,,,,,,,,,,,,,,,,,,,,,,,,,,,,,,,,,,,,,,,,,,,,,,,,,,,,,,,,,,,,,,,,,
2025-12-09 19:00:00+00:00,e1108,Level 11,50.0,Maintenance Soon,50.0,50.0,50.0,50.0,50.0,,,2.577777777780284,0.9003164892213439,1.67746128855894,,,,,,,,,,,,,,,,,,,,,,,,,,,,,,,,,,,,,,,,,,,,,,,,,,,,,,,,,,,,,,,,,,,,,
2025-12-09 20:00:00+00:00,e1108,Level 11,50.0,Maintenance Soon,50.0,50.0,50.0,50.0,50.0,,,2.548544973546086,0.9111658456470954,1.6373791278989906,,,,,,,,,,,,,,,,,,,,,,,,,,,,,,,,,,,,,,,,,,,,,,,,,,,,,,,,,,,,,,,,,,,,,
2025-12-09 21:00:00+00:00,e1108,Level 11,50.0,Maintenance Soon,50.0,50.0,50.0,50.0,50.0,,,2.640343915343692,0.9653174603178436,1.6750264550258485,,,,,,,,,,,,,,,,,,,,,,,,,,,,,,,,,,,,,,,,,,,,,,,,,,,,,,,,,,,,,,,,,,,,,
2025-12-09 22:00:00+00:00,e1108,Level 11,50.0,Maintenance Soon,50.0,50.0,50.0,50.0,50.0,,,3.1060846560794744,0.9311111111116284,2.174973544967846,,,,,,,,,,,,,,,,,,,,,,,,,,,,,,,,,,,,,,,,,,,,,,,,,,,,,,,,,,,,,,,,,,,,,
2025-12-09 23:00:00+00:00,e1108,Level 11,50.0,Maintenance Soon,50.0,50.0,50.0,50.0,50.0,,,2.8785714285768336,0.8822310405654813,1.9963403880113524,,,,,,,,,,,,,,,,,,,,,,,,,,,,,,,,,,,,,,,,,,,,,,,,,,,,,,,,,,,,,,,,,,,,,
2025-12-10 00:00:00+00:00,e1108,Level 11,50.0,Maintenance Soon,50.0,50.0,50.0,50.0,50.0,,,2.530158730158292,0.8218067262641853,1.708352003894106,,,,,,,,,,,,,,,,,,,,,,,,,,,,,,,,,,,,,,,,,,,,,,,,,,,,,,,,,,,,,,,,,,,,,
2025-12-10 01:00:00+00:00,e1108,Level 11,50.0,Maintenance Soon,50.0,50.0,50.0,50.0,50.0,,,2.435555555552128,0.806493368701922,1.6290621868502058,,,,,,,,,,,,,,,,,,,,,,,,,,,,,,,,,,,,,,,,,,,,,,,,,,,,,,,,,,,,,,,,,,,,,
2025-12-10 02:00:00+00:00,e1108,Level 11,50.0,Maintenance Soon,50.0,50.0,50.0,50.0,50.0,,,2.4046153846175,0.7972307692301305,1.6073846153873697,,,,,,,,,,,,,,,,,,,,,,,,,,,,,,,,,,,,,,,,,,,,,,,,,,,,,,,,,,,,,,,,,,,,,
2025-12-10 03:00:00+00:00,e1108,Level 11,50.0,Maintenance Soon,50.0,50.0,50.0,50.0,50.0,,,2.7269230769197748,0.7560038314186386,1.970919245501136,,,,,,,,,,,,,,,,,,,,,,,,,,,,,,,,,,,,,,,,,,,,,,,,,,,,,,,,,,,,,,,,,,,,,
2025-12-10 04:00:00+00:00,e1108,Level 11,50.0,Maintenance Soon,50.0,50.0,50.0,50.0,50.0,,,2.581054131056589,0.8236884762748863,1.7573656547817031,,,,,,,,,,,,,,,,,,,,,,,,,,,,,,,,,,,,,,,,,,,,,,,,,,,,,,,,,,,,,,,,,,,,,
2025-12-10 05:00:00+00:00,e1108,Level 11,50.0,Maintenance Soon,50.0,50.0,50.0,50.0,50.0,,,2.511253561253397,0.7714743589737433,1.7397792022796543,,,,,,,,,,,,,,,,,,,,,,,,,,,,,,,,,,,,,,,,,,,,,,,,,,,,,,,,,,,,,,,,,,,,,
2025-12-10 06:00:00+00:00,e1108,Level 11,50.0,Maintenance Soon,50.0,50.0,50.0,50.0,50.0,,,2.3441538461520395,0.7528333333345169,1.5913205128175227,,,,,,,,,,,,,,,,,,,,,,,,,,,,,,,,,,,,,,,,,,,,,,,,,,,,,,,,,,,,,,,,,,,,,
2025-12-10 07:00:00+00:00,e1108,Level 11,50.0,Maintenance Soon,50.0,50.0,50.0,50.0,50.0,,,2.319999999999709,0.7691705685610941,1.5508294314386148,,,,,,,,,,,,,,,,,,,,,,,,,,,,,,,,,,,,,,,,,,,,,,,,,,,,,,,,,,,,,,,,,,,,,
2025-12-10 08:00:00+00:00,e1108,Level 11,50.0,Maintenance Soon,50.0,50.0,50.0,50.0,50.0,,,2.292000000001281,0.7336120401329632,1.5583879598683177,,,,,,,,,,,,,,,,,,,,,,,,,,,,,,,,,,,,,,,,,,,,,,,,,,,,,,,,,,,,,,,,,,,,,
2025-12-10 09:00:00+00:00,e1108,Level 11,50.0,Maintenance Soon,50.0,50.0,50.0,50.0,50.0,,,2.3707692307689285,0.734550724637908,1.6362185061310206,,,,,,,,,,,,,,,,,,,,,,,,,,,,,,,,,,,,,,,,,,,,,,,,,,,,,,,,,,,,,,,,,,,,,
2025-12-10 10:00:00+00:00,e1108,Level 11,50.0,Maintenance Soon,50.0,50.0,50.0,50.0,50.0,,,2.3452307692314207,0.7852820512828961,1.5599487179485243,,,,,,,,,,,,,,,,,,,,,,,,,,,,,,,,,,,,,,,,,,,,,,,,,,,,,,,,,,,,,,,,,,,,,
2025-12-10 11:00:00+00:00,e1108,Level 11,50.0,Maintenance Soon,50.0,50.0,50.0,50.0,50.0,,,2.331999999998516,0.8184615384610273,1.5135384615374885,,,,,,,,,,,,,,,,,,,,,,,,,,,,,,,,,,,,,,,,,,,,,,,,,,,,,,,,,,,,,,,,,,,,,
2025-12-10 12:00:00+00:00,e1108,Level 11,50.0,Maintenance Soon,50.0,50.0,50.0,50.0,50.0,,,2.287833333335584,0.7675027870670116,1.5203305462685726,,,,,,,,,,,,,,,,,,,,,,,,,,,,,,,,,,,,,,,,,,,,,,,,,,,,,,,,,,,,,,,,,,,,,
2025-12-10 13:00:00+00:00,e1108,Level 11,50.0,Maintenance Soon,50.0,50.0,50.0,50.0,50.0,,,2.121557971011498,0.7072463768126909,1.4143115941988071,,,,,,,,,,,,,,,,,,,,,,,,,,,,,,,,,,,,,,,,,,,,,,,,,,,,,,,,,,,,,,,,,,,,,
2025-12-10 14:00:00+00:00,e1108,Level 11,50.0,Maintenance Soon,50.0,50.0,50.0,50.0,50.0,,,2.2556856187329686,0.7707975689566714,1.484888049776297,,,,,,,,,,,,,,,,,,,,,,,,,,,,,,,,,,,,,,,,,,,,,,,,,,,,,,,,,,,,,,,,,,,,,
2025-12-10 15:00:00+00:00,e1108,Level 11,50.0,Maintenance Soon,50.0,50.0,50.0,50.0,50.0,,,2.1860139860145864,0.7147096774194021,1.4713043085951845,,,,,,,,,,,,,,,,,,,,,,,,,,,,,,,,,,,,,,,,,,,,,,,,,,,,,,,,,,,,,,,,,,,,,
2025-12-10 16:00:00+00:00,e1108,Level 11,50.0,Maintenance Soon,50.0,50.0,50.0,50.0,50.0,,,2.145075757573068,0.5771929824562297,1.5678827751168378,,,,,,,,,,,,,,,,,,,,,,,,,,,,,,,,,,,,,,,,,,,,,,,,,,,,,,,,,,,,,,,,,,,,,
2025-12-10 17:00:00+00:00,e1108,Level 11,50.0,Maintenance Soon,50.0,50.0,50.0,50.0,50.0,,,2.3342948717981926,0.7429368876752657,1.591357984122927,,,,,,,,,,,,,,,,,,,,,,,,,,,,,,,,,,,,,,,,,,,,,,,,,,,,,,,,,,,,,,,,,,,,,
2025-12-10 18:00:00+00:00,e1108,Level 11,50.0,Maintenance Soon,50.0,50.0,50.0,50.0,50.0,,,2.39615384615172,0.8675244508570662,1.528629395294653,,,,,,,,,,,,,,,,,,,,,,,,,,,,,,,,,,,,,,,,,,,,,,,,,,,,,,,,,,,,,,,,,,,,,
2025-12-10 19:00:00+00:00,e1108,Level 11,50.0,Maintenance Soon,50.0,50.0,50.0,50.0,50.0,,,2.289384615382005,0.8592592592600946,1.4301253561219105,,,,,,,,,,,,,,,,,,,,,,,,,,,,,,,,,,,,,,,,,,,,,,,,,,,,,,,,,,,,,,,,,,,,,
2025-12-10 20:00:00+00:00,e1108,Level 11,50.0,Maintenance Soon,50.0,50.0,50.0,50.0,50.0,,,2.399076923080429,0.8799071480437609,1.519169775036668,,,,,,,,,,,,,,,,,,,,,,,,,,,,,,,,,,,,,,,,,,,,,,,,,,,,,,,,,,,,,,,,,,,,,
2025-12-10 21:00:00+00:00,e1108,Level 11,50.0,Maintenance Soon,50.0,50.0,50.0,50.0,50.0,,,2.3449230769183487,0.8830558149190134,1.4618672619993354,,,,,,,,,,,,,,,,,,,,,,,,,,,,,,,,,,,,,,,,,,,,,,,,,,,,,,,,,,,,,,,,,,,,,
2025-12-10 22:00:00+00:00,e1108,Level 11,50.0,Maintenance Soon,50.0,50.0,50.0,50.0,50.0,,,2.3949629629678384,1.051047826536281,1.3439151364315574,,,,,,,,,,,,,,,,,,,,,,,,,,,,,,,,,,,,,,,,,,,,,,,,,,,,,,,,,,,,,,,,,,,,,
2025-12-10 23:00:00+00:00,e1108,Level 11,50.0,Maintenance Soon,50.0,50.0,50.0,50.0,50.0,,,2.421652421649924,1.0105042016827308,1.411148219967193,,,,,,,,,,,,,,,,,,,,,,,,,,,,,,,,,,,,,,,,,,,,,,,,,,,,,,,,,,,,,,,,,,,,,
2025-12-11 00:00:00+00:00,e1108,Level 11,50.0,Maintenance Soon,50.0,50.0,50.0,50.0,50.0,,,2.4673846153891645,0.8433862433860971,1.6239983720030673,,,,,,,,,,,,,,,,,,,,,,,,,,,,,,,,,,,,,,,,,,,,,,,,,,,,,,,,,,,,,,,,,,,,,
2025-12-11 01:00:00+00:00,e1108,Level 11,50.0,Maintenance Soon,50.0,50.0,50.0,50.0,50.0,,,2.3479999999945,0.8118518518507093,1.53614814814379,,,,,,,,,,,,,,,,,,,,,,,,,,,,,,,,,,,,,,,,,,,,,,,,,,,,,,,,,,,,,,,,,,,,,
2025-12-11 02:00:00+00:00,e1108,Level 11,50.0,Maintenance Soon,50.0,50.0,50.0,50.0,50.0,,,2.463999999999942,23.198508158508048,-20.734508158508103,,,,,,,,,,,,,,,,,,,,,,,,,,,,,,,,,,,,,,,,,,,,,,,,,,,,,,,,,,,,,,,,,,,,,
2025-12-11 03:00:00+00:00,e1108,Level 11,50.0,Maintenance Soon,50.0,50.0,50.0,50.0,50.0,,,2.4610000000029686,1.4606157731141138,1.0003842268888548,,,,,,,,,,,,,,,,,,,,,,,,,,,,,,,,,,,,,,,,,,,,,,,,,,,,,,,,,,,,,,,,,,,,,
2025-12-11 04:00:00+00:00,e1108,Level 11,50.0,Maintenance Soon,50.0,50.0,50.0,50.0,50.0,,,2.209782608697424,1.617537367357727,0.5922452413396968,,,,,,,,,,,,,,,,,,,,,,,,,,,,,,,,,,,,,,,,,,,,,,,,,,,,,,,,,,,,,,,,,,,,,
2025-12-11 05:00:00+00:00,e1108,Level 11,50.0,Maintenance Soon,50.0,50.0,50.0,50.0,50.0,,,2.327717391301121,1.5817071720569704,0.7460102192441507,,,,,,,,,,,,,,,,,,,,,,,,,,,,,,,,,,,,,,,,,,,,,,,,,,,,,,,,,,,,,,,,,,,,,
2025-12-11 06:00:00+00:00,e1108,Level 11,50.0,Maintenance Soon,50.0,50.0,50.0,50.0,50.0,,,2.137500000000728,1.6166791480100071,0.5208208519907203,,,,,,,,,,,,,,,,,,,,,,,,,,,,,,,,,,,,,,,,,,,,,,,,,,,,,,,,,,,,,,,,,,,,,
2025-12-11 07:00:00+00:00,e1108,Level 11,50.0,Maintenance Soon,50.0,50.0,50.0,50.0,50.0,,,2.0086956521736283,1.572952380953211,0.4357432712204172,,,,,,,,,,,,,,,,,,,,,,,,,,,,,,,,,,,,,,,,,,,,,,,,,,,,,,,,,,,,,,,,,,,,,
2025-12-11 08:00:00+00:00,e1108,Level 11,50.0,Maintenance Soon,50.0,50.0,50.0,50.0,50.0,,,2.136758893277147,1.6040000000005723,0.5327588932765746,,,,,,,,,,,,,,,,,,,,,,,,,,,,,,,,,,,,,,,,,,,,,,,,,,,,,,,,,,,,,,,,,,,,,
2025-12-11 09:00:00+00:00,e1108,Level 11,50.0,Maintenance Soon,50.0,50.0,50.0,50.0,50.0,,,2.021212121217104,1.5809743589743448,0.4402377622427593,,,,,,,,,,,,,,,,,,,,,,,,,,,,,,,,,,,,,,,,,,,,,,,,,,,,,,,,,,,,,,,,,,,,,
2025-12-11 10:00:00+00:00,e1108,Level 11,50.0,Maintenance Soon,50.0,50.0,50.0,50.0,50.0,,,2.156060606059328,1.5496923076922635,0.6063682983670635,,,,,,,,,,,,,,,,,,,,,,,,,,,,,,,,,,,,,,,,,,,,,,,,,,,,,,,,,,,,,,,,,,,,,
2025-12-11 11:00:00+00:00,e1108,Level 11,50.0,Maintenance Soon,50.0,50.0,50.0,50.0,50.0,,,2.059881422926992,1.5413333333320527,0.5185480895949393,,,,,,,,,,,,,,,,,,,,,,,,,,,,,,,,,,,,,,,,,,,,,,,,,,,,,,,,,,,,,,,,,,,,,
2025-12-11 12:00:00+00:00,e1108,Level 11,50.0,Maintenance Soon,50.0,50.0,50.0,50.0,50.0,,,2.1652173913025763,1.5053580453362276,0.6598593459663487,,,,,,,,,,,,,,,,,,,,,,,,,,,,,,,,,,,,,,,,,,,,,,,,,,,,,,,,,,,,,,,,,,,,,
2025-12-11 13:00:00+00:00,e1108,Level 11,50.0,Maintenance Soon,50.0,50.0,50.0,50.0,50.0,,,2.160869565217581,1.464439056111587,0.6964305091059941,,,,,,,,,,,,,,,,,,,,,,,,,,,,,,,,,,,,,,,,,,,,,,,,,,,,,,,,,,,,,,,,,,,,,
2025-12-11 14:00:00+00:00,e1108,Level 11,50.0,Maintenance Soon,50.0,50.0,50.0,50.0,50.0,,,2.03675889328224,1.5452285395779957,0.4915303537042443,,,,,,,,,,,,,,,,,,,,,,,,,,,,,,,,,,,,,,,,,,,,,,,,,,,,,,,,,,,,,,,,,,,,,
2025-12-11 15:00:00+00:00,e1108,Level 11,50.0,Maintenance Soon,50.0,50.0,50.0,50.0,50.0,,,2.2170454545412213,1.5204149184149476,0.6966305361262737,,,,,,,,,,,,,,,,,,,,,,,,,,,,,,,,,,,,,,,,,,,,,,,,,,,,,,,,,,,,,,,,,,,,,
2025-12-11 16:00:00+00:00,e1108,Level 11,50.0,Maintenance Soon,50.0,50.0,50.0,50.0,50.0,,,2.272282608697424,1.5139483294490976,0.7583342792483261,,,,,,,,,,,,,,,,,,,,,,,,,,,,,,,,,,,,,,,,,,,,,,,,,,,,,,,,,,,,,,,,,,,,,
2025-12-11 17:00:00+00:00,e1108,Level 11,50.0,Maintenance Soon,50.0,50.0,50.0,50.0,50.0,,,2.2527173913040315,1.5340982905981946,0.7186191007058369,,,,,,,,,,,,,,,,,,,,,,,,,,,,,,,,,,,,,,,,,,,,,,,,,,,,,,,,,,,,,,,,,,,,,
2025-12-11 18:00:00+00:00,e1108,Level 11,50.0,Maintenance Soon,50.0,50.0,50.0,50.0,50.0,,,2.2397727272727934,1.587641025641157,0.6521317016316364,,,,,,,,,,,,,,,,,,,,,,,,,,,,,,,,,,,,,,,,,,,,,,,,,,,,,,,,,,,,,,,,,,,,,
2025-12-11 19:00:00+00:00,e1108,Level 11,50.0,Maintenance Soon,50.0,50.0,50.0,50.0,50.0,,,2.3047272727308155,1.5798162393136106,0.7249110334172049,,,,,,,,,,,,,,,,,,,,,,,,,,,,,,,,,,,,,,,,,,,,,,,,,,,,,,,,,,,,,,,,,,,,,
2025-12-11 20:00:00+00:00,e1108,Level 11,50.0,Maintenance Soon,50.0,50.0,50.0,50.0,50.0,,,2.125142857137689,1.6394145299176064,0.4857283272200827,,,,,,,,,,,,,,,,,,,,,,,,,,,,,,,,,,,,,,,,,,,,,,,,,,,,,,,,,,,,,,,,,,,,,
2025-12-11 21:00:00+00:00,e1108,Level 11,50.0,Maintenance Soon,50.0,50.0,50.0,50.0,50.0,,,2.142857142858702,1.5549743589714733,0.5878827838872287,,,,,,,,,,,,,,,,,,,,,,,,,,,,,,,,,,,,,,,,,,,,,,,,,,,,,,,,,,,,,,,,,,,,,
2025-12-11 22:00:00+00:00,e1108,Level 11,50.0,Maintenance Soon,50.0,50.0,50.0,50.0,50.0,,,2.3538461538482807,1.6410811287496472,0.7127650250986335,,,,,,,,,,,,,,,,,,,,,,,,,,,,,,,,,,,,,,,,,,,,,,,,,,,,,,,,,,,,,,,,,,,,,
2025-12-11 23:00:00+00:00,e1108,Level 11,50.0,Maintenance Soon,50.0,50.0,50.0,50.0,50.0,,,2.390153846150497,1.6887430470766656,0.7014107990738314,,,,,,,,,,,,,,,,,,,,,,,,,,,,,,,,,,,,,,,,,,,,,,,,,,,,,,,,,,,,,,,,,,,,,
2025-12-12 00:00:00+00:00,e1108,Level 11,50.0,Maintenance Soon,50.0,50.0,50.0,50.0,50.0,,,2.260166666670557,1.6779289105967716,0.5822377560737853,,,,,,,,,,,,,,,,,,,,,,,,,,,,,,,,,,,,,,,,,,,,,,,,,,,,,,,,,,,,,,,,,,,,,
2025-12-12 01:00:00+00:00,e1108,Level 11,50.0,Maintenance Soon,50.0,50.0,50.0,50.0,50.0,,,2.266666666662786,1.638222222221278,0.6284444444415083,,,,,,,,,,,,,,,,,,,,,,,,,,,,,,,,,,,,,,,,,,,,,,,,,,,,,,,,,,,,,,,,,,,,,
2025-12-12 02:00:00+00:00,e1108,Level 11,50.0,Maintenance Soon,50.0,50.0,50.0,50.0,50.0,,,2.242210144926503,1.6511528964850488,0.591057248441454,,,,,,,,,,,,,,,,,,,,,,,,,,,,,,,,,,,,,,,,,,,,,,,,,,,,,,,,,,,,,,,,,,,,,
2025-12-12 03:00:00+00:00,e1108,Level 11,50.0,Maintenance Soon,50.0,50.0,50.0,50.0,50.0,,,2.226956521742977,1.6011025641031058,0.6258539576398714,,,,,,,,,,,,,,,,,,,,,,,,,,,,,,,,,,,,,,,,,,,,,,,,,,,,,,,,,,,,,,,,,,,,,
2025-12-12 04:00:00+00:00,e1108,Level 11,50.0,Maintenance Soon,50.0,50.0,50.0,50.0,50.0,,,2.389166666667734,1.4980211817176798,0.891145484950054,,,,,,,,,,,,,,,,,,,,,,,,,,,,,,,,,,,,,,,,,,,,,,,,,,,,,,,,,,,,,,,,,,,,,
2025-12-12 05:00:00+00:00,e1108,Level 11,50.0,Maintenance Soon,50.0,50.0,50.0,50.0,50.0,,,2.420833333329938,1.6439659977695555,0.7768673355603823,,,,,,,,,,,,,,,,,,,,,,,,,,,,,,,,,,,,,,,,,,,,,,,,,,,,,,,,,,,,,,,,,,,,,
2025-12-12 06:00:00+00:00,e1108,Level 11,50.0,Maintenance Soon,50.0,50.0,50.0,50.0,50.0,,,4.538000000000466,1.5157820512843805,3.0222179487160856,,,,,,,,,,,,,,,,,,,,,,,,,,,,,,,,,,,,,,,,,,,,,,,,,,,,,,,,,,,,,,,,,,,,,
2025-12-12 07:00:00+00:00,e1108,Level 11,50.0,Maintenance Soon,50.0,50.0,50.0,50.0,50.0,,,4.078666666664503,1.4092318840569835,2.66943478260752,,,,,,,,,,,,,,,,,,,,,,,,,,,,,,,,,,,,,,,,,,,,,,,,,,,,,,,,,,,,,,,,,,,,,
2025-12-12 08:00:00+00:00,e1108,Level 11,50.0,Maintenance Soon,50.0,50.0,50.0,50.0,50.0,,,2.579166666670062,1.48586407553618,1.093302591133882,,,,,,,,,,,,,,,,,,,,,,,,,,,,,,,,,,,,,,,,,,,,,,,,,,,,,,,,,,,,,,,,,,,,,
2025-12-12 09:00:00+00:00,e1108,Level 11,50.0,Maintenance Soon,50.0,50.0,50.0,50.0,50.0,,,2.450000000000728,1.5191262626285609,0.9308737373721668,,,,,,,,,,,,,,,,,,,,,,,,,,,,,,,,,,,,,,,,,,,,,,,,,,,,,,,,,,,,,,,,,,,,,
2025-12-12 10:00:00+00:00,e1108,Level 11,50.0,Maintenance Soon,50.0,50.0,50.0,50.0,50.0,,,2.480166666668083,1.464020202018825,1.016146464649258,,,,,,,,,,,,,,,,,,,,,,,,,,,,,,,,,,,,,,,,,,,,,,,,,,,,,,,,,,,,,,,,,,,,,
2025-12-12 11:00:00+00:00,e1108,Level 11,50.0,Maintenance Soon,50.0,50.0,50.0,50.0,50.0,,,2.4799999999995634,1.4775407212230978,1.0024592787764657,,,,,,,,,,,,,,,,,,,,,,,,,,,,,,,,,,,,,,,,,,,,,,,,,,,,,,,,,,,,,,,,,,,,,
2025-12-12 12:00:00+00:00,e1108,Level 11,50.0,Maintenance Soon,50.0,50.0,50.0,50.0,50.0,,,2.590153846151225,1.5530306783912238,1.0371231677600008,,,,,,,,,,,,,,,,,,,,,,,,,,,,,,,,,,,,,,,,,,,,,,,,,,,,,,,,,,,,,,,,,,,,,
2025-12-12 13:00:00+00:00,e1108,Level 11,50.0,Maintenance Soon,50.0,50.0,50.0,50.0,50.0,,,2.6346153846134257,1.503418060200299,1.131197324413127,,,,,,,,,,,,,,,,,,,,,,,,,,,,,,,,,,,,,,,,,,,,,,,,,,,,,,,,,,,,,,,,,,,,,
2025-12-12 14:00:00+00:00,e1108,Level 11,50.0,Maintenance Soon,50.0,50.0,50.0,50.0,50.0,,,2.581730769234128,1.457329887505087,1.1244008817290403,,,,,,,,,,,,,,,,,,,,,,,,,,,,,,,,,,,,,,,,,,,,,,,,,,,,,,,,,,,,,,,,,,,,,
2025-12-12 15:00:00+00:00,e1108,Level 11,50.0,Maintenance Soon,50.0,50.0,50.0,50.0,50.0,,,2.8078703703722567,1.5663655788642548,1.241504791508002,,,,,,,,,,,,,,,,,,,,,,,,,,,,,,,,,,,,,,,,,,,,,,,,,,,,,,,,,,,,,,,,,,,,,
2025-12-12 16:00:00+00:00,e1108,Level 11,50.0,Maintenance Soon,50.0,50.0,50.0,50.0,50.0,,,2.776058201052365,1.596743775548627,1.179314425503738,,,,,,,,,,,,,,,,,,,,,,,,,,,,,,,,,,,,,,,,,,,,,,,,,,,,,,,,,,,,,,,,,,,,,
2025-12-12 17:00:00+00:00,e1108,Level 11,50.0,Maintenance Soon,50.0,50.0,50.0,50.0,50.0,,,2.739285714291327,1.563014059208702,1.176271655082625,,,,,,,,,,,,,,,,,,,,,,,,,,,,,,,,,,,,,,,,,,,,,,,,,,,,,,,,,,,,,,,,,,,,,
2025-12-12 18:00:00+00:00,e1108,Level 11,50.0,Maintenance Soon,50.0,50.0,50.0,50.0,50.0,,,2.7970443349731795,1.600609336385484,1.1964349985876954,,,,,,,,,,,,,,,,,,,,,,,,,,,,,,,,,,,,,,,,,,,,,,,,,,,,,,,,,,,,,,,,,,,,,
2025-12-12 19:00:00+00:00,e1108,Level 11,50.0,Maintenance Soon,50.0,50.0,50.0,50.0,50.0,,,3.0283524904189107,1.6766578593839463,1.3516946310349642,,,,,,,,,,,,,,,,,,,,,,,,,,,,,,,,,,,,,,,,,,,,,,,,,,,,,,,,,,,,,,,,,,,,,
2025-12-12 20:00:00+00:00,e1108,Level 11,50.0,Maintenance Soon,50.0,50.0,50.0,50.0,50.0,,,3.0022222222251003,1.59162610229032,1.4105961199347803,,,,,,,,,,,,,,,,,,,,,,,,,,,,,,,,,,,,,,,,,,,,,,,,,,,,,,,,,,,,,,,,,,,,,
2025-12-12 21:00:00+00:00,e1108,Level 11,50.0,Maintenance Soon,50.0,50.0,50.0,50.0,50.0,,,3.016666666666424,1.5721781305110198,1.4444885361554043,,,,,,,,,,,,,,,,,,,,,,,,,,,,,,,,,,,,,,,,,,,,,,,,,,,,,,,,,,,,,,,,,,,,,
2025-12-12 22:00:00+00:00,e1108,Level 11,50.0,Maintenance Soon,50.0,50.0,50.0,50.0,50.0,,,3.1183870967724943,1.646476054811501,1.471911041960993,,,,,,,,,,,,,,,,,,,,,,,,,,,,,,,,,,,,,,,,,,,,,,,,,,,,,,,,,,,,,,,,,,,,,
2025-12-12 23:00:00+00:00,e1108,Level 11,50.0,Maintenance Soon,50.0,50.0,50.0,50.0,50.0,,,3.0282795698949485,1.6690891705147806,1.359190399380168,,,,,,,,,,,,,,,,,,,,,,,,,,,,,,,,,,,,,,,,,,,,,,,,,,,,,,,,,,,,,,,,,,,,,
2025-12-13 00:00:00+00:00,e1108,Level 11,50.0,Maintenance Soon,50.0,50.0,50.0,50.0,50.0,,,2.9019047619040066,1.6229929757343295,1.278911786169677,,,,,,,,,,,,,,,,,,,,,,,,,,,,,,,,,,,,,,,,,,,,,,,,,,,,,,,,,,,,,,,,,,,,,
2025-12-13 01:00:00+00:00,e1108,Level 11,50.0,Maintenance Soon,50.0,50.0,50.0,50.0,50.0,,,2.7464285714304424,1.6321428571415406,1.1142857142889018,,,,,,,,,,,,,,,,,,,,,,,,,,,,,,,,,,,,,,,,,,,,,,,,,,,,,,,,,,,,,,,,,,,,,
2025-12-13 02:00:00+00:00,e1108,Level 11,50.0,Maintenance Soon,50.0,50.0,50.0,50.0,50.0,,,2.815740740737965,1.5859157951551122,1.229824945582853,,,,,,,,,,,,,,,,,,,,,,,,,,,,,,,,,,,,,,,,,,,,,,,,,,,,,,,,,,,,,,,,,,,,,
2025-12-13 03:00:00+00:00,e1108,Level 11,50.0,Maintenance Soon,50.0,50.0,50.0,50.0,50.0,,,2.550925925923366,1.5230880713497754,1.0278378545735904,,,,,,,,,,,,,,,,,,,,,,,,,,,,,,,,,,,,,,,,,,,,,,,,,,,,,,,,,,,,,,,,,,,,,
2025-12-13 04:00:00+00:00,e1108,Level 11,50.0,Maintenance Soon,50.0,50.0,50.0,50.0,50.0,,,2.589814814818965,1.609927350427218,0.9798874643917468,,,,,,,,,,,,,,,,,,,,,,,,,,,,,,,,,,,,,,,,,,,,,,,,,,,,,,,,,,,,,,,,,,,,,
2025-12-13 05:00:00+00:00,e1108,Level 11,50.0,Maintenance Soon,50.0,50.0,50.0,50.0,50.0,,,2.962962962959864,1.6075085470074555,1.3554544159524085,,,,,,,,,,,,,,,,,,,,,,,,,,,,,,,,,,,,,,,,,,,,,,,,,,,,,,,,,,,,,,,,,,,,,
2025-12-13 06:00:00+00:00,e1108,Level 11,50.0,Maintenance Soon,50.0,50.0,50.0,50.0,50.0,,,0.0,2.3202136752152,-2.3202136752152,,,,,,,,,,,,,,,,,,,,,,,,,,,,,,,,,,,,,,,,,,,,,,,,,,,,,,,,,,,,,,,,,,,,,
2025-12-13 07:00:00+00:00,e1108,Level 11,50.0,Maintenance Soon,50.0,50.0,50.0,50.0,50.0,,,0.0,2.1417521367511654,-2.1417521367511654,,,,,,,,,,,,,,,,,,,,,,,,,,,,,,,,,,,,,,,,,,,,,,,,,,,,,,,,,,,,,,,,,,,,,
2025-12-13 08:00:00+00:00,e1108,Level 11,50.0,Maintenance Soon,50.0,50.0,50.0,50.0,50.0,,,0.0,1.6451923076929234,-1.6451923076929234,,,,,,,,,,,,,,,,,,,,,,,,,,,,,,,,,,,,,,,,,,,,,,,,,,,,,,,,,,,,,,,,,,,,,
2025-12-13 09:00:00+00:00,e1108,Level 11,50.0,Maintenance Soon,50.0,50.0,50.0,50.0,50.0,,,0.0,1.582888888890011,-1.582888888890011,,,,,,,,,,,,,,,,,,,,,,,,,,,,,,,,,,,,,,,,,,,,,,,,,,,,,,,,,,,,,,,,,,,,,
2025-12-13 10:00:00+00:00,e1108,Level 11,50.0,Maintenance Soon,50.0,50.0,50.0,50.0,50.0,,,0.0,1.5799444444443604,-1.5799444444443604,,,,,,,,,,,,,,,,,,,,,,,,,,,,,,,,,,,,,,,,,,,,,,,,,,,,,,,,,,,,,,,,,,,,,
2025-12-13 11:00:00+00:00,e1108,Level 11,50.0,Maintenance Soon,50.0,50.0,50.0,50.0,50.0,,,0.0,1.5717521367514564,-1.5717521367514564,,,,,,,,,,,,,,,,,,,,,,,,,,,,,,,,,,,,,,,,,,,,,,,,,,,,,,,,,,,,,,,,,,,,,
2025-12-13 12:00:00+00:00,e1108,Level 11,50.0,Maintenance Soon,50.0,50.0,50.0,50.0,50.0,,,0.0,1.6624102564092027,-1.6624102564092027,,,,,,,,,,,,,,,,,,,,,,,,,,,,,,,,,,,,,,,,,,,,,,,,,,,,,,,,,,,,,,,,,,,,,
2025-12-13 13:00:00+00:00,e1108,Level 11,50.0,Maintenance Soon,50.0,50.0,50.0,50.0,50.0,,,0.0,1.6768717948713554,-1.6768717948713554,,,,,,,,,,,,,,,,,,,,,,,,,,,,,,,,,,,,,,,,,,,,,,,,,,,,,,,,,,,,,,,,,,,,,
2025-12-13 14:00:00+00:00,e1108,Level 11,50.0,Maintenance Soon,50.0,50.0,50.0,50.0,50.0,,,0.0,1.69878205128407,-1.69878205128407,,,,,,,,,,,,,,,,,,,,,,,,,,,,,,,,,,,,,,,,,,,,,,,,,,,,,,,,,,,,,,,,,,,,,
2025-12-13 15:00:00+00:00,e1108,Level 11,50.0,Maintenance Soon,50.0,50.0,50.0,50.0,50.0,,,0.0,1.8063271604951296,-1.8063271604951296,,,,,,,,,,,,,,,,,,,,,,,,,,,,,,,,,,,,,,,,,,,,,,,,,,,,,,,,,,,,,,,,,,,,,
2025-12-13 16:00:00+00:00,e1108,Level 11,50.0,Maintenance Soon,50.0,50.0,50.0,50.0,50.0,,,0.0,1.7706043956010642,-1.7706043956010642,,,,,,,,,,,,,,,,,,,,,,,,,,,,,,,,,,,,,,,,,,,,,,,,,,,,,,,,,,,,,,,,,,,,,
2025-12-13 17:00:00+00:00,e1108,Level 11,50.0,Maintenance Soon,50.0,50.0,50.0,50.0,50.0,,,0.0,1.7537918871275906,-1.7537918871275906,,,,,,,,,,,,,,,,,,,,,,,,,,,,,,,,,,,,,,,,,,,,,,,,,,,,,,,,,,,,,,,,,,,,,
2025-12-13 18:00:00+00:00,e1108,Level 11,50.0,Maintenance Soon,50.0,50.0,50.0,50.0,50.0,,,0.0,1.7547473790570318,-1.7547473790570318,,,,,,,,,,,,,,,,,,,,,,,,,,,,,,,,,,,,,,,,,,,,,,,,,,,,,,,,,,,,,,,,,,,,,
2025-12-13 19:00:00+00:00,e1108,Level 11,50.0,Maintenance Soon,50.0,50.0,50.0,50.0,50.0,,,0.0,1.8477658484540973,-1.8477658484540973,,,,,,,,,,,,,,,,,,,,,,,,,,,,,,,,,,,,,,,,,,,,,,,,,,,,,,,,,,,,,,,,,,,,,
2025-12-13 20:00:00+00:00,e1108,Level 11,50.0,Maintenance Soon,50.0,50.0,50.0,50.0,50.0,,,0.0,1.8721693121697167,-1.8721693121697167,,,,,,,,,,,,,,,,,,,,,,,,,,,,,,,,,,,,,,,,,,,,,,,,,,,,,,,,,,,,,,,,,,,,,
2025-12-13 21:00:00+00:00,e1108,Level 11,50.0,Maintenance Soon,50.0,50.0,50.0,50.0,50.0,,,0.0,1.888095238095654,-1.888095238095654,,,,,,,,,,,,,,,,,,,,,,,,,,,,,,,,,,,,,,,,,,,,,,,,,,,,,,,,,,,,,,,,,,,,,
2025-12-13 22:00:00+00:00,e1108,Level 11,50.0,Maintenance Soon,50.0,50.0,50.0,50.0,50.0,,,0.0,1.9343036354318128,-1.9343036354318128,,,,,,,,,,,,,,,,,,,,,,,,,,,,,,,,,,,,,,,,,,,,,,,,,,,,,,,,,,,,,,,,,,,,,
2025-12-13 23:00:00+00:00,e1108,Level 11,50.0,Maintenance Soon,50.0,50.0,50.0,50.0,50.0,,,0.0,1.929746720343246,-1.929746720343246,,,,,,,,,,,,,,,,,,,,,,,,,,,,,,,,,,,,,,,,,,,,,,,,,,,,,,,,,,,,,,,,,,,,,
2025-12-14 00:00:00+00:00,e1108,Level 11,50.0,Maintenance Soon,50.0,50.0,50.0,50.0,50.0,,,0.0,1.7876559934314475,-1.7876559934314475,,,,,,,,,,,,,,,,,,,,,,,,,,,,,,,,,,,,,,,,,,,,,,,,,,,,,,,,,,,,,,,,,,,,,
2025-12-14 01:00:00+00:00,e1108,Level 11,50.0,Maintenance Soon,50.0,50.0,50.0,50.0,50.0,,,0.0,1.8048280423293663,-1.8048280423293663,,,,,,,,,,,,,,,,,,,,,,,,,,,,,,,,,,,,,,,,,,,,,,,,,,,,,,,,,,,,,,,,,,,,,
2025-12-14 02:00:00+00:00,e1108,Level 11,50.0,Maintenance Soon,50.0,50.0,50.0,50.0,50.0,,,0.0,1.7516856600183626,-1.7516856600183626,,,,,,,,,,,,,,,,,,,,,,,,,,,,,,,,,,,,,,,,,,,,,,,,,,,,,,,,,,,,,,,,,,,,,
2025-12-14 03:00:00+00:00,e1108,Level 11,50.0,Maintenance Soon,50.0,50.0,50.0,50.0,50.0,,,0.0,1.64312915479483,-1.64312915479483,,,,,,,,,,,,,,,,,,,,,,,,,,,,,,,,,,,,,,,,,,,,,,,,,,,,,,,,,,,,,,,,,,,,,
2025-12-14 04:00:00+00:00,e1108,Level 11,50.0,Maintenance Soon,50.0,50.0,50.0,50.0,50.0,,,0.0,1.661066476733443,-1.661066476733443,,,,,,,,,,,,,,,,,,,,,,,,,,,,,,,,,,,,,,,,,,,,,,,,,,,,,,,,,,,,,,,,,,,,,
2025-12-14 05:00:00+00:00,e1108,Level 11,50.0,Maintenance Soon,50.0,50.0,50.0,50.0,50.0,,,0.0,1.794474833807423,-1.794474833807423,,,,,,,,,,,,,,,,,,,,,,,,,,,,,,,,,,,,,,,,,,,,,,,,,,,,,,,,,,,,,,,,,,,,,
2025-12-14 06:00:00+00:00,e1108,Level 11,50.0,Maintenance Soon,50.0,50.0,50.0,50.0,50.0,,,0.0,0.791025641025044,-0.791025641025044,,,,,,,,,,,,,,,,,,,,,,,,,,,,,,,,,,,,,,,,,,,,,,,,,,,,,,,,,,,,,,,,,,,,,
2025-12-14 07:00:00+00:00,e1108,Level 11,50.0,Maintenance Soon,50.0,50.0,50.0,50.0,50.0,,,0.0,0.8076448243118648,-0.8076448243118648,,,,,,,,,,,,,,,,,,,,,,,,,,,,,,,,,,,,,,,,,,,,,,,,,,,,,,,,,,,,,,,,,,,,,
2025-12-14 08:00:00+00:00,e1108,Level 11,50.0,Maintenance Soon,50.0,50.0,50.0,50.0,50.0,,,0.0,0.8423551756871651,-0.8423551756871651,,,,,,,,,,,,,,,,,,,,,,,,,,,,,,,,,,,,,,,,,,,,,,,,,,,,,,,,,,,,,,,,,,,,,
2025-12-14 09:00:00+00:00,e1108,Level 11,50.0,Maintenance Soon,50.0,50.0,50.0,50.0,50.0,,,0.0,0.8243589743603176,-0.8243589743603176,,,,,,,,,,,,,,,,,,,,,,,,,,,,,,,,,,,,,,,,,,,,,,,,,,,,,,,,,,,,,,,,,,,,,
2025-12-14 10:00:00+00:00,e1108,Level 11,50.0,Maintenance Soon,50.0,50.0,50.0,50.0,50.0,,,0.0,0.8051282051274029,-0.8051282051274029,,,,,,,,,,,,,,,,,,,,,,,,,,,,,,,,,,,,,,,,,,,,,,,,,,,,,,,,,,,,,,,,,,,,,
2025-12-14 11:00:00+00:00,e1108,Level 11,50.0,Maintenance Soon,50.0,50.0,50.0,50.0,50.0,,,0.0,0.8307692307704807,-0.8307692307704807,,,,,,,,,,,,,,,,,,,,,,,,,,,,,,,,,,,,,,,,,,,,,,,,,,,,,,,,,,,,,,,,,,,,,
2025-12-14 12:00:00+00:00,e1108,Level 11,50.0,Maintenance Soon,50.0,50.0,50.0,50.0,50.0,,,0.0,0.8358974358973986,-0.8358974358973986,,,,,,,,,,,,,,,,,,,,,,,,,,,,,,,,,,,,,,,,,,,,,,,,,,,,,,,,,,,,,,,,,,,,,
2025-12-14 13:00:00+00:00,e1108,Level 11,50.0,Maintenance Soon,50.0,50.0,50.0,50.0,50.0,,,0.0,0.8436813186829871,-0.8436813186829871,,,,,,,,,,,,,,,,,,,,,,,,,,,,,,,,,,,,,,,,,,,,,,,,,,,,,,,,,,,,,,,,,,,,,
2025-12-14 14:00:00+00:00,e1108,Level 11,50.0,Maintenance Soon,50.0,50.0,50.0,50.0,50.0,,,0.0,0.8406966490292689,-0.8406966490292689,,,,,,,,,,,,,,,,,,,,,,,,,,,,,,,,,,,,,,,,,,,,,,,,,,,,,,,,,,,,,,,,,,,,,
2025-12-14 15:00:00+00:00,e1108,Level 11,50.0,Maintenance Soon,50.0,50.0,50.0,50.0,50.0,,,0.0,0.8740740740710559,-0.8740740740710559,,,,,,,,,,,,,,,,,,,,,,,,,,,,,,,,,,,,,,,,,,,,,,,,,,,,,,,,,,,,,,,,,,,,,
2025-12-14 16:00:00+00:00,e1108,Level 11,50.0,Maintenance Soon,50.0,50.0,50.0,50.0,50.0,,,0.0,0.8530864197552243,-0.8530864197552243,,,,,,,,,,,,,,,,,,,,,,,,,,,,,,,,,,,,,,,,,,,,,,,,,,,,,,,,,,,,,,,,,,,,,
2025-12-14 17:00:00+00:00,e1108,Level 11,50.0,Maintenance Soon,50.0,50.0,50.0,50.0,50.0,,,0.0,0.859259259258882,-0.859259259258882,,,,,,,,,,,,,,,,,,,,,,,,,,,,,,,,,,,,,,,,,,,,,,,,,,,,,,,,,,,,,,,,,,,,,
2025-12-14 18:00:00+00:00,e1108,Level 11,50.0,Maintenance Soon,50.0,50.0,50.0,50.0,50.0,,,0.0,0.9044896355238355,-0.9044896355238355,,,,,,,,,,,,,,,,,,,,,,,,,,,,,,,,,,,,,,,,,,,,,,,,,,,,,,,,,,,,,,,,,,,,,
2025-12-14 19:00:00+00:00,e1108,Level 11,50.0,Maintenance Soon,50.0,50.0,50.0,50.0,50.0,,,0.0,0.9121131741824988,-0.9121131741824988,,,,,,,,,,,,,,,,,,,,,,,,,,,,,,,,,,,,,,,,,,,,,,,,,,,,,,,,,,,,,,,,,,,,,
2025-12-14 20:00:00+00:00,e1108,Level 11,50.0,Maintenance Soon,50.0,50.0,50.0,50.0,50.0,,,0.0,0.8931034482751178,-0.8931034482751178,,,,,,,,,,,,,,,,,,,,,,,,,,,,,,,,,,,,,,,,,,,,,,,,,,,,,,,,,,,,,,,,,,,,,
2025-12-14 21:00:00+00:00,e1108,Level 11,50.0,Maintenance Soon,50.0,50.0,50.0,50.0,50.0,,,0.0,0.8798440065693285,-0.8798440065693285,,,,,,,,,,,,,,,,,,,,,,,,,,,,,,,,,,,,,,,,,,,,,,,,,,,,,,,,,,,,,,,,,,,,,
2025-12-14 22:00:00+00:00,e1108,Level 11,50.0,Maintenance Soon,50.0,50.0,50.0,50.0,50.0,,,0.0,0.9178160919521664,-0.9178160919521664,,,,,,,,,,,,,,,,,,,,,,,,,,,,,,,,,,,,,,,,,,,,,,,,,,,,,,,,,,,,,,,,,,,,,
2025-12-14 23:00:00+00:00,e1108,Level 11,50.0,Maintenance Soon,50.0,50.0,50.0,50.0,50.0,,,0.0,0.856831174359589,-0.856831174359589,,,,,,,,,,,,,,,,,,,,,,,,,,,,,,,,,,,,,,,,,,,,,,,,,,,,,,,,,,,,,,,,,,,,,
2025-12-15 00:00:00+00:00,e1108,Level 11,50.0,Maintenance Soon,50.0,50.0,50.0,50.0,50.0,,,207.8373737373732,0.8444444444454954,206.99292929292764,,,,,,,,,,,,,,,,,,,,,,,,,,,,,,,,,,,,,,,,,,,,,,,,,,,,,,,,,,,,,,,,,,,,,
2025-12-15 01:00:00+00:00,e1108,Level 11,50.0,Maintenance Soon,50.0,50.0,50.0,50.0,50.0,,,1.6981818181848212,0.82098765432238,0.8771941638624412,,,,,,,,,,,,,,,,,,,,,,,,,,,,,,,,,,,,,,,,,,,,,,,,,,,,,,,,,,,,,,,,,,,,,
2025-12-15 02:00:00+00:00,e1108,Level 11,50.0,Maintenance Soon,50.0,50.0,50.0,50.0,50.0,,,3.310909090909263,0.7919753086401519,2.518933782269111,,,,,,,,,,,,,,,,,,,,,,,,,,,,,,,,,,,,,,,,,,,,,,,,,,,,,,,,,,,,,,,,,,,,,
2025-12-15 03:00:00+00:00,e1108,Level 11,50.0,Maintenance Soon,50.0,50.0,50.0,50.0,50.0,,,2.4438735177864146,0.748302469135524,1.6955710486508906,,,,,,,,,,,,,,,,,,,,,,,,,,,,,,,,,,,,,,,,,,,,,,,,,,,,,,,,,,,,,,,,,,,,,
2025-12-15 04:00:00+00:00,e1108,Level 11,50.0,Maintenance Soon,50.0,50.0,50.0,50.0,50.0,,,2.515217391301121,0.7507478632505808,1.7644695280505402,,,,,,,,,,,,,,,,,,,,,,,,,,,,,,,,,,,,,,,,,,,,,,,,,,,,,,,,,,,,,,,,,,,,,
2025-12-15 05:00:00+00:00,e1108,Level 11,50.0,Maintenance Soon,50.0,50.0,50.0,50.0,50.0,,,0.0,0.7974188034180164,-0.7974188034180164,,,,,,,,,,,,,,,,,,,,,,,,,,,,,,,,,,,,,,,,,,,,,,,,,,,,,,,,,,,,,,,,,,,,,
2025-12-15 06:00:00+00:00,e1108,Level 11,50.0,Maintenance Soon,50.0,50.0,50.0,50.0,50.0,,,6.881250000002183,0.7518333333331005,6.129416666669083,,,,,,,,,,,,,,,,,,,,,,,,,,,,,,,,,,,,,,,,,,,,,,,,,,,,,,,,,,,,,,,,,,,,,
2025-12-15 07:00:00+00:00,e1108,Level 11,50.0,Maintenance Soon,50.0,50.0,50.0,50.0,50.0,,,1.899184782610973,0.7099637681167223,1.189221014494251,,,,,,,,,,,,,,,,,,,,,,,,,,,,,,,,,,,,,,,,,,,,,,,,,,,,,,,,,,,,,,,,,,,,,
2025-12-15 08:00:00+00:00,e1108,Level 11,50.0,Maintenance Soon,50.0,50.0,50.0,50.0,50.0,,,2.1782608695648378,0.7361739130428759,1.4420869565219618,,,,,,,,,,,,,,,,,,,,,,,,,,,,,,,,,,,,,,,,,,,,,,,,,,,,,,,,,,,,,,,,,,,,,
2025-12-15 09:00:00+00:00,e1108,Level 11,50.0,Maintenance Soon,50.0,50.0,50.0,50.0,50.0,,,2.1436853002087446,0.7290434782601855,1.414641821948559,,,,,,,,,,,,,,,,,,,,,,,,,,,,,,,,,,,,,,,,,,,,,,,,,,,,,,,,,,,,,,,,,,,,,
2025-12-15 10:00:00+00:00,e1108,Level 11,50.0,Maintenance Soon,50.0,50.0,50.0,50.0,50.0,,,2.0910973084864963,0.710144927536021,1.3809523809504751,,,,,,,,,,,,,,,,,,,,,,,,,,,,,,,,,,,,,,,,,,,,,,,,,,,,,,,,,,,,,,,,,,,,,
2025-12-15 11:00:00+00:00,e1108,Level 11,50.0,Maintenance Soon,50.0,50.0,50.0,50.0,50.0,,,2.2019762845848163,0.7415072463760831,1.4604690382087333,,,,,,,,,,,,,,,,,,,,,,,,,,,,,,,,,,,,,,,,,,,,,,,,,,,,,,,,,,,,,,,,,,,,,
2025-12-15 12:00:00+00:00,e1108,Level 11,50.0,Maintenance Soon,50.0,50.0,50.0,50.0,50.0,,,2.245849802369776,0.7874829059837793,1.4583668963859964,,,,,,,,,,,,,,,,,,,,,,,,,,,,,,,,,,,,,,,,,,,,,,,,,,,,,,,,,,,,,,,,,,,,,
2025-12-15 13:00:00+00:00,e1108,Level 11,50.0,Maintenance Soon,50.0,50.0,50.0,50.0,50.0,,,2.245059288539778,0.7538504273506987,1.4912088611890797,,,,,,,,,,,,,,,,,,,,,,,,,,,,,,,,,,,,,,,,,,,,,,,,,,,,,,,,,,,,,,,,,,,,,
2025-12-15 14:00:00+00:00,e1108,Level 11,50.0,Maintenance Soon,50.0,50.0,50.0,50.0,50.0,,,2.2984189723283635,0.7637777777781594,1.534641194550204,,,,,,,,,,,,,,,,,,,,,,,,,,,,,,,,,,,,,,,,,,,,,,,,,,,,,,,,,,,,,,,,,,,,,
2025-12-15 15:00:00+00:00,e1108,Level 11,50.0,Maintenance Soon,50.0,50.0,50.0,50.0,50.0,,,2.260869565219764,0.8129629629620467,1.4479066022577172,,,,,,,,,,,,,,,,,,,,,,,,,,,,,,,,,,,,,,,,,,,,,,,,,,,,,,,,,,,,,,,,,,,,,
2025-12-15 16:00:00+00:00,e1108,Level 11,50.0,Maintenance Soon,50.0,50.0,50.0,50.0,50.0,,,2.354347826087178,0.8554131054152094,1.4989347206719683,,,,,,,,,,,,,,,,,,,,,,,,,,,,,,,,,,,,,,,,,,,,,,,,,,,,,,,,,,,,,,,,,,,,,
2025-12-15 17:00:00+00:00,e1108,Level 11,50.0,Maintenance Soon,50.0,50.0,50.0,50.0,50.0,,,2.406521739128948,0.9118921308569649,1.4946296082719832,,,,,,,,,,,,,,,,,,,,,,,,,,,,,,,,,,,,,,,,,,,,,,,,,,,,,,,,,,,,,,,,,,,,,
2025-12-15 18:00:00+00:00,e1108,Level 11,50.0,Maintenance Soon,50.0,50.0,50.0,50.0,50.0,,,2.4347826086959685,0.8924118984444552,1.5423707102515132,,,,,,,,,,,,,,,,,,,,,,,,,,,,,,,,,,,,,,,,,,,,,,,,,,,,,,,,,,,,,,,,,,,,,
2025-12-15 19:00:00+00:00,e1108,Level 11,50.0,Maintenance Soon,50.0,50.0,50.0,50.0,50.0,,,2.4378623188385973,0.912185802704092,1.5256765161345052,,,,,,,,,,,,,,,,,,,,,,,,,,,,,,,,,,,,,,,,,,,,,,,,,,,,,,,,,,,,,,,,,,,,,
2025-12-15 20:00:00+00:00,e1108,Level 11,50.0,Maintenance Soon,50.0,50.0,50.0,50.0,50.0,,,2.466485507251491,0.9111658456470954,1.5553196616043956,,,,,,,,,,,,,,,,,,,,,,,,,,,,,,,,,,,,,,,,,,,,,,,,,,,,,,,,,,,,,,,,,,,,,
2025-12-15 21:00:00+00:00,e1108,Level 11,50.0,Maintenance Soon,50.0,50.0,50.0,50.0,50.0,,,2.437681159419298,0.94761904761981,1.4900621117994888,,,,,,,,,,,,,,,,,,,,,,,,,,,,,,,,,,,,,,,,,,,,,,,,,,,,,,,,,,,,,,,,,,,,,
2025-12-15 22:00:00+00:00,e1108,Level 11,50.0,Maintenance Soon,50.0,50.0,50.0,50.0,50.0,,,2.41666666666788,0.9488095238096624,1.4678571428582168,,,,,,,,,,,,,,,,,,,,,,,,,,,,,,,,,,,,,,,,,,,,,,,,,,,,,,,,,,,,,,,,,,,,,
2025-12-15 23:00:00+00:00,e1108,Level 11,50.0,Maintenance Soon,50.0,50.0,50.0,50.0,50.0,,,2.383333333331393,0.8822310405654813,1.501102292765912,,,,,,,,,,,,,,,,,,,,,,,,,,,,,,,,,,,,,,,,,,,,,,,,,,,,,,,,,,,,,,,,,,,,,
2025-12-16 00:00:00+00:00,e1108,Level 11,50.0,Maintenance Soon,50.0,50.0,50.0,50.0,50.0,,,2.257971014492796,70.08598877665402,-67.82801776216122,,,,,,,,,,,,,,,,,,,,,,,,,,,,,,,,,,,,,,,,,,,,,,,,,,,,,,,,,,,,,,,,,,,,,
2025-12-16 01:00:00+00:00,e1108,Level 11,50.0,Maintenance Soon,50.0,50.0,50.0,50.0,50.0,,,2.318219461696572,1.3785221445238374,0.9396973171727344,,,,,,,,,,,,,,,,,,,,,,,,,,,,,,,,,,,,,,,,,,,,,,,,,,,,,,,,,,,,,,,,,,,,,
2025-12-16 02:00:00+00:00,e1108,Level 11,50.0,Maintenance Soon,50.0,50.0,50.0,50.0,50.0,,,2.2604761904767656,1.90984149184078,0.3506346986359858,,,,,,,,,,,,,,,,,,,,,,,,,,,,,,,,,,,,,,,,,,,,,,,,,,,,,,,,,,,,,,,,,,,,,
2025-12-16 03:00:00+00:00,e1108,Level 11,50.0,Maintenance Soon,50.0,50.0,50.0,50.0,50.0,,,2.1118181818201265,1.567180061484881,0.5446381203352455,,,,,,,,,,,,,,,,,,,,,,,,,,,,,,,,,,,,,,,,,,,,,,,,,,,,,,,,,,,,,,,,,,,,,
2025-12-16 04:00:00+00:00,e1108,Level 11,50.0,Maintenance Soon,50.0,50.0,50.0,50.0,50.0,,,2.232467532467126,1.6588758825710102,0.573591649896116,,,,,,,,,,,,,,,,,,,,,,,,,,,,,,,,,,,,,,,,,,,,,,,,,,,,,,,,,,,,,,,,,,,,,
2025-12-16 05:00:00+00:00,e1108,Level 11,50.0,Maintenance Soon,50.0,50.0,50.0,50.0,50.0,,,2.4811688311638136,0.8114743589734038,1.6696944721904097,,,,,,,,,,,,,,,,,,,,,,,,,,,,,,,,,,,,,,,,,,,,,,,,,,,,,,,,,,,,,,,,,,,,,
2025-12-16 06:00:00+00:00,e1108,Level 11,50.0,Maintenance Soon,50.0,50.0,50.0,50.0,50.0,,,2.3950216450248263,3.0465833333352443,-0.651561688310418,,,,,,,,,,,,,,,,,,,,,,,,,,,,,,,,,,,,,,,,,,,,,,,,,,,,,,,,,,,,,,,,,,,,,
2025-12-16 07:00:00+00:00,e1108,Level 11,50.0,Maintenance Soon,50.0,50.0,50.0,50.0,50.0,,,2.079523809527018,1.377873188406132,0.7016506211208859,,,,,,,,,,,,,,,,,,,,,,,,,,,,,,,,,,,,,,,,,,,,,,,,,,,,,,,,,,,,,,,,,,,,,
2025-12-16 08:00:00+00:00,e1108,Level 11,50.0,Maintenance Soon,50.0,50.0,50.0,50.0,50.0,,,2.061818181817216,1.4507246376803475,0.6110935441368686,,,,,,,,,,,,,,,,,,,,,,,,,,,,,,,,,,,,,,,,,,,,,,,,,,,,,,,,,,,,,,,,,,,,,
2025-12-16 09:00:00+00:00,e1108,Level 11,50.0,Maintenance Soon,50.0,50.0,50.0,50.0,50.0,,,1.998181818180456,1.4491124913741562,0.5490693268062994,,,,,,,,,,,,,,,,,,,,,,,,,,,,,,,,,,,,,,,,,,,,,,,,,,,,,,,,,,,,,,,,,,,,,
2025-12-16 10:00:00+00:00,e1108,Level 11,50.0,Maintenance Soon,50.0,50.0,50.0,50.0,50.0,,,1.7414285714257858,1.481032436163029,0.2603961352627568,,,,,,,,,,,,,,,,,,,,,,,,,,,,,,,,,,,,,,,,,,,,,,,,,,,,,,,,,,,,,,,,,,,,,
2025-12-16 11:00:00+00:00,e1108,Level 11,50.0,Maintenance Soon,50.0,50.0,50.0,50.0,50.0,,,1.055844155845989,1.520402351271817,-0.464558195425828,,,,,,,,,,,,,,,,,,,,,,,,,,,,,,,,,,,,,,,,,,,,,,,,,,,,,,,,,,,,,,,,,,,,,
2025-12-16 12:00:00+00:00,e1108,Level 11,50.0,Maintenance Soon,50.0,50.0,50.0,50.0,50.0,,,2.07707509881584,1.5161193878569368,0.560955710958903,,,,,,,,,,,,,,,,,,,,,,,,,,,,,,,,,,,,,,,,,,,,,,,,,,,,,,,,,,,,,,,,,,,,,
2025-12-16 13:00:00+00:00,e1108,Level 11,50.0,Maintenance Soon,50.0,50.0,50.0,50.0,50.0,,,2.2478260869538644,1.455599472992617,0.7922266139612475,,,,,,,,,,,,,,,,,,,,,,,,,,,,,,,,,,,,,,,,,,,,,,,,,,,,,,,,,,,,,,,,,,,,,
2025-12-16 14:00:00+00:00,e1108,Level 11,50.0,Maintenance Soon,50.0,50.0,50.0,50.0,50.0,,,2.095652173917188,1.508980237152476,0.5866719367647117,,,,,,,,,,,,,,,,,,,,,,,,,,,,,,,,,,,,,,,,,,,,,,,,,,,,,,,,,,,,,,,,,,,,,
2025-12-16 15:00:00+00:00,e1108,Level 11,50.0,Maintenance Soon,50.0,50.0,50.0,50.0,50.0,,,2.213043478259351,1.4296231884060642,0.7834202898532869,,,,,,,,,,,,,,,,,,,,,,,,,,,,,,,,,,,,,,,,,,,,,,,,,,,,,,,,,,,,,,,,,,,,,
2025-12-16 16:00:00+00:00,e1108,Level 11,50.0,Maintenance Soon,50.0,50.0,50.0,50.0,50.0,,,2.4682971014481154,1.3619755911519558,1.1063215102961597,,,,,,,,,,,,,,,,,,,,,,,,,,,,,,,,,,,,,,,,,,,,,,,,,,,,,,,,,,,,,,,,,,,,,
2025-12-16 17:00:00+00:00,e1108,Level 11,50.0,Maintenance Soon,50.0,50.0,50.0,50.0,50.0,,,2.5273550724632514,1.5178380734444847,1.009516999018767,,,,,,,,,,,,,,,,,,,,,,,,,,,,,,,,,,,,,,,,,,,,,,,,,,,,,,,,,,,,,,,,,,,,,
2025-12-16 18:00:00+00:00,e1108,Level 11,50.0,Maintenance Soon,50.0,50.0,50.0,50.0,50.0,,,2.3143115942039003,1.6730580476954249,0.6412535465084754,,,,,,,,,,,,,,,,,,,,,,,,,,,,,,,,,,,,,,,,,,,,,,,,,,,,,,,,,,,,,,,,,,,,,
2025-12-16 19:00:00+00:00,e1108,Level 11,50.0,Maintenance Soon,50.0,50.0,50.0,50.0,50.0,,,2.3125,1.6718800322062937,0.6406199677937063,,,,,,,,,,,,,,,,,,,,,,,,,,,,,,,,,,,,,,,,,,,,,,,,,,,,,,,,,,,,,,,,,,,,,
2025-12-16 20:00:00+00:00,e1108,Level 11,50.0,Maintenance Soon,50.0,50.0,50.0,50.0,50.0,,,2.370512820511067,1.6716768269325255,0.6988359935785411,,,,,,,,,,,,,,,,,,,,,,,,,,,,,,,,,,,,,,,,,,,,,,,,,,,,,,,,,,,,,,,,,,,,,
2025-12-16 21:00:00+00:00,e1108,Level 11,50.0,Maintenance Soon,50.0,50.0,50.0,50.0,50.0,,,2.37115384615754,1.692675024920997,0.6784788212365431,,,,,,,,,,,,,,,,,,,,,,,,,,,,,,,,,,,,,,,,,,,,,,,,,,,,,,,,,,,,,,,,,,,,,
2025-12-16 22:00:00+00:00,e1108,Level 11,50.0,Maintenance Soon,50.0,50.0,50.0,50.0,50.0,,,2.412499999998545,1.8409171075824515,0.5715828924160935,,,,,,,,,,,,,,,,,,,,,,,,,,,,,,,,,,,,,,,,,,,,,,,,,,,,,,,,,,,,,,,,,,,,,
2025-12-16 23:00:00+00:00,e1108,Level 11,50.0,Maintenance Soon,50.0,50.0,50.0,50.0,50.0,,,2.4083333333328483,1.7539682539694088,0.6543650793634395,,,,,,,,,,,,,,,,,,,,,,,,,,,,,,,,,,,,,,,,,,,,,,,,,,,,,,,,,,,,,,,,,,,,,
2025-12-17 00:00:00+00:00,e1108,Level 11,50.0,Maintenance Soon,50.0,50.0,50.0,50.0,50.0,,,2.266666666666424,1.596043248217029,0.6706234184493951,,,,,,,,,,,,,,,,,,,,,,,,,,,,,,,,,,,,,,,,,,,,,,,,,,,,,,,,,,,,,,,,,,,,,
2025-12-17 01:00:00+00:00,e1108,Level 11,50.0,Maintenance Soon,50.0,50.0,50.0,50.0,50.0,,,2.210227272727934,1.5845916724162332,0.625635600311701,,,,,,,,,,,,,,,,,,,,,,,,,,,,,,,,,,,,,,,,,,,,,,,,,,,,,,,,,,,,,,,,,,,,,
2025-12-17 02:00:00+00:00,e1108,Level 11,50.0,Maintenance Soon,50.0,50.0,50.0,50.0,50.0,,,2.107707509880129,1.555030525031422,0.5526769848487068,,,,,,,,,,,,,,,,,,,,,,,,,,,,,,,,,,,,,,,,,,,,,,,,,,,,,,,,,,,,,,,,,,,,,
2025-12-17 03:00:00+00:00,e1108,Level 11,50.0,Maintenance Soon,50.0,50.0,50.0,50.0,50.0,,,2.083850931678171,1.6129137529133004,0.4709371787648706,,,,,,,,,,,,,,,,,,,,,,,,,,,,,,,,,,,,,,,,,,,,,,,,,,,,,,,,,,,,,,,,,,,,,
2025-12-17 04:00:00+00:00,e1108,Level 11,50.0,Maintenance Soon,50.0,50.0,50.0,50.0,50.0,,,2.1118012422339234,1.604507221174572,0.5072940210593515,,,,,,,,,,,,,,,,,,,,,,,,,,,,,,,,,,,,,,,,,,,,,,,,,,,,,,,,,,,,,,,,,,,,,
2025-12-17 05:00:00+00:00,e1108,Level 11,50.0,Maintenance Soon,50.0,50.0,50.0,50.0,50.0,,,2.1956521739157324,1.6641407974724036,0.5315113764433288,,,,,,,,,,,,,,,,,,,,,,,,,,,,,,,,,,,,,,,,,,,,,,,,,,,,,,,,,,,,,,,,,,,,,
2025-12-17 06:00:00+00:00,e1108,Level 11,50.0,Maintenance Soon,50.0,50.0,50.0,50.0,50.0,,,2.068737060042622,1.579725163725622,0.489011896317,,,,,,,,,,,,,,,,,,,,,,,,,,,,,,,,,,,,,,,,,,,,,,,,,,,,,,,,,,,,,,,,,,,,,
2025-12-17 07:00:00+00:00,e1108,Level 11,50.0,Maintenance Soon,50.0,50.0,50.0,50.0,50.0,,,2.0640692640663474,1.4665079365089089,0.5975613275574385,,,,,,,,,,,,,,,,,,,,,,,,,,,,,,,,,,,,,,,,,,,,,,,,,,,,,,,,,,,,,,,,,,,,,
2025-12-17 08:00:00+00:00,e1108,Level 11,50.0,Maintenance Soon,50.0,50.0,50.0,50.0,50.0,,,1.96545454545776,1.4512727272728323,0.5141818181849278,,,,,,,,,,,,,,,,,,,,,,,,,,,,,,,,,,,,,,,,,,,,,,,,,,,,,,,,,,,,,,,,,,,,,
2025-12-17 09:00:00+00:00,e1108,Level 11,50.0,Maintenance Soon,50.0,50.0,50.0,50.0,50.0,,,1.9099999999962165,1.4563170163164614,0.4536829836797551,,,,,,,,,,,,,,,,,,,,,,,,,,,,,,,,,,,,,,,,,,,,,,,,,,,,,,,,,,,,,,,,,,,,,
2025-12-17 10:00:00+00:00,e1108,Level 11,50.0,Maintenance Soon,50.0,50.0,50.0,50.0,50.0,,,1.9836363636386525,1.3622197802190688,0.6214165834195835,,,,,,,,,,,,,,,,,,,,,,,,,,,,,,,,,,,,,,,,,,,,,,,,,,,,,,,,,,,,,,,,,,,,,
2025-12-17 11:00:00+00:00,e1108,Level 11,50.0,Maintenance Soon,50.0,50.0,50.0,50.0,50.0,,,2.043506493504537,1.1292813852815016,0.914225108223036,,,,,,,,,,,,,,,,,,,,,,,,,,,,,,,,,,,,,,,,,,,,,,,,,,,,,,,,,,,,,,,,,,,,,
2025-12-17 12:00:00+00:00,e1108,Level 11,50.0,Maintenance Soon,50.0,50.0,50.0,50.0,50.0,,,2.2037267080741003,1.454969477383808,0.7487572306902923,,,,,,,,,,,,,,,,,,,,,,,,,,,,,,,,,,,,,,,,,,,,,,,,,,,,,,,,,,,,,,,,,,,,,
2025-12-17 13:00:00+00:00,e1108,Level 11,50.0,Maintenance Soon,50.0,50.0,50.0,50.0,50.0,,,2.1664031620566675,1.4564613526551209,0.7099418094015466,,,,,,,,,,,,,,,,,,,,,,,,,,,,,,,,,,,,,,,,,,,,,,,,,,,,,,,,,,,,,,,,,,,,,
2025-12-17 14:00:00+00:00,e1108,Level 11,50.0,Maintenance Soon,50.0,50.0,50.0,50.0,50.0,,,2.0917748917745485,1.4504459308833857,0.641328960891163,,,,,,,,,,,,,,,,,,,,,,,,,,,,,,,,,,,,,,,,,,,,,,,,,,,,,,,,,,,,,,,,,,,,,
2025-12-17 15:00:00+00:00,e1108,Level 11,50.0,Maintenance Soon,50.0,50.0,50.0,50.0,50.0,,,2.211387163562904,1.4663524880913126,0.7450346754715913,,,,,,,,,,,,,,,,,,,,,,,,,,,,,,,,,,,,,,,,,,,,,,,,,,,,,,,,,,,,,,,,,,,,,
2025-12-17 16:00:00+00:00,e1108,Level 11,50.0,Maintenance Soon,50.0,50.0,50.0,50.0,50.0,,,2.1695652173875715,1.537790953007061,0.6317742643805104,,,,,,,,,,,,,,,,,,,,,,,,,,,,,,,,,,,,,,,,,,,,,,,,,,,,,,,,,,,,,,,,,,,,,
2025-12-17 17:00:00+00:00,e1108,Level 11,50.0,Maintenance Soon,50.0,50.0,50.0,50.0,50.0,,,2.1809523809533857,1.6205499814204811,0.5604023995329044,,,,,,,,,,,,,,,,,,,,,,,,,,,,,,,,,,,,,,,,,,,,,,,,,,,,,,,,,,,,,,,,,,,,,
2025-12-17 18:00:00+00:00,e1108,Level 11,50.0,Maintenance Soon,50.0,50.0,50.0,50.0,50.0,,,1.9826839826855576,1.5701551467852066,0.4125288359003509,,,,,,,,,,,,,,,,,,,,,,,,,,,,,,,,,,,,,,,,,,,,,,,,,,,,,,,,,,,,,,,,,,,,,
2025-12-17 19:00:00+00:00,e1108,Level 11,50.0,Maintenance Soon,50.0,50.0,50.0,50.0,50.0,,,2.1276679841903388,1.5339615384606684,0.5937064457296704,,,,,,,,,,,,,,,,,,,,,,,,,,,,,,,,,,,,,,,,,,,,,,,,,,,,,,,,,,,,,,,,,,,,,
2025-12-17 20:00:00+00:00,e1108,Level 11,50.0,Maintenance Soon,50.0,50.0,50.0,50.0,50.0,,,2.304695652172086,1.589863247863832,0.7148324043082539,,,,,,,,,,,,,,,,,,,,,,,,,,,,,,,,,,,,,,,,,,,,,,,,,,,,,,,,,,,,,,,,,,,,,
2025-12-17 21:00:00+00:00,e1108,Level 11,50.0,Maintenance Soon,50.0,50.0,50.0,50.0,50.0,,,2.3290000000015425,1.5720256410252962,0.7569743589762463,,,,,,,,,,,,,,,,,,,,,,,,,,,,,,,,,,,,,,,,,,,,,,,,,,,,,,,,,,,,,,,,,,,,,
2025-12-17 22:00:00+00:00,e1108,Level 11,50.0,Maintenance Soon,50.0,50.0,50.0,50.0,50.0,,,2.283695652171445,1.6024876543221278,0.6812079978493177,,,,,,,,,,,,,,,,,,,,,,,,,,,,,,,,,,,,,,,,,,,,,,,,,,,,,,,,,,,,,,,,,,,,,
2025-12-17 23:00:00+00:00,e1108,Level 11,50.0,Maintenance Soon,50.0,50.0,50.0,50.0,50.0,,,2.2233043478299805,1.609995251660924,0.6133090961690566,,,,,,,,,,,,,,,,,,,,,,,,,,,,,,,,,,,,,,,,,,,,,,,,,,,,,,,,,,,,,,,,,,,,,
2025-12-18 00:00:00+00:00,e1108,Level 11,50.0,Maintenance Soon,50.0,50.0,50.0,50.0,50.0,,,2.404363636360358,1.5780170940185296,0.8263465423418286,,,,,,,,,,,,,,,,,,,,,,,,,,,,,,,,,,,,,,,,,,,,,,,,,,,,,,,,,,,,,,,,,,,,,
2025-12-18 01:00:00+00:00,e1108,Level 11,50.0,Maintenance Soon,50.0,50.0,50.0,50.0,50.0,,,2.2053030303031846,1.5194090909074778,0.6858939393957069,,,,,,,,,,,,,,,,,,,,,,,,,,,,,,,,,,,,,,,,,,,,,,,,,,,,,,,,,,,,,,,,,,,,,
2025-12-18 02:00:00+00:00,e1108,Level 11,50.0,Maintenance Soon,50.0,50.0,50.0,50.0,50.0,,,2.144047619047342,23.88753886692939,-21.743491247882048,,,,,,,,,,,,,,,,,,,,,,,,,,,,,,,,,,,,,,,,,,,,,,,,,,,,,,,,,,,,,,,,,,,,,
2025-12-18 03:00:00+00:00,e1108,Level 11,50.0,Maintenance Soon,50.0,50.0,50.0,50.0,50.0,,,1.964285714286234,2.066591724701236,-0.1023060104150013,,,,,,,,,,,,,,,,,,,,,,,,,,,,,,,,,,,,,,,,,,,,,,,,,,,,,,,,,,,,,,,,,,,,,
2025-12-18 04:00:00+00:00,e1108,Level 11,50.0,Maintenance Soon,50.0,50.0,50.0,50.0,50.0,,,1.9785714285717404,2.197713940649313,-0.2191425120775725,,,,,,,,,,,,,,,,,,,,,,,,,,,,,,,,,,,,,,,,,,,,,,,,,,,,,,,,,,,,,,,,,,,,,
2025-12-18 05:00:00+00:00,e1108,Level 11,50.0,Maintenance Soon,50.0,50.0,50.0,50.0,50.0,,,2.0333333333328483,2.2326594202907777,-0.1993260869579294,,,,,,,,,,,,,,,,,,,,,,,,,,,,,,,,,,,,,,,,,,,,,,,,,,,,,,,,,,,,,,,,,,,,,
2025-12-18 06:00:00+00:00,e1108,Level 11,50.0,Maintenance Soon,50.0,50.0,50.0,50.0,50.0,,,1.958095238096576,2.2237933057270616,-0.2656980676304861,,,,,,,,,,,,,,,,,,,,,,,,,,,,,,,,,,,,,,,,,,,,,,,,,,,,,,,,,,,,,,,,,,,,,
2025-12-18 07:00:00+00:00,e1108,Level 11,50.0,Maintenance Soon,50.0,50.0,50.0,50.0,50.0,,,1.9249999999992724,2.1572073530333,-0.2322073530340276,,,,,,,,,,,,,,,,,,,,,,,,,,,,,,,,,,,,,,,,,,,,,,,,,,,,,,,,,,,,,,,,,,,,,
2025-12-18 08:00:00+00:00,e1108,Level 11,50.0,Maintenance Soon,50.0,50.0,50.0,50.0,50.0,,,1.9822727272730845,2.207404479578448,-0.2251317523053635,,,,,,,,,,,,,,,,,,,,,,,,,,,,,,,,,,,,,,,,,,,,,,,,,,,,,,,,,,,,,,,,,,,,,
2025-12-18 09:00:00+00:00,e1108,Level 11,50.0,Maintenance Soon,50.0,50.0,50.0,50.0,50.0,,,2.012727272725897,2.06907070707166,-0.0563434343457629,,,,,,,,,,,,,,,,,,,,,,,,,,,,,,,,,,,,,,,,,,,,,,,,,,,,,,,,,,,,,,,,,,,,,
2025-12-18 10:00:00+00:00,e1108,Level 11,50.0,Maintenance Soon,50.0,50.0,50.0,50.0,50.0,,,2.000909090907953,2.1465656565657505,-0.1456565656577972,,,,,,,,,,,,,,,,,,,,,,,,,,,,,,,,,,,,,,,,,,,,,,,,,,,,,,,,,,,,,,,,,,,,,
2025-12-18 11:00:00+00:00,e1108,Level 11,50.0,Maintenance Soon,50.0,50.0,50.0,50.0,50.0,,,2.001948051951331,2.131795972143057,-0.1298479201917266,,,,,,,,,,,,,,,,,,,,,,,,,,,,,,,,,,,,,,,,,,,,,,,,,,,,,,,,,,,,,,,,,,,,,
2025-12-18 12:00:00+00:00,e1108,Level 11,50.0,Maintenance Soon,50.0,50.0,50.0,50.0,50.0,,,1.9952380952381643,2.1836770186322005,-0.188438923394036,,,,,,,,,,,,,,,,,,,,,,,,,,,,,,,,,,,,,,,,,,,,,,,,,,,,,,,,,,,,,,,,,,,,,
2025-12-18 13:00:00+00:00,e1108,Level 11,50.0,Maintenance Soon,50.0,50.0,50.0,50.0,50.0,,,2.0142857142855064,2.1817285902507138,-0.1674428759652073,,,,,,,,,,,,,,,,,,,,,,,,,,,,,,,,,,,,,,,,,,,,,,,,,,,,,,,,,,,,,,,,,,,,,
2025-12-18 14:00:00+00:00,e1108,Level 11,50.0,Maintenance Soon,50.0,50.0,50.0,50.0,50.0,,,2.1476190476168995,2.169511261685936,-0.021892214069036,,,,,,,,,,,,,,,,,,,,,,,,,,,,,,,,,,,,,,,,,,,,,,,,,,,,,,,,,,,,,,,,,,,,,
2025-12-18 15:00:00+00:00,e1108,Level 11,50.0,Maintenance Soon,50.0,50.0,50.0,50.0,50.0,,,2.104545454545587,2.2614775393679643,-0.1569320848223774,,,,,,,,,,,,,,,,,,,,,,,,,,,,,,,,,,,,,,,,,,,,,,,,,,,,,,,,,,,,,,,,,,,,,
2025-12-18 16:00:00+00:00,e1108,Level 11,50.0,Maintenance Soon,50.0,50.0,50.0,50.0,50.0,,,2.066883116884128,2.252615942029176,-0.1857328251450476,,,,,,,,,,,,,,,,,,,,,,,,,,,,,,,,,,,,,,,,,,,,,,,,,,,,,,,,,,,,,,,,,,,,,
2025-12-18 17:00:00+00:00,e1108,Level 11,50.0,Maintenance Soon,50.0,50.0,50.0,50.0,50.0,,,2.111180124225939,2.233889924084602,-0.1227097998586637,,,,,,,,,,,,,,,,,,,,,,,,,,,,,,,,,,,,,,,,,,,,,,,,,,,,,,,,,,,,,,,,,,,,,
2025-12-18 18:00:00+00:00,e1108,Level 11,50.0,Maintenance Soon,50.0,50.0,50.0,50.0,50.0,,,2.1782608695648378,2.1964086469100343,-0.0181477773451965,,,,,,,,,,,,,,,,,,,,,,,,,,,,,,,,,,,,,,,,,,,,,,,,,,,,,,,,,,,,,,,,,,,,,
2025-12-18 19:00:00+00:00,e1108,Level 11,50.0,Maintenance Soon,50.0,50.0,50.0,50.0,50.0,,,2.120082815734349,2.263042008716487,-0.1429591929821376,,,,,,,,,,,,,,,,,,,,,,,,,,,,,,,,,,,,,,,,,,,,,,,,,,,,,,,,,,,,,,,,,,,,,
2025-12-18 20:00:00+00:00,e1108,Level 11,50.0,Maintenance Soon,50.0,50.0,50.0,50.0,50.0,,,2.009956709953258,2.314112836438047,-0.3041561264847892,,,,,,,,,,,,,,,,,,,,,,,,,,,,,,,,,,,,,,,,,,,,,,,,,,,,,,,,,,,,,,,,,,,,,
2025-12-18 21:00:00+00:00,e1108,Level 11,50.0,Maintenance Soon,50.0,50.0,50.0,50.0,50.0,,,2.018614718617755,2.263952380952105,-0.2453376623343501,,,,,,,,,,,,,,,,,,,,,,,,,,,,,,,,,,,,,,,,,,,,,,,,,,,,,,,,,,,,,,,,,,,,,
2025-12-18 22:00:00+00:00,e1108,Level 11,50.0,Maintenance Soon,50.0,50.0,50.0,50.0,50.0,,,2.2861283643906063,2.3564645526239474,-0.070336188233341,,,,,,,,,,,,,,,,,,,,,,,,,,,,,,,,,,,,,,,,,,,,,,,,,,,,,,,,,,,,,,,,,,,,,
2025-12-18 23:00:00+00:00,e1108,Level 11,50.0,Maintenance Soon,50.0,50.0,50.0,50.0,50.0,,,2.444347826083685,2.3848211616629365,0.059526664420749,,,,,,,,,,,,,,,,,,,,,,,,,,,,,,,,,,,,,,,,,,,,,,,,,,,,,,,,,,,,,,,,,,,,,
2025-12-19 00:00:00+00:00,e1108,Level 11,50.0,Maintenance Soon,50.0,50.0,50.0,50.0,50.0,,,2.2918181818167795,2.410310806477355,-0.1184926246605755,,,,,,,,,,,,,,,,,,,,,,,,,,,,,,,,,,,,,,,,,,,,,,,,,,,,,,,,,,,,,,,,,,,,,
2025-12-19 01:00:00+00:00,e1108,Level 11,50.0,Maintenance Soon,50.0,50.0,50.0,50.0,50.0,,,1.8626262626312384,2.3227553310874405,-0.4601290684562023,,,,,,,,,,,,,,,,,,,,,,,,,,,,,,,,,,,,,,,,,,,,,,,,,,,,,,,,,,,,,,,,,,,,,
2025-12-19 02:00:00+00:00,e1108,Level 11,50.0,Maintenance Soon,50.0,50.0,50.0,50.0,50.0,,,1.9499999999970896,2.28202894126783,-0.3320289412707402,,,,,,,,,,,,,,,,,,,,,,,,,,,,,,,,,,,,,,,,,,,,,,,,,,,,,,,,,,,,,,,,,,,,,
2025-12-19 03:00:00+00:00,e1108,Level 11,50.0,Maintenance Soon,50.0,50.0,50.0,50.0,50.0,,,1.8777777777759184,2.1778499761118533,-0.3000721983359349,,,,,,,,,,,,,,,,,,,,,,,,,,,,,,,,,,,,,,,,,,,,,,,,,,,,,,,,,,,,,,,,,,,,,
2025-12-19 04:00:00+00:00,e1108,Level 11,50.0,Maintenance Soon,50.0,50.0,50.0,50.0,50.0,,,1.788304093570332,2.213493523384386,-0.4251894298140541,,,,,,,,,,,,,,,,,,,,,,,,,,,,,,,,,,,,,,,,,,,,,,,,,,,,,,,,,,,,,,,,,,,,,
2025-12-19 05:00:00+00:00,e1108,Level 11,50.0,Maintenance Soon,50.0,50.0,50.0,50.0,50.0,,,1.8421052631565544,2.32329524340336,-0.4811899802468056,,,,,,,,,,,,,,,,,,,,,,,,,,,,,,,,,,,,,,,,,,,,,,,,,,,,,,,,,,,,,,,,,,,,,
2025-12-19 06:00:00+00:00,e1108,Level 11,50.0,Maintenance Soon,50.0,50.0,50.0,50.0,50.0,,,1.8598684210519425,2.968647130648605,-1.1087787095966632,,,,,,,,,,,,,,,,,,,,,,,,,,,,,,,,,,,,,,,,,,,,,,,,,,,,,,,,,,,,,,,,,,,,,
2025-12-19 07:00:00+00:00,e1108,Level 11,50.0,Maintenance Soon,50.0,50.0,50.0,50.0,50.0,,,1.8152777777795563,2.740888888887033,-0.9256111111074764,,,,,,,,,,,,,,,,,,,,,,,,,,,,,,,,,,,,,,,,,,,,,,,,,,,,,,,,,,,,,,,,,,,,,
2025-12-19 08:00:00+00:00,e1108,Level 11,50.0,Maintenance Soon,50.0,50.0,50.0,50.0,50.0,,,1.788888888888323,2.2732575757593927,-0.4843686868710697,,,,,,,,,,,,,,,,,,,,,,,,,,,,,,,,,,,,,,,,,,,,,,,,,,,,,,,,,,,,,,,,,,,,,
2025-12-19 09:00:00+00:00,e1108,Level 11,50.0,Maintenance Soon,50.0,50.0,50.0,50.0,50.0,,,1.5950980392190104,2.2871313131314914,-0.692033273912481,,,,,,,,,,,,,,,,,,,,,,,,,,,,,,,,,,,,,,,,,,,,,,,,,,,,,,,,,,,,,,,,,,,,,
2025-12-19 10:00:00+00:00,e1108,Level 11,50.0,Maintenance Soon,50.0,50.0,50.0,50.0,50.0,,,1.6604575163364643,2.2390252525243945,-0.5785677361879302,,,,,,,,,,,,,,,,,,,,,,,,,,,,,,,,,,,,,,,,,,,,,,,,,,,,,,,,,,,,,,,,,,,,,
2025-12-19 11:00:00+00:00,e1108,Level 11,50.0,Maintenance Soon,50.0,50.0,50.0,50.0,50.0,,,1.7540935672514024,2.2848962642310653,-0.5308026969796629,,,,,,,,,,,,,,,,,,,,,,,,,,,,,,,,,,,,,,,,,,,,,,,,,,,,,,,,,,,,,,,,,,,,,
2025-12-19 12:00:00+00:00,e1108,Level 11,50.0,Maintenance Soon,50.0,50.0,50.0,50.0,50.0,,,1.732507739940047,2.3315504002154435,-0.5990426602753964,,,,,,,,,,,,,,,,,,,,,,,,,,,,,,,,,,,,,,,,,,,,,,,,,,,,,,,,,,,,,,,,,,,,,
2025-12-19 13:00:00+00:00,e1108,Level 11,50.0,Maintenance Soon,50.0,50.0,50.0,50.0,50.0,,,1.8022875816968733,2.3276336996326186,-0.525346117935745,,,,,,,,,,,,,,,,,,,,,,,,,,,,,,,,,,,,,,,,,,,,,,,,,,,,,,,,,,,,,,,,,,,,,
2025-12-19 14:00:00+00:00,e1108,Level 11,50.0,Maintenance Soon,50.0,50.0,50.0,50.0,50.0,,,1.7833333333364862,2.3548601953613493,-0.571526862024863,,,,,,,,,,,,,,,,,,,,,,,,,,,,,,,,,,,,,,,,,,,,,,,,,,,,,,,,,,,,,,,,,,,,,
2025-12-19 15:00:00+00:00,e1108,Level 11,50.0,Maintenance Soon,50.0,50.0,50.0,50.0,50.0,,,1.7611111111109494,2.453283907451502,-0.6921727963405524,,,,,,,,,,,,,,,,,,,,,,,,,,,,,,,,,,,,,,,,,,,,,,,,,,,,,,,,,,,,,,,,,,,,,
2025-12-19 16:00:00+00:00,e1108,Level 11,50.0,Maintenance Soon,50.0,50.0,50.0,50.0,50.0,,,1.9194444444437977,2.4318351401670952,-0.5123906957232975,,,,,,,,,,,,,,,,,,,,,,,,,,,,,,,,,,,,,,,,,,,,,,,,,,,,,,,,,,,,,,,,,,,,,
2025-12-19 17:00:00+00:00,e1108,Level 11,50.0,Maintenance Soon,50.0,50.0,50.0,50.0,50.0,,,1.857352941173304,2.4289302082797803,-0.5715772671064769,,,,,,,,,,,,,,,,,,,,,,,,,,,,,,,,,,,,,,,,,,,,,,,,,,,,,,,,,,,,,,,,,,,,,
2025-12-19 18:00:00+00:00,e1108,Level 11,50.0,Maintenance Soon,50.0,50.0,50.0,50.0,50.0,,,1.88986928104714,2.5101546448992544,-0.6202853638521142,,,,,,,,,,,,,,,,,,,,,,,,,,,,,,,,,,,,,,,,,,,,,,,,,,,,,,,,,,,,,,,,,,,,,
2025-12-19 19:00:00+00:00,e1108,Level 11,50.0,Maintenance Soon,50.0,50.0,50.0,50.0,50.0,,,1.7488304093567422,2.5935260544320045,-0.8446956450752623,,,,,,,,,,,,,,,,,,,,,,,,,,,,,,,,,,,,,,,,,,,,,,,,,,,,,,,,,,,,,,,,,,,,,
2025-12-19 20:00:00+00:00,e1108,Level 11,50.0,Maintenance Soon,50.0,50.0,50.0,50.0,50.0,,,1.8345029239790165,2.553971460637209,-0.719468536658193,,,,,,,,,,,,,,,,,,,,,,,,,,,,,,,,,,,,,,,,,,,,,,,,,,,,,,,,,,,,,,,,,,,,,
2025-12-19 21:00:00+00:00,e1108,Level 11,50.0,Maintenance Soon,50.0,50.0,50.0,50.0,50.0,,,1.838888888887596,2.499414782749227,-0.6605258938616316,,,,,,,,,,,,,,,,,,,,,,,,,,,,,,,,,,,,,,,,,,,,,,,,,,,,,,,,,,,,,,,,,,,,,
2025-12-19 22:00:00+00:00,e1108,Level 11,50.0,Maintenance Soon,50.0,50.0,50.0,50.0,50.0,,,1.7722222222218988,2.6336039191531504,-0.8613816969312516,,,,,,,,,,,,,,,,,,,,,,,,,,,,,,,,,,,,,,,,,,,,,,,,,,,,,,,,,,,,,,,,,,,,,
2025-12-19 23:00:00+00:00,e1108,Level 11,50.0,Maintenance Soon,50.0,50.0,50.0,50.0,50.0,,,1.933333333334304,2.6965803537908264,-0.7632470204565229,,,,,,,,,,,,,,,,,,,,,,,,,,,,,,,,,,,,,,,,,,,,,,,,,,,,,,,,,,,,,,,,,,,,,
2025-12-20 00:00:00+00:00,e1108,Level 11,50.0,Maintenance Soon,50.0,50.0,50.0,50.0,50.0,,,1.810526315788593,2.6008450680844057,-0.7903187522958128,,,,,,,,,,,,,,,,,,,,,,,,,,,,,,,,,,,,,,,,,,,,,,,,,,,,,,,,,,,,,,,,,,,,,
2025-12-20 01:00:00+00:00,e1108,Level 11,50.0,Maintenance Soon,50.0,50.0,50.0,50.0,50.0,,,1.915789473685436,2.3807960557981764,-0.4650065821127405,,,,,,,,,,,,,,,,,,,,,,,,,,,,,,,,,,,,,,,,,,,,,,,,,,,,,,,,,,,,,,,,,,,,,
2025-12-20 02:00:00+00:00,e1108,Level 11,50.0,Maintenance Soon,50.0,50.0,50.0,50.0,50.0,,,1.8052631578939329,2.425902184234777,-0.6206390263408443,,,,,,,,,,,,,,,,,,,,,,,,,,,,,,,,,,,,,,,,,,,,,,,,,,,,,,,,,,,,,,,,,,,,,
2025-12-20 03:00:00+00:00,e1108,Level 11,50.0,Maintenance Soon,50.0,50.0,50.0,50.0,50.0,,,1.88508771929628,2.2570037986685443,-0.3719160793722644,,,,,,,,,,,,,,,,,,,,,,,,,,,,,,,,,,,,,,,,,,,,,,,,,,,,,,,,,,,,,,,,,,,,,
2025-12-20 04:00:00+00:00,e1108,Level 11,50.0,Maintenance Soon,50.0,50.0,50.0,50.0,50.0,,,1.766666666666424,2.256244764335861,-0.4895780976694368,,,,,,,,,,,,,,,,,,,,,,,,,,,,,,,,,,,,,,,,,,,,,,,,,,,,,,,,,,,,,,,,,,,,,
2025-12-20 05:00:00+00:00,e1108,Level 11,50.0,Maintenance Soon,50.0,50.0,50.0,50.0,50.0,,,1.7555555555554747,2.385586844601979,-0.6300312890465043,,,,,,,,,,,,,,,,,,,,,,,,,,,,,,,,,,,,,,,,,,,,,,,,,,,,,,,,,,,,,,,,,,,,,
2025-12-20 06:00:00+00:00,e1108,Level 11,50.0,Maintenance Soon,50.0,50.0,50.0,50.0,50.0,,,1.7000000000007276,1.403503148897774,0.2964968511029535,,,,,,,,,,,,,,,,,,,,,,,,,,,,,,,,,,,,,,,,,,,,,,,,,,,,,,,,,,,,,,,,,,,,,
2025-12-20 07:00:00+00:00,e1108,Level 11,50.0,Maintenance Soon,50.0,50.0,50.0,50.0,50.0,,,1.7555555555554747,1.3779558404554944,0.3775997150999803,,,,,,,,,,,,,,,,,,,,,,,,,,,,,,,,,,,,,,,,,,,,,,,,,,,,,,,,,,,,,,,,,,,,,
2025-12-20 08:00:00+00:00,e1108,Level 11,50.0,Maintenance Soon,50.0,50.0,50.0,50.0,50.0,,,1.75,1.3650997151004656,0.3849002848995344,,,,,,,,,,,,,,,,,,,,,,,,,,,,,,,,,,,,,,,,,,,,,,,,,,,,,,,,,,,,,,,,,,,,,
2025-12-20 09:00:00+00:00,e1108,Level 11,50.0,Maintenance Soon,50.0,50.0,50.0,50.0,50.0,,,1.8345029239790165,1.2812549019630144,0.5532480220160021,,,,,,,,,,,,,,,,,,,,,,,,,,,,,,,,,,,,,,,,,,,,,,,,,,,,,,,,,,,,,,,,,,,,,
2025-12-20 10:00:00+00:00,e1108,Level 11,50.0,Maintenance Soon,50.0,50.0,50.0,50.0,50.0,,,1.8043859649114893,1.3067080610004875,0.4976779039110017,,,,,,,,,,,,,,,,,,,,,,,,,,,,,,,,,,,,,,,,,,,,,,,,,,,,,,,,,,,,,,,,,,,,,
2025-12-20 11:00:00+00:00,e1108,Level 11,50.0,Maintenance Soon,50.0,50.0,50.0,50.0,50.0,,,1.9111111111124048,1.3208089668611744,0.5903021442512302,,,,,,,,,,,,,,,,,,,,,,,,,,,,,,,,,,,,,,,,,,,,,,,,,,,,,,,,,,,,,,,,,,,,,
2025-12-20 12:00:00+00:00,e1108,Level 11,50.0,Maintenance Soon,50.0,50.0,50.0,50.0,50.0,,,1.7277777777744632,1.3521692466456443,0.3756085311288188,,,,,,,,,,,,,,,,,,,,,,,,,,,,,,,,,,,,,,,,,,,,,,,,,,,,,,,,,,,,,,,,,,,,,
2025-12-20 13:00:00+00:00,e1108,Level 11,50.0,Maintenance Soon,50.0,50.0,50.0,50.0,50.0,,,1.7055555555562023,1.3994291938991712,0.3061263616570311,,,,,,,,,,,,,,,,,,,,,,,,,,,,,,,,,,,,,,,,,,,,,,,,,,,,,,,,,,,,,,,,,,,,,
2025-12-20 14:00:00+00:00,e1108,Level 11,50.0,Maintenance Soon,50.0,50.0,50.0,50.0,50.0,,,1.7222222222226264,1.432649572651523,0.2895726495711035,,,,,,,,,,,,,,,,,,,,,,,,,,,,,,,,,,,,,,,,,,,,,,,,,,,,,,,,,,,,,,,,,,,,,
2025-12-20 15:00:00+00:00,e1108,Level 11,50.0,Maintenance Soon,50.0,50.0,50.0,50.0,50.0,,,1.672222222219716,1.4203703703703163,0.2518518518493995,,,,,,,,,,,,,,,,,,,,,,,,,,,,,,,,,,,,,,,,,,,,,,,,,,,,,,,,,,,,,,,,,,,,,
2025-12-20 16:00:00+00:00,e1108,Level 11,50.0,Maintenance Soon,50.0,50.0,50.0,50.0,50.0,,,1.766666666670062,1.455436847103556,0.3112298195665062,,,,,,,,,,,,,,,,,,,,,,,,,,,,,,,,,,,,,,,,,,,,,,,,,,,,,,,,,,,,,,,,,,,,,
2025-12-20 17:00:00+00:00,e1108,Level 11,50.0,Maintenance Soon,50.0,50.0,50.0,50.0,50.0,,,1.669934640522115,1.4598142960882494,0.2101203444338655,,,,,,,,,,,,,,,,,,,,,,,,,,,,,,,,,,,,,,,,,,,,,,,,,,,,,,,,,,,,,,,,,,,,,
2025-12-20 18:00:00+00:00,e1108,Level 11,50.0,Maintenance Soon,50.0,50.0,50.0,50.0,50.0,,,1.5588235294089827,1.442099284157545,0.1167242452514376,,,,,,,,,,,,,,,,,,,,,,,,,,,,,,,,,,,,,,,,,,,,,,,,,,,,,,,,,,,,,,,,,,,,,
2025-12-20 19:00:00+00:00,e1108,Level 11,50.0,Maintenance Soon,50.0,50.0,50.0,50.0,50.0,,,1.6545751634002954,1.398181565023454,0.2563935983768413,,,,,,,,,,,,,,,,,,,,,,,,,,,,,,,,,,,,,,,,,,,,,,,,,,,,,,,,,,,,,,,,,,,,,
2025-12-20 20:00:00+00:00,e1108,Level 11,50.0,Maintenance Soon,50.0,50.0,50.0,50.0,50.0,,,1.6888888888897782,1.4829295460876892,0.2059593428020889,,,,,,,,,,,,,,,,,,,,,,,,,,,,,,,,,,,,,,,,,,,,,,,,,,,,,,,,,,,,,,,,,,,,,
2025-12-20 21:00:00+00:00,e1108,Level 11,50.0,Maintenance Soon,50.0,50.0,50.0,50.0,50.0,,,1.8538888888870133,1.4907407407408757,0.3631481481461378,,,,,,,,,,,,,,,,,,,,,,,,,,,,,,,,,,,,,,,,,,,,,,,,,,,,,,,,,,,,,,,,,,,,,
2025-12-20 22:00:00+00:00,e1108,Level 11,50.0,Maintenance Soon,50.0,50.0,50.0,50.0,50.0,,,1.774473684214172,1.4570105820106012,0.3174631022035707,,,,,,,,,,,,,,,,,,,,,,,,,,,,,,,,,,,,,,,,,,,,,,,,,,,,,,,,,,,,,,,,,,,,,
2025-12-20 23:00:00+00:00,e1108,Level 11,50.0,Maintenance Soon,50.0,50.0,50.0,50.0,50.0,,,2.0295739348366624,1.5647646414896978,0.4648092933469645,,,,,,,,,,,,,,,,,,,,,,,,,,,,,,,,,,,,,,,,,,,,,,,,,,,,,,,,,,,,,,,,,,,,,
2025-12-21 00:00:00+00:00,e1108,Level 11,50.0,Maintenance Soon,50.0,50.0,50.0,50.0,50.0,,,1.928320802006056,1.4238631780596431,0.5044576239464125,,,,,,,,,,,,,,,,,,,,,,,,,,,,,,,,,,,,,,,,,,,,,,,,,,,,,,,,,,,,,,,,,,,,,
2025-12-21 01:00:00+00:00,e1108,Level 11,50.0,Maintenance Soon,50.0,50.0,50.0,50.0,50.0,,,1.930409356722521,1.49461500974697,0.4357943469755507,,,,,,,,,,,,,,,,,,,,,,,,,,,,,,,,,,,,,,,,,,,,,,,,,,,,,,,,,,,,,,,,,,,,,
2025-12-21 02:00:00+00:00,e1108,Level 11,50.0,Maintenance Soon,50.0,50.0,50.0,50.0,50.0,,,1.6869281045765092,1.4148597990703518,0.2720683055061574,,,,,,,,,,,,,,,,,,,,,,,,,,,,,,,,,,,,,,,,,,,,,,,,,,,,,,,,,,,,,,,,,,,,,
2025-12-21 03:00:00+00:00,e1108,Level 11,50.0,Maintenance Soon,50.0,50.0,50.0,50.0,50.0,,,1.4602941176453896,1.4211830859191348,0.0391110317262548,,,,,,,,,,,,,,,,,,,,,,,,,,,,,,,,,,,,,,,,,,,,,,,,,,,,,,,,,,,,,,,,,,,,,
2025-12-21 04:00:00+00:00,e1108,Level 11,50.0,Maintenance Soon,50.0,50.0,50.0,50.0,50.0,,,0.4583333333321207,1.3648888888880415,-0.906555555555921,,,,,,,,,,,,,,,,,,,,,,,,,,,,,,,,,,,,,,,,,,,,,,,,,,,,,,,,,,,,,,,,,,,,,
2025-12-21 05:00:00+00:00,e1108,Level 11,50.0,Maintenance Soon,50.0,50.0,50.0,50.0,50.0,,,0.3666666666686069,1.3804672364676662,-1.0138005697990593,,,,,,,,,,,,,,,,,,,,,,,,,,,,,,,,,,,,,,,,,,,,,,,,,,,,,,,,,,,,,,,,,,,,,
2025-12-21 06:00:00+00:00,e1108,Level 11,50.0,Maintenance Soon,50.0,50.0,50.0,50.0,50.0,,,0.3000000000029104,1.3576923076919531,-1.0576923076890428,,,,,,,,,,,,,,,,,,,,,,,,,,,,,,,,,,,,,,,,,,,,,,,,,,,,,,,,,,,,,,,,,,,,,
2025-12-21 07:00:00+00:00,e1108,Level 11,50.0,Maintenance Soon,50.0,50.0,50.0,50.0,50.0,,,0.5944444444394321,1.3915954415958065,-0.7971509971563744,,,,,,,,,,,,,,,,,,,,,,,,,,,,,,,,,,,,,,,,,,,,,,,,,,,,,,,,,,,,,,,,,,,,,
2025-12-21 08:00:00+00:00,e1108,Level 11,50.0,Maintenance Soon,50.0,50.0,50.0,50.0,50.0,,,0.422222222223354,1.393589743588867,-0.9713675213655126,,,,,,,,,,,,,,,,,,,,,,,,,,,,,,,,,,,,,,,,,,,,,,,,,,,,,,,,,,,,,,,,,,,,,
2025-12-21 09:00:00+00:00,e1108,Level 11,50.0,Maintenance Soon,50.0,50.0,50.0,50.0,50.0,,,0.4666666666707897,1.4358599490199897,-0.9691932823492,,,,,,,,,,,,,,,,,,,,,,,,,,,,,,,,,,,,,,,,,,,,,,,,,,,,,,,,,,,,,,,,,,,,,
2025-12-21 10:00:00+00:00,e1108,Level 11,50.0,Maintenance Soon,50.0,50.0,50.0,50.0,50.0,,,0.4333333333270275,1.4065901934312326,-0.9732568601042052,,,,,,,,,,,,,,,,,,,,,,,,,,,,,,,,,,,,,,,,,,,,,,,,,,,,,,,,,,,,,,,,,,,,,
2025-12-21 11:00:00+00:00,e1108,Level 11,50.0,Maintenance Soon,50.0,50.0,50.0,50.0,50.0,,,0.2333333333372138,1.4511396011403122,-1.2178062678030983,,,,,,,,,,,,,,,,,,,,,,,,,,,,,,,,,,,,,,,,,,,,,,,,,,,,,,,,,,,,,,,,,,,,,
2025-12-21 12:00:00+00:00,e1108,Level 11,50.0,Maintenance Soon,50.0,50.0,50.0,50.0,50.0,,,0.5,1.3951566951557954,-0.8951566951557954,,,,,,,,,,,,,,,,,,,,,,,,,,,,,,,,,,,,,,,,,,,,,,,,,,,,,,,,,,,,,,,,,,,,,
2025-12-21 13:00:00+00:00,e1108,Level 11,50.0,Maintenance Soon,50.0,50.0,50.0,50.0,50.0,,,0.625,1.4121998372005085,-0.7871998372005085,,,,,,,,,,,,,,,,,,,,,,,,,,,,,,,,,,,,,,,,,,,,,,,,,,,,,,,,,,,,,,,,,,,,,
2025-12-21 14:00:00+00:00,e1108,Level 11,50.0,Maintenance Soon,50.0,50.0,50.0,50.0,50.0,,,0.4249999999992724,1.4147707231034776,-0.9897707231042052,,,,,,,,,,,,,,,,,,,,,,,,,,,,,,,,,,,,,,,,,,,,,,,,,,,,,,,,,,,,,,,,,,,,,
2025-12-21 15:00:00+00:00,e1108,Level 11,50.0,Maintenance Soon,50.0,50.0,50.0,50.0,50.0,,,0.1166666666686069,1.4018518518508547,-1.2851851851822478,,,,,,,,,,,,,,,,,,,,,,,,,,,,,,,,,,,,,,,,,,,,,,,,,,,,,,,,,,,,,,,,,,,,,
2025-12-21 16:00:00+00:00,e1108,Level 11,50.0,Maintenance Soon,50.0,50.0,50.0,50.0,50.0,,,0.4933333333319751,1.4382716049403823,-0.9449382716084074,,,,,,,,,,,,,,,,,,,,,,,,,,,,,,,,,,,,,,,,,,,,,,,,,,,,,,,,,,,,,,,,,,,,,
2025-12-21 17:00:00+00:00,e1108,Level 11,50.0,Maintenance Soon,50.0,50.0,50.0,50.0,50.0,,,0.3400000000001455,1.4159041394329204,-1.0759041394327749,,,,,,,,,,,,,,,,,,,,,,,,,,,,,,,,,,,,,,,,,,,,,,,,,,,,,,,,,,,,,,,,,,,,,
2025-12-21 18:00:00+00:00,e1108,Level 11,50.0,Maintenance Soon,50.0,50.0,50.0,50.0,50.0,,,0.2833333333328482,1.3856359401979716,-1.1023026068651234,,,,,,,,,,,,,,,,,,,,,,,,,,,,,,,,,,,,,,,,,,,,,,,,,,,,,,,,,,,,,,,,,,,,,
2025-12-21 19:00:00+00:00,e1108,Level 11,50.0,Maintenance Soon,50.0,50.0,50.0,50.0,50.0,,,0.1166666666686069,1.435433100444546,-1.318766433775939,,,,,,,,,,,,,,,,,,,,,,,,,,,,,,,,,,,,,,,,,,,,,,,,,,,,,,,,,,,,,,,,,,,,,
2025-12-21 20:00:00+00:00,e1108,Level 11,50.0,Maintenance Soon,50.0,50.0,50.0,50.0,50.0,,,0.3000000000029104,1.4560664112383772,-1.1560664112354668,,,,,,,,,,,,,,,,,,,,,,,,,,,,,,,,,,,,,,,,,,,,,,,,,,,,,,,,,,,,,,,,,,,,,
2025-12-21 21:00:00+00:00,e1108,Level 11,50.0,Maintenance Soon,50.0,50.0,50.0,50.0,50.0,,,0.2199999999975261,1.4978069695316665,-1.27780696953414,,,,,,,,,,,,,,,,,,,,,,,,,,,,,,,,,,,,,,,,,,,,,,,,,,,,,,,,,,,,,,,,,,,,,
2025-12-21 22:00:00+00:00,e1108,Level 11,50.0,Maintenance Soon,50.0,50.0,50.0,50.0,50.0,,,0.3799999999973806,1.477164462881774,-1.0971644628843933,,,,,,,,,,,,,,,,,,,,,,,,,,,,,,,,,,,,,,,,,,,,,,,,,,,,,,,,,,,,,,,,,,,,,
2025-12-21 23:00:00+00:00,e1108,Level 11,50.0,Maintenance Soon,50.0,50.0,50.0,50.0,50.0,,,0.2800000000024738,1.5321653431140778,-1.252165343111604,,,,,,,,,,,,,,,,,,,,,,,,,,,,,,,,,,,,,,,,,,,,,,,,,,,,,,,,,,,,,,,,,,,,,
2025-12-22 00:00:00+00:00,e1108,Level 11,50.0,Maintenance Soon,50.0,50.0,50.0,50.0,50.0,,,0.0866666666661331,70.76634262423856,-70.67967595757243,,,,,,,,,,,,,,,,,,,,,,,,,,,,,,,,,,,,,,,,,,,,,,,,,,,,,,,,,,,,,,,,,,,,,
2025-12-22 01:00:00+00:00,e1108,Level 11,50.0,Maintenance Soon,50.0,50.0,50.0,50.0,50.0,,,0.2619047619009507,2.008295823735049,-1.7463910618340983,,,,,,,,,,,,,,,,,,,,,,,,,,,,,,,,,,,,,,,,,,,,,,,,,,,,,,,,,,,,,,,,,,,,,
2025-12-22 02:00:00+00:00,e1108,Level 11,50.0,Maintenance Soon,50.0,50.0,50.0,50.0,50.0,,,0.2380952380990493,2.415945731827378,-2.1778504937283287,,,,,,,,,,,,,,,,,,,,,,,,,,,,,,,,,,,,,,,,,,,,,,,,,,,,,,,,,,,,,,,,,,,,,
2025-12-22 03:00:00+00:00,e1108,Level 11,50.0,Maintenance Soon,50.0,50.0,50.0,50.0,50.0,,,0.1666666666678793,2.047222545144905,-1.880555878477025,,,,,,,,,,,,,,,,,,,,,,,,,,,,,,,,,,,,,,,,,,,,,,,,,,,,,,,,,,,,,,,,,,,,,
2025-12-22 04:00:00+00:00,e1108,Level 11,50.0,Maintenance Soon,50.0,50.0,50.0,50.0,50.0,,,0.3666666666649689,1.734239130433707,-1.367572463768738,,,,,,,,,,,,,,,,,,,,,,,,,,,,,,,,,,,,,,,,,,,,,,,,,,,,,,,,,,,,,,,,,,,,,
2025-12-22 05:00:00+00:00,e1108,Level 11,50.0,Maintenance Soon,50.0,50.0,50.0,50.0,50.0,,,0.0428571428565192,0.8940000000002328,-0.8511428571437136,,,,,,,,,,,,,,,,,,,,,,,,,,,,,,,,,,,,,,,,,,,,,,,,,,,,,,,,,,,,,,,,,,,,,
2025-12-22 06:00:00+00:00,e1108,Level 11,50.0,Maintenance Soon,50.0,50.0,50.0,50.0,50.0,,,0.2071428571434808,3.1455833333347982,-2.938440476191317,,,,,,,,,,,,,,,,,,,,,,,,,,,,,,,,,,,,,,,,,,,,,,,,,,,,,,,,,,,,,,,,,,,,,
2025-12-22 07:00:00+00:00,e1108,Level 11,50.0,Maintenance Soon,50.0,50.0,50.0,50.0,50.0,,,0.1499999999978172,1.5411735104668576,-1.3911735104690404,,,,,,,,,,,,,,,,,,,,,,,,,,,,,,,,,,,,,,,,,,,,,,,,,,,,,,,,,,,,,,,,,,,,,
2025-12-22 08:00:00+00:00,e1108,Level 11,50.0,Maintenance Soon,50.0,50.0,50.0,50.0,50.0,,,0.1000000000058207,1.58566827697238,-1.4856682769665592,,,,,,,,,,,,,,,,,,,,,,,,,,,,,,,,,,,,,,,,,,,,,,,,,,,,,,,,,,,,,,,,,,,,,
2025-12-22 09:00:00+00:00,e1108,Level 11,50.0,Maintenance Soon,50.0,50.0,50.0,50.0,50.0,,,-3.637978807091713e-12,1.583160800553742,-1.5831608005573798,,,,,,,,,,,,,,,,,,,,,,,,,,,,,,,,,,,,,,,,,,,,,,,,,,,,,,,,,,,,,,,,,,,,,
2025-12-22 10:00:00+00:00,e1108,Level 11,50.0,Maintenance Soon,50.0,50.0,50.0,50.0,50.0,,,0.2999999999992724,1.5516218081405289,-1.2516218081412565,,,,,,,,,,,,,,,,,,,,,,,,,,,,,,,,,,,,,,,,,,,,,,,,,,,,,,,,,,,,,,,,,,,,,
2025-12-22 11:00:00+00:00,e1108,Level 11,50.0,Maintenance Soon,50.0,50.0,50.0,50.0,50.0,,,0.25,1.5532771190167598,-1.3032771190167598,,,,,,,,,,,,,,,,,,,,,,,,,,,,,,,,,,,,,,,,,,,,,,,,,,,,,,,,,,,,,,,,,,,,,
2025-12-22 12:00:00+00:00,e1108,Level 11,50.0,Maintenance Soon,50.0,50.0,50.0,50.0,50.0,,,0.0499999999992724,1.6745610452356534,-1.624561045236381,,,,,,,,,,,,,,,,,,,,,,,,,,,,,,,,,,,,,,,,,,,,,,,,,,,,,,,,,,,,,,,,,,,,,
2025-12-22 13:00:00+00:00,e1108,Level 11,50.0,Maintenance Soon,50.0,50.0,50.0,50.0,50.0,,,0.3400000000001455,1.7054086517358276,-1.365408651735682,,,,,,,,,,,,,,,,,,,,,,,,,,,,,,,,,,,,,,,,,,,,,,,,,,,,,,,,,,,,,,,,,,,,,
2025-12-22 14:00:00+00:00,e1108,Level 11,50.0,Maintenance Soon,50.0,50.0,50.0,50.0,50.0,,,0.1399999999994179,1.6715841018873714,-1.5315841018879537,,,,,,,,,,,,,,,,,,,,,,,,,,,,,,,,,,,,,,,,,,,,,,,,,,,,,,,,,,,,,,,,,,,,,
2025-12-22 15:00:00+00:00,e1108,Level 11,50.0,Maintenance Soon,50.0,50.0,50.0,50.0,50.0,,,0.0200000000004365,1.5869565217399213,-1.5669565217394847,,,,,,,,,,,,,,,,,,,,,,,,,,,,,,,,,,,,,,,,,,,,,,,,,,,,,,,,,,,,,,,,,,,,,
2025-12-22 16:00:00+00:00,e1108,Level 11,50.0,Maintenance Soon,50.0,50.0,50.0,50.0,50.0,,,-0.0142857142855064,1.7898253437379026,-1.804111058023409,,,,,,,,,,,,,,,,,,,,,,,,,,,,,,,,,,,,,,,,,,,,,,,,,,,,,,,,,,,,,,,,,,,,,
2025-12-22 17:00:00+00:00,e1108,Level 11,50.0,Maintenance Soon,50.0,50.0,50.0,50.0,50.0,,,0.0342857142859429,1.827399377234542,-1.793113662948599,,,,,,,,,,,,,,,,,,,,,,,,,,,,,,,,,,,,,,,,,,,,,,,,,,,,,,,,,,,,,,,,,,,,,
2025-12-22 18:00:00+00:00,e1108,Level 11,50.0,Maintenance Soon,50.0,50.0,50.0,50.0,50.0,,,-0.0200000000004365,1.7920402893784435,-1.8120402893788805,,,,,,,,,,,,,,,,,,,,,,,,,,,,,,,,,,,,,,,,,,,,,,,,,,,,,,,,,,,,,,,,,,,,,
2025-12-22 19:00:00+00:00,e1108,Level 11,50.0,Maintenance Soon,50.0,50.0,50.0,50.0,50.0,,,0.0,1.736772387615929,-1.736772387615929,,,,,,,,,,,,,,,,,,,,,,,,,,,,,,,,,,,,,,,,,,,,,,,,,,,,,,,,,,,,,,,,,,,,,
2025-12-22 20:00:00+00:00,e1108,Level 11,50.0,Maintenance Soon,50.0,50.0,50.0,50.0,50.0,,,0.0,1.8333276813985624,-1.8333276813985624,,,,,,,,,,,,,,,,,,,,,,,,,,,,,,,,,,,,,,,,,,,,,,,,,,,,,,,,,,,,,,,,,,,,,
2025-12-22 21:00:00+00:00,e1108,Level 11,50.0,Maintenance Soon,50.0,50.0,50.0,50.0,50.0,,,0.0,1.8323222912343529,-1.8323222912343529,,,,,,,,,,,,,,,,,,,,,,,,,,,,,,,,,,,,,,,,,,,,,,,,,,,,,,,,,,,,,,,,,,,,,
2025-12-22 22:00:00+00:00,e1108,Level 11,50.0,Maintenance Soon,50.0,50.0,50.0,50.0,50.0,,,0.0,1.84888888888842,-1.84888888888842,,,,,,,,,,,,,,,,,,,,,,,,,,,,,,,,,,,,,,,,,,,,,,,,,,,,,,,,,,,,,,,,,,,,,
2025-12-22 23:00:00+00:00,e1108,Level 11,50.0,Maintenance Soon,50.0,50.0,50.0,50.0,50.0,,,0.0,1.770008818343437,-1.770008818343437,,,,,,,,,,,,,,,,,,,,,,,,,,,,,,,,,,,,,,,,,,,,,,,,,,,,,,,,,,,,,,,,,,,,,
2025-12-23 00:00:00+00:00,e1108,Level 11,50.0,Maintenance Soon,50.0,50.0,50.0,50.0,50.0,,,-0.0200000000004365,1.5884100912492916,-1.608410091249728,,,,,,,,,,,,,,,,,,,,,,,,,,,,,,,,,,,,,,,,,,,,,,,,,,,,,,,,,,,,,,,,,,,,,
2025-12-23 01:00:00+00:00,e1108,Level 11,50.0,Maintenance Soon,50.0,50.0,50.0,50.0,50.0,,,0.0342857142859429,1.648143971969451,-1.613858257683508,,,,,,,,,,,,,,,,,,,,,,,,,,,,,,,,,,,,,,,,,,,,,,,,,,,,,,,,,,,,,,,,,,,,,
2025-12-23 02:00:00+00:00,e1108,Level 11,50.0,Maintenance Soon,50.0,50.0,50.0,50.0,50.0,,,-0.0142857142855064,1.6300879120887355,-1.644373626374242,,,,,,,,,,,,,,,,,,,,,,,,,,,,,,,,,,,,,,,,,,,,,,,,,,,,,,,,,,,,,,,,,,,,,
2025-12-23 03:00:00+00:00,e1108,Level 11,50.0,Maintenance Soon,50.0,50.0,50.0,50.0,50.0,,,-0.0999999999985448,1.512050505052078,-1.6120505050506229,,,,,,,,,,,,,,,,,,,,,,,,,,,,,,,,,,,,,,,,,,,,,,,,,,,,,,,,,,,,,,,,,,,,,
2025-12-23 04:00:00+00:00,e1108,Level 11,50.0,Maintenance Soon,50.0,50.0,50.0,50.0,50.0,,,0.0,1.6601814851807528,-1.6601814851807528,,,,,,,,,,,,,,,,,,,,,,,,,,,,,,,,,,,,,,,,,,,,,,,,,,,,,,,,,,,,,,,,,,,,,
2025-12-23 05:00:00+00:00,e1108,Level 11,50.0,Maintenance Soon,50.0,50.0,50.0,50.0,50.0,,,0.0,1.6128163503138542,-1.6128163503138542,,,,,,,,,,,,,,,,,,,,,,,,,,,,,,,,,,,,,,,,,,,,,,,,,,,,,,,,,,,,,,,,,,,,,
2025-12-23 06:00:00+00:00,e1108,Level 11,50.0,Maintenance Soon,50.0,50.0,50.0,50.0,50.0,,,0.0,1.6202215007239529,-1.6202215007239529,,,,,,,,,,,,,,,,,,,,,,,,,,,,,,,,,,,,,,,,,,,,,,,,,,,,,,,,,,,,,,,,,,,,,
2025-12-23 07:00:00+00:00,e1108,Level 11,50.0,Maintenance Soon,50.0,50.0,50.0,50.0,50.0,,,0.0,1.487986197377419,-1.487986197377419,,,,,,,,,,,,,,,,,,,,,,,,,,,,,,,,,,,,,,,,,,,,,,,,,,,,,,,,,,,,,,,,,,,,,
2025-12-23 08:00:00+00:00,e1108,Level 11,50.0,Maintenance Soon,50.0,50.0,50.0,50.0,50.0,,,0.0,1.445243741766414,-1.445243741766414,,,,,,,,,,,,,,,,,,,,,,,,,,,,,,,,,,,,,,,,,,,,,,,,,,,,,,,,,,,,,,,,,,,,,
2025-12-23 09:00:00+00:00,e1108,Level 11,50.0,Maintenance Soon,50.0,50.0,50.0,50.0,50.0,,,0.0,1.4006113306968473,-1.4006113306968473,,,,,,,,,,,,,,,,,,,,,,,,,,,,,,,,,,,,,,,,,,,,,,,,,,,,,,,,,,,,,,,,,,,,,
2025-12-23 10:00:00+00:00,e1108,Level 11,50.0,Maintenance Soon,50.0,50.0,50.0,50.0,50.0,,,0.0,1.4644761904758827,-1.4644761904758827,,,,,,,,,,,,,,,,,,,,,,,,,,,,,,,,,,,,,,,,,,,,,,,,,,,,,,,,,,,,,,,,,,,,,
2025-12-23 11:00:00+00:00,e1108,Level 11,50.0,Maintenance Soon,50.0,50.0,50.0,50.0,50.0,,,0.0,1.221691641692208,-1.221691641692208,,,,,,,,,,,,,,,,,,,,,,,,,,,,,,,,,,,,,,,,,,,,,,,,,,,,,,,,,,,,,,,,,,,,,
2025-12-23 12:00:00+00:00,e1108,Level 11,50.0,Maintenance Soon,50.0,50.0,50.0,50.0,50.0,,,0.0,1.4765278200053824,-1.4765278200053824,,,,,,,,,,,,,,,,,,,,,,,,,,,,,,,,,,,,,,,,,,,,,,,,,,,,,,,,,,,,,,,,,,,,,
2025-12-23 13:00:00+00:00,e1108,Level 11,50.0,Maintenance Soon,50.0,50.0,50.0,50.0,50.0,,,0.0,1.5698550724640274,-1.5698550724640274,,,,,,,,,,,,,,,,,,,,,,,,,,,,,,,,,,,,,,,,,,,,,,,,,,,,,,,,,,,,,,,,,,,,,
2025-12-23 14:00:00+00:00,e1108,Level 11,50.0,Maintenance Soon,50.0,50.0,50.0,50.0,50.0,,,0.0,1.4880579710152233,-1.4880579710152233,,,,,,,,,,,,,,,,,,,,,,,,,,,,,,,,,,,,,,,,,,,,,,,,,,,,,,,,,,,,,,,,,,,,,
2025-12-23 15:00:00+00:00,e1108,Level 11,50.0,Maintenance Soon,50.0,50.0,50.0,50.0,50.0,,,0.0,1.420347826086072,-1.420347826086072,,,,,,,,,,,,,,,,,,,,,,,,,,,,,,,,,,,,,,,,,,,,,,,,,,,,,,,,,,,,,,,,,,,,,
2025-12-23 16:00:00+00:00,e1108,Level 11,50.0,Maintenance Soon,50.0,50.0,50.0,50.0,50.0,,,0.0,1.3951967781770993,-1.3951967781770993,,,,,,,,,,,,,,,,,,,,,,,,,,,,,,,,,,,,,,,,,,,,,,,,,,,,,,,,,,,,,,,,,,,,,
2025-12-23 17:00:00+00:00,e1108,Level 11,50.0,Maintenance Soon,50.0,50.0,50.0,50.0,50.0,,,0.0,1.5695444226512336,-1.5695444226512336,,,,,,,,,,,,,,,,,,,,,,,,,,,,,,,,,,,,,,,,,,,,,,,,,,,,,,,,,,,,,,,,,,,,,
2025-12-23 18:00:00+00:00,e1108,Level 11,50.0,Maintenance Soon,50.0,50.0,50.0,50.0,50.0,,,0.0,1.6262343761979234,-1.6262343761979234,,,,,,,,,,,,,,,,,,,,,,,,,,,,,,,,,,,,,,,,,,,,,,,,,,,,,,,,,,,,,,,,,,,,,
2025-12-23 19:00:00+00:00,e1108,Level 11,50.0,Maintenance Soon,50.0,50.0,50.0,50.0,50.0,,,0.0,1.630092592593428,-1.630092592593428,,,,,,,,,,,,,,,,,,,,,,,,,,,,,,,,,,,,,,,,,,,,,,,,,,,,,,,,,,,,,,,,,,,,,
2025-12-23 20:00:00+00:00,e1108,Level 11,50.0,Maintenance Soon,50.0,50.0,50.0,50.0,50.0,,,0.0,1.6396859313523844,-1.6396859313523844,,,,,,,,,,,,,,,,,,,,,,,,,,,,,,,,,,,,,,,,,,,,,,,,,,,,,,,,,,,,,,,,,,,,,
2025-12-23 21:00:00+00:00,e1108,Level 11,50.0,Maintenance Soon,50.0,50.0,50.0,50.0,50.0,,,0.0,1.670499253833744,-1.670499253833744,,,,,,,,,,,,,,,,,,,,,,,,,,,,,,,,,,,,,,,,,,,,,,,,,,,,,,,,,,,,,,,,,,,,,
2025-12-23 22:00:00+00:00,e1108,Level 11,50.0,Maintenance Soon,50.0,50.0,50.0,50.0,50.0,,,0.0,1.8395282186926727,-1.8395282186926727,,,,,,,,,,,,,,,,,,,,,,,,,,,,,,,,,,,,,,,,,,,,,,,,,,,,,,,,,,,,,,,,,,,,,
2025-12-23 23:00:00+00:00,e1108,Level 11,50.0,Maintenance Soon,50.0,50.0,50.0,50.0,50.0,,,0.0,1.7623015873032273,-1.7623015873032273,,,,,,,,,,,,,,,,,,,,,,,,,,,,,,,,,,,,,,,,,,,,,,,,,,,,,,,,,,,,,,,,,,,,,
2025-12-24 00:00:00+00:00,e1108,Level 11,50.0,Maintenance Soon,50.0,50.0,50.0,50.0,50.0,,,0.0,1.5922751322747597,-1.5922751322747597,,,,,,,,,,,,,,,,,,,,,,,,,,,,,,,,,,,,,,,,,,,,,,,,,,,,,,,,,,,,,,,,,,,,,
2025-12-24 01:00:00+00:00,e1108,Level 11,50.0,Maintenance Soon,50.0,50.0,50.0,50.0,50.0,,,0.0,1.5600228475220017,-1.5600228475220017,,,,,,,,,,,,,,,,,,,,,,,,,,,,,,,,,,,,,,,,,,,,,,,,,,,,,,,,,,,,,,,,,,,,,
2025-12-24 02:00:00+00:00,e1108,Level 11,50.0,Maintenance Soon,50.0,50.0,50.0,50.0,50.0,,,0.0,1.4993457267373742,-1.4993457267373742,,,,,,,,,,,,,,,,,,,,,,,,,,,,,,,,,,,,,,,,,,,,,,,,,,,,,,,,,,,,,,,,,,,,,
2025-12-24 03:00:00+00:00,e1108,Level 11,50.0,Maintenance Soon,50.0,50.0,50.0,50.0,50.0,,,0.0,1.570258002866467,-1.570258002866467,,,,,,,,,,,,,,,,,,,,,,,,,,,,,,,,,,,,,,,,,,,,,,,,,,,,,,,,,,,,,,,,,,,,,
2025-12-24 04:00:00+00:00,e1108,Level 11,50.0,Maintenance Soon,50.0,50.0,50.0,50.0,50.0,,,0.0,1.564285124430171,-1.564285124430171,,,,,,,,,,,,,,,,,,,,,,,,,,,,,,,,,,,,,,,,,,,,,,,,,,,,,,,,,,,,,,,,,,,,,
2025-12-24 05:00:00+00:00,e1108,Level 11,50.0,Maintenance Soon,50.0,50.0,50.0,50.0,50.0,,,0.0,1.56896857838971,-1.56896857838971,,,,,,,,,,,,,,,,,,,,,,,,,,,,,,,,,,,,,,,,,,,,,,,,,,,,,,,,,,,,,,,,,,,,,
2025-12-24 06:00:00+00:00,e1108,Level 11,50.0,Maintenance Soon,50.0,50.0,50.0,50.0,50.0,,,0.0,1.4709636353982205,-1.4709636353982205,,,,,,,,,,,,,,,,,,,,,,,,,,,,,,,,,,,,,,,,,,,,,,,,,,,,,,,,,,,,,,,,,,,,,
2025-12-24 07:00:00+00:00,e1108,Level 11,50.0,Maintenance Soon,50.0,50.0,50.0,50.0,50.0,,,0.0,1.461356421355352,-1.461356421355352,,,,,,,,,,,,,,,,,,,,,,,,,,,,,,,,,,,,,,,,,,,,,,,,,,,,,,,,,,,,,,,,,,,,,
2025-12-24 08:00:00+00:00,e1108,Level 11,50.0,Maintenance Soon,50.0,50.0,50.0,50.0,50.0,,,0.0,1.4191515151530136,-1.4191515151530136,,,,,,,,,,,,,,,,,,,,,,,,,,,,,,,,,,,,,,,,,,,,,,,,,,,,,,,,,,,,,,,,,,,,,
2025-12-24 09:00:00+00:00,e1108,Level 11,50.0,Maintenance Soon,50.0,50.0,50.0,50.0,50.0,,,0.0,1.426923076921715,-1.426923076921715,,,,,,,,,,,,,,,,,,,,,,,,,,,,,,,,,,,,,,,,,,,,,,,,,,,,,,,,,,,,,,,,,,,,,
2025-12-24 10:00:00+00:00,e1108,Level 11,50.0,Maintenance Soon,50.0,50.0,50.0,50.0,50.0,,,0.0,1.442955710956691,-1.442955710956691,,,,,,,,,,,,,,,,,,,,,,,,,,,,,,,,,,,,,,,,,,,,,,,,,,,,,,,,,,,,,,,,,,,,,
2025-12-24 11:00:00+00:00,e1108,Level 11,50.0,Maintenance Soon,50.0,50.0,50.0,50.0,50.0,,,0.0,1.4585021645010177,-1.4585021645010177,,,,,,,,,,,,,,,,,,,,,,,,,,,,,,,,,,,,,,,,,,,,,,,,,,,,,,,,,,,,,,,,,,,,,
2025-12-24 12:00:00+00:00,e1108,Level 11,50.0,Maintenance Soon,50.0,50.0,50.0,50.0,50.0,,,0.0,1.4971866804698948,-1.4971866804698948,,,,,,,,,,,,,,,,,,,,,,,,,,,,,,,,,,,,,,,,,,,,,,,,,,,,,,,,,,,,,,,,,,,,,
2025-12-24 13:00:00+00:00,e1108,Level 11,50.0,Maintenance Soon,50.0,50.0,50.0,50.0,50.0,,,0.0,1.4293203776893886,-1.4293203776893886,,,,,,,,,,,,,,,,,,,,,,,,,,,,,,,,,,,,,,,,,,,,,,,,,,,,,,,,,,,,,,,,,,,,,
2025-12-24 14:00:00+00:00,e1108,Level 11,50.0,Maintenance Soon,50.0,50.0,50.0,50.0,50.0,,,0.0,1.4491535035025056,-1.4491535035025056,,,,,,,,,,,,,,,,,,,,,,,,,,,,,,,,,,,,,,,,,,,,,,,,,,,,,,,,,,,,,,,,,,,,,
2025-12-24 15:00:00+00:00,e1108,Level 11,50.0,Maintenance Soon,50.0,50.0,50.0,50.0,50.0,,,0.0,1.4658003831924968,-1.4658003831924968,,,,,,,,,,,,,,,,,,,,,,,,,,,,,,,,,,,,,,,,,,,,,,,,,,,,,,,,,,,,,,,,,,,,,
2025-12-24 16:00:00+00:00,e1108,Level 11,50.0,Maintenance Soon,50.0,50.0,50.0,50.0,50.0,,,0.0,1.438213658320213,-1.438213658320213,,,,,,,,,,,,,,,,,,,,,,,,,,,,,,,,,,,,,,,,,,,,,,,,,,,,,,,,,,,,,,,,,,,,,
2025-12-24 17:00:00+00:00,e1108,Level 11,50.0,Maintenance Soon,50.0,50.0,50.0,50.0,50.0,,,0.0,1.5050824175838595,-1.5050824175838595,,,,,,,,,,,,,,,,,,,,,,,,,,,,,,,,,,,,,,,,,,,,,,,,,,,,,,,,,,,,,,,,,,,,,
2025-12-24 18:00:00+00:00,e1108,Level 11,50.0,Maintenance Soon,50.0,50.0,50.0,50.0,50.0,,,0.0,1.4596126096124256,-1.4596126096124256,,,,,,,,,,,,,,,,,,,,,,,,,,,,,,,,,,,,,,,,,,,,,,,,,,,,,,,,,,,,,,,,,,,,,
2025-12-24 19:00:00+00:00,e1108,Level 11,50.0,Maintenance Soon,50.0,50.0,50.0,50.0,50.0,,,0.0,1.4723508665241145,-1.4723508665241145,,,,,,,,,,,,,,,,,,,,,,,,,,,,,,,,,,,,,,,,,,,,,,,,,,,,,,,,,,,,,,,,,,,,,
2025-12-24 20:00:00+00:00,e1108,Level 11,50.0,Maintenance Soon,50.0,50.0,50.0,50.0,50.0,,,0.0,1.5679241917508382,-1.5679241917508382,,,,,,,,,,,,,,,,,,,,,,,,,,,,,,,,,,,,,,,,,,,,,,,,,,,,,,,,,,,,,,,,,,,,,
2025-12-24 21:00:00+00:00,e1108,Level 11,50.0,Maintenance Soon,50.0,50.0,50.0,50.0,50.0,,,0.0,1.557974358973297,-1.557974358973297,,,,,,,,,,,,,,,,,,,,,,,,,,,,,,,,,,,,,,,,,,,,,,,,,,,,,,,,,,,,,,,,,,,,,
2025-12-24 22:00:00+00:00,e1108,Level 11,50.0,Maintenance Soon,50.0,50.0,50.0,50.0,50.0,,,0.0,1.5595528717130946,-1.5595528717130946,,,,,,,,,,,,,,,,,,,,,,,,,,,,,,,,,,,,,,,,,,,,,,,,,,,,,,,,,,,,,,,,,,,,,
2025-12-24 23:00:00+00:00,e1108,Level 11,50.0,Maintenance Soon,50.0,50.0,50.0,50.0,50.0,,,0.0,1.548318923159968,-1.548318923159968,,,,,,,,,,,,,,,,,,,,,,,,,,,,,,,,,,,,,,,,,,,,,,,,,,,,,,,,,,,,,,,,,,,,,
2025-12-25 00:00:00+00:00,e1108,Level 11,50.0,Maintenance Soon,50.0,50.0,50.0,50.0,50.0,,,0.0,1.6239160839165077,-1.6239160839165077,,,,,,,,,,,,,,,,,,,,,,,,,,,,,,,,,,,,,,,,,,,,,,,,,,,,,,,,,,,,,,,,,,,,,
2025-12-25 01:00:00+00:00,e1108,Level 11,50.0,Maintenance Soon,50.0,50.0,50.0,50.0,50.0,,,0.0,1.5177676767658947,-1.5177676767658947,,,,,,,,,,,,,,,,,,,,,,,,,,,,,,,,,,,,,,,,,,,,,,,,,,,,,,,,,,,,,,,,,,,,,
2025-12-25 02:00:00+00:00,e1108,Level 11,50.0,Maintenance Soon,50.0,50.0,50.0,50.0,50.0,,,0.0,1.5360158730157611,-1.5360158730157611,,,,,,,,,,,,,,,,,,,,,,,,,,,,,,,,,,,,,,,,,,,,,,,,,,,,,,,,,,,,,,,,,,,,,
2025-12-25 03:00:00+00:00,e1108,Level 11,50.0,Maintenance Soon,50.0,50.0,50.0,50.0,50.0,,,0.0,1.4750952380964009,-1.4750952380964009,,,,,,,,,,,,,,,,,,,,,,,,,,,,,,,,,,,,,,,,,,,,,,,,,,,,,,,,,,,,,,,,,,,,,
2025-12-25 04:00:00+00:00,e1108,Level 11,50.0,Maintenance Soon,50.0,50.0,50.0,50.0,50.0,,,0.0,1.3961180124230548,-1.3961180124230548,,,,,,,,,,,,,,,,,,,,,,,,,,,,,,,,,,,,,,,,,,,,,,,,,,,,,,,,,,,,,,,,,,,,,
2025-12-25 05:00:00+00:00,e1108,Level 11,50.0,Maintenance Soon,50.0,50.0,50.0,50.0,50.0,,,0.0,1.4536835748779895,-1.4536835748779895,,,,,,,,,,,,,,,,,,,,,,,,,,,,,,,,,,,,,,,,,,,,,,,,,,,,,,,,,,,,,,,,,,,,,
2025-12-25 06:00:00+00:00,e1108,Level 11,50.0,Maintenance Soon,50.0,50.0,50.0,50.0,50.0,,,0.0,1.365198412699101,-1.365198412699101,,,,,,,,,,,,,,,,,,,,,,,,,,,,,,,,,,,,,,,,,,,,,,,,,,,,,,,,,,,,,,,,,,,,,
2025-12-25 07:00:00+00:00,e1108,Level 11,50.0,Maintenance Soon,50.0,50.0,50.0,50.0,50.0,,,0.0,1.3112318840576336,-1.3112318840576336,,,,,,,,,,,,,,,,,,,,,,,,,,,,,,,,,,,,,,,,,,,,,,,,,,,,,,,,,,,,,,,,,,,,,
2025-12-25 08:00:00+00:00,e1108,Level 11,50.0,Maintenance Soon,50.0,50.0,50.0,50.0,50.0,,,0.0,1.3730105401834105,-1.3730105401834105,,,,,,,,,,,,,,,,,,,,,,,,,,,,,,,,,,,,,,,,,,,,,,,,,,,,,,,,,,,,,,,,,,,,,
2025-12-25 09:00:00+00:00,e1108,Level 11,50.0,Maintenance Soon,50.0,50.0,50.0,50.0,50.0,,,0.0,1.344646464647667,-1.344646464647667,,,,,,,,,,,,,,,,,,,,,,,,,,,,,,,,,,,,,,,,,,,,,,,,,,,,,,,,,,,,,,,,,,,,,
2025-12-25 10:00:00+00:00,e1108,Level 11,50.0,Maintenance Soon,50.0,50.0,50.0,50.0,50.0,,,0.0,1.3856565656557602,-1.3856565656557602,,,,,,,,,,,,,,,,,,,,,,,,,,,,,,,,,,,,,,,,,,,,,,,,,,,,,,,,,,,,,,,,,,,,,
2025-12-25 11:00:00+00:00,e1108,Level 11,50.0,Maintenance Soon,50.0,50.0,50.0,50.0,50.0,,,0.0,1.3539431582927743,-1.3539431582927743,,,,,,,,,,,,,,,,,,,,,,,,,,,,,,,,,,,,,,,,,,,,,,,,,,,,,,,,,,,,,,,,,,,,,
2025-12-25 12:00:00+00:00,e1108,Level 11,50.0,Maintenance Soon,50.0,50.0,50.0,50.0,50.0,,,0.0,1.3868184955135805,-1.3868184955135805,,,,,,,,,,,,,,,,,,,,,,,,,,,,,,,,,,,,,,,,,,,,,,,,,,,,,,,,,,,,,,,,,,,,,
2025-12-25 13:00:00+00:00,e1108,Level 11,50.0,Maintenance Soon,50.0,50.0,50.0,50.0,50.0,,,0.0,1.3917184265010292,-1.3917184265010292,,,,,,,,,,,,,,,,,,,,,,,,,,,,,,,,,,,,,,,,,,,,,,,,,,,,,,,,,,,,,,,,,,,,,
2025-12-25 14:00:00+00:00,e1108,Level 11,50.0,Maintenance Soon,50.0,50.0,50.0,50.0,50.0,,,0.0,1.3947926469663798,-1.3947926469663798,,,,,,,,,,,,,,,,,,,,,,,,,,,,,,,,,,,,,,,,,,,,,,,,,,,,,,,,,,,,,,,,,,,,,
2025-12-25 15:00:00+00:00,e1108,Level 11,50.0,Maintenance Soon,50.0,50.0,50.0,50.0,50.0,,,0.0,1.440530303028936,-1.440530303028936,,,,,,,,,,,,,,,,,,,,,,,,,,,,,,,,,,,,,,,,,,,,,,,,,,,,,,,,,,,,,,,,,,,,,
2025-12-25 16:00:00+00:00,e1108,Level 11,50.0,Maintenance Soon,50.0,50.0,50.0,50.0,50.0,,,0.0,1.4463885751938506,-1.4463885751938506,,,,,,,,,,,,,,,,,,,,,,,,,,,,,,,,,,,,,,,,,,,,,,,,,,,,,,,,,,,,,,,,,,,,,
2025-12-25 17:00:00+00:00,e1108,Level 11,50.0,Maintenance Soon,50.0,50.0,50.0,50.0,50.0,,,0.0,1.4546325051766569,-1.4546325051766569,,,,,,,,,,,,,,,,,,,,,,,,,,,,,,,,,,,,,,,,,,,,,,,,,,,,,,,,,,,,,,,,,,,,,
2025-12-25 18:00:00+00:00,e1108,Level 11,50.0,Maintenance Soon,50.0,50.0,50.0,50.0,50.0,,,0.0,1.4726778656125437,-1.4726778656125437,,,,,,,,,,,,,,,,,,,,,,,,,,,,,,,,,,,,,,,,,,,,,,,,,,,,,,,,,,,,,,,,,,,,,
2025-12-25 19:00:00+00:00,e1108,Level 11,50.0,Maintenance Soon,50.0,50.0,50.0,50.0,50.0,,,0.0,1.474936696155055,-1.474936696155055,,,,,,,,,,,,,,,,,,,,,,,,,,,,,,,,,,,,,,,,,,,,,,,,,,,,,,,,,,,,,,,,,,,,,
2025-12-25 20:00:00+00:00,e1108,Level 11,50.0,Maintenance Soon,50.0,50.0,50.0,50.0,50.0,,,0.0,1.378366522363649,-1.378366522363649,,,,,,,,,,,,,,,,,,,,,,,,,,,,,,,,,,,,,,,,,,,,,,,,,,,,,,,,,,,,,,,,,,,,,
2025-12-25 21:00:00+00:00,e1108,Level 11,50.0,Maintenance Soon,50.0,50.0,50.0,50.0,50.0,,,0.0,1.387157287158819,-1.387157287158819,,,,,,,,,,,,,,,,,,,,,,,,,,,,,,,,,,,,,,,,,,,,,,,,,,,,,,,,,,,,,,,,,,,,,
2025-12-25 22:00:00+00:00,e1108,Level 11,50.0,Maintenance Soon,50.0,50.0,50.0,50.0,50.0,,,0.0,1.5466581727462956,-1.5466581727462956,,,,,,,,,,,,,,,,,,,,,,,,,,,,,,,,,,,,,,,,,,,,,,,,,,,,,,,,,,,,,,,,,,,,,
2025-12-25 23:00:00+00:00,e1108,Level 11,50.0,Maintenance Soon,50.0,50.0,50.0,50.0,50.0,,,0.0,1.611500557411394,-1.611500557411394,,,,,,,,,,,,,,,,,,,,,,,,,,,,,,,,,,,,,,,,,,,,,,,,,,,,,,,,,,,,,,,,,,,,,
2025-12-26 00:00:00+00:00,e1108,Level 11,50.0,Maintenance Soon,50.0,50.0,50.0,50.0,50.0,,,0.0,1.517328282829112,-1.517328282829112,,,,,,,,,,,,,,,,,,,,,,,,,,,,,,,,,,,,,,,,,,,,,,,,,,,,,,,,,,,,,,,,,,,,,
2025-12-26 01:00:00+00:00,e1108,Level 11,50.0,Maintenance Soon,50.0,50.0,50.0,50.0,50.0,,,0.0,1.3764309764313414,-1.3764309764313414,,,,,,,,,,,,,,,,,,,,,,,,,,,,,,,,,,,,,,,,,,,,,,,,,,,,,,,,,,,,,,,,,,,,,
2025-12-26 02:00:00+00:00,e1108,Level 11,50.0,Maintenance Soon,50.0,50.0,50.0,50.0,50.0,,,0.0,1.3974033816411977,-1.3974033816411977,,,,,,,,,,,,,,,,,,,,,,,,,,,,,,,,,,,,,,,,,,,,,,,,,,,,,,,,,,,,,,,,,,,,,
2025-12-26 03:00:00+00:00,e1108,Level 11,50.0,Maintenance Soon,50.0,50.0,50.0,50.0,50.0,,,0.0,1.3682447665062984,-1.3682447665062984,,,,,,,,,,,,,,,,,,,,,,,,,,,,,,,,,,,,,,,,,,,,,,,,,,,,,,,,,,,,,,,,,,,,,
2025-12-26 04:00:00+00:00,e1108,Level 11,50.0,Maintenance Soon,50.0,50.0,50.0,50.0,50.0,,,0.0,1.3924902534126886,-1.3924902534126886,,,,,,,,,,,,,,,,,,,,,,,,,,,,,,,,,,,,,,,,,,,,,,,,,,,,,,,,,,,,,,,,,,,,,
2025-12-26 05:00:00+00:00,e1108,Level 11,50.0,Maintenance Soon,50.0,50.0,50.0,50.0,50.0,,,0.0,1.420979532162164,-1.420979532162164,,,,,,,,,,,,,,,,,,,,,,,,,,,,,,,,,,,,,,,,,,,,,,,,,,,,,,,,,,,,,,,,,,,,,
2025-12-26 06:00:00+00:00,e1108,Level 11,50.0,Maintenance Soon,50.0,50.0,50.0,50.0,50.0,,,0.0,2.1326228070174693,-2.1326228070174693,,,,,,,,,,,,,,,,,,,,,,,,,,,,,,,,,,,,,,,,,,,,,,,,,,,,,,,,,,,,,,,,,,,,,
2025-12-26 07:00:00+00:00,e1108,Level 11,50.0,Maintenance Soon,50.0,50.0,50.0,50.0,50.0,,,0.0,1.96464814814802,-1.96464814814802,,,,,,,,,,,,,,,,,,,,,,,,,,,,,,,,,,,,,,,,,,,,,,,,,,,,,,,,,,,,,,,,,,,,,
2025-12-26 08:00:00+00:00,e1108,Level 11,50.0,Maintenance Soon,50.0,50.0,50.0,50.0,50.0,,,0.0,1.4560185185194616,-1.4560185185194616,,,,,,,,,,,,,,,,,,,,,,,,,,,,,,,,,,,,,,,,,,,,,,,,,,,,,,,,,,,,,,,,,,,,,
2025-12-26 09:00:00+00:00,e1108,Level 11,50.0,Maintenance Soon,50.0,50.0,50.0,50.0,50.0,,,0.0,1.348366013073246,-1.348366013073246,,,,,,,,,,,,,,,,,,,,,,,,,,,,,,,,,,,,,,,,,,,,,,,,,,,,,,,,,,,,,,,,,,,,,
2025-12-26 10:00:00+00:00,e1108,Level 11,50.0,Maintenance Soon,50.0,50.0,50.0,50.0,50.0,,,0.0,1.3802080610015155,-1.3802080610015155,,,,,,,,,,,,,,,,,,,,,,,,,,,,,,,,,,,,,,,,,,,,,,,,,,,,,,,,,,,,,,,,,,,,,
2025-12-26 11:00:00+00:00,e1108,Level 11,50.0,Maintenance Soon,50.0,50.0,50.0,50.0,50.0,,,0.0,1.4113645224169886,-1.4113645224169886,,,,,,,,,,,,,,,,,,,,,,,,,,,,,,,,,,,,,,,,,,,,,,,,,,,,,,,,,,,,,,,,,,,,,
2025-12-26 12:00:00+00:00,e1108,Level 11,50.0,Maintenance Soon,50.0,50.0,50.0,50.0,50.0,,,0.0,1.4408871953637572,-1.4408871953637572,,,,,,,,,,,,,,,,,,,,,,,,,,,,,,,,,,,,,,,,,,,,,,,,,,,,,,,,,,,,,,,,,,,,,
2025-12-26 13:00:00+00:00,e1108,Level 11,50.0,Maintenance Soon,50.0,50.0,50.0,50.0,50.0,,,0.0,1.4789676554367663,-1.4789676554367663,,,,,,,,,,,,,,,,,,,,,,,,,,,,,,,,,,,,,,,,,,,,,,,,,,,,,,,,,,,,,,,,,,,,,
2025-12-26 14:00:00+00:00,e1108,Level 11,50.0,Maintenance Soon,50.0,50.0,50.0,50.0,50.0,,,0.0,1.455021367523538,-1.455021367523538,,,,,,,,,,,,,,,,,,,,,,,,,,,,,,,,,,,,,,,,,,,,,,,,,,,,,,,,,,,,,,,,,,,,,
2025-12-26 15:00:00+00:00,e1108,Level 11,50.0,Maintenance Soon,50.0,50.0,50.0,50.0,50.0,,,0.0,1.5229938271610688,-1.5229938271610688,,,,,,,,,,,,,,,,,,,,,,,,,,,,,,,,,,,,,,,,,,,,,,,,,,,,,,,,,,,,,,,,,,,,,
2025-12-26 16:00:00+00:00,e1108,Level 11,50.0,Maintenance Soon,50.0,50.0,50.0,50.0,50.0,,,0.0,1.5651675484987209,-1.5651675484987209,,,,,,,,,,,,,,,,,,,,,,,,,,,,,,,,,,,,,,,,,,,,,,,,,,,,,,,,,,,,,,,,,,,,,
2025-12-26 17:00:00+00:00,e1108,Level 11,50.0,Maintenance Soon,50.0,50.0,50.0,50.0,50.0,,,0.0,1.5322128851548769,-1.5322128851548769,,,,,,,,,,,,,,,,,,,,,,,,,,,,,,,,,,,,,,,,,,,,,,,,,,,,,,,,,,,,,,,,,,,,,
2025-12-26 18:00:00+00:00,e1108,Level 11,50.0,Maintenance Soon,50.0,50.0,50.0,50.0,50.0,,,0.0,1.56230453867344,-1.56230453867344,,,,,,,,,,,,,,,,,,,,,,,,,,,,,,,,,,,,,,,,,,,,,,,,,,,,,,,,,,,,,,,,,,,,,
2025-12-26 19:00:00+00:00,e1108,Level 11,50.0,Maintenance Soon,50.0,50.0,50.0,50.0,50.0,,,0.0,1.5923942999252176,-1.5923942999252176,,,,,,,,,,,,,,,,,,,,,,,,,,,,,,,,,,,,,,,,,,,,,,,,,,,,,,,,,,,,,,,,,,,,,
2025-12-26 20:00:00+00:00,e1108,Level 11,50.0,Maintenance Soon,50.0,50.0,50.0,50.0,50.0,,,0.0,1.6122417154013722,-1.6122417154013722,,,,,,,,,,,,,,,,,,,,,,,,,,,,,,,,,,,,,,,,,,,,,,,,,,,,,,,,,,,,,,,,,,,,,
2025-12-26 21:00:00+00:00,e1108,Level 11,50.0,Maintenance Soon,50.0,50.0,50.0,50.0,50.0,,,0.0,1.6185185185180064,-1.6185185185180064,,,,,,,,,,,,,,,,,,,,,,,,,,,,,,,,,,,,,,,,,,,,,,,,,,,,,,,,,,,,,,,,,,,,,
2025-12-26 22:00:00+00:00,e1108,Level 11,50.0,Maintenance Soon,50.0,50.0,50.0,50.0,50.0,,,0.0,1.6302031063314644,-1.6302031063314644,,,,,,,,,,,,,,,,,,,,,,,,,,,,,,,,,,,,,,,,,,,,,,,,,,,,,,,,,,,,,,,,,,,,,
2025-12-26 23:00:00+00:00,e1108,Level 11,50.0,Maintenance Soon,50.0,50.0,50.0,50.0,50.0,,,0.0,1.653870967743084,-1.653870967743084,,,,,,,,,,,,,,,,,,,,,,,,,,,,,,,,,,,,,,,,,,,,,,,,,,,,,,,,,,,,,,,,,,,,,
2025-12-27 00:00:00+00:00,e1108,Level 11,50.0,Maintenance Soon,50.0,50.0,50.0,50.0,50.0,,,0.0,1.5708103592308664,-1.5708103592308664,,,,,,,,,,,,,,,,,,,,,,,,,,,,,,,,,,,,,,,,,,,,,,,,,,,,,,,,,,,,,,,,,,,,,
2025-12-27 01:00:00+00:00,e1108,Level 11,50.0,Maintenance Soon,50.0,50.0,50.0,50.0,50.0,,,43.83333333333212,1.5540726817052928,42.27926065162683,,,,,,,,,,,,,,,,,,,,,,,,,,,,,,,,,,,,,,,,,,,,,,,,,,,,,,,,,,,,,,,,,,,,,
2025-12-27 02:00:00+00:00,e1108,Level 11,50.0,Maintenance Soon,50.0,50.0,50.0,50.0,50.0,,,718.8666666666686,1.540334632877299,717.3263320337913,,,,,,,,,,,,,,,,,,,,,,,,,,,,,,,,,,,,,,,,,,,,,,,,,,,,,,,,,,,,,,,,,,,,,
2025-12-27 03:00:00+00:00,e1108,Level 11,50.0,Maintenance Soon,50.0,50.0,50.0,50.0,50.0,,,3.1433333333334303,1.4786712150732153,1.664662118260215,,,,,,,,,,,,,,,,,,,,,,,,,,,,,,,,,,,,,,,,,,,,,,,,,,,,,,,,,,,,,,,,,,,,,
2025-12-27 04:00:00+00:00,e1108,Level 11,50.0,Maintenance Soon,50.0,50.0,50.0,50.0,50.0,,,5.506666666664387,1.452160493828463,4.054506172835924,,,,,,,,,,,,,,,,,,,,,,,,,,,,,,,,,,,,,,,,,,,,,,,,,,,,,,,,,,,,,,,,,,,,,
2025-12-27 05:00:00+00:00,e1108,Level 11,50.0,Maintenance Soon,50.0,50.0,50.0,50.0,50.0,,,5.583333333332121,1.5728395061717797,4.010493827160341,,,,,,,,,,,,,,,,,,,,,,,,,,,,,,,,,,,,,,,,,,,,,,,,,,,,,,,,,,,,,,,,,,,,,
2025-12-27 06:00:00+00:00,e1108,Level 11,50.0,Maintenance Soon,50.0,50.0,50.0,50.0,50.0,,,5.639999999999418,0.5666666666669092,5.073333333332509,,,,,,,,,,,,,,,,,,,,,,,,,,,,,,,,,,,,,,,,,,,,,,,,,,,,,,,,,,,,,,,,,,,,,
2025-12-27 07:00:00+00:00,e1108,Level 11,50.0,Maintenance Soon,50.0,50.0,50.0,50.0,50.0,,,5.453333333338378,0.5851851851851583,4.86814814815322,,,,,,,,,,,,,,,,,,,,,,,,,,,,,,,,,,,,,,,,,,,,,,,,,,,,,,,,,,,,,,,,,,,,,
2025-12-27 08:00:00+00:00,e1108,Level 11,50.0,Maintenance Soon,50.0,50.0,50.0,50.0,50.0,,,5.321609195398196,0.5833333333333334,4.738275862064863,,,,,,,,,,,,,,,,,,,,,,,,,,,,,,,,,,,,,,,,,,,,,,,,,,,,,,,,,,,,,,,,,,,,,
2025-12-27 09:00:00+00:00,e1108,Level 11,50.0,Maintenance Soon,50.0,50.0,50.0,50.0,50.0,,,5.411724137931742,0.6115009746596721,4.8002231632720695,,,,,,,,,,,,,,,,,,,,,,,,,,,,,,,,,,,,,,,,,,,,,,,,,,,,,,,,,,,,,,,,,,,,,
2025-12-27 10:00:00+00:00,e1108,Level 11,50.0,Maintenance Soon,50.0,50.0,50.0,50.0,50.0,,,5.513333333332412,0.6014619883038298,4.911871345028582,,,,,,,,,,,,,,,,,,,,,,,,,,,,,,,,,,,,,,,,,,,,,,,,,,,,,,,,,,,,,,,,,,,,,
2025-12-27 11:00:00+00:00,e1108,Level 11,50.0,Maintenance Soon,50.0,50.0,50.0,50.0,50.0,,,5.658924731185834,0.6370370370374682,5.021887694148366,,,,,,,,,,,,,,,,,,,,,,,,,,,,,,,,,,,,,,,,,,,,,,,,,,,,,,,,,,,,,,,,,,,,,
2025-12-27 12:00:00+00:00,e1108,Level 11,50.0,Maintenance Soon,50.0,50.0,50.0,50.0,50.0,,,5.429810900997836,0.5759259259248211,4.853884975073015,,,,,,,,,,,,,,,,,,,,,,,,,,,,,,,,,,,,,,,,,,,,,,,,,,,,,,,,,,,,,,,,,,,,,
2025-12-27 13:00:00+00:00,e1108,Level 11,50.0,Maintenance Soon,50.0,50.0,50.0,50.0,50.0,,,5.525027808678715,0.5685185185187341,4.956509290159981,,,,,,,,,,,,,,,,,,,,,,,,,,,,,,,,,,,,,,,,,,,,,,,,,,,,,,,,,,,,,,,,,,,,,
2025-12-27 14:00:00+00:00,e1108,Level 11,50.0,Maintenance Soon,50.0,50.0,50.0,50.0,50.0,,,5.672903225808113,0.5740740740742089,5.098829151733905,,,,,,,,,,,,,,,,,,,,,,,,,,,,,,,,,,,,,,,,,,,,,,,,,,,,,,,,,,,,,,,,,,,,,
2025-12-27 15:00:00+00:00,e1108,Level 11,50.0,Maintenance Soon,50.0,50.0,50.0,50.0,50.0,,,5.457241379306652,0.557407407406572,4.89983397190008,,,,,,,,,,,,,,,,,,,,,,,,,,,,,,,,,,,,,,,,,,,,,,,,,,,,,,,,,,,,,,,,,,,,,
2025-12-27 16:00:00+00:00,e1108,Level 11,50.0,Maintenance Soon,50.0,50.0,50.0,50.0,50.0,,,5.422758620690729,0.5888888888900207,4.833869731800708,,,,,,,,,,,,,,,,,,,,,,,,,,,,,,,,,,,,,,,,,,,,,,,,,,,,,,,,,,,,,,,,,,,,,
2025-12-27 17:00:00+00:00,e1108,Level 11,50.0,Maintenance Soon,50.0,50.0,50.0,50.0,50.0,,,5.389999999999418,0.5566448801740383,4.83335511982538,,,,,,,,,,,,,,,,,,,,,,,,,,,,,,,,,,,,,,,,,,,,,,,,,,,,,,,,,,,,,,,,,,,,,
2025-12-27 18:00:00+00:00,e1108,Level 11,50.0,Maintenance Soon,50.0,50.0,50.0,50.0,50.0,,,5.6667741935489175,0.5196078431363276,5.14716635041259,,,,,,,,,,,,,,,,,,,,,,,,,,,,,,,,,,,,,,,,,,,,,,,,,,,,,,,,,,,,,,,,,,,,,
2025-12-27 19:00:00+00:00,e1108,Level 11,50.0,Maintenance Soon,50.0,50.0,50.0,50.0,50.0,,,5.586559139785095,0.5515250544667651,5.03503408531833,,,,,,,,,,,,,,,,,,,,,,,,,,,,,,,,,,,,,,,,,,,,,,,,,,,,,,,,,,,,,,,,,,,,,
2025-12-27 20:00:00+00:00,e1108,Level 11,50.0,Maintenance Soon,50.0,50.0,50.0,50.0,50.0,,,5.382183908044681,0.5629629629632594,4.819220945081422,,,,,,,,,,,,,,,,,,,,,,,,,,,,,,,,,,,,,,,,,,,,,,,,,,,,,,,,,,,,,,,,,,,,,
2025-12-27 21:00:00+00:00,e1108,Level 11,50.0,Maintenance Soon,50.0,50.0,50.0,50.0,50.0,,,5.4441601779763005,0.6179629629623378,4.826197215013963,,,,,,,,,,,,,,,,,,,,,,,,,,,,,,,,,,,,,,,,,,,,,,,,,,,,,,,,,,,,,,,,,,,,,
2025-12-27 22:00:00+00:00,e1108,Level 11,50.0,Maintenance Soon,50.0,50.0,50.0,50.0,50.0,,,5.623655913979746,0.5914912280713907,5.032164685908356,,,,,,,,,,,,,,,,,,,,,,,,,,,,,,,,,,,,,,,,,,,,,,,,,,,,,,,,,,,,,,,,,,,,,
2025-12-27 23:00:00+00:00,e1108,Level 11,50.0,Maintenance Soon,50.0,50.0,50.0,50.0,50.0,,,5.503333333330374,0.6765246449455541,4.82680868838482,,,,,,,,,,,,,,,,,,,,,,,,,,,,,,,,,,,,,,,,,,,,,,,,,,,,,,,,,,,,,,,,,,,,,
2025-12-28 00:00:00+00:00,e1108,Level 11,50.0,Maintenance Soon,50.0,50.0,50.0,50.0,50.0,,,3.971025641025335,0.6427736006686852,3.32825204035665,,,,,,,,,,,,,,,,,,,,,,,,,,,,,,,,,,,,,,,,,,,,,,,,,,,,,,,,,,,,,,,,,,,,,
2025-12-31 01:00:00+00:00,e1108,Level 11,50.0,Maintenance Soon,50.0,50.0,50.0,50.0,50.0,,,,1.105113636363967,,,,,,,,,,,,,,,,,,,,,,,,,,,,,,,,,,,,,,,,,,,,,,,,,,,,,,,,,,,,,,,,,,,,,,
2025-12-31 02:00:00+00:00,e1108,Level 11,50.0,Maintenance Soon,50.0,50.0,50.0,50.0,50.0,,,4.037037037036498,1.0538537549400644,2.9831832820964337,,,,,,,,,,,,,,,,,,,,,,,,,,,,,,,,,,,,,,,,,,,,,,,,,,,,,,,,,,,,,,,,,,,,,
2025-12-31 03:00:00+00:00,e1108,Level 11,50.0,Maintenance Soon,50.0,50.0,50.0,50.0,50.0,,,5.084391534393944,1.0419254658390855,4.042466068554859,,,,,,,,,,,,,,,,,,,,,,,,,,,,,,,,,,,,,,,,,,,,,,,,,,,,,,,,,,,,,,,,,,,,,
2025-12-31 04:00:00+00:00,e1108,Level 11,50.0,Maintenance Soon,50.0,50.0,50.0,50.0,50.0,,,4.970879120879545,1.0559006211169617,3.914978499762583,,,,,,,,,,,,,,,,,,,,,,,,,,,,,,,,,,,,,,,,,,,,,,,,,,,,,,,,,,,,,,,,,,,,,
2025-12-31 05:00:00+00:00,e1108,Level 11,50.0,Maintenance Soon,50.0,50.0,50.0,50.0,50.0,,,4.7817663817622815,1.0978260869578662,3.6839402948044153,,,,,,,,,,,,,,,,,,,,,,,,,,,,,,,,,,,,,,,,,,,,,,,,,,,,,,,,,,,,,,,,,,,,,
2025-12-31 06:00:00+00:00,e1108,Level 11,50.0,Maintenance Soon,50.0,50.0,50.0,50.0,50.0,,,4.56940418679369,1.034368530021311,3.53503565677238,,,,,,,,,,,,,,,,,,,,,,,,,,,,,,,,,,,,,,,,,,,,,,,,,,,,,,,,,,,,,,,,,,,,,
2025-12-31 07:00:00+00:00,e1108,Level 11,50.0,Maintenance Soon,50.0,50.0,50.0,50.0,50.0,,,4.884107946028962,1.0320346320331737,3.852073313995788,,,,,,,,,,,,,,,,,,,,,,,,,,,,,,,,,,,,,,,,,,,,,,,,,,,,,,,,,,,,,,,,,,,,,
2025-12-31 08:00:00+00:00,e1108,Level 11,50.0,Maintenance Soon,50.0,50.0,50.0,50.0,50.0,,,5.2938423645355215,0.98272727272888,4.311115091806641,,,,,,,,,,,,,,,,,,,,,,,,,,,,,,,,,,,,,,,,,,,,,,,,,,,,,,,,,,,,,,,,,,,,,
2025-12-31 09:00:00+00:00,e1108,Level 11,50.0,Maintenance Soon,50.0,50.0,50.0,50.0,50.0,,,5.30357142856883,0.9549999999981084,4.348571428570722,,,,,,,,,,,,,,,,,,,,,,,,,,,,,,,,,,,,,,,,,,,,,,,,,,,,,,,,,,,,,,,,,,,,,
2025-12-31 10:00:00+00:00,e1108,Level 11,50.0,Maintenance Soon,50.0,50.0,50.0,50.0,50.0,,,5.485714285714494,0.991818181819326,4.493896103895168,,,,,,,,,,,,,,,,,,,,,,,,,,,,,,,,,,,,,,,,,,,,,,,,,,,,,,,,,,,,,,,,,,,,,
2025-12-31 11:00:00+00:00,e1108,Level 11,50.0,Maintenance Soon,50.0,50.0,50.0,50.0,50.0,,,5.599630541873921,1.0217532467522688,4.577877295121652,,,,,,,,,,,,,,,,,,,,,,,,,,,,,,,,,,,,,,,,,,,,,,,,,,,,,,,,,,,,,,,,,,,,,
2025-12-31 12:00:00+00:00,e1108,Level 11,50.0,Maintenance Soon,50.0,50.0,50.0,50.0,50.0,,,5.393226600986964,1.1018633540370502,4.2913632469499134,,,,,,,,,,,,,,,,,,,,,,,,,,,,,,,,,,,,,,,,,,,,,,,,,,,,,,,,,,,,,,,,,,,,,
2025-12-31 13:00:00+00:00,e1108,Level 11,50.0,Maintenance Soon,50.0,50.0,50.0,50.0,50.0,,,5.051984126981552,1.0832015810283335,3.9687825459532178,,,,,,,,,,,,,,,,,,,,,,,,,,,,,,,,,,,,,,,,,,,,,,,,,,,,,,,,,,,,,,,,,,,,,
2025-12-31 14:00:00+00:00,e1108,Level 11,50.0,Maintenance Soon,50.0,50.0,50.0,50.0,50.0,,,5.264444444441324,1.0458874458872742,4.21855699855405,,,,,,,,,,,,,,,,,,,,,,,,,,,,,,,,,,,,,,,,,,,,,,,,,,,,,,,,,,,,,,,,,,,,,
2025-12-31 15:00:00+00:00,e1108,Level 11,50.0,Maintenance Soon,50.0,50.0,50.0,50.0,50.0,,,7.528148148150649,1.105693581781452,6.422454566369197,,,,,,,,,,,,,,,,,,,,,,,,,,,,,,,,,,,,,,,,,,,,,,,,,,,,,,,,,,,,,,,,,,,,,
2025-12-31 16:00:00+00:00,e1108,Level 11,50.0,Maintenance Soon,50.0,50.0,50.0,50.0,50.0,,,5.375185185184819,1.0847826086937855,4.290402576491033,,,,,,,,,,,,,,,,,,,,,,,,,,,,,,,,,,,,,,,,,,,,,,,,,,,,,,,,,,,,,,,,,,,,,
2025-12-31 17:00:00+00:00,e1108,Level 11,50.0,Maintenance Soon,50.0,50.0,50.0,50.0,50.0,,,5.262380952382955,1.0904761904766929,4.171904761906262,,,,,,,,,,,,,,,,,,,,,,,,,,,,,,,,,,,,,,,,,,,,,,,,,,,,,,,,,,,,,,,,,,,,,
2025-12-31 18:00:00+00:00,e1108,Level 11,50.0,Maintenance Soon,50.0,50.0,50.0,50.0,50.0,,,5.2418719211782445,0.9913419913427788,4.250529929835466,,,,,,,,,,,,,,,,,,,,,,,,,,,,,,,,,,,,,,,,,,,,,,,,,,,,,,,,,,,,,,,,,,,,,
2025-12-31 19:00:00+00:00,e1108,Level 11,50.0,Maintenance Soon,50.0,50.0,50.0,50.0,50.0,,,5.625538793105079,1.0638339920951694,4.56170480100991,,,,,,,,,,,,,,,,,,,,,,,,,,,,,,,,,,,,,,,,,,,,,,,,,,,,,,,,,,,,,,,,,,,,,
2025-12-31 20:00:00+00:00,e1108,Level 11,50.0,Maintenance Soon,50.0,50.0,50.0,50.0,50.0,,,5.962026515149773,1.152347826086043,4.80967868906373,,,,,,,,,,,,,,,,,,,,,,,,,,,,,,,,,,,,,,,,,,,,,,,,,,,,,,,,,,,,,,,,,,,,,
2025-12-31 21:00:00+00:00,e1108,Level 11,50.0,Maintenance Soon,50.0,50.0,50.0,50.0,50.0,,,6.0442234848524095,1.1645000000007713,4.879723484851638,,,,,,,,,,,,,,,,,,,,,,,,,,,,,,,,,,,,,,,,,,,,,,,,,,,,,,,,,,,,,,,,,,,,,
2025-12-31 22:00:00+00:00,e1108,Level 11,50.0,Maintenance Soon,50.0,50.0,50.0,50.0,50.0,,,6.089196428569267,1.1418478260857228,4.947348602483544,,,,,,,,,,,,,,,,,,,,,,,,,,,,,,,,,,,,,,,,,,,,,,,,,,,,,,,,,,,,,,,,,,,,,
2025-12-31 23:00:00+00:00,e1108,Level 11,50.0,Maintenance Soon,50.0,50.0,50.0,50.0,50.0,,,6.41319327731253,1.1116521739149905,5.30154110339754,,,,,,,,,,,,,,,,,,,,,,,,,,,,,,,,,,,,,,,,,,,,,,,,,,,,,,,,,,,,,,,,,,,,,
2026-01-01 00:00:00+00:00,e1108,Level 11,50.0,Maintenance Soon,50.0,50.0,50.0,50.0,50.0,,,6.19884135472239,1.202181818180179,4.996659536542211,,,,,,,,,,,,,,,,,,,,,,,,,,,,,,,,,,,,,,,,,,,,,,,,,,,,,,,,,,,,,,,,,,,,,
2026-01-01 01:00:00+00:00,e1108,Level 11,50.0,Maintenance Soon,50.0,50.0,50.0,50.0,50.0,,,5.849071358748915,1.1026515151515923,4.746419843597323,,,,,,,,,,,,,,,,,,,,,,,,,,,,,,,,,,,,,,,,,,,,,,,,,,,,,,,,,,,,,,,,,,,,,
2026-01-01 02:00:00+00:00,e1108,Level 11,50.0,Maintenance Soon,50.0,50.0,50.0,50.0,50.0,,,5.550322580646025,2.060361552027947,3.489961028618078,,,,,,,,,,,,,,,,,,,,,,,,,,,,,,,,,,,,,,,,,,,,,,,,,,,,,,,,,,,,,,,,,,,,,
2026-01-01 03:00:00+00:00,e1108,Level 11,50.0,Maintenance Soon,50.0,50.0,50.0,50.0,50.0,,,5.516666666666424,2.3495590828933928,3.167107583773032,,,,,,,,,,,,,,,,,,,,,,,,,,,,,,,,,,,,,,,,,,,,,,,,,,,,,,,,,,,,,,,,,,,,,
2026-01-01 04:00:00+00:00,e1108,Level 11,50.0,Maintenance Soon,50.0,50.0,50.0,50.0,50.0,,,5.619999999998981,2.316483516483762,3.3035164835152195,,,,,,,,,,,,,,,,,,,,,,,,,,,,,,,,,,,,,,,,,,,,,,,,,,,,,,,,,,,,,,,,,,,,,
2026-01-01 05:00:00+00:00,e1108,Level 11,50.0,Maintenance Soon,50.0,50.0,50.0,50.0,50.0,,,5.563333333335322,2.27169990503171,3.291633428303612,,,,,,,,,,,,,,,,,,,,,,,,,,,,,,,,,,,,,,,,,,,,,,,,,,,,,,,,,,,,,,,,,,,,,
2026-01-01 06:00:00+00:00,e1108,Level 11,50.0,Maintenance Soon,50.0,50.0,50.0,50.0,50.0,,,5.519310344829137,2.1758331416300885,3.3434772031990483,,,,,,,,,,,,,,,,,,,,,,,,,,,,,,,,,,,,,,,,,,,,,,,,,,,,,,,,,,,,,,,,,,,,,
2026-01-01 07:00:00+00:00,e1108,Level 11,50.0,Maintenance Soon,50.0,50.0,50.0,50.0,50.0,,,5.560689655168972,2.2697026486760783,3.290987006492893,,,,,,,,,,,,,,,,,,,,,,,,,,,,,,,,,,,,,,,,,,,,,,,,,,,,,,,,,,,,,,,,,,,,,
2026-01-01 08:00:00+00:00,e1108,Level 11,50.0,Maintenance Soon,50.0,50.0,50.0,50.0,50.0,,,5.397931034483918,2.425371697269535,2.9725593372143826,,,,,,,,,,,,,,,,,,,,,,,,,,,,,,,,,,,,,,,,,,,,,,,,,,,,,,,,,,,,,,,,,,,,,
2026-01-01 09:00:00+00:00,e1108,Level 11,50.0,Maintenance Soon,50.0,50.0,50.0,50.0,50.0,,,5.402068965515355,2.438766233764909,2.9633027317504457,,,,,,,,,,,,,,,,,,,,,,,,,,,,,,,,,,,,,,,,,,,,,,,,,,,,,,,,,,,,,,,,,,,,,
2026-01-01 10:00:00+00:00,e1108,Level 11,50.0,Maintenance Soon,50.0,50.0,50.0,50.0,50.0,,,5.377857142859284,2.495541125540816,2.8823160173184683,,,,,,,,,,,,,,,,,,,,,,,,,,,,,,,,,,,,,,,,,,,,,,,,,,,,,,,,,,,,,,,,,,,,,
2026-01-01 11:00:00+00:00,e1108,Level 11,50.0,Maintenance Soon,50.0,50.0,50.0,50.0,50.0,,,5.271798029556521,2.533859531275084,2.737938498281437,,,,,,,,,,,,,,,,,,,,,,,,,,,,,,,,,,,,,,,,,,,,,,,,,,,,,,,,,,,,,,,,,,,,,
2026-01-01 12:00:00+00:00,e1108,Level 11,50.0,Maintenance Soon,50.0,50.0,50.0,50.0,50.0,,,5.221059113297088,2.462821565408376,2.758237547888712,,,,,,,,,,,,,,,,,,,,,,,,,,,,,,,,,,,,,,,,,,,,,,,,,,,,,,,,,,,,,,,,,,,,,
2026-01-01 13:00:00+00:00,e1108,Level 11,50.0,Maintenance Soon,50.0,50.0,50.0,50.0,50.0,,,5.085582010582584,2.3554232804223525,2.730158730160232,,,,,,,,,,,,,,,,,,,,,,,,,,,,,,,,,,,,,,,,,,,,,,,,,,,,,,,,,,,,,,,,,,,,,
2026-01-01 14:00:00+00:00,e1108,Level 11,50.0,Maintenance Soon,50.0,50.0,50.0,50.0,50.0,,,5.234738186467439,2.4706878306860744,2.7640503557813645,,,,,,,,,,,,,,,,,,,,,,,,,,,,,,,,,,,,,,,,,,,,,,,,,,,,,,,,,,,,,,,,,,,,,
2026-01-01 15:00:00+00:00,e1108,Level 11,50.0,Maintenance Soon,50.0,50.0,50.0,50.0,50.0,,,5.351724137926794,3.210897867565412,2.1408262703613823,,,,,,,,,,,,,,,,,,,,,,,,,,,,,,,,,,,,,,,,,,,,,,,,,,,,,,,,,,,,,,,,,,,,,
2026-01-01 16:00:00+00:00,e1108,Level 11,50.0,Maintenance Soon,50.0,50.0,50.0,50.0,50.0,,,5.500574712645175,2.4806894340229824,3.019885278622193,,,,,,,,,,,,,,,,,,,,,,,,,,,,,,,,,,,,,,,,,,,,,,,,,,,,,,,,,,,,,,,,,,,,,
2026-01-01 17:00:00+00:00,e1108,Level 11,50.0,Maintenance Soon,50.0,50.0,50.0,50.0,50.0,,,5.610000000000582,2.457853692202965,3.1521463077976173,,,,,,,,,,,,,,,,,,,,,,,,,,,,,,,,,,,,,,,,,,,,,,,,,,,,,,,,,,,,,,,,,,,,,
2026-01-01 18:00:00+00:00,e1108,Level 11,50.0,Maintenance Soon,50.0,50.0,50.0,50.0,50.0,,,5.454942528736865,2.4733775969143608,2.981564931822504,,,,,,,,,,,,,,,,,,,,,,,,,,,,,,,,,,,,,,,,,,,,,,,,,,,,,,,,,,,,,,,,,,,,,
2026-01-01 19:00:00+00:00,e1108,Level 11,50.0,Maintenance Soon,50.0,50.0,50.0,50.0,50.0,,,5.351724137926794,2.5818738696131427,2.769850268313652,,,,,,,,,,,,,,,,,,,,,,,,,,,,,,,,,,,,,,,,,,,,,,,,,,,,,,,,,,,,,,,,,,,,,
2026-01-01 20:00:00+00:00,e1108,Level 11,50.0,Maintenance Soon,50.0,50.0,50.0,50.0,50.0,,,5.451724137932615,2.6573277417010104,2.7943963962316047,,,,,,,,,,,,,,,,,,,,,,,,,,,,,,,,,,,,,,,,,,,,,,,,,,,,,,,,,,,,,,,,,,,,,
2026-01-01 21:00:00+00:00,e1108,Level 11,50.0,Maintenance Soon,50.0,50.0,50.0,50.0,50.0,,,5.203831417624315,2.6876127344900547,2.51621868313426,,,,,,,,,,,,,,,,,,,,,,,,,,,,,,,,,,,,,,,,,,,,,,,,,,,,,,,,,,,,,,,,,,,,,
2026-01-01 22:00:00+00:00,e1108,Level 11,50.0,Maintenance Soon,50.0,50.0,50.0,50.0,50.0,,,5.247777777778538,2.7917749309866244,2.4560028467919133,,,,,,,,,,,,,,,,,,,,,,,,,,,,,,,,,,,,,,,,,,,,,,,,,,,,,,,,,,,,,,,,,,,,,
2026-01-01 23:00:00+00:00,e1108,Level 11,50.0,Maintenance Soon,50.0,50.0,50.0,50.0,50.0,,,5.664408602151525,2.952513701132072,2.7118949010194533,,,,,,,,,,,,,,,,,,,,,,,,,,,,,,,,,,,,,,,,,,,,,,,,,,,,,,,,,,,,,,,,,,,,,
2026-01-02 00:00:00+00:00,e1108,Level 11,50.0,Maintenance Soon,50.0,50.0,50.0,50.0,50.0,,,5.5460511679630144,2.8302198455130565,2.715831322449958,,,,,,,,,,,,,,,,,,,,,,,,,,,,,,,,,,,,,,,,,,,,,,,,,,,,,,,,,,,,,,,,,,,,,
2026-01-02 01:00:00+00:00,e1108,Level 11,50.0,Maintenance Soon,50.0,50.0,50.0,50.0,50.0,,,5.689432703005878,2.5705658737933845,3.118866829212493,,,,,,,,,,,,,,,,,,,,,,,,,,,,,,,,,,,,,,,,,,,,,,,,,,,,,,,,,,,,,,,,,,,,,
2026-01-02 02:00:00+00:00,e1108,Level 11,50.0,Maintenance Soon,50.0,50.0,50.0,50.0,50.0,,,5.627808676304994,2.500107526881038,3.127701149423956,,,,,,,,,,,,,,,,,,,,,,,,,,,,,,,,,,,,,,,,,,,,,,,,,,,,,,,,,,,,,,,,,,,,,
2026-01-02 03:00:00+00:00,e1108,Level 11,50.0,Maintenance Soon,50.0,50.0,50.0,50.0,50.0,,,5.582298850575171,2.464814814814114,3.117484035761057,,,,,,,,,,,,,,,,,,,,,,,,,,,,,,,,,,,,,,,,,,,,,,,,,,,,,,,,,,,,,,,,,,,,,
2026-01-02 04:00:00+00:00,e1108,Level 11,50.0,Maintenance Soon,50.0,50.0,50.0,50.0,50.0,,,5.533333333332848,2.4694346978564377,3.0638986354764106,,,,,,,,,,,,,,,,,,,,,,,,,,,,,,,,,,,,,,,,,,,,,,,,,,,,,,,,,,,,,,,,,,,,,
2026-01-02 05:00:00+00:00,e1108,Level 11,50.0,Maintenance Soon,50.0,50.0,50.0,50.0,50.0,,,5.549885057473148,2.468479532163959,3.0814055253091888,,,,,,,,,,,,,,,,,,,,,,,,,,,,,,,,,,,,,,,,,,,,,,,,,,,,,,,,,,,,,,,,,,,,,
2026-01-02 06:00:00+00:00,e1108,Level 11,50.0,Maintenance Soon,50.0,50.0,50.0,50.0,50.0,,,5.393103448273905,2.459726255293693,2.933377192980212,,,,,,,,,,,,,,,,,,,,,,,,,,,,,,,,,,,,,,,,,,,,,,,,,,,,,,,,,,,,,,,,,,,,,
2026-01-02 07:00:00+00:00,e1108,Level 11,50.0,Maintenance Soon,50.0,50.0,50.0,50.0,50.0,,,5.324137931031146,2.4586558109828425,2.8654821200483034,,,,,,,,,,,,,,,,,,,,,,,,,,,,,,,,,,,,,,,,,,,,,,,,,,,,,,,,,,,,,,,,,,,,,
2026-01-02 08:00:00+00:00,e1108,Level 11,50.0,Maintenance Soon,50.0,50.0,50.0,50.0,50.0,,,5.30000000000291,2.3956066411240804,2.90439335887883,,,,,,,,,,,,,,,,,,,,,,,,,,,,,,,,,,,,,,,,,,,,,,,,,,,,,,,,,,,,,,,,,,,,,
2026-01-02 09:00:00+00:00,e1108,Level 11,50.0,Maintenance Soon,50.0,50.0,50.0,50.0,50.0,,,5.44287356321729,2.3323890015781217,3.1104845616391685,,,,,,,,,,,,,,,,,,,,,,,,,,,,,,,,,,,,,,,,,,,,,,,,,,,,,,,,,,,,,,,,,,,,,
2026-01-02 10:00:00+00:00,e1108,Level 11,50.0,Maintenance Soon,50.0,50.0,50.0,50.0,50.0,,,5.570000000003347,2.346104886398583,3.223895113604764,,,,,,,,,,,,,,,,,,,,,,,,,,,,,,,,,,,,,,,,,,,,,,,,,,,,,,,,,,,,,,,,,,,,,
2026-01-02 11:00:00+00:00,e1108,Level 11,50.0,Maintenance Soon,50.0,50.0,50.0,50.0,50.0,,,5.742083333330811,2.3419638656026414,3.4001194677281696,,,,,,,,,,,,,,,,,,,,,,,,,,,,,,,,,,,,,,,,,,,,,,,,,,,,,,,,,,,,,,,,,,,,,
2026-01-02 12:00:00+00:00,e1108,Level 11,50.0,Maintenance Soon,50.0,50.0,50.0,50.0,50.0,,,6.046875,2.317855617745712,3.729019382254288,,,,,,,,,,,,,,,,,,,,,,,,,,,,,,,,,,,,,,,,,,,,,,,,,,,,,,,,,,,,,,,,,,,,,
2026-01-02 13:00:00+00:00,e1108,Level 11,50.0,Maintenance Soon,50.0,50.0,50.0,50.0,50.0,,,5.935987903227215,2.295956530759819,3.640031372467396,,,,,,,,,,,,,,,,,,,,,,,,,,,,,,,,,,,,,,,,,,,,,,,,,,,,,,,,,,,,,,,,,,,,,
2026-01-02 14:00:00+00:00,e1108,Level 11,50.0,Maintenance Soon,50.0,50.0,50.0,50.0,50.0,,,5.810887096773513,2.339357173267975,3.4715299235055377,,,,,,,,,,,,,,,,,,,,,,,,,,,,,,,,,,,,,,,,,,,,,,,,,,,,,,,,,,,,,,,,,,,,,
2026-01-02 15:00:00+00:00,e1108,Level 11,50.0,Maintenance Soon,50.0,50.0,50.0,50.0,50.0,,,6.012500000000728,2.370945083012581,3.6415549169881465,,,,,,,,,,,,,,,,,,,,,,,,,,,,,,,,,,,,,,,,,,,,,,,,,,,,,,,,,,,,,,,,,,,,,
2026-01-02 16:00:00+00:00,e1108,Level 11,50.0,Maintenance Soon,50.0,50.0,50.0,50.0,50.0,,,6.012878787878435,2.4733397190296578,3.5395390688487773,,,,,,,,,,,,,,,,,,,,,,,,,,,,,,,,,,,,,,,,,,,,,,,,,,,,,,,,,,,,,,,,,,,,,
2026-01-02 17:00:00+00:00,e1108,Level 11,50.0,Maintenance Soon,50.0,50.0,50.0,50.0,50.0,,,6.215151515152684,2.4891176470579617,3.726033868094722,,,,,,,,,,,,,,,,,,,,,,,,,,,,,,,,,,,,,,,,,,,,,,,,,,,,,,,,,,,,,,,,,,,,,
2026-01-02 18:00:00+00:00,e1108,Level 11,50.0,Maintenance Soon,50.0,50.0,50.0,50.0,50.0,,,6.034469696969609,2.448270603261335,3.5861990937082737,,,,,,,,,,,,,,,,,,,,,,,,,,,,,,,,,,,,,,,,,,,,,,,,,,,,,,,,,,,,,,,,,,,,,
2026-01-02 19:00:00+00:00,e1108,Level 11,50.0,Maintenance Soon,50.0,50.0,50.0,50.0,50.0,,,6.021874999998545,2.3668515157611787,3.655023484237366,,,,,,,,,,,,,,,,,,,,,,,,,,,,,,,,,,,,,,,,,,,,,,,,,,,,,,,,,,,,,,,,,,,,,
2026-01-02 20:00:00+00:00,e1108,Level 11,50.0,Maintenance Soon,50.0,50.0,50.0,50.0,50.0,,,5.750625000000582,2.428742353970544,3.3218826460300384,,,,,,,,,,,,,,,,,,,,,,,,,,,,,,,,,,,,,,,,,,,,,,,,,,,,,,,,,,,,,,,,,,,,,
2026-01-02 21:00:00+00:00,e1108,Level 11,50.0,Maintenance Soon,50.0,50.0,50.0,50.0,50.0,,,5.616666666668607,2.34757343550397,3.269093231164637,,,,,,,,,,,,,,,,,,,,,,,,,,,,,,,,,,,,,,,,,,,,,,,,,,,,,,,,,,,,,,,,,,,,,
2026-01-02 22:00:00+00:00,e1108,Level 11,50.0,Maintenance Soon,50.0,50.0,50.0,50.0,50.0,,,5.623333333329356,2.340000000000145,3.2833333333292103,,,,,,,,,,,,,,,,,,,,,,,,,,,,,,,,,,,,,,,,,,,,,,,,,,,,,,,,,,,,,,,,,,,,,
2026-01-02 23:00:00+00:00,e1108,Level 11,50.0,Maintenance Soon,50.0,50.0,50.0,50.0,50.0,,,5.593333333337796,2.532580645161943,3.060752688175853,,,,,,,,,,,,,,,,,,,,,,,,,,,,,,,,,,,,,,,,,,,,,,,,,,,,,,,,,,,,,,,,,,,,,
2026-01-03 00:00:00+00:00,e1108,Level 11,50.0,Maintenance Soon,50.0,50.0,50.0,50.0,50.0,,,5.5666666666656965,2.452192494583869,3.1144741720818274,,,,,,,,,,,,,,,,,,,,,,,,,,,,,,,,,,,,,,,,,,,,,,,,,,,,,,,,,,,,,,,,,,,,,
2026-01-03 01:00:00+00:00,e1108,Level 11,50.0,Maintenance Soon,50.0,50.0,50.0,50.0,50.0,,,5.569999999999709,17.14618517000781,-11.576185170008102,,,,,,,,,,,,,,,,,,,,,,,,,,,,,,,,,,,,,,,,,,,,,,,,,,,,,,,,,,,,,,,,,,,,,
2026-01-03 02:00:00+00:00,e1108,Level 11,50.0,Maintenance Soon,50.0,50.0,50.0,50.0,50.0,,,5.643333333329792,242.0999128336225,-236.45657950029272,,,,,,,,,,,,,,,,,,,,,,,,,,,,,,,,,,,,,,,,,,,,,,,,,,,,,,,,,,,,,,,,,,,,,
2026-01-03 03:00:00+00:00,e1108,Level 11,50.0,Maintenance Soon,50.0,50.0,50.0,50.0,50.0,,,5.5433333333348855,3.536906634401627,2.006426698933258,,,,,,,,,,,,,,,,,,,,,,,,,,,,,,,,,,,,,,,,,,,,,,,,,,,,,,,,,,,,,,,,,,,,,
2026-01-03 04:00:00+00:00,e1108,Level 11,50.0,Maintenance Soon,50.0,50.0,50.0,50.0,50.0,,,5.450574712645903,4.268888888887886,1.1816858237580163,,,,,,,,,,,,,,,,,,,,,,,,,,,,,,,,,,,,,,,,,,,,,,,,,,,,,,,,,,,,,,,,,,,,,
2026-01-03 05:00:00+00:00,e1108,Level 11,50.0,Maintenance Soon,50.0,50.0,50.0,50.0,50.0,,,5.712758620687964,4.296257982120248,1.416500638567716,,,,,,,,,,,,,,,,,,,,,,,,,,,,,,,,,,,,,,,,,,,,,,,,,,,,,,,,,,,,,,,,,,,,,
2026-01-03 06:00:00+00:00,e1108,Level 11,50.0,Maintenance Soon,50.0,50.0,50.0,50.0,50.0,,,5.600000000002183,4.244367816091351,1.3556321839108323,,,,,,,,,,,,,,,,,,,,,,,,,,,,,,,,,,,,,,,,,,,,,,,,,,,,,,,,,,,,,,,,,,,,,
2026-01-03 07:00:00+00:00,e1108,Level 11,50.0,Maintenance Soon,50.0,50.0,50.0,50.0,50.0,,,5.603333333332557,4.1776756066416665,1.4256577266908907,,,,,,,,,,,,,,,,,,,,,,,,,,,,,,,,,,,,,,,,,,,,,,,,,,,,,,,,,,,,,,,,,,,,,
2026-01-03 08:00:00+00:00,e1108,Level 11,50.0,Maintenance Soon,50.0,50.0,50.0,50.0,50.0,,,5.666666666664241,4.123869731800369,1.5427969348638726,,,,,,,,,,,,,,,,,,,,,,,,,,,,,,,,,,,,,,,,,,,,,,,,,,,,,,,,,,,,,,,,,,,,,
2026-01-03 09:00:00+00:00,e1108,Level 11,50.0,Maintenance Soon,50.0,50.0,50.0,50.0,50.0,,,5.669999999998254,4.229700208376016,1.4402997916222375,,,,,,,,,,,,,,,,,,,,,,,,,,,,,,,,,,,,,,,,,,,,,,,,,,,,,,,,,,,,,,,,,,,,,
2026-01-03 10:00:00+00:00,e1108,Level 11,50.0,Maintenance Soon,50.0,50.0,50.0,50.0,50.0,,,5.75,4.295906432749082,1.4540935672509177,,,,,,,,,,,,,,,,,,,,,,,,,,,,,,,,,,,,,,,,,,,,,,,,,,,,,,,,,,,,,,,,,,,,,
2026-01-03 11:00:00+00:00,e1108,Level 11,50.0,Maintenance Soon,50.0,50.0,50.0,50.0,50.0,,,5.823333333337359,4.437373058543017,1.3859602747943427,,,,,,,,,,,,,,,,,,,,,,,,,,,,,,,,,,,,,,,,,,,,,,,,,,,,,,,,,,,,,,,,,,,,,
2026-01-03 12:00:00+00:00,e1108,Level 11,50.0,Maintenance Soon,50.0,50.0,50.0,50.0,50.0,,,5.836666666666133,4.4014878929241,1.4351787737420336,,,,,,,,,,,,,,,,,,,,,,,,,,,,,,,,,,,,,,,,,,,,,,,,,,,,,,,,,,,,,,,,,,,,,
2026-01-03 13:00:00+00:00,e1108,Level 11,50.0,Maintenance Soon,50.0,50.0,50.0,50.0,50.0,,,5.65333333333183,4.388857089154044,1.2644762441777857,,,,,,,,,,,,,,,,,,,,,,,,,,,,,,,,,,,,,,,,,,,,,,,,,,,,,,,,,,,,,,,,,,,,,
2026-01-03 14:00:00+00:00,e1108,Level 11,50.0,Maintenance Soon,50.0,50.0,50.0,50.0,50.0,,,5.8400000000001455,4.402004181601417,1.4379958183987285,,,,,,,,,,,,,,,,,,,,,,,,,,,,,,,,,,,,,,,,,,,,,,,,,,,,,,,,,,,,,,,,,,,,,
2026-01-03 15:00:00+00:00,e1108,Level 11,50.0,Maintenance Soon,50.0,50.0,50.0,50.0,50.0,,,5.860000000000582,4.380654533842365,1.4793454661582173,,,,,,,,,,,,,,,,,,,,,,,,,,,,,,,,,,,,,,,,,,,,,,,,,,,,,,,,,,,,,,,,,,,,,
2026-01-03 16:00:00+00:00,e1108,Level 11,50.0,Maintenance Soon,50.0,50.0,50.0,50.0,50.0,,,5.779999999998836,4.400768025079742,1.3792319749190938,,,,,,,,,,,,,,,,,,,,,,,,,,,,,,,,,,,,,,,,,,,,,,,,,,,,,,,,,,,,,,,,,,,,,
2026-01-03 17:00:00+00:00,e1108,Level 11,50.0,Maintenance Soon,50.0,50.0,50.0,50.0,50.0,,,5.819999999999709,4.425028718558072,1.394971281441637,,,,,,,,,,,,,,,,,,,,,,,,,,,,,,,,,,,,,,,,,,,,,,,,,,,,,,,,,,,,,,,,,,,,,
2026-01-03 18:00:00+00:00,e1108,Level 11,50.0,Maintenance Soon,50.0,50.0,50.0,50.0,50.0,,,5.836666666666133,4.42002247330917,1.4166441933569631,,,,,,,,,,,,,,,,,,,,,,,,,,,,,,,,,,,,,,,,,,,,,,,,,,,,,,,,,,,,,,,,,,,,,
2026-01-03 19:00:00+00:00,e1108,Level 11,50.0,Maintenance Soon,50.0,50.0,50.0,50.0,50.0,,,5.819999999999709,4.421003101061312,1.398996898938397,,,,,,,,,,,,,,,,,,,,,,,,,,,,,,,,,,,,,,,,,,,,,,,,,,,,,,,,,,,,,,,,,,,,,
2026-01-03 20:00:00+00:00,e1108,Level 11,50.0,Maintenance Soon,50.0,50.0,50.0,50.0,50.0,,,5.7933333333348855,4.273899265645014,1.519434067689872,,,,,,,,,,,,,,,,,,,,,,,,,,,,,,,,,,,,,,,,,,,,,,,,,,,,,,,,,,,,,,,,,,,,,
2026-01-03 21:00:00+00:00,e1108,Level 11,50.0,Maintenance Soon,50.0,50.0,50.0,50.0,50.0,,,5.830000000001746,4.30490524451064,1.5250947554911063,,,,,,,,,,,,,,,,,,,,,,,,,,,,,,,,,,,,,,,,,,,,,,,,,,,,,,,,,,,,,,,,,,,,,
2026-01-03 22:00:00+00:00,e1108,Level 11,50.0,Maintenance Soon,50.0,50.0,50.0,50.0,50.0,,,5.770000000000437,4.340487643841091,1.4295123561593457,,,,,,,,,,,,,,,,,,,,,,,,,,,,,,,,,,,,,,,,,,,,,,,,,,,,,,,,,,,,,,,,,,,,,
2026-01-03 23:00:00+00:00,e1108,Level 11,50.0,Maintenance Soon,50.0,50.0,50.0,50.0,50.0,,,5.789999999997235,4.375413533834944,1.414586466162291,,,,,,,,,,,,,,,,,,,,,,,,,,,,,,,,,,,,,,,,,,,,,,,,,,,,,,,,,,,,,,,,,,,,,
2026-01-04 00:00:00+00:00,e1108,Level 11,50.0,Maintenance Soon,50.0,50.0,50.0,50.0,50.0,,,5.736666666667588,3.822004369899029,1.91466229676856,,,,,,,,,,,,,,,,,,,,,,,,,,,,,,,,,,,,,,,,,,,,,,,,,,,,,,,,,,,,,,,,,,,,,
2026-01-04 01:00:00+00:00,e1108,Level 11,50.0,Maintenance Soon,50.0,50.0,50.0,50.0,50.0,,,5.836666666666133,3.750204678361115,2.086461988305018,,,,,,,,,,,,,,,,,,,,,,,,,,,,,,,,,,,,,,,,,,,,,,,,,,,,,,,,,,,,,,,,,,,,,
2026-01-04 02:00:00+00:00,e1108,Level 11,50.0,Maintenance Soon,50.0,50.0,50.0,50.0,50.0,,,5.766666666666424,3.665130718953151,2.1015359477132733,,,,,,,,,,,,,,,,,,,,,,,,,,,,,,,,,,,,,,,,,,,,,,,,,,,,,,,,,,,,,,,,,,,,,
2026-01-04 03:00:00+00:00,e1108,Level 11,50.0,Maintenance Soon,50.0,50.0,50.0,50.0,50.0,,,5.759999999998399,3.5018137254901376,2.2581862745082617,,,,,,,,,,,,,,,,,,,,,,,,,,,,,,,,,,,,,,,,,,,,,,,,,,,,,,,,,,,,,,,,,,,,,
2026-01-04 04:00:00+00:00,e1108,Level 11,50.0,Maintenance Soon,50.0,50.0,50.0,50.0,50.0,,,5.75333333333765,2.954454022989012,2.7988793103486387,,,,,,,,,,,,,,,,,,,,,,,,,,,,,,,,,,,,,,,,,,,,,,,,,,,,,,,,,,,,,,,,,,,,,
2026-01-04 05:00:00+00:00,e1108,Level 11,50.0,Maintenance Soon,50.0,50.0,50.0,50.0,50.0,,,5.756666666664387,3.039712643678285,2.7169540229861013,,,,,,,,,,,,,,,,,,,,,,,,,,,,,,,,,,,,,,,,,,,,,,,,,,,,,,,,,,,,,,,,,,,,,
2026-01-04 06:00:00+00:00,e1108,Level 11,50.0,Maintenance Soon,50.0,50.0,50.0,50.0,50.0,,,5.723333333331539,2.9500000000025466,2.773333333328992,,,,,,,,,,,,,,,,,,,,,,,,,,,,,,,,,,,,,,,,,,,,,,,,,,,,,,,,,,,,,,,,,,,,,
2026-01-04 07:00:00+00:00,e1108,Level 11,50.0,Maintenance Soon,50.0,50.0,50.0,50.0,50.0,,,5.671904761908081,3.0988888888859947,2.5730158730220865,,,,,,,,,,,,,,,,,,,,,,,,,,,,,,,,,,,,,,,,,,,,,,,,,,,,,,,,,,,,,,,,,,,,,
2026-01-04 08:00:00+00:00,e1108,Level 11,50.0,Maintenance Soon,50.0,50.0,50.0,50.0,50.0,,,5.727880184331298,3.0444444444437977,2.6834357398875,,,,,,,,,,,,,,,,,,,,,,,,,,,,,,,,,,,,,,,,,,,,,,,,,,,,,,,,,,,,,,,,,,,,,
2026-01-04 09:00:00+00:00,e1108,Level 11,50.0,Maintenance Soon,50.0,50.0,50.0,50.0,50.0,,,5.88688172043112,3.0683333333345217,2.818548387096598,,,,,,,,,,,,,,,,,,,,,,,,,,,,,,,,,,,,,,,,,,,,,,,,,,,,,,,,,,,,,,,,,,,,,
2026-01-04 10:00:00+00:00,e1108,Level 11,50.0,Maintenance Soon,50.0,50.0,50.0,50.0,50.0,,,5.686666666664678,3.0916666666635138,2.595000000001164,,,,,,,,,,,,,,,,,,,,,,,,,,,,,,,,,,,,,,,,,,,,,,,,,,,,,,,,,,,,,,,,,,,,,
2026-01-04 11:00:00+00:00,e1108,Level 11,50.0,Maintenance Soon,50.0,50.0,50.0,50.0,50.0,,,5.786666666666861,3.0283333333372866,2.758333333329574,,,,,,,,,,,,,,,,,,,,,,,,,,,,,,,,,,,,,,,,,,,,,,,,,,,,,,,,,,,,,,,,,,,,,
2026-01-04 12:00:00+00:00,e1108,Level 11,50.0,Maintenance Soon,50.0,50.0,50.0,50.0,50.0,,,5.773333333330811,3.1683333333330665,2.6049999999977445,,,,,,,,,,,,,,,,,,,,,,,,,,,,,,,,,,,,,,,,,,,,,,,,,,,,,,,,,,,,,,,,,,,,,
2026-01-04 13:00:00+00:00,e1108,Level 11,50.0,Maintenance Soon,50.0,50.0,50.0,50.0,50.0,,,5.482222222224664,3.139166666665915,2.343055555558749,,,,,,,,,,,,,,,,,,,,,,,,,,,,,,,,,,,,,,,,,,,,,,,,,,,,,,,,,,,,,,,,,,,,,
2026-01-04 14:00:00+00:00,e1108,Level 11,50.0,Maintenance Soon,50.0,50.0,50.0,50.0,50.0,,,6.20191570881434,3.132499999999709,3.069415708814631,,,,,,,,,,,,,,,,,,,,,,,,,,,,,,,,,,,,,,,,,,,,,,,,,,,,,,,,,,,,,,,,,,,,,
2026-01-04 15:00:00+00:00,e1108,Level 11,50.0,Maintenance Soon,50.0,50.0,50.0,50.0,50.0,,,5.699195402296027,2.9883333333345945,2.7108620689614327,,,,,,,,,,,,,,,,,,,,,,,,,,,,,,,,,,,,,,,,,,,,,,,,,,,,,,,,,,,,,,,,,,,,,
2026-01-04 16:00:00+00:00,e1108,Level 11,50.0,Maintenance Soon,50.0,50.0,50.0,50.0,50.0,,,5.7700000000040745,3.136666666665405,2.633333333338669,,,,,,,,,,,,,,,,,,,,,,,,,,,,,,,,,,,,,,,,,,,,,,,,,,,,,,,,,,,,,,,,,,,,,
2026-01-04 17:00:00+00:00,e1108,Level 11,50.0,Maintenance Soon,50.0,50.0,50.0,50.0,50.0,,,5.833333333332121,3.0799999999999272,2.753333333332193,,,,,,,,,,,,,,,,,,,,,,,,,,,,,,,,,,,,,,,,,,,,,,,,,,,,,,,,,,,,,,,,,,,,,
2026-01-04 18:00:00+00:00,e1108,Level 11,50.0,Maintenance Soon,50.0,50.0,50.0,50.0,50.0,,,5.753333333334012,3.0599999999994907,2.6933333333345217,,,,,,,,,,,,,,,,,,,,,,,,,,,,,,,,,,,,,,,,,,,,,,,,,,,,,,,,,,,,,,,,,,,,,
2026-01-04 19:00:00+00:00,e1108,Level 11,50.0,Maintenance Soon,50.0,50.0,50.0,50.0,50.0,,,5.8633333333309565,2.968333333334158,2.8949999999967986,,,,,,,,,,,,,,,,,,,,,,,,,,,,,,,,,,,,,,,,,,,,,,,,,,,,,,,,,,,,,,,,,,,,,
2026-01-04 20:00:00+00:00,e1108,Level 11,50.0,Maintenance Soon,50.0,50.0,50.0,50.0,50.0,,,5.80000000000291,3.046666666668898,2.7533333333340124,,,,,,,,,,,,,,,,,,,,,,,,,,,,,,,,,,,,,,,,,,,,,,,,,,,,,,,,,,,,,,,,,,,,,
2026-01-04 21:00:00+00:00,e1108,Level 11,50.0,Maintenance Soon,50.0,50.0,50.0,50.0,50.0,,,5.743333333328337,3.024999999999636,2.718333333328701,,,,,,,,,,,,,,,,,,,,,,,,,,,,,,,,,,,,,,,,,,,,,,,,,,,,,,,,,,,,,,,,,,,,,
2026-01-04 22:00:00+00:00,e1108,Level 11,50.0,Maintenance Soon,50.0,50.0,50.0,50.0,50.0,,,5.740000000005239,3.0749999999989086,2.66500000000633,,,,,,,,,,,,,,,,,,,,,,,,,,,,,,,,,,,,,,,,,,,,,,,,,,,,,,,,,,,,,,,,,,,,,
2026-01-04 23:00:00+00:00,e1108,Level 11,50.0,Maintenance Soon,50.0,50.0,50.0,50.0,50.0,,,5.82999999999447,3.0349999999998545,2.794999999994616,,,,,,,,,,,,,,,,,,,,,,,,,,,,,,,,,,,,,,,,,,,,,,,,,,,,,,,,,,,,,,,,,,,,,
2026-01-05 00:00:00+00:00,e1108,Level 11,50.0,Maintenance Soon,50.0,50.0,50.0,50.0,50.0,,,5.743333333335613,2.9116666666668607,2.8316666666687524,,,,,,,,,,,,,,,,,,,,,,,,,,,,,,,,,,,,,,,,,,,,,,,,,,,,,,,,,,,,,,,,,,,,,
2026-01-05 01:00:00+00:00,e1108,Level 11,50.0,Maintenance Soon,50.0,50.0,50.0,50.0,50.0,,,5.65517241379348,3.049285714283542,2.605886699509938,,,,,,,,,,,,,,,,,,,,,,,,,,,,,,,,,,,,,,,,,,,,,,,,,,,,,,,,,,,,,,,,,,,,,
2026-01-05 02:00:00+00:00,e1108,Level 11,50.0,Maintenance Soon,50.0,50.0,50.0,50.0,50.0,,,5.84482758620652,3.0023809523827367,2.8424466338237835,,,,,,,,,,,,,,,,,,,,,,,,,,,,,,,,,,,,,,,,,,,,,,,,,,,,,,,,,,,,,,,,,,,,,
2026-01-05 03:00:00+00:00,e1108,Level 11,50.0,Maintenance Soon,50.0,50.0,50.0,50.0,50.0,,,5.783333333332848,2.96333333333314,2.819999999999709,,,,,,,,,,,,,,,,,,,,,,,,,,,,,,,,,,,,,,,,,,,,,,,,,,,,,,,,,,,,,,,,,,,,,
2026-01-05 04:00:00+00:00,e1108,Level 11,50.0,Maintenance Soon,50.0,50.0,50.0,50.0,50.0,,,5.712666666666337,3.0600000000013097,2.652666666665027,,,,,,,,,,,,,,,,,,,,,,,,,,,,,,,,,,,,,,,,,,,,,,,,,,,,,,,,,,,,,,,,,,,,,
2026-01-05 05:00:00+00:00,e1108,Level 11,50.0,Maintenance Soon,50.0,50.0,50.0,50.0,50.0,,,5.096857142856607,2.899761904760453,2.197095238096153,,,,,,,,,,,,,,,,,,,,,,,,,,,,,,,,,,,,,,,,,,,,,,,,,,,,,,,,,,,,,,,,,,,,,
2026-01-05 06:00:00+00:00,e1108,Level 11,50.0,Maintenance Soon,50.0,50.0,50.0,50.0,50.0,,,5.296428571429715,2.9652380952375097,2.331190476192205,,,,,,,,,,,,,,,,,,,,,,,,,,,,,,,,,,,,,,,,,,,,,,,,,,,,,,,,,,,,,,,,,,,,,
2026-01-05 07:00:00+00:00,e1108,Level 11,50.0,Maintenance Soon,50.0,50.0,50.0,50.0,50.0,,,5.37967980295798,2.910952380952949,2.468727422005032,,,,,,,,,,,,,,,,,,,,,,,,,,,,,,,,,,,,,,,,,,,,,,,,,,,,,,,,,,,,,,,,,,,,,
2026-01-05 08:00:00+00:00,e1108,Level 11,50.0,Maintenance Soon,50.0,50.0,50.0,50.0,50.0,,,5.277463054186228,2.913940092168559,2.3635229620176688,,,,,,,,,,,,,,,,,,,,,,,,,,,,,,,,,,,,,,,,,,,,,,,,,,,,,,,,,,,,,,,,,,,,,
2026-01-05 09:00:00+00:00,e1108,Level 11,50.0,Maintenance Soon,50.0,50.0,50.0,50.0,50.0,,,5.476904761904734,2.943440860213741,2.533463901690993,,,,,,,,,,,,,,,,,,,,,,,,,,,,,,,,,,,,,,,,,,,,,,,,,,,,,,,,,,,,,,,,,,,,,
2026-01-05 10:00:00+00:00,e1108,Level 11,50.0,Maintenance Soon,50.0,50.0,50.0,50.0,50.0,,,5.518045977009024,2.993333333331975,2.5247126436770486,,,,,,,,,,,,,,,,,,,,,,,,,,,,,,,,,,,,,,,,,,,,,,,,,,,,,,,,,,,,,,,,,,,,,
2026-01-05 11:00:00+00:00,e1108,Level 11,50.0,Maintenance Soon,50.0,50.0,50.0,50.0,50.0,,,5.652169076754944,3.0183333333334303,2.633835743421514,,,,,,,,,,,,,,,,,,,,,,,,,,,,,,,,,,,,,,,,,,,,,,,,,,,,,,,,,,,,,,,,,,,,,
2026-01-05 12:00:00+00:00,e1108,Level 11,50.0,Maintenance Soon,50.0,50.0,50.0,50.0,50.0,,,5.669784946236177,2.9116666666650417,2.758118279571136,,,,,,,,,,,,,,,,,,,,,,,,,,,,,,,,,,,,,,,,,,,,,,,,,,,,,,,,,,,,,,,,,,,,,
2026-01-05 13:00:00+00:00,e1108,Level 11,50.0,Maintenance Soon,50.0,50.0,50.0,50.0,50.0,,,5.69795698924645,2.9111111111124046,2.786845878134045,,,,,,,,,,,,,,,,,,,,,,,,,,,,,,,,,,,,,,,,,,,,,,,,,,,,,,,,,,,,,,,,,,,,,
2026-01-05 14:00:00+00:00,e1108,Level 11,50.0,Maintenance Soon,50.0,50.0,50.0,50.0,50.0,,,5.916834677420411,3.170957854406879,2.745876823013532,,,,,,,,,,,,,,,,,,,,,,,,,,,,,,,,,,,,,,,,,,,,,,,,,,,,,,,,,,,,,,,,,,,,,
2026-01-05 15:00:00+00:00,e1108,Level 11,50.0,Maintenance Soon,50.0,50.0,50.0,50.0,50.0,,,6.130965909087536,2.859597701148232,3.271368207939304,,,,,,,,,,,,,,,,,,,,,,,,,,,,,,,,,,,,,,,,,,,,,,,,,,,,,,,,,,,,,,,,,,,,,
2026-01-05 16:00:00+00:00,e1108,Level 11,50.0,Maintenance Soon,50.0,50.0,50.0,50.0,50.0,,,6.023167155424744,2.877857142859284,3.14531001256546,,,,,,,,,,,,,,,,,,,,,,,,,,,,,,,,,,,,,,,,,,,,,,,,,,,,,,,,,,,,,,,,,,,,,
2026-01-05 17:00:00+00:00,e1108,Level 11,50.0,Maintenance Soon,50.0,50.0,50.0,50.0,50.0,,,5.694408602153999,2.933809523809032,2.760599078344967,,,,,,,,,,,,,,,,,,,,,,,,,,,,,,,,,,,,,,,,,,,,,,,,,,,,,,,,,,,,,,,,,,,,,
2026-01-05 18:00:00+00:00,e1108,Level 11,50.0,Maintenance Soon,50.0,50.0,50.0,50.0,50.0,,,5.623333333332994,2.866666666666788,2.756666666666206,,,,,,,,,,,,,,,,,,,,,,,,,,,,,,,,,,,,,,,,,,,,,,,,,,,,,,,,,,,,,,,,,,,,,
2026-01-05 19:00:00+00:00,e1108,Level 11,50.0,Maintenance Soon,50.0,50.0,50.0,50.0,50.0,,,5.64333333333343,2.9316666666654783,2.711666666667952,,,,,,,,,,,,,,,,,,,,,,,,,,,,,,,,,,,,,,,,,,,,,,,,,,,,,,,,,,,,,,,,,,,,,
2026-01-05 20:00:00+00:00,e1108,Level 11,50.0,Maintenance Soon,50.0,50.0,50.0,50.0,50.0,,,5.686666666668316,2.900000000001455,2.7866666666668607,,,,,,,,,,,,,,,,,,,,,,,,,,,,,,,,,,,,,,,,,,,,,,,,,,,,,,,,,,,,,,,,,,,,,
2026-01-05 21:00:00+00:00,e1108,Level 11,50.0,Maintenance Soon,50.0,50.0,50.0,50.0,50.0,,,5.468275862065639,2.8716666666641686,2.59660919540147,,,,,,,,,,,,,,,,,,,,,,,,,,,,,,,,,,,,,,,,,,,,,,,,,,,,,,,,,,,,,,,,,,,,,
2026-01-05 22:00:00+00:00,e1108,Level 11,50.0,Maintenance Soon,50.0,50.0,50.0,50.0,50.0,,,5.629143492769799,2.87000000000262,2.75914349276718,,,,,,,,,,,,,,,,,,,,,,,,,,,,,,,,,,,,,,,,,,,,,,,,,,,,,,,,,,,,,,,,,,,,,
2026-01-05 23:00:00+00:00,e1108,Level 11,50.0,Maintenance Soon,50.0,50.0,50.0,50.0,50.0,,,5.755913978497119,2.914999999997235,2.8409139784998843,,,,,,,,,,,,,,,,,,,,,,,,,,,,,,,,,,,,,,,,,,,,,,,,,,,,,,,,,,,,,,,,,,,,,
2026-01-06 00:00:00+00:00,e1108,Level 11,50.0,Maintenance Soon,50.0,50.0,50.0,50.0,50.0,,,5.659259259256942,2.8616666666675883,2.797592592589353,,,,,,,,,,,,,,,,,,,,,,,,,,,,,,,,,,,,,,,,,,,,,,,,,,,,,,,,,,,,,,,,,,,,,
2026-01-06 01:00:00+00:00,e1108,Level 11,50.0,Maintenance Soon,50.0,50.0,50.0,50.0,50.0,,,5.430740740739566,2.844729064039712,2.5860116766998544,,,,,,,,,,,,,,,,,,,,,,,,,,,,,,,,,,,,,,,,,,,,,,,,,,,,,,,,,,,,,,,,,,,,,
2026-01-06 02:00:00+00:00,e1108,Level 11,50.0,Maintenance Soon,50.0,50.0,50.0,50.0,50.0,,,5.6600000000034925,2.915270935960507,2.7447290640429856,,,,,,,,,,,,,,,,,,,,,,,,,,,,,,,,,,,,,,,,,,,,,,,,,,,,,,,,,,,,,,,,,,,,,
2026-01-06 03:00:00+00:00,e1108,Level 11,50.0,Maintenance Soon,50.0,50.0,50.0,50.0,50.0,,,5.509770114942512,2.841666666667152,2.6681034482753603,,,,,,,,,,,,,,,,,,,,,,,,,,,,,,,,,,,,,,,,,,,,,,,,,,,,,,,,,,,,,,,,,,,,,
2026-01-06 04:00:00+00:00,e1108,Level 11,50.0,Maintenance Soon,50.0,50.0,50.0,50.0,50.0,,,5.331034482758696,2.8563333333331684,2.4747011494255275,,,,,,,,,,,,,,,,,,,,,,,,,,,,,,,,,,,,,,,,,,,,,,,,,,,,,,,,,,,,,,,,,,,,,
2026-01-06 05:00:00+00:00,e1108,Level 11,50.0,Maintenance Soon,50.0,50.0,50.0,50.0,50.0,,,5.439195402297628,2.548428571428304,2.8907668308693246,,,,,,,,,,,,,,,,,,,,,,,,,,,,,,,,,,,,,,,,,,,,,,,,,,,,,,,,,,,,,,,,,,,,,
2026-01-06 06:00:00+00:00,e1108,Level 11,50.0,Maintenance Soon,50.0,50.0,50.0,50.0,50.0,,,5.518809523808159,2.6482142857148574,2.8705952380933013,,,,,,,,,,,,,,,,,,,,,,,,,,,,,,,,,,,,,,,,,,,,,,,,,,,,,,,,,,,,,,,,,,,,,
2026-01-06 07:00:00+00:00,e1108,Level 11,50.0,Maintenance Soon,50.0,50.0,50.0,50.0,50.0,,,5.21785714285943,2.68983990147899,2.52801724138044,,,,,,,,,,,,,,,,,,,,,,,,,,,,,,,,,,,,,,,,,,,,,,,,,,,,,,,,,,,,,,,,,,,,,
2026-01-06 08:00:00+00:00,e1108,Level 11,50.0,Maintenance Soon,50.0,50.0,50.0,50.0,50.0,,,5.292857142856519,2.638731527093114,2.654125615763405,,,,,,,,,,,,,,,,,,,,,,,,,,,,,,,,,,,,,,,,,,,,,,,,,,,,,,,,,,,,,,,,,,,,,
2026-01-06 09:00:00+00:00,e1108,Level 11,50.0,Maintenance Soon,50.0,50.0,50.0,50.0,50.0,,,5.324384236453625,2.738452380952367,2.585931855501258,,,,,,,,,,,,,,,,,,,,,,,,,,,,,,,,,,,,,,,,,,,,,,,,,,,,,,,,,,,,,,,,,,,,,
2026-01-06 10:00:00+00:00,e1108,Level 11,50.0,Maintenance Soon,50.0,50.0,50.0,50.0,50.0,,,5.175351213278191,2.759022988504512,2.416328224773679,,,,,,,,,,,,,,,,,,,,,,,,,,,,,,,,,,,,,,,,,,,,,,,,,,,,,,,,,,,,,,,,,,,,,
2026-01-06 11:00:00+00:00,e1108,Level 11,50.0,Maintenance Soon,50.0,50.0,50.0,50.0,50.0,,,5.277407407407736,2.826084538377472,2.451322869030264,,,,,,,,,,,,,,,,,,,,,,,,,,,,,,,,,,,,,,,,,,,,,,,,,,,,,,,,,,,,,,,,,,,,,
2026-01-06 12:00:00+00:00,e1108,Level 11,50.0,Maintenance Soon,50.0,50.0,50.0,50.0,50.0,,,5.650689655176393,2.8348924731180887,2.8157971820583043,,,,,,,,,,,,,,,,,,,,,,,,,,,,,,,,,,,,,,,,,,,,,,,,,,,,,,,,,,,,,,,,,,,,,
2026-01-06 13:00:00+00:00,e1108,Level 11,50.0,Maintenance Soon,50.0,50.0,50.0,50.0,50.0,,,5.585977011491195,2.848978494623225,2.7369985168679705,,,,,,,,,,,,,,,,,,,,,,,,,,,,,,,,,,,,,,,,,,,,,,,,,,,,,,,,,,,,,,,,,,,,,
2026-01-06 14:00:00+00:00,e1108,Level 11,50.0,Maintenance Soon,50.0,50.0,50.0,50.0,50.0,,,5.617471264369669,2.958417338710205,2.659053925659464,,,,,,,,,,,,,,,,,,,,,,,,,,,,,,,,,,,,,,,,,,,,,,,,,,,,,,,,,,,,,,,,,,,,,
2026-01-06 15:00:00+00:00,e1108,Level 11,50.0,Maintenance Soon,50.0,50.0,50.0,50.0,50.0,,,5.645862068962742,3.065482954543768,2.5803791144189745,,,,,,,,,,,,,,,,,,,,,,,,,,,,,,,,,,,,,,,,,,,,,,,,,,,,,,,,,,,,,,,,,,,,,
2026-01-06 16:00:00+00:00,e1108,Level 11,50.0,Maintenance Soon,50.0,50.0,50.0,50.0,50.0,,,5.416206896552467,3.011583577712372,2.4046233188400947,,,,,,,,,,,,,,,,,,,,,,,,,,,,,,,,,,,,,,,,,,,,,,,,,,,,,,,,,,,,,,,,,,,,,
2026-01-06 17:00:00+00:00,e1108,Level 11,50.0,Maintenance Soon,50.0,50.0,50.0,50.0,50.0,,,5.5937931034495705,2.8472043010769994,2.746588802372571,,,,,,,,,,,,,,,,,,,,,,,,,,,,,,,,,,,,,,,,,,,,,,,,,,,,,,,,,,,,,,,,,,,,,
2026-01-06 18:00:00+00:00,e1108,Level 11,50.0,Maintenance Soon,50.0,50.0,50.0,50.0,50.0,,,5.657931034482317,2.811666666666497,2.84626436781582,,,,,,,,,,,,,,,,,,,,,,,,,,,,,,,,,,,,,,,,,,,,,,,,,,,,,,,,,,,,,,,,,,,,,
2026-01-06 19:00:00+00:00,e1108,Level 11,50.0,Maintenance Soon,50.0,50.0,50.0,50.0,50.0,,,5.64873563218498,2.821666666666715,2.827068965518265,,,,,,,,,,,,,,,,,,,,,,,,,,,,,,,,,,,,,,,,,,,,,,,,,,,,,,,,,,,,,,,,,,,,,
2026-01-06 20:00:00+00:00,e1108,Level 11,50.0,Maintenance Soon,50.0,50.0,50.0,50.0,50.0,,,5.790752688171779,2.843333333334158,2.9474193548376206,,,,,,,,,,,,,,,,,,,,,,,,,,,,,,,,,,,,,,,,,,,,,,,,,,,,,,,,,,,,,,,,,,,,,
2026-01-06 21:00:00+00:00,e1108,Level 11,50.0,Maintenance Soon,50.0,50.0,50.0,50.0,50.0,,,5.719132369296858,2.73413793103282,2.9849944382640388,,,,,,,,,,,,,,,,,,,,,,,,,,,,,,,,,,,,,,,,,,,,,,,,,,,,,,,,,,,,,,,,,,,,,
2026-01-06 22:00:00+00:00,e1108,Level 11,50.0,Maintenance Soon,50.0,50.0,50.0,50.0,50.0,,,5.65344827586523,2.8145717463849,2.83887652948033,,,,,,,,,,,,,,,,,,,,,,,,,,,,,,,,,,,,,,,,,,,,,,,,,,,,,,,,,,,,,,,,,,,,,
2026-01-06 23:00:00+00:00,e1108,Level 11,50.0,Maintenance Soon,50.0,50.0,50.0,50.0,50.0,,,5.884374999997817,2.87795698924856,3.006418010749257,,,,,,,,,,,,,,,,,,,,,,,,,,,,,,,,,,,,,,,,,,,,,,,,,,,,,,,,,,,,,,,,,,,,,
2026-01-07 00:00:00+00:00,e1108,Level 11,50.0,Maintenance Soon,50.0,50.0,50.0,50.0,50.0,,,5.787053571431898,2.829629629628471,2.9574239418034267,,,,,,,,,,,,,,,,,,,,,,,,,,,,,,,,,,,,,,,,,,,,,,,,,,,,,,,,,,,,,,,,,,,,,
2026-01-07 01:00:00+00:00,e1108,Level 11,50.0,Maintenance Soon,50.0,50.0,50.0,50.0,50.0,,,6.011904761904589,2.715370370369783,3.2965343915348058,,,,,,,,,,,,,,,,,,,,,,,,,,,,,,,,,,,,,,,,,,,,,,,,,,,,,,,,,,,,,,,,,,,,,
2026-01-07 02:00:00+00:00,e1108,Level 11,50.0,Maintenance Soon,50.0,50.0,50.0,50.0,50.0,,,5.904597701148305,3.23234567901333,2.6722520221349746,,,,,,,,,,,,,,,,,,,,,,,,,,,,,,,,,,,,,,,,,,,,,,,,,,,,,,,,,,,,,,,,,,,,,
2026-01-07 03:00:00+00:00,e1108,Level 11,50.0,Maintenance Soon,50.0,50.0,50.0,50.0,50.0,,,4.718318965515209,3.5313872164454856,1.1869317490697235,,,,,,,,,,,,,,,,,,,,,,,,,,,,,,,,,,,,,,,,,,,,,,,,,,,,,,,,,,,,,,,,,,,,,
2026-01-07 04:00:00+00:00,e1108,Level 11,50.0,Maintenance Soon,50.0,50.0,50.0,50.0,50.0,,,7.02067307692414,3.433971201212747,3.5867018757113933,,,,,,,,,,,,,,,,,,,,,,,,,,,,,,,,,,,,,,,,,,,,,,,,,,,,,,,,,,,,,,,,,,,,,
2026-01-07 05:00:00+00:00,e1108,Level 11,50.0,Maintenance Soon,50.0,50.0,50.0,50.0,50.0,,,5.326780626783148,3.406987261353303,1.9197933654298445,,,,,,,,,,,,,,,,,,,,,,,,,,,,,,,,,,,,,,,,,,,,,,,,,,,,,,,,,,,,,,,,,,,,,
2026-01-07 06:00:00+00:00,e1108,Level 11,50.0,Maintenance Soon,50.0,50.0,50.0,50.0,50.0,,,5.276296296291548,3.362737903533949,1.9135583927575983,,,,,,,,,,,,,,,,,,,,,,,,,,,,,,,,,,,,,,,,,,,,,,,,,,,,,,,,,,,,,,,,,,,,,
2026-01-07 07:00:00+00:00,e1108,Level 11,50.0,Maintenance Soon,50.0,50.0,50.0,50.0,50.0,,,6.282500000004802,3.3673216962961305,2.915178303708672,,,,,,,,,,,,,,,,,,,,,,,,,,,,,,,,,,,,,,,,,,,,,,,,,,,,,,,,,,,,,,,,,,,,,
2026-01-07 08:00:00+00:00,e1108,Level 11,50.0,Maintenance Soon,50.0,50.0,50.0,50.0,50.0,,,5.437499999996362,3.528899835797347,1.9086001641990151,,,,,,,,,,,,,,,,,,,,,,,,,,,,,,,,,,,,,,,,,,,,,,,,,,,,,,,,,,,,,,,,,,,,,
2026-01-07 09:00:00+00:00,e1108,Level 11,50.0,Maintenance Soon,50.0,50.0,50.0,50.0,50.0,,,5.400000000001455,3.5426518883408185,1.8573481116606367,,,,,,,,,,,,,,,,,,,,,,,,,,,,,,,,,,,,,,,,,,,,,,,,,,,,,,,,,,,,,,,,,,,,,
2026-01-07 10:00:00+00:00,e1108,Level 11,50.0,Maintenance Soon,50.0,50.0,50.0,50.0,50.0,,,5.515384615384392,3.553688499664228,1.961696115720164,,,,,,,,,,,,,,,,,,,,,,,,,,,,,,,,,,,,,,,,,,,,,,,,,,,,,,,,,,,,,,,,,,,,,
2026-01-07 11:00:00+00:00,e1108,Level 11,50.0,Maintenance Soon,50.0,50.0,50.0,50.0,50.0,,,5.7053050397880725,3.625679316427219,2.079625723360853,,,,,,,,,,,,,,,,,,,,,,,,,,,,,,,,,,,,,,,,,,,,,,,,,,,,,,,,,,,,,,,,,,,,,
2026-01-07 12:00:00+00:00,e1108,Level 11,50.0,Maintenance Soon,50.0,50.0,50.0,50.0,50.0,,,5.455172413792752,3.681305418721119,1.7738669950716337,,,,,,,,,,,,,,,,,,,,,,,,,,,,,,,,,,,,,,,,,,,,,,,,,,,,,,,,,,,,,,,,,,,,,
2026-01-07 13:00:00+00:00,e1108,Level 11,50.0,Maintenance Soon,50.0,50.0,50.0,50.0,50.0,,,5.824137931034784,3.5459870461575824,2.2781508848772014,,,,,,,,,,,,,,,,,,,,,,,,,,,,,,,,,,,,,,,,,,,,,,,,,,,,,,,,,,,,,,,,,,,,,
2026-01-07 14:00:00+00:00,e1108,Level 11,50.0,Maintenance Soon,50.0,50.0,50.0,50.0,50.0,,,5.60344827586232,3.627305236270331,1.9761430395919888,,,,,,,,,,,,,,,,,,,,,,,,,,,,,,,,,,,,,,,,,,,,,,,,,,,,,,,,,,,,,,,,,,,,,
2026-01-07 15:00:00+00:00,e1108,Level 11,50.0,Maintenance Soon,50.0,50.0,50.0,50.0,50.0,,,5.621551724139863,4.391336739037797,1.2302149851020658,,,,,,,,,,,,,,,,,,,,,,,,,,,,,,,,,,,,,,,,,,,,,,,,,,,,,,,,,,,,,,,,,,,,,
2026-01-07 16:00:00+00:00,e1108,Level 11,50.0,Maintenance Soon,50.0,50.0,50.0,50.0,50.0,,,5.706999999998516,3.5971306939124283,2.109869306086088,,,,,,,,,,,,,,,,,,,,,,,,,,,,,,,,,,,,,,,,,,,,,,,,,,,,,,,,,,,,,,,,,,,,,
2026-01-07 17:00:00+00:00,e1108,Level 11,50.0,Maintenance Soon,50.0,50.0,50.0,50.0,50.0,,,5.508740740740905,3.618724685277508,1.890016055463396,,,,,,,,,,,,,,,,,,,,,,,,,,,,,,,,,,,,,,,,,,,,,,,,,,,,,,,,,,,,,,,,,,,,,
2026-01-07 18:00:00+00:00,e1108,Level 11,50.0,Maintenance Soon,50.0,50.0,50.0,50.0,50.0,,,5.624776500637381,3.633267651886854,1.9915088487505272,,,,,,,,,,,,,,,,,,,,,,,,,,,,,,,,,,,,,,,,,,,,,,,,,,,,,,,,,,,,,,,,,,,,,
2026-01-07 19:00:00+00:00,e1108,Level 11,50.0,Maintenance Soon,50.0,50.0,50.0,50.0,50.0,,,5.498768472909433,3.7580914750966863,1.7406769978127463,,,,,,,,,,,,,,,,,,,,,,,,,,,,,,,,,,,,,,,,,,,,,,,,,,,,,,,,,,,,,,,,,,,,,
2026-01-07 20:00:00+00:00,e1108,Level 11,50.0,Maintenance Soon,50.0,50.0,50.0,50.0,50.0,,,5.95571428571202,3.91759306777385,2.038121217938169,,,,,,,,,,,,,,,,,,,,,,,,,,,,,,,,,,,,,,,,,,,,,,,,,,,,,,,,,,,,,,,,,,,,,
2026-01-07 21:00:00+00:00,e1108,Level 11,50.0,Maintenance Soon,50.0,50.0,50.0,50.0,50.0,,,5.558571428569849,3.921118618049756,1.637452810520093,,,,,,,,,,,,,,,,,,,,,,,,,,,,,,,,,,,,,,,,,,,,,,,,,,,,,,,,,,,,,,,,,,,,,
2026-01-07 22:00:00+00:00,e1108,Level 11,50.0,Maintenance Soon,50.0,50.0,50.0,50.0,50.0,,,5.566256157635507,3.9142149014781658,1.6520412561573417,,,,,,,,,,,,,,,,,,,,,,,,,,,,,,,,,,,,,,,,,,,,,,,,,,,,,,,,,,,,,,,,,,,,,
2026-01-07 23:00:00+00:00,e1108,Level 11,50.0,Maintenance Soon,50.0,50.0,50.0,50.0,50.0,,,5.362579821201507,4.099189425770116,1.263390395431391,,,,,,,,,,,,,,,,,,,,,,,,,,,,,,,,,,,,,,,,,,,,,,,,,,,,,,,,,,,,,,,,,,,,,
2026-01-08 00:00:00+00:00,e1108,Level 11,50.0,Maintenance Soon,50.0,50.0,50.0,50.0,50.0,,,5.952592592591827,3.995298308718096,1.9572942838737315,,,,,,,,,,,,,,,,,,,,,,,,,,,,,,,,,,,,,,,,,,,,,,,,,,,,,,,,,,,,,,,,,,,,,
2026-01-08 01:00:00+00:00,e1108,Level 11,50.0,Maintenance Soon,50.0,50.0,50.0,50.0,50.0,,,5.532307692308677,3.9536587068845015,1.578648985424176,,,,,,,,,,,,,,,,,,,,,,,,,,,,,,,,,,,,,,,,,,,,,,,,,,,,,,,,,,,,,,,,,,,,,
2026-01-08 02:00:00+00:00,e1108,Level 11,50.0,Maintenance Soon,50.0,50.0,50.0,50.0,50.0,,,5.529120879120455,3.81830676059811,1.710814118522345,,,,,,,,,,,,,,,,,,,,,,,,,,,,,,,,,,,,,,,,,,,,,,,,,,,,,,,,,,,,,,,,,,,,,
2026-01-08 03:00:00+00:00,e1108,Level 11,50.0,Maintenance Soon,50.0,50.0,50.0,50.0,50.0,,,5.3702380952381645,3.4116618773938776,1.958576217844287,,,,,,,,,,,,,,,,,,,,,,,,,,,,,,,,,,,,,,,,,,,,,,,,,,,,,,,,,,,,,,,,,,,,,
2026-01-08 04:00:00+00:00,e1108,Level 11,50.0,Maintenance Soon,50.0,50.0,50.0,50.0,50.0,,,5.591091954021977,4.213557692307707,1.3775342617142696,,,,,,,,,,,,,,,,,,,,,,,,,,,,,,,,,,,,,,,,,,,,,,,,,,,,,,,,,,,,,,,,,,,,,
2026-01-08 05:00:00+00:00,e1108,Level 11,50.0,Maintenance Soon,50.0,50.0,50.0,50.0,50.0,,,5.37081280788334,3.630037986706157,1.7407748211771832,,,,,,,,,,,,,,,,,,,,,,,,,,,,,,,,,,,,,,,,,,,,,,,,,,,,,,,,,,,,,,,,,,,,,
2026-01-08 06:00:00+00:00,e1108,Level 11,50.0,Maintenance Soon,50.0,50.0,50.0,50.0,50.0,,,5.683465608464758,3.5985355470402283,2.0849300614245294,,,,,,,,,,,,,,,,,,,,,,,,,,,,,,,,,,,,,,,,,,,,,,,,,,,,,,,,,,,,,,,,,,,,,
2026-01-08 07:00:00+00:00,e1108,Level 11,50.0,Maintenance Soon,50.0,50.0,50.0,50.0,50.0,,,5.237962962961319,3.947729885057925,1.2902330779033946,,,,,,,,,,,,,,,,,,,,,,,,,,,,,,,,,,,,,,,,,,,,,,,,,,,,,,,,,,,,,,,,,,,,,
2026-01-08 08:00:00+00:00,e1108,Level 11,50.0,Maintenance Soon,50.0,50.0,50.0,50.0,50.0,,,4.994230769232672,3.61181034482676,1.3824204244059124,,,,,,,,,,,,,,,,,,,,,,,,,,,,,,,,,,,,,,,,,,,,,,,,,,,,,,,,,,,,,,,,,,,,,
2026-01-08 09:00:00+00:00,e1108,Level 11,50.0,Maintenance Soon,50.0,50.0,50.0,50.0,50.0,,,4.996153846153902,3.60068965517227,1.3954641909816323,,,,,,,,,,,,,,,,,,,,,,,,,,,,,,,,,,,,,,,,,,,,,,,,,,,,,,,,,,,,,,,,,,,,,
2026-01-08 10:00:00+00:00,e1108,Level 11,50.0,Maintenance Soon,50.0,50.0,50.0,50.0,50.0,,,5.114615384616627,3.631080586081225,1.483534798535402,,,,,,,,,,,,,,,,,,,,,,,,,,,,,,,,,,,,,,,,,,,,,,,,,,,,,,,,,,,,,,,,,,,,,
2026-01-08 11:00:00+00:00,e1108,Level 11,50.0,Maintenance Soon,50.0,50.0,50.0,50.0,50.0,,,5.016428571427241,3.6590343564481977,1.3573942149790432,,,,,,,,,,,,,,,,,,,,,,,,,,,,,,,,,,,,,,,,,,,,,,,,,,,,,,,,,,,,,,,,,,,,,
2026-01-08 12:00:00+00:00,e1108,Level 11,50.0,Maintenance Soon,50.0,50.0,50.0,50.0,50.0,,,5.45542328042211,3.55874384236328,1.8966794380588303,,,,,,,,,,,,,,,,,,,,,,,,,,,,,,,,,,,,,,,,,,,,,,,,,,,,,,,,,,,,,,,,,,,,,
2026-01-08 13:00:00+00:00,e1108,Level 11,50.0,Maintenance Soon,50.0,50.0,50.0,50.0,50.0,,,5.179182630909054,3.636573313872456,1.542609317036598,,,,,,,,,,,,,,,,,,,,,,,,,,,,,,,,,,,,,,,,,,,,,,,,,,,,,,,,,,,,,,,,,,,,,
2026-01-08 14:00:00+00:00,e1108,Level 11,50.0,Maintenance Soon,50.0,50.0,50.0,50.0,50.0,,,5.206002554277802,3.6127288207765855,1.5932737335012157,,,,,,,,,,,,,,,,,,,,,,,,,,,,,,,,,,,,,,,,,,,,,,,,,,,,,,,,,,,,,,,,,,,,,
2026-01-08 15:00:00+00:00,e1108,Level 11,50.0,Maintenance Soon,50.0,50.0,50.0,50.0,50.0,,,5.228347578347893,3.657758620688886,1.5705889576590075,,,,,,,,,,,,,,,,,,,,,,,,,,,,,,,,,,,,,,,,,,,,,,,,,,,,,,,,,,,,,,,,,,,,,
2026-01-08 16:00:00+00:00,e1108,Level 11,50.0,Maintenance Soon,50.0,50.0,50.0,50.0,50.0,,,5.119230769229034,3.735858237547897,1.3833725316811374,,,,,,,,,,,,,,,,,,,,,,,,,,,,,,,,,,,,,,,,,,,,,,,,,,,,,,,,,,,,,,,,,,,,,
2026-01-08 17:00:00+00:00,e1108,Level 11,50.0,Maintenance Soon,50.0,50.0,50.0,50.0,50.0,,,5.15109890110034,3.706246913580496,1.444851987519845,,,,,,,,,,,,,,,,,,,,,,,,,,,,,,,,,,,,,,,,,,,,,,,,,,,,,,,,,,,,,,,,,,,,,
2026-01-08 18:00:00+00:00,e1108,Level 11,50.0,Maintenance Soon,50.0,50.0,50.0,50.0,50.0,,,5.07967032966917,3.693239676458082,1.3864306532110882,,,,,,,,,,,,,,,,,,,,,,,,,,,,,,,,,,,,,,,,,,,,,,,,,,,,,,,,,,,,,,,,,,,,,
2026-01-08 19:00:00+00:00,e1108,Level 11,50.0,Maintenance Soon,50.0,50.0,50.0,50.0,50.0,,,4.97390109889966,3.616830870278742,1.3570702286209175,,,,,,,,,,,,,,,,,,,,,,,,,,,,,,,,,,,,,,,,,,,,,,,,,,,,,,,,,,,,,,,,,,,,,
2026-01-08 20:00:00+00:00,e1108,Level 11,50.0,Maintenance Soon,50.0,50.0,50.0,50.0,50.0,,,5.27142857142826,3.802479474548212,1.4689490968800478,,,,,,,,,,,,,,,,,,,,,,,,,,,,,,,,,,,,,,,,,,,,,,,,,,,,,,,,,,,,,,,,,,,,,
2026-01-08 21:00:00+00:00,e1108,Level 11,50.0,Maintenance Soon,50.0,50.0,50.0,50.0,50.0,,,5.187433862436592,3.5874676153980545,1.5999662470385374,,,,,,,,,,,,,,,,,,,,,,,,,,,,,,,,,,,,,,,,,,,,,,,,,,,,,,,,,,,,,,,,,,,,,
2026-01-08 22:00:00+00:00,e1108,Level 11,50.0,Maintenance Soon,50.0,50.0,50.0,50.0,50.0,,,5.203575989780802,3.604677978471349,1.5988980113094535,,,,,,,,,,,,,,,,,,,,,,,,,,,,,,,,,,,,,,,,,,,,,,,,,,,,,,,,,,,,,,,,,,,,,
2026-01-08 23:00:00+00:00,e1108,Level 11,50.0,Maintenance Soon,50.0,50.0,50.0,50.0,50.0,,,5.401847290642763,3.675662807784344,1.7261844828584194,,,,,,,,,,,,,,,,,,,,,,,,,,,,,,,,,,,,,,,,,,,,,,,,,,,,,,,,,,,,,,,,,,,,,
2026-01-09 00:00:00+00:00,e1108,Level 11,50.0,Maintenance Soon,50.0,50.0,50.0,50.0,50.0,,,5.120502645502711,3.832881253518281,1.2876213919844304,,,,,,,,,,,,,,,,,,,,,,,,,,,,,,,,,,,,,,,,,,,,,,,,,,,,,,,,,,,,,,,,,,,,,
2026-01-09 01:00:00+00:00,e1108,Level 11,50.0,Maintenance Soon,50.0,50.0,50.0,50.0,50.0,,,5.022079772079451,3.740580131771518,1.2814996403079326,,,,,,,,,,,,,,,,,,,,,,,,,,,,,,,,,,,,,,,,,,,,,,,,,,,,,,,,,,,,,,,,,,,,,
2026-01-09 02:00:00+00:00,e1108,Level 11,50.0,Maintenance Soon,50.0,50.0,50.0,50.0,50.0,,,5.161538461536111,3.71897651847515,1.4425619430609609,,,,,,,,,,,,,,,,,,,,,,,,,,,,,,,,,,,,,,,,,,,,,,,,,,,,,,,,,,,,,,,,,,,,,
2026-01-09 03:00:00+00:00,e1108,Level 11,50.0,Maintenance Soon,50.0,50.0,50.0,50.0,50.0,,,5.098829431441118,3.650845648604445,1.4479837828366726,,,,,,,,,,,,,,,,,,,,,,,,,,,,,,,,,,,,,,,,,,,,,,,,,,,,,,,,,,,,,,,,,,,,,
2026-01-09 04:00:00+00:00,e1108,Level 11,50.0,Maintenance Soon,50.0,50.0,50.0,50.0,50.0,,,5.09547826087146,3.708141762451608,1.387336498419851,,,,,,,,,,,,,,,,,,,,,,,,,,,,,,,,,,,,,,,,,,,,,,,,,,,,,,,,,,,,,,,,,,,,,
2026-01-09 05:00:00+00:00,e1108,Level 11,50.0,Maintenance Soon,50.0,50.0,50.0,50.0,50.0,,,5.308714285711176,3.640232621785496,1.66848166392568,,,,,,,,,,,,,,,,,,,,,,,,,,,,,,,,,,,,,,,,,,,,,,,,,,,,,,,,,,,,,,,,,,,,,
2026-01-09 06:00:00+00:00,e1108,Level 11,50.0,Maintenance Soon,50.0,50.0,50.0,50.0,50.0,,,5.34697802197843,3.6921896855795535,1.6547883363988751,,,,,,,,,,,,,,,,,,,,,,,,,,,,,,,,,,,,,,,,,,,,,,,,,,,,,,,,,,,,,,,,,,,,,
2026-01-09 07:00:00+00:00,e1108,Level 11,50.0,Maintenance Soon,50.0,50.0,50.0,50.0,50.0,,,4.896011396012909,3.520700297997488,1.375311098015421,,,,,,,,,,,,,,,,,,,,,,,,,,,,,,,,,,,,,,,,,,,,,,,,,,,,,,,,,,,,,,,,,,,,,
2026-01-09 08:00:00+00:00,e1108,Level 11,50.0,Maintenance Soon,50.0,50.0,50.0,50.0,50.0,,,5.18888888888614,3.4314102564118607,1.7574786324742795,,,,,,,,,,,,,,,,,,,,,,,,,,,,,,,,,,,,,,,,,,,,,,,,,,,,,,,,,,,,,,,,,,,,,
2026-01-09 09:00:00+00:00,e1108,Level 11,50.0,Maintenance Soon,50.0,50.0,50.0,50.0,50.0,,,7.1444444444459805,3.479675803123731,3.6647686413222496,,,,,,,,,,,,,,,,,,,,,,,,,,,,,,,,,,,,,,,,,,,,,,,,,,,,,,,,,,,,,,,,,,,,,
2026-01-09 10:00:00+00:00,e1108,Level 11,50.0,Maintenance Soon,50.0,50.0,50.0,50.0,50.0,,,5.222962962961901,3.561538461539991,1.66142450142191,,,,,,,,,,,,,,,,,,,,,,,,,,,,,,,,,,,,,,,,,,,,,,,,,,,,,,,,,,,,,,,,,,,,,
2026-01-09 11:00:00+00:00,e1108,Level 11,50.0,Maintenance Soon,50.0,50.0,50.0,50.0,50.0,,,5.377931034483481,3.5861706349193505,1.7917603995641307,,,,,,,,,,,,,,,,,,,,,,,,,,,,,,,,,,,,,,,,,,,,,,,,,,,,,,,,,,,,,,,,,,,,,
2026-01-09 12:00:00+00:00,e1108,Level 11,50.0,Maintenance Soon,50.0,50.0,50.0,50.0,50.0,,,5.51921182265869,3.83409942680737,1.68511239585132,,,,,,,,,,,,,,,,,,,,,,,,,,,,,,,,,,,,,,,,,,,,,,,,,,,,,,,,,,,,,,,,,,,,,
2026-01-09 13:00:00+00:00,e1108,Level 11,50.0,Maintenance Soon,50.0,50.0,50.0,50.0,50.0,,,5.483597883598122,3.7050568447120895,1.7785410388860328,,,,,,,,,,,,,,,,,,,,,,,,,,,,,,,,,,,,,,,,,,,,,,,,,,,,,,,,,,,,,,,,,,,,,
2026-01-09 14:00:00+00:00,e1108,Level 11,50.0,Maintenance Soon,50.0,50.0,50.0,50.0,50.0,,,5.510983397191012,3.6722965503504383,1.8386868468405737,,,,,,,,,,,,,,,,,,,,,,,,,,,,,,,,,,,,,,,,,,,,,,,,,,,,,,,,,,,,,,,,,,,,,
2026-01-09 15:00:00+00:00,e1108,Level 11,50.0,Maintenance Soon,50.0,50.0,50.0,50.0,50.0,,,5.466794380587089,3.7469491927828735,1.7198451878042156,,,,,,,,,,,,,,,,,,,,,,,,,,,,,,,,,,,,,,,,,,,,,,,,,,,,,,,,,,,,,,,,,,,,,
2026-01-09 16:00:00+00:00,e1108,Level 11,50.0,Maintenance Soon,50.0,50.0,50.0,50.0,50.0,,,5.440102171138278,3.71070318570249,1.7293989854357883,,,,,,,,,,,,,,,,,,,,,,,,,,,,,,,,,,,,,,,,,,,,,,,,,,,,,,,,,,,,,,,,,,,,,
2026-01-09 17:00:00+00:00,e1108,Level 11,50.0,Maintenance Soon,50.0,50.0,50.0,50.0,50.0,,,5.530665024627524,3.788750138751008,1.741914885876516,,,,,,,,,,,,,,,,,,,,,,,,,,,,,,,,,,,,,,,,,,,,,,,,,,,,,,,,,,,,,,,,,,,,,
2026-01-09 18:00:00+00:00,e1108,Level 11,50.0,Maintenance Soon,50.0,50.0,50.0,50.0,50.0,,,5.482142857144936,3.7047133422129264,1.7774295149320096,,,,,,,,,,,,,,,,,,,,,,,,,,,,,,,,,,,,,,,,,,,,,,,,,,,,,,,,,,,,,,,,,,,,,
2026-01-09 19:00:00+00:00,e1108,Level 11,50.0,Maintenance Soon,50.0,50.0,50.0,50.0,50.0,,,5.894088669952907,3.665258699632735,2.2288299703201724,,,,,,,,,,,,,,,,,,,,,,,,,,,,,,,,,,,,,,,,,,,,,,,,,,,,,,,,,,,,,,,,,,,,,
2026-01-09 20:00:00+00:00,e1108,Level 11,50.0,Maintenance Soon,50.0,50.0,50.0,50.0,50.0,,,6.134482758618105,3.6740178571429474,2.460464901475158,,,,,,,,,,,,,,,,,,,,,,,,,,,,,,,,,,,,,,,,,,,,,,,,,,,,,,,,,,,,,,,,,,,,,
2026-01-09 21:00:00+00:00,e1108,Level 11,50.0,Maintenance Soon,50.0,50.0,50.0,50.0,50.0,,,6.220000000001164,3.6013668430350663,2.618633156966098,,,,,,,,,,,,,,,,,,,,,,,,,,,,,,,,,,,,,,,,,,,,,,,,,,,,,,,,,,,,,,,,,,,,,
2026-01-09 22:00:00+00:00,e1108,Level 11,50.0,Maintenance Soon,50.0,50.0,50.0,50.0,50.0,,,5.7933333333348855,3.6089697743700526,2.184363558964833,,,,,,,,,,,,,,,,,,,,,,,,,,,,,,,,,,,,,,,,,,,,,,,,,,,,,,,,,,,,,,,,,,,,,
2026-01-09 23:00:00+00:00,e1108,Level 11,50.0,Maintenance Soon,50.0,50.0,50.0,50.0,50.0,,,5.855632183905982,3.66506020799352,2.190571975912462,,,,,,,,,,,,,,,,,,,,,,,,,,,,,,,,,,,,,,,,,,,,,,,,,,,,,,,,,,,,,,,,,,,,,
2026-01-10 00:00:00+00:00,e1108,Level 11,50.0,Maintenance Soon,50.0,50.0,50.0,50.0,50.0,,,5.731034482756513,3.5623897707228025,2.1686447120337107,,,,,,,,,,,,,,,,,,,,,,,,,,,,,,,,,,,,,,,,,,,,,,,,,,,,,,,,,,,,,,,,,,,,,
2026-01-10 01:00:00+00:00,e1108,Level 11,50.0,Maintenance Soon,50.0,50.0,50.0,50.0,50.0,,,5.84666666666817,18.141804368470428,-12.295137701802258,,,,,,,,,,,,,,,,,,,,,,,,,,,,,,,,,,,,,,,,,,,,,,,,,,,,,,,,,,,,,,,,,,,,,
2026-01-10 02:00:00+00:00,e1108,Level 11,50.0,Maintenance Soon,50.0,50.0,50.0,50.0,50.0,,,5.546190476190532,243.22384615384485,-237.67765567765431,,,,,,,,,,,,,,,,,,,,,,,,,,,,,,,,,,,,,,,,,,,,,,,,,,,,,,,,,,,,,,,,,,,,,
2026-01-10 03:00:00+00:00,e1108,Level 11,50.0,Maintenance Soon,50.0,50.0,50.0,50.0,50.0,,,5.589285714286234,4.595165366036478,0.9941203482497558,,,,,,,,,,,,,,,,,,,,,,,,,,,,,,,,,,,,,,,,,,,,,,,,,,,,,,,,,,,,,,,,,,,,,
2026-01-10 04:00:00+00:00,e1108,Level 11,50.0,Maintenance Soon,50.0,50.0,50.0,50.0,50.0,,,5.524753694582614,5.350906546727249,0.1738471478553647,,,,,,,,,,,,,,,,,,,,,,,,,,,,,,,,,,,,,,,,,,,,,,,,,,,,,,,,,,,,,,,,,,,,,
2026-01-10 05:00:00+00:00,e1108,Level 11,50.0,Maintenance Soon,50.0,50.0,50.0,50.0,50.0,,,5.478288633461489,5.534935413243754,-0.0566467797822651,,,,,,,,,,,,,,,,,,,,,,,,,,,,,,,,,,,,,,,,,,,,,,,,,,,,,,,,,,,,,,,,,,,,,
2026-01-10 06:00:00+00:00,e1108,Level 11,50.0,Maintenance Soon,50.0,50.0,50.0,50.0,50.0,,,5.244444444444525,5.528992673993344,-0.2845482295488182,,,,,,,,,,,,,,,,,,,,,,,,,,,,,,,,,,,,,,,,,,,,,,,,,,,,,,,,,,,,,,,,,,,,,
2026-01-10 07:00:00+00:00,e1108,Level 11,50.0,Maintenance Soon,50.0,50.0,50.0,50.0,50.0,,,5.3370370370357705,5.3175593542279485,0.019477682807822,,,,,,,,,,,,,,,,,,,,,,,,,,,,,,,,,,,,,,,,,,,,,,,,,,,,,,,,,,,,,,,,,,,,,
2026-01-10 08:00:00+00:00,e1108,Level 11,50.0,Maintenance Soon,50.0,50.0,50.0,50.0,50.0,,,5.351190476190823,5.392388250316192,-0.0411977741253695,,,,,,,,,,,,,,,,,,,,,,,,,,,,,,,,,,,,,,,,,,,,,,,,,,,,,,,,,,,,,,,,,,,,,
2026-01-10 09:00:00+00:00,e1108,Level 11,50.0,Maintenance Soon,50.0,50.0,50.0,50.0,50.0,,,5.382142857142753,6.0753895274586585,-0.6932466703159053,,,,,,,,,,,,,,,,,,,,,,,,,,,,,,,,,,,,,,,,,,,,,,,,,,,,,,,,,,,,,,,,,,,,,
2026-01-10 10:00:00+00:00,e1108,Level 11,50.0,Maintenance Soon,50.0,50.0,50.0,50.0,50.0,,,5.434482758621016,5.495432098764771,-0.0609493401437548,,,,,,,,,,,,,,,,,,,,,,,,,,,,,,,,,,,,,,,,,,,,,,,,,,,,,,,,,,,,,,,,,,,,,
2026-01-10 11:00:00+00:00,e1108,Level 11,50.0,Maintenance Soon,50.0,50.0,50.0,50.0,50.0,,,5.613793103446369,5.620063033002225,-0.0062699295558559,,,,,,,,,,,,,,,,,,,,,,,,,,,,,,,,,,,,,,,,,,,,,,,,,,,,,,,,,,,,,,,,,,,,,
2026-01-10 12:00:00+00:00,e1108,Level 11,50.0,Maintenance Soon,50.0,50.0,50.0,50.0,50.0,,,5.634482758621743,5.59522979677422,0.0392529618475236,,,,,,,,,,,,,,,,,,,,,,,,,,,,,,,,,,,,,,,,,,,,,,,,,,,,,,,,,,,,,,,,,,,,,
2026-01-10 13:00:00+00:00,e1108,Level 11,50.0,Maintenance Soon,50.0,50.0,50.0,50.0,50.0,,,5.460098522165936,5.553986341869556,-0.0938878197036201,,,,,,,,,,,,,,,,,,,,,,,,,,,,,,,,,,,,,,,,,,,,,,,,,,,,,,,,,,,,,,,,,,,,,
2026-01-10 14:00:00+00:00,e1108,Level 11,50.0,Maintenance Soon,50.0,50.0,50.0,50.0,50.0,,,5.47857142857174,5.674628874333091,-0.1960574457613502,,,,,,,,,,,,,,,,,,,,,,,,,,,,,,,,,,,,,,,,,,,,,,,,,,,,,,,,,,,,,,,,,,,,,
2026-01-10 15:00:00+00:00,e1108,Level 11,50.0,Maintenance Soon,50.0,50.0,50.0,50.0,50.0,,,5.167032967030536,5.594678586631441,-0.4276456196009048,,,,,,,,,,,,,,,,,,,,,,,,,,,,,,,,,,,,,,,,,,,,,,,,,,,,,,,,,,,,,,,,,,,,,
2026-01-10 16:00:00+00:00,e1108,Level 11,50.0,Maintenance Soon,50.0,50.0,50.0,50.0,50.0,,,5.267094017097406,5.547620263942615,-0.2805262468452083,,,,,,,,,,,,,,,,,,,,,,,,,,,,,,,,,,,,,,,,,,,,,,,,,,,,,,,,,,,,,,,,,,,,,
2026-01-10 17:00:00+00:00,e1108,Level 11,50.0,Maintenance Soon,50.0,50.0,50.0,50.0,50.0,,,5.358237547894532,5.58022167487555,-0.2219841269810176,,,,,,,,,,,,,,,,,,,,,,,,,,,,,,,,,,,,,,,,,,,,,,,,,,,,,,,,,,,,,,,,,,,,,
2026-01-10 18:00:00+00:00,e1108,Level 11,50.0,Maintenance Soon,50.0,50.0,50.0,50.0,50.0,,,5.471921182266669,5.661861239119996,-0.1899400568533265,,,,,,,,,,,,,,,,,,,,,,,,,,,,,,,,,,,,,,,,,,,,,,,,,,,,,,,,,,,,,,,,,,,,,
2026-01-10 19:00:00+00:00,e1108,Level 11,50.0,Maintenance Soon,50.0,50.0,50.0,50.0,50.0,,,5.59014778324854,5.766882603245904,-0.1767348199973639,,,,,,,,,,,,,,,,,,,,,,,,,,,,,,,,,,,,,,,,,,,,,,,,,,,,,,,,,,,,,,,,,,,,,
2026-01-10 20:00:00+00:00,e1108,Level 11,50.0,Maintenance Soon,50.0,50.0,50.0,50.0,50.0,,,5.955387931033329,5.769999999999224,0.1853879310341044,,,,,,,,,,,,,,,,,,,,,,,,,,,,,,,,,,,,,,,,,,,,,,,,,,,,,,,,,,,,,,,,,,,,,
2026-01-10 21:00:00+00:00,e1108,Level 11,50.0,Maintenance Soon,50.0,50.0,50.0,50.0,50.0,,,6.0820833333345945,5.83138672599307,0.2506966073415242,,,,,,,,,,,,,,,,,,,,,,,,,,,,,,,,,,,,,,,,,,,,,,,,,,,,,,,,,,,,,,,,,,,,,
2026-01-10 22:00:00+00:00,e1108,Level 11,50.0,Maintenance Soon,50.0,50.0,50.0,50.0,50.0,,,5.825376344084361,5.7289964157716895,0.0963799283126718,,,,,,,,,,,,,,,,,,,,,,,,,,,,,,,,,,,,,,,,,,,,,,,,,,,,,,,,,,,,,,,,,,,,,
2026-01-10 23:00:00+00:00,e1108,Level 11,50.0,Maintenance Soon,50.0,50.0,50.0,50.0,50.0,,,6.083870967744588,5.716321839077864,0.3675491286667238,,,,,,,,,,,,,,,,,,,,,,,,,,,,,,,,,,,,,,,,,,,,,,,,,,,,,,,,,,,,,,,,,,,,,
2026-01-11 00:00:00+00:00,e1108,Level 11,50.0,Maintenance Soon,50.0,50.0,50.0,50.0,50.0,,,5.92408602150681,5.1462422634831455,0.7778437580236641,,,,,,,,,,,,,,,,,,,,,,,,,,,,,,,,,,,,,,,,,,,,,,,,,,,,,,,,,,,,,,,,,,,,,
2026-01-11 01:00:00+00:00,e1108,Level 11,50.0,Maintenance Soon,50.0,50.0,50.0,50.0,50.0,,,5.853333333332557,5.841666666667152,0.0116666666654055,,,,,,,,,,,,,,,,,,,,,,,,,,,,,,,,,,,,,,,,,,,,,,,,,,,,,,,,,,,,,,,,,,,,,
2026-01-11 02:00:00+00:00,e1108,Level 11,50.0,Maintenance Soon,50.0,50.0,50.0,50.0,50.0,,,5.836666666666133,5.656428571428478,0.1802380952376552,,,,,,,,,,,,,,,,,,,,,,,,,,,,,,,,,,,,,,,,,,,,,,,,,,,,,,,,,,,,,,,,,,,,,
2026-01-11 03:00:00+00:00,e1108,Level 11,50.0,Maintenance Soon,50.0,50.0,50.0,50.0,50.0,,,5.766781609192549,5.674642857142317,0.0921387520502321,,,,,,,,,,,,,,,,,,,,,,,,,,,,,,,,,,,,,,,,,,,,,,,,,,,,,,,,,,,,,,,,,,,,,
2026-01-11 04:00:00+00:00,e1108,Level 11,50.0,Maintenance Soon,50.0,50.0,50.0,50.0,50.0,,,5.575862068970309,5.639043513960132,-0.0631814449898229,,,,,,,,,,,,,,,,,,,,,,,,,,,,,,,,,,,,,,,,,,,,,,,,,,,,,,,,,,,,,,,,,,,,,
2026-01-11 05:00:00+00:00,e1108,Level 11,50.0,Maintenance Soon,50.0,50.0,50.0,50.0,50.0,,,5.4984674329462,5.617477650062938,-0.1190102171167382,,,,,,,,,,,,,,,,,,,,,,,,,,,,,,,,,,,,,,,,,,,,,,,,,,,,,,,,,,,,,,,,,,,,,
2026-01-11 06:00:00+00:00,e1108,Level 11,50.0,Maintenance Soon,50.0,50.0,50.0,50.0,50.0,,,5.286507936507405,5.483888888888032,-0.1973809523806267,,,,,,,,,,,,,,,,,,,,,,,,,,,,,,,,,,,,,,,,,,,,,,,,,,,,,,,,,,,,,,,,,,,,,
2026-01-11 07:00:00+00:00,e1108,Level 11,50.0,Maintenance Soon,50.0,50.0,50.0,50.0,50.0,,,5.466748768474645,5.504470899471926,-0.037722130997281,,,,,,,,,,,,,,,,,,,,,,,,,,,,,,,,,,,,,,,,,,,,,,,,,,,,,,,,,,,,,,,,,,,,,
2026-01-11 08:00:00+00:00,e1108,Level 11,50.0,Maintenance Soon,50.0,50.0,50.0,50.0,50.0,,,5.6379310344818805,5.53953533026106,0.0983957042208203,,,,,,,,,,,,,,,,,,,,,,,,,,,,,,,,,,,,,,,,,,,,,,,,,,,,,,,,,,,,,,,,,,,,,
2026-01-11 09:00:00+00:00,e1108,Level 11,50.0,Maintenance Soon,50.0,50.0,50.0,50.0,50.0,,,5.620689655173919,5.6345122887869366,-0.0138226336130173,,,,,,,,,,,,,,,,,,,,,,,,,,,,,,,,,,,,,,,,,,,,,,,,,,,,,,,,,,,,,,,,,,,,,
2026-01-11 10:00:00+00:00,e1108,Level 11,50.0,Maintenance Soon,50.0,50.0,50.0,50.0,50.0,,,5.503448275860137,5.560574712642847,-0.0571264367827097,,,,,,,,,,,,,,,,,,,,,,,,,,,,,,,,,,,,,,,,,,,,,,,,,,,,,,,,,,,,,,,,,,,,,
2026-01-11 11:00:00+00:00,e1108,Level 11,50.0,Maintenance Soon,50.0,50.0,50.0,50.0,50.0,,,5.6413793103492935,5.700229885056615,-0.0588505747073213,,,,,,,,,,,,,,,,,,,,,,,,,,,,,,,,,,,,,,,,,,,,,,,,,,,,,,,,,,,,,,,,,,,,,
2026-01-11 12:00:00+00:00,e1108,Level 11,50.0,Maintenance Soon,50.0,50.0,50.0,50.0,50.0,,,5.718850574707176,5.703908045976277,0.0149425287308986,,,,,,,,,,,,,,,,,,,,,,,,,,,,,,,,,,,,,,,,,,,,,,,,,,,,,,,,,,,,,,,,,,,,,
2026-01-11 13:00:00+00:00,e1108,Level 11,50.0,Maintenance Soon,50.0,50.0,50.0,50.0,50.0,,,5.622528735631931,5.4711603721953,0.1513683634366316,,,,,,,,,,,,,,,,,,,,,,,,,,,,,,,,,,,,,,,,,,,,,,,,,,,,,,,,,,,,,,,,,,,,,
2026-01-11 14:00:00+00:00,e1108,Level 11,50.0,Maintenance Soon,50.0,50.0,50.0,50.0,50.0,,,5.682758620692766,5.84024356869304,-0.157484948000274,,,,,,,,,,,,,,,,,,,,,,,,,,,,,,,,,,,,,,,,,,,,,,,,,,,,,,,,,,,,,,,,,,,,,
2026-01-11 15:00:00+00:00,e1108,Level 11,50.0,Maintenance Soon,50.0,50.0,50.0,50.0,50.0,,,5.434236453202175,5.433114184663282,0.0011222685388929,,,,,,,,,,,,,,,,,,,,,,,,,,,,,,,,,,,,,,,,,,,,,,,,,,,,,,,,,,,,,,,,,,,,,
2026-01-11 16:00:00+00:00,e1108,Level 11,50.0,Maintenance Soon,50.0,50.0,50.0,50.0,50.0,,,5.500246305418841,5.51854700855074,-0.0183007031318993,,,,,,,,,,,,,,,,,,,,,,,,,,,,,,,,,,,,,,,,,,,,,,,,,,,,,,,,,,,,,,,,,,,,,
2026-01-11 17:00:00+00:00,e1108,Level 11,50.0,Maintenance Soon,50.0,50.0,50.0,50.0,50.0,,,5.542610837437678,5.595785440613327,-0.0531746031756483,,,,,,,,,,,,,,,,,,,,,,,,,,,,,,,,,,,,,,,,,,,,,,,,,,,,,,,,,,,,,,,,,,,,,
2026-01-11 18:00:00+00:00,e1108,Level 11,50.0,Maintenance Soon,50.0,50.0,50.0,50.0,50.0,,,5.375396825395001,5.612627257800341,-0.2372304324053402,,,,,,,,,,,,,,,,,,,,,,,,,,,,,,,,,,,,,,,,,,,,,,,,,,,,,,,,,,,,,,,,,,,,,
2026-01-11 19:00:00+00:00,e1108,Level 11,50.0,Maintenance Soon,50.0,50.0,50.0,50.0,50.0,,,5.578888888889196,5.726740558289748,-0.147851669400552,,,,,,,,,,,,,,,,,,,,,,,,,,,,,,,,,,,,,,,,,,,,,,,,,,,,,,,,,,,,,,,,,,,,,
2026-01-11 20:00:00+00:00,e1108,Level 11,50.0,Maintenance Soon,50.0,50.0,50.0,50.0,50.0,,,5.796206896553485,5.87769396551812,-0.081487068964634,,,,,,,,,,,,,,,,,,,,,,,,,,,,,,,,,,,,,,,,,,,,,,,,,,,,,,,,,,,,,,,,,,,,,
2026-01-11 21:00:00+00:00,e1108,Level 11,50.0,Maintenance Soon,50.0,50.0,50.0,50.0,50.0,,,5.537931034479698,5.912708333331466,-0.3747772988517681,,,,,,,,,,,,,,,,,,,,,,,,,,,,,,,,,,,,,,,,,,,,,,,,,,,,,,,,,,,,,,,,,,,,,
2026-01-11 22:00:00+00:00,e1108,Level 11,50.0,Maintenance Soon,50.0,50.0,50.0,50.0,50.0,,,5.815862068968272,5.7826881720448,0.033173896923472,,,,,,,,,,,,,,,,,,,,,,,,,,,,,,,,,,,,,,,,,,,,,,,,,,,,,,,,,,,,,,,,,,,,,
2026-01-11 23:00:00+00:00,e1108,Level 11,50.0,Maintenance Soon,50.0,50.0,50.0,50.0,50.0,,,5.843333333334158,5.956935483869529,-0.113602150535371,,,,,,,,,,,,,,,,,,,,,,,,,,,,,,,,,,,,,,,,,,,,,,,,,,,,,,,,,,,,,,,,,,,,,
2026-01-12 00:00:00+00:00,e1108,Level 11,50.0,Maintenance Soon,50.0,50.0,50.0,50.0,50.0,,,5.802873563217872,5.833709677421211,-0.030836114203339,,,,,,,,,,,,,,,,,,,,,,,,,,,,,,,,,,,,,,,,,,,,,,,,,,,,,,,,,,,,,,,,,,,,,
2026-01-12 01:00:00+00:00,e1108,Level 11,50.0,Maintenance Soon,50.0,50.0,50.0,50.0,50.0,,,5.541379310347111,5.7542528735630185,-0.2128735632159077,,,,,,,,,,,,,,,,,,,,,,,,,,,,,,,,,,,,,,,,,,,,,,,,,,,,,,,,,,,,,,,,,,,,,
2026-01-12 02:00:00+00:00,e1108,Level 11,50.0,Maintenance Soon,50.0,50.0,50.0,50.0,50.0,,,5.53669950738913,5.840747126436327,-0.3040476190471963,,,,,,,,,,,,,,,,,,,,,,,,,,,,,,,,,,,,,,,,,,,,,,,,,,,,,,,,,,,,,,,,,,,,,
2026-01-12 03:00:00+00:00,e1108,Level 11,50.0,Maintenance Soon,50.0,50.0,50.0,50.0,50.0,,,5.181868131865485,5.7750574712626985,-0.5931893393972132,,,,,,,,,,,,,,,,,,,,,,,,,,,,,,,,,,,,,,,,,,,,,,,,,,,,,,,,,,,,,,,,,,,,,
2026-01-12 04:00:00+00:00,e1108,Level 11,50.0,Maintenance Soon,50.0,50.0,50.0,50.0,50.0,,,5.161253561254853,5.644264367818323,-0.4830108065634704,,,,,,,,,,,,,,,,,,,,,,,,,,,,,,,,,,,,,,,,,,,,,,,,,,,,,,,,,,,,,,,,,,,,,
2026-01-12 05:00:00+00:00,e1108,Level 11,50.0,Maintenance Soon,50.0,50.0,50.0,50.0,50.0,,,5.335449735448492,5.297662287901403,0.0377874475470889,,,,,,,,,,,,,,,,,,,,,,,,,,,,,,,,,,,,,,,,,,,,,,,,,,,,,,,,,,,,,,,,,,,,,
2026-01-12 06:00:00+00:00,e1108,Level 11,50.0,Maintenance Soon,50.0,50.0,50.0,50.0,50.0,,,5.187912087909353,5.29146825396856,-0.1035561660592065,,,,,,,,,,,,,,,,,,,,,,,,,,,,,,,,,,,,,,,,,,,,,,,,,,,,,,,,,,,,,,,,,,,,,
2026-01-12 07:00:00+00:00,e1108,Level 11,50.0,Maintenance Soon,50.0,50.0,50.0,50.0,50.0,,,5.165527065528295,5.423214285716313,-0.2576872201880178,,,,,,,,,,,,,,,,,,,,,,,,,,,,,,,,,,,,,,,,,,,,,,,,,,,,,,,,,,,,,,,,,,,,,
2026-01-12 08:00:00+00:00,e1108,Level 11,50.0,Maintenance Soon,50.0,50.0,50.0,50.0,50.0,,,5.142165242163173,5.457697044334054,-0.3155318021708808,,,,,,,,,,,,,,,,,,,,,,,,,,,,,,,,,,,,,,,,,,,,,,,,,,,,,,,,,,,,,,,,,,,,,
2026-01-12 09:00:00+00:00,e1108,Level 11,50.0,Maintenance Soon,50.0,50.0,50.0,50.0,50.0,,,5.068945868952142,5.548797208539327,-0.479851339587185,,,,,,,,,,,,,,,,,,,,,,,,,,,,,,,,,,,,,,,,,,,,,,,,,,,,,,,,,,,,,,,,,,,,,
2026-01-12 10:00:00+00:00,e1108,Level 11,50.0,Maintenance Soon,50.0,50.0,50.0,50.0,50.0,,,5.2592592592591245,5.51074712643458,-0.2514878671754559,,,,,,,,,,,,,,,,,,,,,,,,,,,,,,,,,,,,,,,,,,,,,,,,,,,,,,,,,,,,,,,,,,,,,
2026-01-12 11:00:00+00:00,e1108,Level 11,50.0,Maintenance Soon,50.0,50.0,50.0,50.0,50.0,,,5.225925925922638,5.646774193552119,-0.4208482676294807,,,,,,,,,,,,,,,,,,,,,,,,,,,,,,,,,,,,,,,,,,,,,,,,,,,,,,,,,,,,,,,,,,,,,
2026-01-12 12:00:00+00:00,e1108,Level 11,50.0,Maintenance Soon,50.0,50.0,50.0,50.0,50.0,,,5.296693121694261,5.694317760471677,-0.3976246387774154,,,,,,,,,,,,,,,,,,,,,,,,,,,,,,,,,,,,,,,,,,,,,,,,,,,,,,,,,,,,,,,,,,,,,
2026-01-12 13:00:00+00:00,e1108,Level 11,50.0,Maintenance Soon,50.0,50.0,50.0,50.0,50.0,,,5.567380952379608,5.660242862439191,-0.0928619100595824,,,,,,,,,,,,,,,,,,,,,,,,,,,,,,,,,,,,,,,,,,,,,,,,,,,,,,,,,,,,,,,,,,,,,
2026-01-12 14:00:00+00:00,e1108,Level 11,50.0,Maintenance Soon,50.0,50.0,50.0,50.0,50.0,,,5.886666666669044,5.799796649056589,0.0868700176124548,,,,,,,,,,,,,,,,,,,,,,,,,,,,,,,,,,,,,,,,,,,,,,,,,,,,,,,,,,,,,,,,,,,,,
2026-01-12 15:00:00+00:00,e1108,Level 11,50.0,Maintenance Soon,50.0,50.0,50.0,50.0,50.0,,,5.829080459770921,5.782601181144855,0.0464792786260659,,,,,,,,,,,,,,,,,,,,,,,,,,,,,,,,,,,,,,,,,,,,,,,,,,,,,,,,,,,,,,,,,,,,,
2026-01-12 16:00:00+00:00,e1108,Level 11,50.0,Maintenance Soon,50.0,50.0,50.0,50.0,50.0,,,5.565517241375346,5.761706730421793,-0.1961894890464464,,,,,,,,,,,,,,,,,,,,,,,,,,,,,,,,,,,,,,,,,,,,,,,,,,,,,,,,,,,,,,,,,,,,,
2026-01-12 17:00:00+00:00,e1108,Level 11,50.0,Maintenance Soon,50.0,50.0,50.0,50.0,50.0,,,5.65517241379348,5.618509719795839,0.0366626939976413,,,,,,,,,,,,,,,,,,,,,,,,,,,,,,,,,,,,,,,,,,,,,,,,,,,,,,,,,,,,,,,,,,,,,
2026-01-12 18:00:00+00:00,e1108,Level 11,50.0,Maintenance Soon,50.0,50.0,50.0,50.0,50.0,,,5.568965517242759,5.499365079363997,0.069600437878762,,,,,,,,,,,,,,,,,,,,,,,,,,,,,,,,,,,,,,,,,,,,,,,,,,,,,,,,,,,,,,,,,,,,,
2026-01-12 19:00:00+00:00,e1108,Level 11,50.0,Maintenance Soon,50.0,50.0,50.0,50.0,50.0,,,5.6965517241369525,5.611111111111313,0.0854406130256393,,,,,,,,,,,,,,,,,,,,,,,,,,,,,,,,,,,,,,,,,,,,,,,,,,,,,,,,,,,,,,,,,,,,,
2026-01-12 20:00:00+00:00,e1108,Level 11,50.0,Maintenance Soon,50.0,50.0,50.0,50.0,50.0,,,5.767185761960718,5.741436781610901,0.0257489803498174,,,,,,,,,,,,,,,,,,,,,,,,,,,,,,,,,,,,,,,,,,,,,,,,,,,,,,,,,,,,,,,,,,,,,
2026-01-12 21:00:00+00:00,e1108,Level 11,50.0,Maintenance Soon,50.0,50.0,50.0,50.0,50.0,,,5.815572858729865,5.503103448272668,0.3124694104571972,,,,,,,,,,,,,,,,,,,,,,,,,,,,,,,,,,,,,,,,,,,,,,,,,,,,,,,,,,,,,,,,,,,,,
2026-01-12 22:00:00+00:00,e1108,Level 11,50.0,Maintenance Soon,50.0,50.0,50.0,50.0,50.0,,,5.861846496107319,5.722502780869036,0.139343715238283,,,,,,,,,,,,,,,,,,,,,,,,,,,,,,,,,,,,,,,,,,,,,,,,,,,,,,,,,,,,,,,,,,,,,
2026-01-12 23:00:00+00:00,e1108,Level 11,50.0,Maintenance Soon,50.0,50.0,50.0,50.0,50.0,,,6.025806451609242,5.799623655915639,0.2261827956936031,,,,,,,,,,,,,,,,,,,,,,,,,,,,,,,,,,,,,,,,,,,,,,,,,,,,,,,,,,,,,,,,,,,,,
2026-01-13 00:00:00+00:00,e1108,Level 11,50.0,Maintenance Soon,50.0,50.0,50.0,50.0,50.0,,,5.904301075272088,5.731066411237407,0.1732346640346804,,,,,,,,,,,,,,,,,,,,,,,,,,,,,,,,,,,,,,,,,,,,,,,,,,,,,,,,,,,,,,,,,,,,,
2026-01-13 01:00:00+00:00,e1108,Level 11,50.0,Maintenance Soon,50.0,50.0,50.0,50.0,50.0,,,5.666666666664241,5.486060025543338,0.180606641120903,,,,,,,,,,,,,,,,,,,,,,,,,,,,,,,,,,,,,,,,,,,,,,,,,,,,,,,,,,,,,,,,,,,,,
2026-01-13 02:00:00+00:00,e1108,Level 11,50.0,Maintenance Soon,50.0,50.0,50.0,50.0,50.0,,,5.514285714285506,5.598349753696311,-0.0840640394108049,,,,,,,,,,,,,,,,,,,,,,,,,,,,,,,,,,,,,,,,,,,,,,,,,,,,,,,,,,,,,,,,,,,,,
2026-01-13 03:00:00+00:00,e1108,Level 11,50.0,Maintenance Soon,50.0,50.0,50.0,50.0,50.0,,,5.520197044337692,5.345819123403999,0.1743779209336935,,,,,,,,,,,,,,,,,,,,,,,,,,,,,,,,,,,,,,,,,,,,,,,,,,,,,,,,,,,,,,,,,,,,,
2026-01-13 04:00:00+00:00,e1108,Level 11,50.0,Maintenance Soon,50.0,50.0,50.0,50.0,50.0,,,5.428480204343941,5.246144022006774,0.1823361823371669,,,,,,,,,,,,,,,,,,,,,,,,,,,,,,,,,,,,,,,,,,,,,,,,,,,,,,,,,,,,,,,,,,,,,
2026-01-13 05:00:00+00:00,e1108,Level 11,50.0,Maintenance Soon,50.0,50.0,50.0,50.0,50.0,,,5.255555555551837,5.38732256887306,-0.1317670133212232,,,,,,,,,,,,,,,,,,,,,,,,,,,,,,,,,,,,,,,,,,,,,,,,,,,,,,,,,,,,,,,,,,,,,
2026-01-13 06:00:00+00:00,e1108,Level 11,50.0,Maintenance Soon,50.0,50.0,50.0,50.0,50.0,,,4.9314814814861165,5.353360805858756,-0.4218793243726395,,,,,,,,,,,,,,,,,,,,,,,,,,,,,,,,,,,,,,,,,,,,,,,,,,,,,,,,,,,,,,,,,,,,,
2026-01-13 07:00:00+00:00,e1108,Level 11,50.0,Maintenance Soon,50.0,50.0,50.0,50.0,50.0,,,5.131481481479568,5.191692104193862,-0.060210622714294,,,,,,,,,,,,,,,,,,,,,,,,,,,,,,,,,,,,,,,,,,,,,,,,,,,,,,,,,,,,,,,,,,,,,
2026-01-13 08:00:00+00:00,e1108,Level 11,50.0,Maintenance Soon,50.0,50.0,50.0,50.0,50.0,,,5.140740740738693,5.217511192509846,-0.0767704517711536,,,,,,,,,,,,,,,,,,,,,,,,,,,,,,,,,,,,,,,,,,,,,,,,,,,,,,,,,,,,,,,,,,,,,
2026-01-13 09:00:00+00:00,e1108,Level 11,50.0,Maintenance Soon,50.0,50.0,50.0,50.0,50.0,,,5.342063492062152,5.196665052702883,0.1453984393592691,,,,,,,,,,,,,,,,,,,,,,,,,,,,,,,,,,,,,,,,,,,,,,,,,,,,,,,,,,,,,,,,,,,,,
2026-01-13 10:00:00+00:00,e1108,Level 11,50.0,Maintenance Soon,50.0,50.0,50.0,50.0,50.0,,,5.442610837439133,5.217305236268658,0.2253056011704757,,,,,,,,,,,,,,,,,,,,,,,,,,,,,,,,,,,,,,,,,,,,,,,,,,,,,,,,,,,,,,,,,,,,,
2026-01-13 11:00:00+00:00,e1108,Level 11,50.0,Maintenance Soon,50.0,50.0,50.0,50.0,50.0,,,5.641379310345656,5.251666666665187,0.3897126436804683,,,,,,,,,,,,,,,,,,,,,,,,,,,,,,,,,,,,,,,,,,,,,,,,,,,,,,,,,,,,,,,,,,,,,
2026-01-13 12:00:00+00:00,e1108,Level 11,50.0,Maintenance Soon,50.0,50.0,50.0,50.0,50.0,,,5.631034482757968,5.473691388435327,0.1573430943226412,,,,,,,,,,,,,,,,,,,,,,,,,,,,,,,,,,,,,,,,,,,,,,,,,,,,,,,,,,,,,,,,,,,,,
2026-01-13 13:00:00+00:00,e1108,Level 11,50.0,Maintenance Soon,50.0,50.0,50.0,50.0,50.0,,,5.503448275863775,5.576678981935402,-0.0732307060716266,,,,,,,,,,,,,,,,,,,,,,,,,,,,,,,,,,,,,,,,,,,,,,,,,,,,,,,,,,,,,,,,,,,,,
2026-01-13 14:00:00+00:00,e1108,Level 11,50.0,Maintenance Soon,50.0,50.0,50.0,50.0,50.0,,,5.617241379310144,5.752068965519356,-0.1348275862092123,,,,,,,,,,,,,,,,,,,,,,,,,,,,,,,,,,,,,,,,,,,,,,,,,,,,,,,,,,,,,,,,,,,,,
2026-01-13 15:00:00+00:00,e1108,Level 11,50.0,Maintenance Soon,50.0,50.0,50.0,50.0,50.0,,,5.631034482761606,5.737471264366832,-0.1064367816052254,,,,,,,,,,,,,,,,,,,,,,,,,,,,,,,,,,,,,,,,,,,,,,,,,,,,,,,,,,,,,,,,,,,,,
2026-01-13 16:00:00+00:00,e1108,Level 11,50.0,Maintenance Soon,50.0,50.0,50.0,50.0,50.0,,,5.585632183905545,5.4908620689639065,0.0947701149416389,,,,,,,,,,,,,,,,,,,,,,,,,,,,,,,,,,,,,,,,,,,,,,,,,,,,,,,,,,,,,,,,,,,,,
2026-01-13 17:00:00+00:00,e1108,Level 11,50.0,Maintenance Soon,50.0,50.0,50.0,50.0,50.0,,,5.776436781608936,5.624482758621525,0.151954022987411,,,,,,,,,,,,,,,,,,,,,,,,,,,,,,,,,,,,,,,,,,,,,,,,,,,,,,,,,,,,,,,,,,,,,
2026-01-13 18:00:00+00:00,e1108,Level 11,50.0,Maintenance Soon,50.0,50.0,50.0,50.0,50.0,,,5.640229885058943,5.613448275862538,0.026781609196405,,,,,,,,,,,,,,,,,,,,,,,,,,,,,,,,,,,,,,,,,,,,,,,,,,,,,,,,,,,,,,,,,,,,,
2026-01-13 19:00:00+00:00,e1108,Level 11,50.0,Maintenance Soon,50.0,50.0,50.0,50.0,50.0,,,5.860000000000582,5.672643678160966,0.1873563218396157,,,,,,,,,,,,,,,,,,,,,,,,,,,,,,,,,,,,,,,,,,,,,,,,,,,,,,,,,,,,,,,,,,,,,
2026-01-13 20:00:00+00:00,e1108,Level 11,50.0,Maintenance Soon,50.0,50.0,50.0,50.0,50.0,,,5.9410416666651145,5.778969225066248,0.1620724415988661,,,,,,,,,,,,,,,,,,,,,,,,,,,,,,,,,,,,,,,,,,,,,,,,,,,,,,,,,,,,,,,,,,,,,
2026-01-13 21:00:00+00:00,e1108,Level 11,50.0,Maintenance Soon,50.0,50.0,50.0,50.0,50.0,,,5.835995370372984,5.767352614013362,0.0686427563596225,,,,,,,,,,,,,,,,,,,,,,,,,,,,,,,,,,,,,,,,,,,,,,,,,,,,,,,,,,,,,,,,,,,,,
2026-01-13 22:00:00+00:00,e1108,Level 11,50.0,Maintenance Soon,50.0,50.0,50.0,50.0,50.0,,,5.5296296296255605,5.7576473859862745,-0.2280177563607139,,,,,,,,,,,,,,,,,,,,,,,,,,,,,,,,,,,,,,,,,,,,,,,,,,,,,,,,,,,,,,,,,,,,,
2026-01-13 23:00:00+00:00,e1108,Level 11,50.0,Maintenance Soon,50.0,50.0,50.0,50.0,50.0,,,5.672413793101441,5.9550907258035295,-0.2826769327020884,,,,,,,,,,,,,,,,,,,,,,,,,,,,,,,,,,,,,,,,,,,,,,,,,,,,,,,,,,,,,,,,,,,,,
2026-01-14 00:00:00+00:00,e1108,Level 11,50.0,Maintenance Soon,50.0,50.0,50.0,50.0,50.0,,,5.452586206898559,5.8456773233519925,-0.3930911164534336,,,,,,,,,,,,,,,,,,,,,,,,,,,,,,,,,,,,,,,,,,,,,,,,,,,,,,,,,,,,,,,,,,,,,
2026-01-14 01:00:00+00:00,e1108,Level 11,50.0,Maintenance Soon,50.0,50.0,50.0,50.0,50.0,,,5.46785714285943,5.839285714284415,-0.3714285714249854,,,,,,,,,,,,,,,,,,,,,,,,,,,,,,,,,,,,,,,,,,,,,,,,,,,,,,,,,,,,,,,,,,,,,
2026-01-14 02:00:00+00:00,e1108,Level 11,50.0,Maintenance Soon,50.0,50.0,50.0,50.0,50.0,,,5.627832512313034,5.15197348415677,0.4758590281562647,,,,,,,,,,,,,,,,,,,,,,,,,,,,,,,,,,,,,,,,,,,,,,,,,,,,,,,,,,,,,,,,,,,,,
2026-01-14 03:00:00+00:00,e1108,Level 11,50.0,Maintenance Soon,50.0,50.0,50.0,50.0,50.0,,,5.320051085567684,5.107635848082282,0.212415237485402,,,,,,,,,,,,,,,,,,,,,,,,,,,,,,,,,,,,,,,,,,,,,,,,,,,,,,,,,,,,,,,,,,,,,
2026-01-14 04:00:00+00:00,e1108,Level 11,50.0,Maintenance Soon,50.0,50.0,50.0,50.0,50.0,,,5.38783068783232,5.806677467382542,-0.418846779550222,,,,,,,,,,,,,,,,,,,,,,,,,,,,,,,,,,,,,,,,,,,,,,,,,,,,,,,,,,,,,,,,,,,,,
2026-01-14 05:00:00+00:00,e1108,Level 11,50.0,Maintenance Soon,50.0,50.0,50.0,50.0,50.0,,,5.278835978835559,5.121367521365755,0.1574684574698039,,,,,,,,,,,,,,,,,,,,,,,,,,,,,,,,,,,,,,,,,,,,,,,,,,,,,,,,,,,,,,,,,,,,,
2026-01-14 06:00:00+00:00,e1108,Level 11,50.0,Maintenance Soon,50.0,50.0,50.0,50.0,50.0,,,5.068592592593632,4.925727321523785,0.142865271069847,,,,,,,,,,,,,,,,,,,,,,,,,,,,,,,,,,,,,,,,,,,,,,,,,,,,,,,,,,,,,,,,,,,,,
2026-01-14 07:00:00+00:00,e1108,Level 11,50.0,Maintenance Soon,50.0,50.0,50.0,50.0,50.0,,,5.275724137929501,5.432696475837777,-0.1569723379082761,,,,,,,,,,,,,,,,,,,,,,,,,,,,,,,,,,,,,,,,,,,,,,,,,,,,,,,,,,,,,,,,,,,,,
2026-01-14 08:00:00+00:00,e1108,Level 11,50.0,Maintenance Soon,50.0,50.0,50.0,50.0,50.0,,,5.419704433497827,5.290694368423526,0.1290100650743015,,,,,,,,,,,,,,,,,,,,,,,,,,,,,,,,,,,,,,,,,,,,,,,,,,,,,,,,,,,,,,,,,,,,,
2026-01-14 09:00:00+00:00,e1108,Level 11,50.0,Maintenance Soon,50.0,50.0,50.0,50.0,50.0,,,5.542364532018837,5.348544973544146,0.1938195584746909,,,,,,,,,,,,,,,,,,,,,,,,,,,,,,,,,,,,,,,,,,,,,,,,,,,,,,,,,,,,,,,,,,,,,
2026-01-14 10:00:00+00:00,e1108,Level 11,50.0,Maintenance Soon,50.0,50.0,50.0,50.0,50.0,,,5.461206896550721,5.4812365795126725,-0.0200296829619519,,,,,,,,,,,,,,,,,,,,,,,,,,,,,,,,,,,,,,,,,,,,,,,,,,,,,,,,,,,,,,,,,,,,,
2026-01-14 11:00:00+00:00,e1108,Level 11,50.0,Maintenance Soon,50.0,50.0,50.0,50.0,50.0,,,5.618333333335613,5.648771630669216,-0.0304382973336032,,,,,,,,,,,,,,,,,,,,,,,,,,,,,,,,,,,,,,,,,,,,,,,,,,,,,,,,,,,,,,,,,,,,,
2026-01-14 12:00:00+00:00,e1108,Level 11,50.0,Maintenance Soon,50.0,50.0,50.0,50.0,50.0,,,5.709999999999127,5.493144499179228,0.2168555008198991,,,,,,,,,,,,,,,,,,,,,,,,,,,,,,,,,,,,,,,,,,,,,,,,,,,,,,,,,,,,,,,,,,,,,
2026-01-14 13:00:00+00:00,e1108,Level 11,50.0,Maintenance Soon,50.0,50.0,50.0,50.0,50.0,,,5.935376344084943,5.459856777960037,0.4755195661249063,,,,,,,,,,,,,,,,,,,,,,,,,,,,,,,,,,,,,,,,,,,,,,,,,,,,,,,,,,,,,,,,,,,,,
2026-01-14 14:00:00+00:00,e1108,Level 11,50.0,Maintenance Soon,50.0,50.0,50.0,50.0,50.0,,,5.713014460514387,5.495044699871262,0.2179697606431245,,,,,,,,,,,,,,,,,,,,,,,,,,,,,,,,,,,,,,,,,,,,,,,,,,,,,,,,,,,,,,,,,,,,,
2026-01-14 15:00:00+00:00,e1108,Level 11,50.0,Maintenance Soon,50.0,50.0,50.0,50.0,50.0,,,5.641609195401543,6.260244785017373,-0.6186355896158302,,,,,,,,,,,,,,,,,,,,,,,,,,,,,,,,,,,,,,,,,,,,,,,,,,,,,,,,,,,,,,,,,,,,,
2026-01-14 16:00:00+00:00,e1108,Level 11,50.0,Maintenance Soon,50.0,50.0,50.0,50.0,50.0,,,5.7780952380962844,5.555939123029627,0.2221561150666575,,,,,,,,,,,,,,,,,,,,,,,,,,,,,,,,,,,,,,,,,,,,,,,,,,,,,,,,,,,,,,,,,,,,,
2026-01-14 17:00:00+00:00,e1108,Level 11,50.0,Maintenance Soon,50.0,50.0,50.0,50.0,50.0,,,5.549261083742749,5.515852824910932,0.0334082588318169,,,,,,,,,,,,,,,,,,,,,,,,,,,,,,,,,,,,,,,,,,,,,,,,,,,,,,,,,,,,,,,,,,,,,
2026-01-14 18:00:00+00:00,e1108,Level 11,50.0,Maintenance Soon,50.0,50.0,50.0,50.0,50.0,,,5.659310344828555,5.502292768958189,0.1570175758703653,,,,,,,,,,,,,,,,,,,,,,,,,,,,,,,,,,,,,,,,,,,,,,,,,,,,,,,,,,,,,,,,,,,,,
2026-01-14 19:00:00+00:00,e1108,Level 11,50.0,Maintenance Soon,50.0,50.0,50.0,50.0,50.0,,,5.833333333332121,5.661435755338364,0.1718975779937563,,,,,,,,,,,,,,,,,,,,,,,,,,,,,,,,,,,,,,,,,,,,,,,,,,,,,,,,,,,,,,,,,,,,,
2026-01-14 20:00:00+00:00,e1108,Level 11,50.0,Maintenance Soon,50.0,50.0,50.0,50.0,50.0,,,6.080416666667588,5.952927489175636,0.1274891774919524,,,,,,,,,,,,,,,,,,,,,,,,,,,,,,,,,,,,,,,,,,,,,,,,,,,,,,,,,,,,,,,,,,,,,
2026-01-14 21:00:00+00:00,e1108,Level 11,50.0,Maintenance Soon,50.0,50.0,50.0,50.0,50.0,,,6.093346774192469,5.812930094598414,0.2804166795940546,,,,,,,,,,,,,,,,,,,,,,,,,,,,,,,,,,,,,,,,,,,,,,,,,,,,,,,,,,,,,,,,,,,,,
2026-01-14 22:00:00+00:00,e1108,Level 11,50.0,Maintenance Soon,50.0,50.0,50.0,50.0,50.0,,,6.038709677417501,5.728360738610111,0.3103489388073894,,,,,,,,,,,,,,,,,,,,,,,,,,,,,,,,,,,,,,,,,,,,,,,,,,,,,,,,,,,,,,,,,,,,,
2026-01-14 23:00:00+00:00,e1108,Level 11,50.0,Maintenance Soon,50.0,50.0,50.0,50.0,50.0,,,6.055443548390031,5.81606229720516,0.2393812511848709,,,,,,,,,,,,,,,,,,,,,,,,,,,,,,,,,,,,,,,,,,,,,,,,,,,,,,,,,,,,,,,,,,,,,
2026-01-15 00:00:00+00:00,e1108,Level 11,50.0,Maintenance Soon,50.0,50.0,50.0,50.0,50.0,,,5.891163793105079,5.868006718070926,0.0231570750341534,,,,,,,,,,,,,,,,,,,,,,,,,,,,,,,,,,,,,,,,,,,,,,,,,,,,,,,,,,,,,,,,,,,,,
2026-01-15 01:00:00+00:00,e1108,Level 11,50.0,Maintenance Soon,50.0,50.0,50.0,50.0,50.0,,,5.794252873562073,5.616412064639007,0.1778408089230652,,,,,,,,,,,,,,,,,,,,,,,,,,,,,,,,,,,,,,,,,,,,,,,,,,,,,,,,,,,,,,,,,,,,,
2026-01-15 02:00:00+00:00,e1108,Level 11,50.0,Maintenance Soon,50.0,50.0,50.0,50.0,50.0,,,5.511111111110949,5.569091990693171,-0.0579808795822218,,,,,,,,,,,,,,,,,,,,,,,,,,,,,,,,,,,,,,,,,,,,,,,,,,,,,,,,,,,,,,,,,,,,,
2026-01-15 03:00:00+00:00,e1108,Level 11,50.0,Maintenance Soon,50.0,50.0,50.0,50.0,50.0,,,4.036507936507405,5.402318615824091,-1.365810679316685,,,,,,,,,,,,,,,,,,,,,,,,,,,,,,,,,,,,,,,,,,,,,,,,,,,,,,,,,,,,,,,,,,,,,
2026-01-15 04:00:00+00:00,e1108,Level 11,50.0,Maintenance Soon,50.0,50.0,50.0,50.0,50.0,,,3.937566137563408,5.532974213951093,-1.5954080763876846,,,,,,,,,,,,,,,,,,,,,,,,,,,,,,,,,,,,,,,,,,,,,,,,,,,,,,,,,,,,,,,,,,,,,
2026-01-15 05:00:00+00:00,e1108,Level 11,50.0,Maintenance Soon,50.0,50.0,50.0,50.0,50.0,,,5.441251596424991,5.404327373351407,0.0369242230735835,,,,,,,,,,,,,,,,,,,,,,,,,,,,,,,,,,,,,,,,,,,,,,,,,,,,,,,,,,,,,,,,,,,,,
2026-01-15 06:00:00+00:00,e1108,Level 11,50.0,Maintenance Soon,50.0,50.0,50.0,50.0,50.0,,,5.283819628650235,5.423789515295842,-0.1399698866456065,,,,,,,,,,,,,,,,,,,,,,,,,,,,,,,,,,,,,,,,,,,,,,,,,,,,,,,,,,,,,,,,,,,,,
2026-01-15 07:00:00+00:00,e1108,Level 11,50.0,Maintenance Soon,50.0,50.0,50.0,50.0,50.0,,,5.493076923074113,5.358125585353264,0.1349513377208495,,,,,,,,,,,,,,,,,,,,,,,,,,,,,,,,,,,,,,,,,,,,,,,,,,,,,,,,,,,,,,,,,,,,,
2026-01-15 08:00:00+00:00,e1108,Level 11,50.0,Maintenance Soon,50.0,50.0,50.0,50.0,50.0,,,5.580000000001746,5.270622079071472,0.3093779209302738,,,,,,,,,,,,,,,,,,,,,,,,,,,,,,,,,,,,,,,,,,,,,,,,,,,,,,,,,,,,,,,,,,,,,
2026-01-15 09:00:00+00:00,e1108,Level 11,50.0,Maintenance Soon,50.0,50.0,50.0,50.0,50.0,,,5.44999999999709,5.313529114562698,0.1364708854343916,,,,,,,,,,,,,,,,,,,,,,,,,,,,,,,,,,,,,,,,,,,,,,,,,,,,,,,,,,,,,,,,,,,,,
2026-01-15 10:00:00+00:00,e1108,Level 11,50.0,Maintenance Soon,50.0,50.0,50.0,50.0,50.0,,,3.717241379312327,5.317893141342211,-1.6006517620298837,,,,,,,,,,,,,,,,,,,,,,,,,,,,,,,,,,,,,,,,,,,,,,,,,,,,,,,,,,,,,,,,,,,,,
2026-01-15 11:00:00+00:00,e1108,Level 11,50.0,Maintenance Soon,50.0,50.0,50.0,50.0,50.0,,,0.9374756018187328,5.302186644773125,-4.364711042954393,,,,,,,,,,,,,,,,,,,,,,,,,,,,,,,,,,,,,,,,,,,,,,,,,,,,,,,,,,,,,,,,,,,,,
2026-01-15 12:00:00+00:00,e1108,Level 11,50.0,Maintenance Soon,50.0,50.0,50.0,50.0,50.0,,,2.4142485361117,5.462160797906108,-3.047912261794409,,,,,,,,,,,,,,,,,,,,,,,,,,,,,,,,,,,,,,,,,,,,,,,,,,,,,,,,,,,,,,,,,,,,,
2026-01-15 13:00:00+00:00,e1108,Level 11,50.0,Maintenance Soon,50.0,50.0,50.0,50.0,50.0,,,3.087701149423083,5.400046995192194,-2.312345845769112,,,,,,,,,,,,,,,,,,,,,,,,,,,,,,,,,,,,,,,,,,,,,,,,,,,,,,,,,,,,,,,,,,,,,
2026-01-15 14:00:00+00:00,e1108,Level 11,50.0,Maintenance Soon,50.0,50.0,50.0,50.0,50.0,,,3.106666666670208,5.384585067086543,-2.277918400416336,,,,,,,,,,,,,,,,,,,,,,,,,,,,,,,,,,,,,,,,,,,,,,,,,,,,,,,,,,,,,,,,,,,,,
2026-01-15 15:00:00+00:00,e1108,Level 11,50.0,Maintenance Soon,50.0,50.0,50.0,50.0,50.0,,,3.126666666663368,5.407226970558743,-2.280560303895375,,,,,,,,,,,,,,,,,,,,,,,,,,,,,,,,,,,,,,,,,,,,,,,,,,,,,,,,,,,,,,,,,,,,,
2026-01-15 16:00:00+00:00,e1108,Level 11,50.0,Maintenance Soon,50.0,50.0,50.0,50.0,50.0,,,3.082413793108572,5.465966906656831,-2.38355311354826,,,,,,,,,,,,,,,,,,,,,,,,,,,,,,,,,,,,,,,,,,,,,,,,,,,,,,,,,,,,,,,,,,,,,
2026-01-15 17:00:00+00:00,e1108,Level 11,50.0,Maintenance Soon,50.0,50.0,50.0,50.0,50.0,,,3.080919540225296,5.4367866616145575,-2.355867121389262,,,,,,,,,,,,,,,,,,,,,,,,,,,,,,,,,,,,,,,,,,,,,,,,,,,,,,,,,,,,,,,,,,,,,
2026-01-15 18:00:00+00:00,e1108,Level 11,50.0,Maintenance Soon,50.0,50.0,50.0,50.0,50.0,,,3.173333333335904,5.397974401078197,-2.2246410677422928,,,,,,,,,,,,,,,,,,,,,,,,,,,,,,,,,,,,,,,,,,,,,,,,,,,,,,,,,,,,,,,,,,,,,
2026-01-15 19:00:00+00:00,e1108,Level 11,50.0,Maintenance Soon,50.0,50.0,50.0,50.0,50.0,,,3.212043010753405,5.386319523386192,-2.1742765126327868,,,,,,,,,,,,,,,,,,,,,,,,,,,,,,,,,,,,,,,,,,,,,,,,,,,,,,,,,,,,,,,,,,,,,
2026-01-15 20:00:00+00:00,e1108,Level 11,50.0,Maintenance Soon,50.0,50.0,50.0,50.0,50.0,,,3.311290322581044,5.601189792009488,-2.289899469428444,,,,,,,,,,,,,,,,,,,,,,,,,,,,,,,,,,,,,,,,,,,,,,,,,,,,,,,,,,,,,,,,,,,,,
2026-01-15 21:00:00+00:00,e1108,Level 11,50.0,Maintenance Soon,50.0,50.0,50.0,50.0,50.0,,,3.459090909087536,5.494870684751125,-2.035779775663589,,,,,,,,,,,,,,,,,,,,,,,,,,,,,,,,,,,,,,,,,,,,,,,,,,,,,,,,,,,,,,,,,,,,,
2026-01-15 22:00:00+00:00,e1108,Level 11,50.0,Maintenance Soon,50.0,50.0,50.0,50.0,50.0,,,3.4002840909124643,5.49668781499228,-2.096403724079816,,,,,,,,,,,,,,,,,,,,,,,,,,,,,,,,,,,,,,,,,,,,,,,,,,,,,,,,,,,,,,,,,,,,,
2026-01-15 23:00:00+00:00,e1108,Level 11,50.0,Maintenance Soon,50.0,50.0,50.0,50.0,50.0,,,3.4694128787887166,5.70723314706144,-2.237820268272724,,,,,,,,,,,,,,,,,,,,,,,,,,,,,,,,,,,,,,,,,,,,,,,,,,,,,,,,,,,,,,,,,,,,,
2026-01-16 00:00:00+00:00,e1108,Level 11,50.0,Maintenance Soon,50.0,50.0,50.0,50.0,50.0,,,3.356695992177265,5.519239202190268,-2.162543210013003,,,,,,,,,,,,,,,,,,,,,,,,,,,,,,,,,,,,,,,,,,,,,,,,,,,,,,,,,,,,,,,,,,,,,
2026-01-16 01:00:00+00:00,e1108,Level 11,50.0,Maintenance Soon,50.0,50.0,50.0,50.0,50.0,,,3.217849462365848,5.501921782882467,-2.2840723205166187,,,,,,,,,,,,,,,,,,,,,,,,,,,,,,,,,,,,,,,,,,,,,,,,,,,,,,,,,,,,,,,,,,,,,
2026-01-16 02:00:00+00:00,e1108,Level 11,50.0,Maintenance Soon,50.0,50.0,50.0,50.0,50.0,,,3.0022222222214623,5.433486082984018,-2.431263860762556,,,,,,,,,,,,,,,,,,,,,,,,,,,,,,,,,,,,,,,,,,,,,,,,,,,,,,,,,,,,,,,,,,,,,
2026-01-16 03:00:00+00:00,e1108,Level 11,50.0,Maintenance Soon,50.0,50.0,50.0,50.0,50.0,,,2.944444444445253,4.905878739507898,-1.961434295062645,,,,,,,,,,,,,,,,,,,,,,,,,,,,,,,,,,,,,,,,,,,,,,,,,,,,,,,,,,,,,,,,,,,,,
2026-01-16 04:00:00+00:00,e1108,Level 11,50.0,Maintenance Soon,50.0,50.0,50.0,50.0,50.0,,,3.1066666666665697,4.855459243922572,-1.748792577256002,,,,,,,,,,,,,,,,,,,,,,,,,,,,,,,,,,,,,,,,,,,,,,,,,,,,,,,,,,,,,,,,,,,,,
2026-01-16 05:00:00+00:00,e1108,Level 11,50.0,Maintenance Soon,50.0,50.0,50.0,50.0,50.0,,,3.257849462366721,5.433283646536438,-2.175434184169717,,,,,,,,,,,,,,,,,,,,,,,,,,,,,,,,,,,,,,,,,,,,,,,,,,,,,,,,,,,,,,,,,,,,,
2026-01-16 06:00:00+00:00,e1108,Level 11,50.0,Maintenance Soon,50.0,50.0,50.0,50.0,50.0,,,2.9910394265207287,5.341300366300857,-2.350260939780128,,,,,,,,,,,,,,,,,,,,,,,,,,,,,,,,,,,,,,,,,,,,,,,,,,,,,,,,,,,,,,,,,,,,,
2026-01-16 07:00:00+00:00,e1108,Level 11,50.0,Maintenance Soon,50.0,50.0,50.0,50.0,50.0,,,2.9744444444477267,5.237742083372723,-2.263297638924996,,,,,,,,,,,,,,,,,,,,,,,,,,,,,,,,,,,,,,,,,,,,,,,,,,,,,,,,,,,,,,,,,,,,,
2026-01-16 08:00:00+00:00,e1108,Level 11,50.0,Maintenance Soon,50.0,50.0,50.0,50.0,50.0,,,3.1766666666626406,5.356296296296932,-2.179629629634292,,,,,,,,,,,,,,,,,,,,,,,,,,,,,,,,,,,,,,,,,,,,,,,,,,,,,,,,,,,,,,,,,,,,,
2026-01-16 09:00:00+00:00,e1108,Level 11,50.0,Maintenance Soon,50.0,50.0,50.0,50.0,50.0,,,3.031264367818949,6.0124393358867865,-2.9811749680678377,,,,,,,,,,,,,,,,,,,,,,,,,,,,,,,,,,,,,,,,,,,,,,,,,,,,,,,,,,,,,,,,,,,,,
2026-01-16 10:00:00+00:00,e1108,Level 11,50.0,Maintenance Soon,50.0,50.0,50.0,50.0,50.0,,,3.0931034482782707,4.836734780759191,-1.7436313324809207,,,,,,,,,,,,,,,,,,,,,,,,,,,,,,,,,,,,,,,,,,,,,,,,,,,,,,,,,,,,,,,,,,,,,
2026-01-16 11:00:00+00:00,e1108,Level 11,50.0,Maintenance Soon,50.0,50.0,50.0,50.0,50.0,,,3.075632183903508,4.019163323211008,-0.9435311393075,,,,,,,,,,,,,,,,,,,,,,,,,,,,,,,,,,,,,,,,,,,,,,,,,,,,,,,,,,,,,,,,,,,,,
2026-01-16 12:00:00+00:00,e1108,Level 11,50.0,Maintenance Soon,50.0,50.0,50.0,50.0,50.0,,,3.125591397852986,4.660111786256796,-1.53452038840381,,,,,,,,,,,,,,,,,,,,,,,,,,,,,,,,,,,,,,,,,,,,,,,,,,,,,,,,,,,,,,,,,,,,,
2026-01-16 13:00:00+00:00,e1108,Level 11,50.0,Maintenance Soon,50.0,50.0,50.0,50.0,50.0,,,3.2161290322546847,4.835762312082807,-1.619633279828122,,,,,,,,,,,,,,,,,,,,,,,,,,,,,,,,,,,,,,,,,,,,,,,,,,,,,,,,,,,,,,,,,,,,,
2026-01-16 14:00:00+00:00,e1108,Level 11,50.0,Maintenance Soon,50.0,50.0,50.0,50.0,50.0,,,3.2766129032279423,4.809512386878244,-1.5328994836503016,,,,,,,,,,,,,,,,,,,,,,,,,,,,,,,,,,,,,,,,,,,,,,,,,,,,,,,,,,,,,,,,,,,,,
2026-01-16 15:00:00+00:00,e1108,Level 11,50.0,Maintenance Soon,50.0,50.0,50.0,50.0,50.0,,,3.255645161290886,4.868653682417062,-1.6130085211261758,,,,,,,,,,,,,,,,,,,,,,,,,,,,,,,,,,,,,,,,,,,,,,,,,,,,,,,,,,,,,,,,,,,,,
2026-01-16 16:00:00+00:00,e1108,Level 11,50.0,Maintenance Soon,50.0,50.0,50.0,50.0,50.0,,,3.2096774193523743,4.845131584041762,-1.6354541646893876,,,,,,,,,,,,,,,,,,,,,,,,,,,,,,,,,,,,,,,,,,,,,,,,,,,,,,,,,,,,,,,,,,,,,
2026-01-16 17:00:00+00:00,e1108,Level 11,50.0,Maintenance Soon,50.0,50.0,50.0,50.0,50.0,,,3.1963440860236005,4.942245360001834,-1.7459012739782338,,,,,,,,,,,,,,,,,,,,,,,,,,,,,,,,,,,,,,,,,,,,,,,,,,,,,,,,,,,,,,,,,,,,,
2026-01-16 18:00:00+00:00,e1108,Level 11,50.0,Maintenance Soon,50.0,50.0,50.0,50.0,50.0,,,3.149999999997817,4.89664862915015,-1.7466486291523324,,,,,,,,,,,,,,,,,,,,,,,,,,,,,,,,,,,,,,,,,,,,,,,,,,,,,,,,,,,,,,,,,,,,,
2026-01-16 19:00:00+00:00,e1108,Level 11,50.0,Maintenance Soon,50.0,50.0,50.0,50.0,50.0,,,3.093333333334158,5.042668893568286,-1.949335560234128,,,,,,,,,,,,,,,,,,,,,,,,,,,,,,,,,,,,,,,,,,,,,,,,,,,,,,,,,,,,,,,,,,,,,
2026-01-16 20:00:00+00:00,e1108,Level 11,50.0,Maintenance Soon,50.0,50.0,50.0,50.0,50.0,,,3.1829032258101506,5.065466027066577,-1.8825628012564264,,,,,,,,,,,,,,,,,,,,,,,,,,,,,,,,,,,,,,,,,,,,,,,,,,,,,,,,,,,,,,,,,,,,,
2026-01-16 21:00:00+00:00,e1108,Level 11,50.0,Maintenance Soon,50.0,50.0,50.0,50.0,50.0,,,3.280645161288703,5.098585858585769,-1.817940697297065,,,,,,,,,,,,,,,,,,,,,,,,,,,,,,,,,,,,,,,,,,,,,,,,,,,,,,,,,,,,,,,,,,,,,
2026-01-16 22:00:00+00:00,e1108,Level 11,50.0,Maintenance Soon,50.0,50.0,50.0,50.0,50.0,,,3.3129032258038933,4.938983585858902,-1.6260803600550089,,,,,,,,,,,,,,,,,,,,,,,,,,,,,,,,,,,,,,,,,,,,,,,,,,,,,,,,,,,,,,,,,,,,,
2026-01-16 23:00:00+00:00,e1108,Level 11,50.0,Maintenance Soon,50.0,50.0,50.0,50.0,50.0,,,3.2591733870976896,4.9727927986774985,-1.713619411579809,,,,,,,,,,,,,,,,,,,,,,,,,,,,,,,,,,,,,,,,,,,,,,,,,,,,,,,,,,,,,,,,,,,,,
2026-01-17 00:00:00+00:00,e1108,Level 11,50.0,Maintenance Soon,50.0,50.0,50.0,50.0,50.0,,,3.257708333330811,4.884799047199825,-1.6270907138690136,,,,,,,,,,,,,,,,,,,,,,,,,,,,,,,,,,,,,,,,,,,,,,,,,,,,,,,,,,,,,,,,,,,,,
2026-01-17 01:00:00+00:00,e1108,Level 11,50.0,Maintenance Soon,50.0,50.0,50.0,50.0,50.0,,,3.1533333333391056,4.878172043011243,-1.7248387096721371,,,,,,,,,,,,,,,,,,,,,,,,,,,,,,,,,,,,,,,,,,,,,,,,,,,,,,,,,,,,,,,,,,,,,
2026-01-17 02:00:00+00:00,e1108,Level 11,50.0,Maintenance Soon,50.0,50.0,50.0,50.0,50.0,,,3.0833333333321207,4.730582010580595,-1.6472486772484745,,,,,,,,,,,,,,,,,,,,,,,,,,,,,,,,,,,,,,,,,,,,,,,,,,,,,,,,,,,,,,,,,,,,,
2026-01-17 03:00:00+00:00,e1108,Level 11,50.0,Maintenance Soon,50.0,50.0,50.0,50.0,50.0,,,3.0614285714254947,4.692354497355457,-1.6309259259299624,,,,,,,,,,,,,,,,,,,,,,,,,,,,,,,,,,,,,,,,,,,,,,,,,,,,,,,,,,,,,,,,,,,,,
2026-01-17 04:00:00+00:00,e1108,Level 11,50.0,Maintenance Soon,50.0,50.0,50.0,50.0,50.0,,,3.058571428573486,4.693998357965029,-1.6354269293915422,,,,,,,,,,,,,,,,,,,,,,,,,,,,,,,,,,,,,,,,,,,,,,,,,,,,,,,,,,,,,,,,,,,,,
2026-01-17 05:00:00+00:00,e1108,Level 11,50.0,Maintenance Soon,50.0,50.0,50.0,50.0,50.0,,,3.016428571427241,4.816298905505391,-1.7998703340781503,,,,,,,,,,,,,,,,,,,,,,,,,,,,,,,,,,,,,,,,,,,,,,,,,,,,,,,,,,,,,,,,,,,,,
2026-01-17 06:00:00+00:00,e1108,Level 11,50.0,Maintenance Soon,50.0,50.0,50.0,50.0,50.0,,,2.917857142860157,4.611827956989146,-1.6939708141289884,,,,,,,,,,,,,,,,,,,,,,,,,,,,,,,,,,,,,,,,,,,,,,,,,,,,,,,,,,,,,,,,,,,,,
2026-01-17 07:00:00+00:00,e1108,Level 11,50.0,Maintenance Soon,50.0,50.0,50.0,50.0,50.0,,,2.992610837434768,4.6382716049386845,-1.6456607675039168,,,,,,,,,,,,,,,,,,,,,,,,,,,,,,,,,,,,,,,,,,,,,,,,,,,,,,,,,,,,,,,,,,,,,
2026-01-17 08:00:00+00:00,e1108,Level 11,50.0,Maintenance Soon,50.0,50.0,50.0,50.0,50.0,,,3.039770114944986,4.731507936505902,-1.691737821560916,,,,,,,,,,,,,,,,,,,,,,,,,,,,,,,,,,,,,,,,,,,,,,,,,,,,,,,,,,,,,,,,,,,,,
2026-01-17 09:00:00+00:00,e1108,Level 11,50.0,Maintenance Soon,50.0,50.0,50.0,50.0,50.0,,,3.149885057471693,4.694469074986652,-1.5445840175149597,,,,,,,,,,,,,,,,,,,,,,,,,,,,,,,,,,,,,,,,,,,,,,,,,,,,,,,,,,,,,,,,,,,,,
2026-01-17 10:00:00+00:00,e1108,Level 11,50.0,Maintenance Soon,50.0,50.0,50.0,50.0,50.0,,,3.006896551720274,4.7591954022997625,-1.7522988505794883,,,,,,,,,,,,,,,,,,,,,,,,,,,,,,,,,,,,,,,,,,,,,,,,,,,,,,,,,,,,,,,,,,,,,
2026-01-17 11:00:00+00:00,e1108,Level 11,50.0,Maintenance Soon,50.0,50.0,50.0,50.0,50.0,,,2.9644088669956545,4.837586206895746,-1.8731773399000915,,,,,,,,,,,,,,,,,,,,,,,,,,,,,,,,,,,,,,,,,,,,,,,,,,,,,,,,,,,,,,,,,,,,,
2026-01-17 12:00:00+00:00,e1108,Level 11,50.0,Maintenance Soon,50.0,50.0,50.0,50.0,50.0,,,2.9355911330058007,4.865580274380288,-1.9299891413744872,,,,,,,,,,,,,,,,,,,,,,,,,,,,,,,,,,,,,,,,,,,,,,,,,,,,,,,,,,,,,,,,,,,,,
2026-01-17 13:00:00+00:00,e1108,Level 11,50.0,Maintenance Soon,50.0,50.0,50.0,50.0,50.0,,,3.0698850574699463,4.776520295917483,-1.7066352384475367,,,,,,,,,,,,,,,,,,,,,,,,,,,,,,,,,,,,,,,,,,,,,,,,,,,,,,,,,,,,,,,,,,,,,
2026-01-17 14:00:00+00:00,e1108,Level 11,50.0,Maintenance Soon,50.0,50.0,50.0,50.0,50.0,,,2.9488888888918154,4.865061443933276,-1.9161725550414603,,,,,,,,,,,,,,,,,,,,,,,,,,,,,,,,,,,,,,,,,,,,,,,,,,,,,,,,,,,,,,,,,,,,,
2026-01-17 15:00:00+00:00,e1108,Level 11,50.0,Maintenance Soon,50.0,50.0,50.0,50.0,50.0,,,2.944444444441615,4.760892709440668,-1.8164482649990528,,,,,,,,,,,,,,,,,,,,,,,,,,,,,,,,,,,,,,,,,,,,,,,,,,,,,,,,,,,,,,,,,,,,,
2026-01-17 16:00:00+00:00,e1108,Level 11,50.0,Maintenance Soon,50.0,50.0,50.0,50.0,50.0,,,3.0733333333337214,4.752257145482872,-1.6789238121491508,,,,,,,,,,,,,,,,,,,,,,,,,,,,,,,,,,,,,,,,,,,,,,,,,,,,,,,,,,,,,,,,,,,,,
2026-01-17 17:00:00+00:00,e1108,Level 11,50.0,Maintenance Soon,50.0,50.0,50.0,50.0,50.0,,,3.1117241379324696,4.791527211305947,-1.6798030733734777,,,,,,,,,,,,,,,,,,,,,,,,,,,,,,,,,,,,,,,,,,,,,,,,,,,,,,,,,,,,,,,,,,,,,
2026-01-17 18:00:00+00:00,e1108,Level 11,50.0,Maintenance Soon,50.0,50.0,50.0,50.0,50.0,,,2.989655172412313,4.819529282976873,-1.8298741105645604,,,,,,,,,,,,,,,,,,,,,,,,,,,,,,,,,,,,,,,,,,,,,,,,,,,,,,,,,,,,,,,,,,,,,
2026-01-17 19:00:00+00:00,e1108,Level 11,50.0,Maintenance Soon,50.0,50.0,50.0,50.0,50.0,,,3.065517241378984,4.834493705527469,-1.7689764641484844,,,,,,,,,,,,,,,,,,,,,,,,,,,,,,,,,,,,,,,,,,,,,,,,,,,,,,,,,,,,,,,,,,,,,
2026-01-17 20:00:00+00:00,e1108,Level 11,50.0,Maintenance Soon,50.0,50.0,50.0,50.0,50.0,,,3.1189098998911504,4.977208163392788,-1.8582982635016376,,,,,,,,,,,,,,,,,,,,,,,,,,,,,,,,,,,,,,,,,,,,,,,,,,,,,,,,,,,,,,,,,,,,,
2026-01-17 21:00:00+00:00,e1108,Level 11,50.0,Maintenance Soon,50.0,50.0,50.0,50.0,50.0,,,3.159907834102341,5.064242831541681,-1.9043349974393395,,,,,,,,,,,,,,,,,,,,,,,,,,,,,,,,,,,,,,,,,,,,,,,,,,,,,,,,,,,,,,,,,,,,,
2026-01-17 22:00:00+00:00,e1108,Level 11,50.0,Maintenance Soon,50.0,50.0,50.0,50.0,50.0,,,3.0076190476174816,4.969426523296231,-1.9618074756787487,,,,,,,,,,,,,,,,,,,,,,,,,,,,,,,,,,,,,,,,,,,,,,,,,,,,,,,,,,,,,,,,,,,,,
2026-01-17 23:00:00+00:00,e1108,Level 11,50.0,Maintenance Soon,50.0,50.0,50.0,50.0,50.0,,,3.0177777777753363,5.044348118279838,-2.026570340504501,,,,,,,,,,,,,,,,,,,,,,,,,,,,,,,,,,,,,,,,,,,,,,,,,,,,,,,,,,,,,,,,,,,,,
2026-01-18 00:00:00+00:00,e1108,Level 11,50.0,Maintenance Soon,50.0,50.0,50.0,50.0,50.0,,,2.899233716478193,4.972820340501737,-2.073586624023544,,,,,,,,,,,,,,,,,,,,,,,,,,,,,,,,,,,,,,,,,,,,,,,,,,,,,,,,,,,,,,,,,,,,,
2026-01-18 01:00:00+00:00,e1108,Level 11,50.0,Maintenance Soon,50.0,50.0,50.0,50.0,50.0,,,3.025369458129717,4.947777777779265,-1.9224083196495485,,,,,,,,,,,,,,,,,,,,,,,,,,,,,,,,,,,,,,,,,,,,,,,,,,,,,,,,,,,,,,,,,,,,,
2026-01-18 02:00:00+00:00,e1108,Level 11,50.0,Maintenance Soon,50.0,50.0,50.0,50.0,50.0,,,2.964285714282596,4.895555555554893,-1.9312698412722968,,,,,,,,,,,,,,,,,,,,,,,,,,,,,,,,,,,,,,,,,,,,,,,,,,,,,,,,,,,,,,,,,,,,,
2026-01-18 03:00:00+00:00,e1108,Level 11,50.0,Maintenance Soon,50.0,50.0,50.0,50.0,50.0,,,2.922222222223354,4.862736726872147,-1.9405145046487933,,,,,,,,,,,,,,,,,,,,,,,,,,,,,,,,,,,,,,,,,,,,,,,,,,,,,,,,,,,,,,,,,,,,,
2026-01-18 04:00:00+00:00,e1108,Level 11,50.0,Maintenance Soon,50.0,50.0,50.0,50.0,50.0,,,2.96053639847014,4.795922276960482,-1.8353858784903423,,,,,,,,,,,,,,,,,,,,,,,,,,,,,,,,,,,,,,,,,,,,,,,,,,,,,,,,,,,,,,,,,,,,,
2026-01-18 05:00:00+00:00,e1108,Level 11,50.0,Maintenance Soon,50.0,50.0,50.0,50.0,50.0,,,2.977955665021,4.757187557012609,-1.7792318919916097,,,,,,,,,,,,,,,,,,,,,,,,,,,,,,,,,,,,,,,,,,,,,,,,,,,,,,,,,,,,,,,,,,,,,
2026-01-18 06:00:00+00:00,e1108,Level 11,50.0,Maintenance Soon,50.0,50.0,50.0,50.0,50.0,,,2.9841133004920266,4.642566137566367,-1.65845283707434,,,,,,,,,,,,,,,,,,,,,,,,,,,,,,,,,,,,,,,,,,,,,,,,,,,,,,,,,,,,,,,,,,,,,
2026-01-18 07:00:00+00:00,e1108,Level 11,50.0,Maintenance Soon,50.0,50.0,50.0,50.0,50.0,,,3.0413793103471107,4.710421455939165,-1.669042145592054,,,,,,,,,,,,,,,,,,,,,,,,,,,,,,,,,,,,,,,,,,,,,,,,,,,,,,,,,,,,,,,,,,,,,
2026-01-18 08:00:00+00:00,e1108,Level 11,50.0,Maintenance Soon,50.0,50.0,50.0,50.0,50.0,,,2.9923645320195646,4.801860444586055,-1.80949591256649,,,,,,,,,,,,,,,,,,,,,,,,,,,,,,,,,,,,,,,,,,,,,,,,,,,,,,,,,,,,,,,,,,,,,
2026-01-18 09:00:00+00:00,e1108,Level 11,50.0,Maintenance Soon,50.0,50.0,50.0,50.0,50.0,,,2.935714285711583,4.885818811025577,-1.9501045253139937,,,,,,,,,,,,,,,,,,,,,,,,,,,,,,,,,,,,,,,,,,,,,,,,,,,,,,,,,,,,,,,,,,,,,
2026-01-18 10:00:00+00:00,e1108,Level 11,50.0,Maintenance Soon,50.0,50.0,50.0,50.0,50.0,,,3.035714285717404,4.732337164748363,-1.6966228790309588,,,,,,,,,,,,,,,,,,,,,,,,,,,,,,,,,,,,,,,,,,,,,,,,,,,,,,,,,,,,,,,,,,,,,
2026-01-18 11:00:00+00:00,e1108,Level 11,50.0,Maintenance Soon,50.0,50.0,50.0,50.0,50.0,,,3.103333333332557,4.7974849480039365,-1.694151614671379,,,,,,,,,,,,,,,,,,,,,,,,,,,,,,,,,,,,,,,,,,,,,,,,,,,,,,,,,,,,,,,,,,,,,
2026-01-18 12:00:00+00:00,e1108,Level 11,50.0,Maintenance Soon,50.0,50.0,50.0,50.0,50.0,,,3.139999999999418,4.809258347014596,-1.6692583470151776,,,,,,,,,,,,,,,,,,,,,,,,,,,,,,,,,,,,,,,,,,,,,,,,,,,,,,,,,,,,,,,,,,,,,
2026-01-18 13:00:00+00:00,e1108,Level 11,50.0,Maintenance Soon,50.0,50.0,50.0,50.0,50.0,,,3.1133333333309565,4.724878671775514,-1.6115453384445573,,,,,,,,,,,,,,,,,,,,,,,,,,,,,,,,,,,,,,,,,,,,,,,,,,,,,,,,,,,,,,,,,,,,,
2026-01-18 14:00:00+00:00,e1108,Level 11,50.0,Maintenance Soon,50.0,50.0,50.0,50.0,50.0,,,3.15666666666948,4.944521072799641,-1.787854406130161,,,,,,,,,,,,,,,,,,,,,,,,,,,,,,,,,,,,,,,,,,,,,,,,,,,,,,,,,,,,,,,,,,,,,
2026-01-18 15:00:00+00:00,e1108,Level 11,50.0,Maintenance Soon,50.0,50.0,50.0,50.0,50.0,,,3.076666666664096,4.692625433313272,-1.615958766649176,,,,,,,,,,,,,,,,,,,,,,,,,,,,,,,,,,,,,,,,,,,,,,,,,,,,,,,,,,,,,,,,,,,,,
2026-01-18 16:00:00+00:00,e1108,Level 11,50.0,Maintenance Soon,50.0,50.0,50.0,50.0,50.0,,,3.1890322580693464,4.781193212918879,-1.5921609548495326,,,,,,,,,,,,,,,,,,,,,,,,,,,,,,,,,,,,,,,,,,,,,,,,,,,,,,,,,,,,,,,,,,,,,
2026-01-18 17:00:00+00:00,e1108,Level 11,50.0,Maintenance Soon,50.0,50.0,50.0,50.0,50.0,,,3.0843010752651026,4.829222769567423,-1.7449216943023202,,,,,,,,,,,,,,,,,,,,,,,,,,,,,,,,,,,,,,,,,,,,,,,,,,,,,,,,,,,,,,,,,,,,,
2026-01-18 18:00:00+00:00,e1108,Level 11,50.0,Maintenance Soon,50.0,50.0,50.0,50.0,50.0,,,3.153333333335468,4.706128443713776,-1.552795110378308,,,,,,,,,,,,,,,,,,,,,,,,,,,,,,,,,,,,,,,,,,,,,,,,,,,,,,,,,,,,,,,,,,,,,
2026-01-18 19:00:00+00:00,e1108,Level 11,50.0,Maintenance Soon,50.0,50.0,50.0,50.0,50.0,,,3.074712643676321,4.835913154533046,-1.7612005108567246,,,,,,,,,,,,,,,,,,,,,,,,,,,,,,,,,,,,,,,,,,,,,,,,,,,,,,,,,,,,,,,,,,,,,
2026-01-18 20:00:00+00:00,e1108,Level 11,50.0,Maintenance Soon,50.0,50.0,50.0,50.0,50.0,,,3.145717463848996,4.905038932149182,-1.759321468300186,,,,,,,,,,,,,,,,,,,,,,,,,,,,,,,,,,,,,,,,,,,,,,,,,,,,,,,,,,,,,,,,,,,,,
2026-01-18 21:00:00+00:00,e1108,Level 11,50.0,Maintenance Soon,50.0,50.0,50.0,50.0,50.0,,,3.1025583982191165,4.8137240673034585,-1.711165669084342,,,,,,,,,,,,,,,,,,,,,,,,,,,,,,,,,,,,,,,,,,,,,,,,,,,,,,,,,,,,,,,,,,,,,
2026-01-18 22:00:00+00:00,e1108,Level 11,50.0,Maintenance Soon,50.0,50.0,50.0,50.0,50.0,,,3.20096982758696,4.854493705530331,-1.6535238779433712,,,,,,,,,,,,,,,,,,,,,,,,,,,,,,,,,,,,,,,,,,,,,,,,,,,,,,,,,,,,,,,,,,,,,
2026-01-18 23:00:00+00:00,e1108,Level 11,50.0,Maintenance Soon,50.0,50.0,50.0,50.0,50.0,,,3.3255040322583227,4.897037037034655,-1.5715330047763318,,,,,,,,,,,,,,,,,,,,,,,,,,,,,,,,,,,,,,,,,,,,,,,,,,,,,,,,,,,,,,,,,,,,,
2026-01-19 00:00:00+00:00,e1108,Level 11,50.0,Maintenance Soon,50.0,50.0,50.0,50.0,50.0,,,3.1390433815358847,4.815146871010559,-1.6761034894746745,,,,,,,,,,,,,,,,,,,,,,,,,,,,,,,,,,,,,,,,,,,,,,,,,,,,,,,,,,,,,,,,,,,,,
2026-01-19 01:00:00+00:00,e1108,Level 11,50.0,Maintenance Soon,50.0,50.0,50.0,50.0,50.0,,,3.091494252872508,4.740640394090103,-1.649146141217595,,,,,,,,,,,,,,,,,,,,,,,,,,,,,,,,,,,,,,,,,,,,,,,,,,,,,,,,,,,,,,,,,,,,,
2026-01-19 02:00:00+00:00,e1108,Level 11,50.0,Maintenance Soon,50.0,50.0,50.0,50.0,50.0,,,3.05678160919706,4.7819376026260825,-1.7251559934290226,,,,,,,,,,,,,,,,,,,,,,,,,,,,,,,,,,,,,,,,,,,,,,,,,,,,,,,,,,,,,,,,,,,,,
2026-01-19 03:00:00+00:00,e1108,Level 11,50.0,Maintenance Soon,50.0,50.0,50.0,50.0,50.0,,,2.9536945812797057,4.629141229140562,-1.6754466478608565,,,,,,,,,,,,,,,,,,,,,,,,,,,,,,,,,,,,,,,,,,,,,,,,,,,,,,,,,,,,,,,,,,,,,
2026-01-19 04:00:00+00:00,e1108,Level 11,50.0,Maintenance Soon,50.0,50.0,50.0,50.0,50.0,,,2.8967032967048,4.611485542130443,-1.714782245425643,,,,,,,,,,,,,,,,,,,,,,,,,,,,,,,,,,,,,,,,,,,,,,,,,,,,,,,,,,,,,,,,,,,,,
2026-01-19 05:00:00+00:00,e1108,Level 11,50.0,Maintenance Soon,50.0,50.0,50.0,50.0,50.0,,,2.8604395604379533,4.4700875144420325,-1.6096479540040791,,,,,,,,,,,,,,,,,,,,,,,,,,,,,,,,,,,,,,,,,,,,,,,,,,,,,,,,,,,,,,,,,,,,,
2026-01-19 06:00:00+00:00,e1108,Level 11,50.0,Maintenance Soon,50.0,50.0,50.0,50.0,50.0,,,2.8301587301612017,4.489484653277032,-1.65932592311583,,,,,,,,,,,,,,,,,,,,,,,,,,,,,,,,,,,,,,,,,,,,,,,,,,,,,,,,,,,,,,,,,,,,,
2026-01-19 07:00:00+00:00,e1108,Level 11,50.0,Maintenance Soon,50.0,50.0,50.0,50.0,50.0,,,2.9198412698387983,4.528862059611129,-1.6090207897723303,,,,,,,,,,,,,,,,,,,,,,,,,,,,,,,,,,,,,,,,,,,,,,,,,,,,,,,,,,,,,,,,,,,,,
2026-01-19 08:00:00+00:00,e1108,Level 11,50.0,Maintenance Soon,50.0,50.0,50.0,50.0,50.0,,,2.806084656087478,4.470664276122989,-1.6645796200355107,,,,,,,,,,,,,,,,,,,,,,,,,,,,,,,,,,,,,,,,,,,,,,,,,,,,,,,,,,,,,,,,,,,,,
2026-01-19 09:00:00+00:00,e1108,Level 11,50.0,Maintenance Soon,50.0,50.0,50.0,50.0,50.0,,,2.908201058198756,4.493854972189486,-1.58565391399073,,,,,,,,,,,,,,,,,,,,,,,,,,,,,,,,,,,,,,,,,,,,,,,,,,,,,,,,,,,,,,,,,,,,,
2026-01-19 10:00:00+00:00,e1108,Level 11,50.0,Maintenance Soon,50.0,50.0,50.0,50.0,50.0,,,2.931773399013764,4.604339840661851,-1.6725664416480868,,,,,,,,,,,,,,,,,,,,,,,,,,,,,,,,,,,,,,,,,,,,,,,,,,,,,,,,,,,,,,,,,,,,,
2026-01-19 11:00:00+00:00,e1108,Level 11,50.0,Maintenance Soon,50.0,50.0,50.0,50.0,50.0,,,3.059655172412022,4.66047611200338,-1.6008209395913582,,,,,,,,,,,,,,,,,,,,,,,,,,,,,,,,,,,,,,,,,,,,,,,,,,,,,,,,,,,,,,,,,,,,,
2026-01-19 12:00:00+00:00,e1108,Level 11,50.0,Maintenance Soon,50.0,50.0,50.0,50.0,50.0,,,3.1880645161327266,4.702159355976619,-1.5140948398438925,,,,,,,,,,,,,,,,,,,,,,,,,,,,,,,,,,,,,,,,,,,,,,,,,,,,,,,,,,,,,,,,,,,,,
2026-01-19 13:00:00+00:00,e1108,Level 11,50.0,Maintenance Soon,50.0,50.0,50.0,50.0,50.0,,,3.121245828697284,4.792890424985671,-1.671644596288388,,,,,,,,,,,,,,,,,,,,,,,,,,,,,,,,,,,,,,,,,,,,,,,,,,,,,,,,,,,,,,,,,,,,,
2026-01-19 14:00:00+00:00,e1108,Level 11,50.0,Maintenance Soon,50.0,50.0,50.0,50.0,50.0,,,3.040689655172173,4.986722670252978,-1.946033015080805,,,,,,,,,,,,,,,,,,,,,,,,,,,,,,,,,,,,,,,,,,,,,,,,,,,,,,,,,,,,,,,,,,,,,
2026-01-19 15:00:00+00:00,e1108,Level 11,50.0,Maintenance Soon,50.0,50.0,50.0,50.0,50.0,,,3.055862068966235,5.012237678507518,-1.9563756095412828,,,,,,,,,,,,,,,,,,,,,,,,,,,,,,,,,,,,,,,,,,,,,,,,,,,,,,,,,,,,,,,,,,,,,
2026-01-19 16:00:00+00:00,e1108,Level 11,50.0,Maintenance Soon,50.0,50.0,50.0,50.0,50.0,,,3.1015572858741507,4.925905551623146,-1.824348265748995,,,,,,,,,,,,,,,,,,,,,,,,,,,,,,,,,,,,,,,,,,,,,,,,,,,,,,,,,,,,,,,,,,,,,
2026-01-19 17:00:00+00:00,e1108,Level 11,50.0,Maintenance Soon,50.0,50.0,50.0,50.0,50.0,,,3.3100806451584504,4.811294030404194,-1.5012133852457437,,,,,,,,,,,,,,,,,,,,,,,,,,,,,,,,,,,,,,,,,,,,,,,,,,,,,,,,,,,,,,,,,,,,,
2026-01-19 18:00:00+00:00,e1108,Level 11,50.0,Maintenance Soon,50.0,50.0,50.0,50.0,50.0,,,3.2608870967742405,4.781877394637074,-1.5209902978628334,,,,,,,,,,,,,,,,,,,,,,,,,,,,,,,,,,,,,,,,,,,,,,,,,,,,,,,,,,,,,,,,,,,,,
2026-01-19 19:00:00+00:00,e1108,Level 11,50.0,Maintenance Soon,50.0,50.0,50.0,50.0,50.0,,,3.258064516128797,4.804865900382235,-1.5468013842534374,,,,,,,,,,,,,,,,,,,,,,,,,,,,,,,,,,,,,,,,,,,,,,,,,,,,,,,,,,,,,,,,,,,,,
2026-01-19 20:00:00+00:00,e1108,Level 11,50.0,Maintenance Soon,50.0,50.0,50.0,50.0,50.0,,,3.284457478006516,4.866523297492677,-1.5820658194861608,,,,,,,,,,,,,,,,,,,,,,,,,,,,,,,,,,,,,,,,,,,,,,,,,,,,,,,,,,,,,,,,,,,,,
2026-01-19 21:00:00+00:00,e1108,Level 11,50.0,Maintenance Soon,50.0,50.0,50.0,50.0,50.0,,,3.383284457479021,4.7954690396715405,-1.412184582192519,,,,,,,,,,,,,,,,,,,,,,,,,,,,,,,,,,,,,,,,,,,,,,,,,,,,,,,,,,,,,,,,,,,,,
2026-01-19 22:00:00+00:00,e1108,Level 11,50.0,Maintenance Soon,50.0,50.0,50.0,50.0,50.0,,,3.2451612903241767,4.897319938821359,-1.6521586484971822,,,,,,,,,,,,,,,,,,,,,,,,,,,,,,,,,,,,,,,,,,,,,,,,,,,,,,,,,,,,,,,,,,,,,
2026-01-19 23:00:00+00:00,e1108,Level 11,50.0,Maintenance Soon,50.0,50.0,50.0,50.0,50.0,,,3.395796676442842,5.035741487454895,-1.639944811012053,,,,,,,,,,,,,,,,,,,,,,,,,,,,,,,,,,,,,,,,,,,,,,,,,,,,,,,,,,,,,,,,,,,,,
2026-01-20 00:00:00+00:00,e1108,Level 11,50.0,Maintenance Soon,50.0,50.0,50.0,50.0,50.0,,,3.3015151515137404,4.900867905354971,-1.5993527538412309,,,,,,,,,,,,,,,,,,,,,,,,,,,,,,,,,,,,,,,,,,,,,,,,,,,,,,,,,,,,,,,,,,,,,
2026-01-20 01:00:00+00:00,e1108,Level 11,50.0,Maintenance Soon,50.0,50.0,50.0,50.0,50.0,,,3.2395833333321207,4.729633886758772,-1.4900505534266513,,,,,,,,,,,,,,,,,,,,,,,,,,,,,,,,,,,,,,,,,,,,,,,,,,,,,,,,,,,,,,,,,,,,,
2026-01-20 02:00:00+00:00,e1108,Level 11,50.0,Maintenance Soon,50.0,50.0,50.0,50.0,50.0,,,3.2678879310369666,4.743689107828686,-1.4758011767917196,,,,,,,,,,,,,,,,,,,,,,,,,,,,,,,,,,,,,,,,,,,,,,,,,,,,,,,,,,,,,,,,,,,,,
2026-01-20 03:00:00+00:00,e1108,Level 11,50.0,Maintenance Soon,50.0,50.0,50.0,50.0,50.0,,,3.0,4.661220580186637,-1.6612205801866369,,,,,,,,,,,,,,,,,,,,,,,,,,,,,,,,,,,,,,,,,,,,,,,,,,,,,,,,,,,,,,,,,,,,,
2026-01-20 04:00:00+00:00,e1108,Level 11,50.0,Maintenance Soon,50.0,50.0,50.0,50.0,50.0,,,3.0758620689630334,4.552072661269146,-1.4762105923061126,,,,,,,,,,,,,,,,,,,,,,,,,,,,,,,,,,,,,,,,,,,,,,,,,,,,,,,,,,,,,,,,,,,,,
2026-01-20 05:00:00+00:00,e1108,Level 11,50.0,Maintenance Soon,50.0,50.0,50.0,50.0,50.0,,,3.113793103450007,4.51839683942914,-1.4046037359791326,,,,,,,,,,,,,,,,,,,,,,,,,,,,,,,,,,,,,,,,,,,,,,,,,,,,,,,,,,,,,,,,,,,,,
2026-01-20 06:00:00+00:00,e1108,Level 11,50.0,Maintenance Soon,50.0,50.0,50.0,50.0,50.0,,,2.9306513409937907,4.426816578485159,-1.4961652374913683,,,,,,,,,,,,,,,,,,,,,,,,,,,,,,,,,,,,,,,,,,,,,,,,,,,,,,,,,,,,,,,,,,,,,
2026-01-20 07:00:00+00:00,e1108,Level 11,50.0,Maintenance Soon,50.0,50.0,50.0,50.0,50.0,,,2.869841269839526,4.423059964725932,-1.5532186948864064,,,,,,,,,,,,,,,,,,,,,,,,,,,,,,,,,,,,,,,,,,,,,,,,,,,,,,,,,,,,,,,,,,,,,
2026-01-20 08:00:00+00:00,e1108,Level 11,50.0,Maintenance Soon,50.0,50.0,50.0,50.0,50.0,,,2.919047619048797,4.413227513227564,-1.4941798941787665,,,,,,,,,,,,,,,,,,,,,,,,,,,,,,,,,,,,,,,,,,,,,,,,,,,,,,,,,,,,,,,,,,,,,
2026-01-20 09:00:00+00:00,e1108,Level 11,50.0,Maintenance Soon,50.0,50.0,50.0,50.0,50.0,,,2.863095238095412,4.5248829289048444,-1.6617876908094331,,,,,,,,,,,,,,,,,,,,,,,,,,,,,,,,,,,,,,,,,,,,,,,,,,,,,,,,,,,,,,,,,,,,,
2026-01-20 10:00:00+00:00,e1108,Level 11,50.0,Maintenance Soon,50.0,50.0,50.0,50.0,50.0,,,2.9869047619067715,4.516578483243696,-1.5296737213369245,,,,,,,,,,,,,,,,,,,,,,,,,,,,,,,,,,,,,,,,,,,,,,,,,,,,,,,,,,,,,,,,,,,,,
2026-01-20 11:00:00+00:00,e1108,Level 11,50.0,Maintenance Soon,50.0,50.0,50.0,50.0,50.0,,,3.10632183908092,4.659480630055138,-1.5531587909742184,,,,,,,,,,,,,,,,,,,,,,,,,,,,,,,,,,,,,,,,,,,,,,,,,,,,,,,,,,,,,,,,,,,,,
2026-01-20 12:00:00+00:00,e1108,Level 11,50.0,Maintenance Soon,50.0,50.0,50.0,50.0,50.0,,,3.0503448275849223,4.823262884689029,-1.772918057104107,,,,,,,,,,,,,,,,,,,,,,,,,,,,,,,,,,,,,,,,,,,,,,,,,,,,,,,,,,,,,,,,,,,,,
2026-01-20 13:00:00+00:00,e1108,Level 11,50.0,Maintenance Soon,50.0,50.0,50.0,50.0,50.0,,,3.153333333335468,4.736890372017418,-1.58355703868195,,,,,,,,,,,,,,,,,,,,,,,,,,,,,,,,,,,,,,,,,,,,,,,,,,,,,,,,,,,,,,,,,,,,,
2026-01-20 14:00:00+00:00,e1108,Level 11,50.0,Maintenance Soon,50.0,50.0,50.0,50.0,50.0,,,3.179999999996653,4.758467432950662,-1.5784674329540094,,,,,,,,,,,,,,,,,,,,,,,,,,,,,,,,,,,,,,,,,,,,,,,,,,,,,,,,,,,,,,,,,,,,,
2026-01-20 15:00:00+00:00,e1108,Level 11,50.0,Maintenance Soon,50.0,50.0,50.0,50.0,50.0,,,3.155698924729222,4.777586206896861,-1.6218872821676389,,,,,,,,,,,,,,,,,,,,,,,,,,,,,,,,,,,,,,,,,,,,,,,,,,,,,,,,,,,,,,,,,,,,,
2026-01-20 16:00:00+00:00,e1108,Level 11,50.0,Maintenance Soon,50.0,50.0,50.0,50.0,50.0,,,3.1643010752741247,4.701132122110721,-1.5368310468365962,,,,,,,,,,,,,,,,,,,,,,,,,,,,,,,,,,,,,,,,,,,,,,,,,,,,,,,,,,,,,,,,,,,,,
2026-01-20 17:00:00+00:00,e1108,Level 11,50.0,Maintenance Soon,50.0,50.0,50.0,50.0,50.0,,,3.19698924730983,4.893436843405652,-1.6964475960958223,,,,,,,,,,,,,,,,,,,,,,,,,,,,,,,,,,,,,,,,,,,,,,,,,,,,,,,,,,,,,,,,,,,,,
2026-01-20 18:00:00+00:00,e1108,Level 11,50.0,Maintenance Soon,50.0,50.0,50.0,50.0,50.0,,,3.251612903222849,4.8530160054385005,-1.6014031022156514,,,,,,,,,,,,,,,,,,,,,,,,,,,,,,,,,,,,,,,,,,,,,,,,,,,,,,,,,,,,,,,,,,,,,
2026-01-20 19:00:00+00:00,e1108,Level 11,50.0,Maintenance Soon,50.0,50.0,50.0,50.0,50.0,,,3.3361895161324355,4.922266716104787,-1.586077199972351,,,,,,,,,,,,,,,,,,,,,,,,,,,,,,,,,,,,,,,,,,,,,,,,,,,,,,,,,,,,,,,,,,,,,
2026-01-20 20:00:00+00:00,e1108,Level 11,50.0,Maintenance Soon,50.0,50.0,50.0,50.0,50.0,,,3.3521780303053674,5.00541727761447,-1.6532392473091022,,,,,,,,,,,,,,,,,,,,,,,,,,,,,,,,,,,,,,,,,,,,,,,,,,,,,,,,,,,,,,,,,,,,,
2026-01-20 21:00:00+00:00,e1108,Level 11,50.0,Maintenance Soon,50.0,50.0,50.0,50.0,50.0,,,3.35356793743631,4.979470732382954,-1.6259027949466445,,,,,,,,,,,,,,,,,,,,,,,,,,,,,,,,,,,,,,,,,,,,,,,,,,,,,,,,,,,,,,,,,,,,,
2026-01-20 22:00:00+00:00,e1108,Level 11,50.0,Maintenance Soon,50.0,50.0,50.0,50.0,50.0,,,3.3380040322590503,4.809413065271656,-1.4714090330126055,,,,,,,,,,,,,,,,,,,,,,,,,,,,,,,,,,,,,,,,,,,,,,,,,,,,,,,,,,,,,,,,,,,,,
2026-01-20 23:00:00+00:00,e1108,Level 11,50.0,Maintenance Soon,50.0,50.0,50.0,50.0,50.0,,,3.4928308823509724,4.984195156514033,-1.491364274163061,,,,,,,,,,,,,,,,,,,,,,,,,,,,,,,,,,,,,,,,,,,,,,,,,,,,,,,,,,,,,,,,,,,,,
2026-01-21 00:00:00+00:00,e1108,Level 11,50.0,Maintenance Soon,50.0,50.0,50.0,50.0,50.0,,,3.4207779886164644,4.847051643281399,-1.4262736546649348,,,,,,,,,,,,,,,,,,,,,,,,,,,,,,,,,,,,,,,,,,,,,,,,,,,,,,,,,,,,,,,,,,,,,
2026-01-21 01:00:00+00:00,e1108,Level 11,50.0,Maintenance Soon,50.0,50.0,50.0,50.0,50.0,,,3.161067853168788,4.906448412698713,-1.7453805595299243,,,,,,,,,,,,,,,,,,,,,,,,,,,,,,,,,,,,,,,,,,,,,,,,,,,,,,,,,,,,,,,,,,,,,
2026-01-21 02:00:00+00:00,e1108,Level 11,50.0,Maintenance Soon,50.0,50.0,50.0,50.0,50.0,,,3.05172413793116,4.933439381499436,-1.881715243568276,,,,,,,,,,,,,,,,,,,,,,,,,,,,,,,,,,,,,,,,,,,,,,,,,,,,,,,,,,,,,,,,,,,,,
2026-01-21 03:00:00+00:00,e1108,Level 11,50.0,Maintenance Soon,50.0,50.0,50.0,50.0,50.0,,,2.9588669950753683,4.346123350360965,-1.3872563552855963,,,,,,,,,,,,,,,,,,,,,,,,,,,,,,,,,,,,,,,,,,,,,,,,,,,,,,,,,,,,,,,,,,,,,
2026-01-21 04:00:00+00:00,e1108,Level 11,50.0,Maintenance Soon,50.0,50.0,50.0,50.0,50.0,,,2.892857142855064,5.161455277906498,-2.268598135051434,,,,,,,,,,,,,,,,,,,,,,,,,,,,,,,,,,,,,,,,,,,,,,,,,,,,,,,,,,,,,,,,,,,,,
2026-01-21 05:00:00+00:00,e1108,Level 11,50.0,Maintenance Soon,50.0,50.0,50.0,50.0,50.0,,,2.9555555555562023,4.573136569689571,-1.6175810141333686,,,,,,,,,,,,,,,,,,,,,,,,,,,,,,,,,,,,,,,,,,,,,,,,,,,,,,,,,,,,,,,,,,,,,
2026-01-21 06:00:00+00:00,e1108,Level 11,50.0,Maintenance Soon,50.0,50.0,50.0,50.0,50.0,,,2.8555555555540195,4.425180076626323,-1.5696245210723037,,,,,,,,,,,,,,,,,,,,,,,,,,,,,,,,,,,,,,,,,,,,,,,,,,,,,,,,,,,,,,,,,,,,,
2026-01-21 07:00:00+00:00,e1108,Level 11,50.0,Maintenance Soon,50.0,50.0,50.0,50.0,50.0,,,2.848148148150358,4.809355135924609,-1.9612069877742515,,,,,,,,,,,,,,,,,,,,,,,,,,,,,,,,,,,,,,,,,,,,,,,,,,,,,,,,,,,,,,,,,,,,,
2026-01-21 08:00:00+00:00,e1108,Level 11,50.0,Maintenance Soon,50.0,50.0,50.0,50.0,50.0,,,2.807407407406572,4.5920840175143285,-1.7846766101077565,,,,,,,,,,,,,,,,,,,,,,,,,,,,,,,,,,,,,,,,,,,,,,,,,,,,,,,,,,,,,,,,,,,,,
2026-01-21 09:00:00+00:00,e1108,Level 11,50.0,Maintenance Soon,50.0,50.0,50.0,50.0,50.0,,,2.866666666664969,4.6018199233719015,-1.7351532567069323,,,,,,,,,,,,,,,,,,,,,,,,,,,,,,,,,,,,,,,,,,,,,,,,,,,,,,,,,,,,,,,,,,,,,
2026-01-21 10:00:00+00:00,e1108,Level 11,50.0,Maintenance Soon,50.0,50.0,50.0,50.0,50.0,,,2.8595238095258537,4.654498757947295,-1.7949749484214408,,,,,,,,,,,,,,,,,,,,,,,,,,,,,,,,,,,,,,,,,,,,,,,,,,,,,,,,,,,,,,,,,,,,,
2026-01-21 11:00:00+00:00,e1108,Level 11,50.0,Maintenance Soon,50.0,50.0,50.0,50.0,50.0,,,2.9071428571405704,4.809986737401535,-1.9028438802609644,,,,,,,,,,,,,,,,,,,,,,,,,,,,,,,,,,,,,,,,,,,,,,,,,,,,,,,,,,,,,,,,,,,,,
2026-01-21 12:00:00+00:00,e1108,Level 11,50.0,Maintenance Soon,50.0,50.0,50.0,50.0,50.0,,,2.9827586206920387,4.7385057471256005,-1.7557471264335618,,,,,,,,,,,,,,,,,,,,,,,,,,,,,,,,,,,,,,,,,,,,,,,,,,,,,,,,,,,,,,,,,,,,,
2026-01-21 13:00:00+00:00,e1108,Level 11,50.0,Maintenance Soon,50.0,50.0,50.0,50.0,50.0,,,3.06390804597686,4.970949202818399,-1.9070411568415395,,,,,,,,,,,,,,,,,,,,,,,,,,,,,,,,,,,,,,,,,,,,,,,,,,,,,,,,,,,,,,,,,,,,,
2026-01-21 14:00:00+00:00,e1108,Level 11,50.0,Maintenance Soon,50.0,50.0,50.0,50.0,50.0,,,3.0981609195405326,4.832154245457787,-1.733993325917254,,,,,,,,,,,,,,,,,,,,,,,,,,,,,,,,,,,,,,,,,,,,,,,,,,,,,,,,,,,,,,,,,,,,,
2026-01-21 15:00:00+00:00,e1108,Level 11,50.0,Maintenance Soon,50.0,50.0,50.0,50.0,50.0,,,3.055172413791297,4.806286614756876,-1.751114200965579,,,,,,,,,,,,,,,,,,,,,,,,,,,,,,,,,,,,,,,,,,,,,,,,,,,,,,,,,,,,,,,,,,,,,
2026-01-21 16:00:00+00:00,e1108,Level 11,50.0,Maintenance Soon,50.0,50.0,50.0,50.0,50.0,,,3.28125,4.883132104456308,-1.6018821044563083,,,,,,,,,,,,,,,,,,,,,,,,,,,,,,,,,,,,,,,,,,,,,,,,,,,,,,,,,,,,,,,,,,,,,
2026-01-21 17:00:00+00:00,e1108,Level 11,50.0,Maintenance Soon,50.0,50.0,50.0,50.0,50.0,,,3.292943548389303,4.751663690597828,-1.4587201422085243,,,,,,,,,,,,,,,,,,,,,,,,,,,,,,,,,,,,,,,,,,,,,,,,,,,,,,,,,,,,,,,,,,,,,
2026-01-21 18:00:00+00:00,e1108,Level 11,50.0,Maintenance Soon,50.0,50.0,50.0,50.0,50.0,,,3.16913978494631,4.845233249562928,-1.676093464616618,,,,,,,,,,,,,,,,,,,,,,,,,,,,,,,,,,,,,,,,,,,,,,,,,,,,,,,,,,,,,,,,,,,,,
2026-01-21 19:00:00+00:00,e1108,Level 11,50.0,Maintenance Soon,50.0,50.0,50.0,50.0,50.0,,,3.211505376340938,4.88943044079133,-1.6779250644503918,,,,,,,,,,,,,,,,,,,,,,,,,,,,,,,,,,,,,,,,,,,,,,,,,,,,,,,,,,,,,,,,,,,,,
2026-01-21 20:00:00+00:00,e1108,Level 11,50.0,Maintenance Soon,50.0,50.0,50.0,50.0,50.0,,,3.193548387098417,5.129436327561659,-1.9358879404632416,,,,,,,,,,,,,,,,,,,,,,,,,,,,,,,,,,,,,,,,,,,,,,,,,,,,,,,,,,,,,,,,,,,,,
2026-01-21 21:00:00+00:00,e1108,Level 11,50.0,Maintenance Soon,50.0,50.0,50.0,50.0,50.0,,,3.3266129032272147,5.001828713399543,-1.675215810172328,,,,,,,,,,,,,,,,,,,,,,,,,,,,,,,,,,,,,,,,,,,,,,,,,,,,,,,,,,,,,,,,,,,,,
2026-01-21 22:00:00+00:00,e1108,Level 11,50.0,Maintenance Soon,50.0,50.0,50.0,50.0,50.0,,,3.3781249999992724,4.980989955770686,-1.6028649557714134,,,,,,,,,,,,,,,,,,,,,,,,,,,,,,,,,,,,,,,,,,,,,,,,,,,,,,,,,,,,,,,,,,,,,
2026-01-21 23:00:00+00:00,e1108,Level 11,50.0,Maintenance Soon,50.0,50.0,50.0,50.0,50.0,,,3.365624999998545,4.970284750647504,-1.6046597506489588,,,,,,,,,,,,,,,,,,,,,,,,,,,,,,,,,,,,,,,,,,,,,,,,,,,,,,,,,,,,,,,,,,,,,
2026-01-22 00:00:00+00:00,e1108,Level 11,50.0,Maintenance Soon,50.0,50.0,50.0,50.0,50.0,,,3.3457661290340184,5.088178124771123,-1.742411995737105,,,,,,,,,,,,,,,,,,,,,,,,,,,,,,,,,,,,,,,,,,,,,,,,,,,,,,,,,,,,,,,,,,,,,
2026-01-22 01:00:00+00:00,e1108,Level 11,50.0,Maintenance Soon,50.0,50.0,50.0,50.0,50.0,,,3.1854838709659816,4.829209473013179,-1.6437256020471978,,,,,,,,,,,,,,,,,,,,,,,,,,,,,,,,,,,,,,,,,,,,,,,,,,,,,,,,,,,,,,,,,,,,,
2026-01-22 02:00:00+00:00,e1108,Level 11,50.0,Maintenance Soon,50.0,50.0,50.0,50.0,50.0,,,3.078571428573923,4.697318709387521,-1.618747280813598,,,,,,,,,,,,,,,,,,,,,,,,,,,,,,,,,,,,,,,,,,,,,,,,,,,,,,,,,,,,,,,,,,,,,
2026-01-22 03:00:00+00:00,e1108,Level 11,50.0,Maintenance Soon,50.0,50.0,50.0,50.0,50.0,,,2.921428571429715,4.121871008940313,-1.2004424375105982,,,,,,,,,,,,,,,,,,,,,,,,,,,,,,,,,,,,,,,,,,,,,,,,,,,,,,,,,,,,,,,,,,,,,
2026-01-22 04:00:00+00:00,e1108,Level 11,50.0,Maintenance Soon,50.0,50.0,50.0,50.0,50.0,,,2.9499999999970896,4.140505078146816,-1.1905050781497266,,,,,,,,,,,,,,,,,,,,,,,,,,,,,,,,,,,,,,,,,,,,,,,,,,,,,,,,,,,,,,,,,,,,,
2026-01-22 05:00:00+00:00,e1108,Level 11,50.0,Maintenance Soon,50.0,50.0,50.0,50.0,50.0,,,2.935714285715221,4.589206653288177,-1.653492367572956,,,,,,,,,,,,,,,,,,,,,,,,,,,,,,,,,,,,,,,,,,,,,,,,,,,,,,,,,,,,,,,,,,,,,
2026-01-22 06:00:00+00:00,e1108,Level 11,50.0,Maintenance Soon,50.0,50.0,50.0,50.0,50.0,,,2.9568783068752964,4.6076135975563375,-1.650735290681041,,,,,,,,,,,,,,,,,,,,,,,,,,,,,,,,,,,,,,,,,,,,,,,,,,,,,,,,,,,,,,,,,,,,,
2026-01-22 07:00:00+00:00,e1108,Level 11,50.0,Maintenance Soon,50.0,50.0,50.0,50.0,50.0,,,2.776638176637789,4.526396011395264,-1.7497578347574745,,,,,,,,,,,,,,,,,,,,,,,,,,,,,,,,,,,,,,,,,,,,,,,,,,,,,,,,,,,,,,,,,,,,,
2026-01-22 08:00:00+00:00,e1108,Level 11,50.0,Maintenance Soon,50.0,50.0,50.0,50.0,50.0,,,2.74615384615754,4.46054605888033,-1.7143922127227895,,,,,,,,,,,,,,,,,,,,,,,,,,,,,,,,,,,,,,,,,,,,,,,,,,,,,,,,,,,,,,,,,,,,,
2026-01-22 09:00:00+00:00,e1108,Level 11,50.0,Maintenance Soon,50.0,50.0,50.0,50.0,50.0,,,2.7105413105418847,4.43760683760532,-1.7270655270634352,,,,,,,,,,,,,,,,,,,,,,,,,,,,,,,,,,,,,,,,,,,,,,,,,,,,,,,,,,,,,,,,,,,,,
2026-01-22 10:00:00+00:00,e1108,Level 11,50.0,Maintenance Soon,50.0,50.0,50.0,50.0,50.0,,,2.84814814814672,3.897126857818269,-1.0489787096715495,,,,,,,,,,,,,,,,,,,,,,,,,,,,,,,,,,,,,,,,,,,,,,,,,,,,,,,,,,,,,,,,,,,,,
2026-01-22 11:00:00+00:00,e1108,Level 11,50.0,Maintenance Soon,50.0,50.0,50.0,50.0,50.0,,,2.8948914431675803,2.953682343462181,-0.0587909002946012,,,,,,,,,,,,,,,,,,,,,,,,,,,,,,,,,,,,,,,,,,,,,,,,,,,,,,,,,,,,,,,,,,,,,
2026-01-22 12:00:00+00:00,e1108,Level 11,50.0,Maintenance Soon,50.0,50.0,50.0,50.0,50.0,,,2.956034482758696,3.617476812408616,-0.6614423296499203,,,,,,,,,,,,,,,,,,,,,,,,,,,,,,,,,,,,,,,,,,,,,,,,,,,,,,,,,,,,,,,,,,,,,
2026-01-22 13:00:00+00:00,e1108,Level 11,50.0,Maintenance Soon,50.0,50.0,50.0,50.0,50.0,,,2.817307692308532,3.7769306087696655,-0.9596229164611336,,,,,,,,,,,,,,,,,,,,,,,,,,,,,,,,,,,,,,,,,,,,,,,,,,,,,,,,,,,,,,,,,,,,,
2026-01-22 14:00:00+00:00,e1108,Level 11,50.0,Maintenance Soon,50.0,50.0,50.0,50.0,50.0,,,2.5005494505494426,3.803610046829514,-1.3030605962800714,,,,,,,,,,,,,,,,,,,,,,,,,,,,,,,,,,,,,,,,,,,,,,,,,,,,,,,,,,,,,,,,,,,,,
2026-01-22 15:00:00+00:00,e1108,Level 11,50.0,Maintenance Soon,50.0,50.0,50.0,50.0,50.0,,,2.5467980295543384,3.803395552934186,-1.2565975233798476,,,,,,,,,,,,,,,,,,,,,,,,,,,,,,,,,,,,,,,,,,,,,,,,,,,,,,,,,,,,,,,,,,,,,
2026-01-22 16:00:00+00:00,e1108,Level 11,50.0,Maintenance Soon,50.0,50.0,50.0,50.0,50.0,,,3.117011494254257,3.8276315207792018,-0.7106200265249449,,,,,,,,,,,,,,,,,,,,,,,,,,,,,,,,,,,,,,,,,,,,,,,,,,,,,,,,,,,,,,,,,,,,,
2026-01-22 17:00:00+00:00,e1108,Level 11,50.0,Maintenance Soon,50.0,50.0,50.0,50.0,50.0,,,3.103333333336195,3.841653996571646,-0.7383206632354509,,,,,,,,,,,,,,,,,,,,,,,,,,,,,,,,,,,,,,,,,,,,,,,,,,,,,,,,,,,,,,,,,,,,,
2026-01-22 18:00:00+00:00,e1108,Level 11,50.0,Maintenance Soon,50.0,50.0,50.0,50.0,50.0,,,2.996896551721875,3.807381149317128,-0.8104845975952535,,,,,,,,,,,,,,,,,,,,,,,,,,,,,,,,,,,,,,,,,,,,,,,,,,,,,,,,,,,,,,,,,,,,,
2026-01-22 19:00:00+00:00,e1108,Level 11,50.0,Maintenance Soon,50.0,50.0,50.0,50.0,50.0,,,3.1064367816106824,3.799149828664667,-0.6927130470539851,,,,,,,,,,,,,,,,,,,,,,,,,,,,,,,,,,,,,,,,,,,,,,,,,,,,,,,,,,,,,,,,,,,,,
2026-01-22 20:00:00+00:00,e1108,Level 11,50.0,Maintenance Soon,50.0,50.0,50.0,50.0,50.0,,,3.249166666664678,3.925422427035907,-0.6762557603712289,,,,,,,,,,,,,,,,,,,,,,,,,,,,,,,,,,,,,,,,,,,,,,,,,,,,,,,,,,,,,,,,,,,,,
2026-01-22 21:00:00+00:00,e1108,Level 11,50.0,Maintenance Soon,50.0,50.0,50.0,50.0,50.0,,,3.2568548387098417,3.9910458915837808,-0.734191052873939,,,,,,,,,,,,,,,,,,,,,,,,,,,,,,,,,,,,,,,,,,,,,,,,,,,,,,,,,,,,,,,,,,,,,
2026-01-22 22:00:00+00:00,e1108,Level 11,50.0,Maintenance Soon,50.0,50.0,50.0,50.0,50.0,,,3.4025201612894307,3.993995026897513,-0.5914748656080824,,,,,,,,,,,,,,,,,,,,,,,,,,,,,,,,,,,,,,,,,,,,,,,,,,,,,,,,,,,,,,,,,,,,,
2026-01-22 23:00:00+00:00,e1108,Level 11,50.0,Maintenance Soon,50.0,50.0,50.0,50.0,50.0,,,3.366360294119658,4.078961723143341,-0.7126014290236826,,,,,,,,,,,,,,,,,,,,,,,,,,,,,,,,,,,,,,,,,,,,,,,,,,,,,,,,,,,,,,,,,,,,,
2026-01-23 00:00:00+00:00,e1108,Level 11,50.0,Maintenance Soon,50.0,50.0,50.0,50.0,50.0,,,3.4935828876987216,3.940988255571332,-0.44740536787261,,,,,,,,,,,,,,,,,,,,,,,,,,,,,,,,,,,,,,,,,,,,,,,,,,,,,,,,,,,,,,,,,,,,,
2026-01-23 01:00:00+00:00,e1108,Level 11,50.0,Maintenance Soon,50.0,50.0,50.0,50.0,50.0,,,3.3248484848481894,3.8084710351370936,-0.4836225502889042,,,,,,,,,,,,,,,,,,,,,,,,,,,,,,,,,,,,,,,,,,,,,,,,,,,,,,,,,,,,,,,,,,,,,
2026-01-23 02:00:00+00:00,e1108,Level 11,50.0,Maintenance Soon,50.0,50.0,50.0,50.0,50.0,,,3.0683333333363407,3.747444037443832,-0.6791107041074915,,,,,,,,,,,,,,,,,,,,,,,,,,,,,,,,,,,,,,,,,,,,,,,,,,,,,,,,,,,,,,,,,,,,,
2026-01-23 03:00:00+00:00,e1108,Level 11,50.0,Maintenance Soon,50.0,50.0,50.0,50.0,50.0,,,2.8596153846119705,3.6549008157720286,-0.7952854311600581,,,,,,,,,,,,,,,,,,,,,,,,,,,,,,,,,,,,,,,,,,,,,,,,,,,,,,,,,,,,,,,,,,,,,
2026-01-23 04:00:00+00:00,e1108,Level 11,50.0,Maintenance Soon,50.0,50.0,50.0,50.0,50.0,,,2.8296703296691703,3.717381642511706,-0.8877113128425358,,,,,,,,,,,,,,,,,,,,,,,,,,,,,,,,,,,,,,,,,,,,,,,,,,,,,,,,,,,,,,,,,,,,,
2026-01-23 05:00:00+00:00,e1108,Level 11,50.0,Maintenance Soon,50.0,50.0,50.0,50.0,50.0,,,2.9943349753702933,3.83409267793104,-0.8397577025607461,,,,,,,,,,,,,,,,,,,,,,,,,,,,,,,,,,,,,,,,,,,,,,,,,,,,,,,,,,,,,,,,,,,,,
2026-01-23 06:00:00+00:00,e1108,Level 11,50.0,Maintenance Soon,50.0,50.0,50.0,50.0,50.0,,,3.0270935960579664,3.764965251791485,-0.7378716557335188,,,,,,,,,,,,,,,,,,,,,,,,,,,,,,,,,,,,,,,,,,,,,,,,,,,,,,,,,,,,,,,,,,,,,
2026-01-23 07:00:00+00:00,e1108,Level 11,50.0,Maintenance Soon,50.0,50.0,50.0,50.0,50.0,,,2.7862857142899884,3.5490313390328083,-0.7627456247428199,,,,,,,,,,,,,,,,,,,,,,,,,,,,,,,,,,,,,,,,,,,,,,,,,,,,,,,,,,,,,,,,,,,,,
2026-01-23 08:00:00+00:00,e1108,Level 11,50.0,Maintenance Soon,50.0,50.0,50.0,50.0,50.0,,,2.7131851851845568,3.703903133902107,-0.9907179487175504,,,,,,,,,,,,,,,,,,,,,,,,,,,,,,,,,,,,,,,,,,,,,,,,,,,,,,,,,,,,,,,,,,,,,
2026-01-23 09:00:00+00:00,e1108,Level 11,50.0,Maintenance Soon,50.0,50.0,50.0,50.0,50.0,,,3.007918263090687,4.295416707602271,-1.2874984445115842,,,,,,,,,,,,,,,,,,,,,,,,,,,,,,,,,,,,,,,,,,,,,,,,,,,,,,,,,,,,,,,,,,,,,
2026-01-23 10:00:00+00:00,e1108,Level 11,50.0,Maintenance Soon,50.0,50.0,50.0,50.0,50.0,,,3.051724137927522,3.721404853128964,-0.6696807152014421,,,,,,,,,,,,,,,,,,,,,,,,,,,,,,,,,,,,,,,,,,,,,,,,,,,,,,,,,,,,,,,,,,,,,
2026-01-23 11:00:00+00:00,e1108,Level 11,50.0,Maintenance Soon,50.0,50.0,50.0,50.0,50.0,,,3.0585057471289474,3.7828182205181897,-0.7243124733892423,,,,,,,,,,,,,,,,,,,,,,,,,,,,,,,,,,,,,,,,,,,,,,,,,,,,,,,,,,,,,,,,,,,,,
2026-01-23 12:00:00+00:00,e1108,Level 11,50.0,Maintenance Soon,50.0,50.0,50.0,50.0,50.0,,,3.1133333333345945,3.866945901090124,-0.7536125677555296,,,,,,,,,,,,,,,,,,,,,,,,,,,,,,,,,,,,,,,,,,,,,,,,,,,,,,,,,,,,,,,,,,,,,
2026-01-23 13:00:00+00:00,e1108,Level 11,50.0,Maintenance Soon,50.0,50.0,50.0,50.0,50.0,,,3.136666666665405,3.83901153605378,-0.7023448693883743,,,,,,,,,,,,,,,,,,,,,,,,,,,,,,,,,,,,,,,,,,,,,,,,,,,,,,,,,,,,,,,,,,,,,
2026-01-23 14:00:00+00:00,e1108,Level 11,50.0,Maintenance Soon,50.0,50.0,50.0,50.0,50.0,,,3.126666666667006,3.762715250322799,-0.6360485836557928,,,,,,,,,,,,,,,,,,,,,,,,,,,,,,,,,,,,,,,,,,,,,,,,,,,,,,,,,,,,,,,,,,,,,
2026-01-23 15:00:00+00:00,e1108,Level 11,50.0,Maintenance Soon,50.0,50.0,50.0,50.0,50.0,,,3.1466666666674428,3.7564125238107713,-0.6097458571433285,,,,,,,,,,,,,,,,,,,,,,,,,,,,,,,,,,,,,,,,,,,,,,,,,,,,,,,,,,,,,,,,,,,,,
2026-01-23 16:00:00+00:00,e1108,Level 11,50.0,Maintenance Soon,50.0,50.0,50.0,50.0,50.0,,,3.16666666666788,3.9222636949149696,-0.7555970282470903,,,,,,,,,,,,,,,,,,,,,,,,,,,,,,,,,,,,,,,,,,,,,,,,,,,,,,,,,,,,,,,,,,,,,
2026-01-23 17:00:00+00:00,e1108,Level 11,50.0,Maintenance Soon,50.0,50.0,50.0,50.0,50.0,,,3.106666666662932,3.9434474813291054,-0.836780814666175,,,,,,,,,,,,,,,,,,,,,,,,,,,,,,,,,,,,,,,,,,,,,,,,,,,,,,,,,,,,,,,,,,,,,
2026-01-23 18:00:00+00:00,e1108,Level 11,50.0,Maintenance Soon,50.0,50.0,50.0,50.0,50.0,,,3.1870967741961067,3.876346469621543,-0.6892496954254361,,,,,,,,,,,,,,,,,,,,,,,,,,,,,,,,,,,,,,,,,,,,,,,,,,,,,,,,,,,,,,,,,,,,,
2026-01-23 19:00:00+00:00,e1108,Level 11,50.0,Maintenance Soon,50.0,50.0,50.0,50.0,50.0,,,3.331653225806804,4.031286261632583,-0.6996330358257792,,,,,,,,,,,,,,,,,,,,,,,,,,,,,,,,,,,,,,,,,,,,,,,,,,,,,,,,,,,,,,,,,,,,,
2026-01-23 20:00:00+00:00,e1108,Level 11,50.0,Maintenance Soon,50.0,50.0,50.0,50.0,50.0,,,3.239314516125887,4.188850883697644,-0.9495363675717572,,,,,,,,,,,,,,,,,,,,,,,,,,,,,,,,,,,,,,,,,,,,,,,,,,,,,,,,,,,,,,,,,,,,,
2026-01-23 21:00:00+00:00,e1108,Level 11,50.0,Maintenance Soon,50.0,50.0,50.0,50.0,50.0,,,3.248602150539228,4.252499999999903,-1.0038978494606754,,,,,,,,,,,,,,,,,,,,,,,,,,,,,,,,,,,,,,,,,,,,,,,,,,,,,,,,,,,,,,,,,,,,,
2026-01-23 22:00:00+00:00,e1108,Level 11,50.0,Maintenance Soon,50.0,50.0,50.0,50.0,50.0,,,3.2870833333327028,4.16958557347607,-0.8825022401433671,,,,,,,,,,,,,,,,,,,,,,,,,,,,,,,,,,,,,,,,,,,,,,,,,,,,,,,,,,,,,,,,,,,,,
2026-01-23 23:00:00+00:00,e1108,Level 11,50.0,Maintenance Soon,50.0,50.0,50.0,50.0,50.0,,,3.319583333333867,4.160388621707777,-0.8408052883739101,,,,,,,,,,,,,,,,,,,,,,,,,,,,,,,,,,,,,,,,,,,,,,,,,,,,,,,,,,,,,,,,,,,,,
2026-01-24 00:00:00+00:00,e1108,Level 11,50.0,Maintenance Soon,50.0,50.0,50.0,50.0,50.0,,,3.125376344087272,4.160775234595349,-1.0353988905080769,,,,,,,,,,,,,,,,,,,,,,,,,,,,,,,,,,,,,,,,,,,,,,,,,,,,,,,,,,,,,,,,,,,,,
2026-01-24 01:00:00+00:00,e1108,Level 11,50.0,Maintenance Soon,50.0,50.0,50.0,50.0,50.0,,,3.1979569892464497,4.108282828285155,-0.9103258390387056,,,,,,,,,,,,,,,,,,,,,,,,,,,,,,,,,,,,,,,,,,,,,,,,,,,,,,,,,,,,,,,,,,,,,
2026-01-24 02:00:00+00:00,e1108,Level 11,50.0,Maintenance Soon,50.0,50.0,50.0,50.0,50.0,,,3.163333333333867,3.899285714286331,-0.735952380952464,,,,,,,,,,,,,,,,,,,,,,,,,,,,,,,,,,,,,,,,,,,,,,,,,,,,,,,,,,,,,,,,,,,,,
2026-01-24 03:00:00+00:00,e1108,Level 11,50.0,Maintenance Soon,50.0,50.0,50.0,50.0,50.0,,,3.193548387094779,3.8367765567745664,-0.6432281696797872,,,,,,,,,,,,,,,,,,,,,,,,,,,,,,,,,,,,,,,,,,,,,,,,,,,,,,,,,,,,,,,,,,,,,
2026-01-24 04:00:00+00:00,e1108,Level 11,50.0,Maintenance Soon,50.0,50.0,50.0,50.0,50.0,,,3.13403781980378,3.804331817608424,-0.6702939978046438,,,,,,,,,,,,,,,,,,,,,,,,,,,,,,,,,,,,,,,,,,,,,,,,,,,,,,,,,,,,,,,,,,,,,
2026-01-24 05:00:00+00:00,e1108,Level 11,50.0,Maintenance Soon,50.0,50.0,50.0,50.0,50.0,,,3.092413793099695,3.829684060086341,-0.7372702669866462,,,,,,,,,,,,,,,,,,,,,,,,,,,,,,,,,,,,,,,,,,,,,,,,,,,,,,,,,,,,,,,,,,,,,
2026-01-24 06:00:00+00:00,e1108,Level 11,50.0,Maintenance Soon,50.0,50.0,50.0,50.0,50.0,,,3.131724137932906,3.729798394454216,-0.59807425652131,,,,,,,,,,,,,,,,,,,,,,,,,,,,,,,,,,,,,,,,,,,,,,,,,,,,,,,,,,,,,,,,,,,,,
2026-01-24 07:00:00+00:00,e1108,Level 11,50.0,Maintenance Soon,50.0,50.0,50.0,50.0,50.0,,,2.914942528735992,3.705311196253509,-0.7903686675175172,,,,,,,,,,,,,,,,,,,,,,,,,,,,,,,,,,,,,,,,,,,,,,,,,,,,,,,,,,,,,,,,,,,,,
2026-01-24 08:00:00+00:00,e1108,Level 11,50.0,Maintenance Soon,50.0,50.0,50.0,50.0,50.0,,,2.844444444446708,3.701381925440122,-0.8569374809934138,,,,,,,,,,,,,,,,,,,,,,,,,,,,,,,,,,,,,,,,,,,,,,,,,,,,,,,,,,,,,,,,,,,,,
2026-01-24 09:00:00+00:00,e1108,Level 11,50.0,Maintenance Soon,50.0,50.0,50.0,50.0,50.0,,,2.7328888888841902,3.846648725901711,-1.1137598370175206,,,,,,,,,,,,,,,,,,,,,,,,,,,,,,,,,,,,,,,,,,,,,,,,,,,,,,,,,,,,,,,,,,,,,
2026-01-24 10:00:00+00:00,e1108,Level 11,50.0,Maintenance Soon,50.0,50.0,50.0,50.0,50.0,,,2.78933333333407,3.831034482756271,-1.0417011494222002,,,,,,,,,,,,,,,,,,,,,,,,,,,,,,,,,,,,,,,,,,,,,,,,,,,,,,,,,,,,,,,,,,,,,
2026-01-24 11:00:00+00:00,e1108,Level 11,50.0,Maintenance Soon,50.0,50.0,50.0,50.0,50.0,,,2.946666666666715,3.878902572523657,-0.9322359058569418,,,,,,,,,,,,,,,,,,,,,,,,,,,,,,,,,,,,,,,,,,,,,,,,,,,,,,,,,,,,,,,,,,,,,
2026-01-24 12:00:00+00:00,e1108,Level 11,50.0,Maintenance Soon,50.0,50.0,50.0,50.0,50.0,,,3.1683870967754046,3.8944690749873794,-0.7260819782119747,,,,,,,,,,,,,,,,,,,,,,,,,,,,,,,,,,,,,,,,,,,,,,,,,,,,,,,,,,,,,,,,,,,,,
2026-01-24 13:00:00+00:00,e1108,Level 11,50.0,Maintenance Soon,50.0,50.0,50.0,50.0,50.0,,,3.18954393770764,3.8888834154337615,-0.6993394777261224,,,,,,,,,,,,,,,,,,,,,,,,,,,,,,,,,,,,,,,,,,,,,,,,,,,,,,,,,,,,,,,,,,,,,
2026-01-24 14:00:00+00:00,e1108,Level 11,50.0,Maintenance Soon,50.0,50.0,50.0,50.0,50.0,,,3.115402298848494,3.851375661376854,-0.7359733625283602,,,,,,,,,,,,,,,,,,,,,,,,,,,,,,,,,,,,,,,,,,,,,,,,,,,,,,,,,,,,,,,,,,,,,
2026-01-24 15:00:00+00:00,e1108,Level 11,50.0,Maintenance Soon,50.0,50.0,50.0,50.0,50.0,,,3.0121839080493373,3.752714692713198,-0.7405307846638607,,,,,,,,,,,,,,,,,,,,,,,,,,,,,,,,,,,,,,,,,,,,,,,,,,,,,,,,,,,,,,,,,,,,,
2026-01-24 16:00:00+00:00,e1108,Level 11,50.0,Maintenance Soon,50.0,50.0,50.0,50.0,50.0,,,2.984482758620288,3.835698005699669,-0.8512152470793808,,,,,,,,,,,,,,,,,,,,,,,,,,,,,,,,,,,,,,,,,,,,,,,,,,,,,,,,,,,,,,,,,,,,,
2026-01-24 17:00:00+00:00,e1108,Level 11,50.0,Maintenance Soon,50.0,50.0,50.0,50.0,50.0,,,2.9321428571420256,3.858876117496645,-0.9267332603546188,,,,,,,,,,,,,,,,,,,,,,,,,,,,,,,,,,,,,,,,,,,,,,,,,,,,,,,,,,,,,,,,,,,,,
2026-01-24 18:00:00+00:00,e1108,Level 11,50.0,Maintenance Soon,50.0,50.0,50.0,50.0,50.0,,,2.900000000001455,3.882891042958363,-0.9828910429569078,,,,,,,,,,,,,,,,,,,,,,,,,,,,,,,,,,,,,,,,,,,,,,,,,,,,,,,,,,,,,,,,,,,,,
2026-01-24 19:00:00+00:00,e1108,Level 11,50.0,Maintenance Soon,50.0,50.0,50.0,50.0,50.0,,,37.42499999999927,3.995772750144776,33.4292272498545,,,,,,,,,,,,,,,,,,,,,,,,,,,,,,,,,,,,,,,,,,,,,,,,,,,,,,,,,,,,,,,,,,,,,
2026-01-24 20:00:00+00:00,e1108,Level 11,50.0,Maintenance Soon,50.0,50.0,50.0,50.0,50.0,,,3.136190476190677,4.104537449016789,-0.9683469728261116,,,,,,,,,,,,,,,,,,,,,,,,,,,,,,,,,,,,,,,,,,,,,,,,,,,,,,,,,,,,,,,,,,,,,
2026-01-24 21:00:00+00:00,e1108,Level 11,50.0,Maintenance Soon,50.0,50.0,50.0,50.0,50.0,,,3.1187356321825064,4.163531105992054,-1.0447954738095475,,,,,,,,,,,,,,,,,,,,,,,,,,,,,,,,,,,,,,,,,,,,,,,,,,,,,,,,,,,,,,,,,,,,,
2026-01-24 22:00:00+00:00,e1108,Level 11,50.0,Maintenance Soon,50.0,50.0,50.0,50.0,50.0,,,2.893486590037355,4.040026241678182,-1.1465396516408264,,,,,,,,,,,,,,,,,,,,,,,,,,,,,,,,,,,,,,,,,,,,,,,,,,,,,,,,,,,,,,,,,,,,,
2026-01-24 23:00:00+00:00,e1108,Level 11,50.0,Maintenance Soon,50.0,50.0,50.0,50.0,50.0,,,2.978927203064813,4.140410692951264,-1.16148348988645,,,,,,,,,,,,,,,,,,,,,,,,,,,,,,,,,,,,,,,,,,,,,,,,,,,,,,,,,,,,,,,,,,,,,
2026-01-25 00:00:00+00:00,e1108,Level 11,50.0,Maintenance Soon,50.0,50.0,50.0,50.0,50.0,,,2.8655172413818946,3.982898694024092,-1.117381452642197,,,,,,,,,,,,,,,,,,,,,,,,,,,,,,,,,,,,,,,,,,,,,,,,,,,,,,,,,,,,,,,,,,,,,
2026-01-25 01:00:00+00:00,e1108,Level 11,50.0,Maintenance Soon,50.0,50.0,50.0,50.0,50.0,,,2.9071428571405704,4.025553260236241,-1.1184104030956703,,,,,,,,,,,,,,,,,,,,,,,,,,,,,,,,,,,,,,,,,,,,,,,,,,,,,,,,,,,,,,,,,,,,,
2026-01-25 02:00:00+00:00,e1108,Level 11,50.0,Maintenance Soon,50.0,50.0,50.0,50.0,50.0,,,3.09930875576174,3.9880952380942,-0.8887864823324585,,,,,,,,,,,,,,,,,,,,,,,,,,,,,,,,,,,,,,,,,,,,,,,,,,,,,,,,,,,,,,,,,,,,,
2026-01-25 03:00:00+00:00,e1108,Level 11,50.0,Maintenance Soon,50.0,50.0,50.0,50.0,50.0,,,3.229032258062944,3.960850739503561,-0.7318184814406172,,,,,,,,,,,,,,,,,,,,,,,,,,,,,,,,,,,,,,,,,,,,,,,,,,,,,,,,,,,,,,,,,,,,,
2026-01-25 04:00:00+00:00,e1108,Level 11,50.0,Maintenance Soon,50.0,50.0,50.0,50.0,50.0,,,3.187849462367012,3.8901454290814095,-0.7022959667143973,,,,,,,,,,,,,,,,,,,,,,,,,,,,,,,,,,,,,,,,,,,,,,,,,,,,,,,,,,,,,,,,,,,,,
2026-01-25 05:00:00+00:00,e1108,Level 11,50.0,Maintenance Soon,50.0,50.0,50.0,50.0,50.0,,,3.12000000000262,3.8562789636889647,-0.7362789636863454,,,,,,,,,,,,,,,,,,,,,,,,,,,,,,,,,,,,,,,,,,,,,,,,,,,,,,,,,,,,,,,,,,,,,
2026-01-25 06:00:00+00:00,e1108,Level 11,50.0,Maintenance Soon,50.0,50.0,50.0,50.0,50.0,,,2.934444444443216,3.8007817916441127,-0.8663373472008971,,,,,,,,,,,,,,,,,,,,,,,,,,,,,,,,,,,,,,,,,,,,,,,,,,,,,,,,,,,,,,,,,,,,,
2026-01-25 07:00:00+00:00,e1108,Level 11,50.0,Maintenance Soon,50.0,50.0,50.0,50.0,50.0,,,3.055555555554747,3.807690202519249,-0.7521346469645018,,,,,,,,,,,,,,,,,,,,,,,,,,,,,,,,,,,,,,,,,,,,,,,,,,,,,,,,,,,,,,,,,,,,,
2026-01-25 08:00:00+00:00,e1108,Level 11,50.0,Maintenance Soon,50.0,50.0,50.0,50.0,50.0,,,2.925925925927004,3.8249133369827177,-0.8989874110557139,,,,,,,,,,,,,,,,,,,,,,,,,,,,,,,,,,,,,,,,,,,,,,,,,,,,,,,,,,,,,,,,,,,,,
2026-01-25 09:00:00+00:00,e1108,Level 11,50.0,Maintenance Soon,50.0,50.0,50.0,50.0,50.0,,,3.0140740740716865,3.763097609923231,-0.7490235358515442,,,,,,,,,,,,,,,,,,,,,,,,,,,,,,,,,,,,,,,,,,,,,,,,,,,,,,,,,,,,,,,,,,,,,
2026-01-25 10:00:00+00:00,e1108,Level 11,50.0,Maintenance Soon,50.0,50.0,50.0,50.0,50.0,,,3.0301149425322365,3.776165298303871,-0.7460503557716343,,,,,,,,,,,,,,,,,,,,,,,,,,,,,,,,,,,,,,,,,,,,,,,,,,,,,,,,,,,,,,,,,,,,,
2026-01-25 11:00:00+00:00,e1108,Level 11,50.0,Maintenance Soon,50.0,50.0,50.0,50.0,50.0,,,3.123218390803231,3.8971264367828553,-0.7739080459796241,,,,,,,,,,,,,,,,,,,,,,,,,,,,,,,,,,,,,,,,,,,,,,,,,,,,,,,,,,,,,,,,,,,,,
2026-01-25 12:00:00+00:00,e1108,Level 11,50.0,Maintenance Soon,50.0,50.0,50.0,50.0,50.0,,,3.0871264367815456,4.0090792238273325,-0.9219527870457868,,,,,,,,,,,,,,,,,,,,,,,,,,,,,,,,,,,,,,,,,,,,,,,,,,,,,,,,,,,,,,,,,,,,,
2026-01-25 13:00:00+00:00,e1108,Level 11,50.0,Maintenance Soon,50.0,50.0,50.0,50.0,50.0,,,3.109540229881532,3.9751353355568426,-0.8655951056753111,,,,,,,,,,,,,,,,,,,,,,,,,,,,,,,,,,,,,,,,,,,,,,,,,,,,,,,,,,,,,,,,,,,,,
2026-01-25 14:00:00+00:00,e1108,Level 11,50.0,Maintenance Soon,50.0,50.0,50.0,50.0,50.0,,,3.1133333333345945,3.9849425287369136,-0.8716091954023191,,,,,,,,,,,,,,,,,,,,,,,,,,,,,,,,,,,,,,,,,,,,,,,,,,,,,,,,,,,,,,,,,,,,,
2026-01-25 15:00:00+00:00,e1108,Level 11,50.0,Maintenance Soon,50.0,50.0,50.0,50.0,50.0,,,3.196666666666715,3.841029009305202,-0.6443623426384875,,,,,,,,,,,,,,,,,,,,,,,,,,,,,,,,,,,,,,,,,,,,,,,,,,,,,,,,,,,,,,,,,,,,,
2026-01-25 16:00:00+00:00,e1108,Level 11,50.0,Maintenance Soon,50.0,50.0,50.0,50.0,50.0,,,3.09770114942512,3.891253774036159,-0.7935526246110385,,,,,,,,,,,,,,,,,,,,,,,,,,,,,,,,,,,,,,,,,,,,,,,,,,,,,,,,,,,,,,,,,,,,,
2026-01-25 17:00:00+00:00,e1108,Level 11,50.0,Maintenance Soon,50.0,50.0,50.0,50.0,50.0,,,3.065517241382622,3.853018256614936,-0.7875010152323134,,,,,,,,,,,,,,,,,,,,,,,,,,,,,,,,,,,,,,,,,,,,,,,,,,,,,,,,,,,,,,,,,,,,,
2026-01-25 18:00:00+00:00,e1108,Level 11,50.0,Maintenance Soon,50.0,50.0,50.0,50.0,50.0,,,3.113448275860719,3.809576719577308,-0.6961284437165887,,,,,,,,,,,,,,,,,,,,,,,,,,,,,,,,,,,,,,,,,,,,,,,,,,,,,,,,,,,,,,,,,,,,,
2026-01-25 19:00:00+00:00,e1108,Level 11,50.0,Maintenance Soon,50.0,50.0,50.0,50.0,50.0,,,3.1313793103436183,15.359533844188263,-12.228154533844643,,,,,,,,,,,,,,,,,,,,,,,,,,,,,,,,,,,,,,,,,,,,,,,,,,,,,,,,,,,,,,,,,,,,,
2026-01-25 20:00:00+00:00,e1108,Level 11,50.0,Maintenance Soon,50.0,50.0,50.0,50.0,50.0,,,3.17474972191485,4.0260382788643865,-0.8512885569495365,,,,,,,,,,,,,,,,,,,,,,,,,,,,,,,,,,,,,,,,,,,,,,,,,,,,,,,,,,,,,,,,,,,,,
2026-01-25 21:00:00+00:00,e1108,Level 11,50.0,Maintenance Soon,50.0,50.0,50.0,50.0,50.0,,,3.159733036703983,3.9197416882937737,-0.7600086515897906,,,,,,,,,,,,,,,,,,,,,,,,,,,,,,,,,,,,,,,,,,,,,,,,,,,,,,,,,,,,,,,,,,,,,
2026-01-25 22:00:00+00:00,e1108,Level 11,50.0,Maintenance Soon,50.0,50.0,50.0,50.0,50.0,,,3.090804597704846,3.970106162197529,-0.8793015644926832,,,,,,,,,,,,,,,,,,,,,,,,,,,,,,,,,,,,,,,,,,,,,,,,,,,,,,,,,,,,,,,,,,,,,
2026-01-25 23:00:00+00:00,e1108,Level 11,50.0,Maintenance Soon,50.0,50.0,50.0,50.0,50.0,,,3.1699999999982538,4.049254856219098,-0.879254856220844,,,,,,,,,,,,,,,,,,,,,,,,,,,,,,,,,,,,,,,,,,,,,,,,,,,,,,,,,,,,,,,,,,,,,
2026-01-26 00:00:00+00:00,e1108,Level 11,50.0,Maintenance Soon,50.0,50.0,50.0,50.0,50.0,,,3.048518518520723,3.935811395378552,-0.8872928768578277,,,,,,,,,,,,,,,,,,,,,,,,,,,,,,,,,,,,,,,,,,,,,,,,,,,,,,,,,,,,,,,,,,,,,
2026-01-26 01:00:00+00:00,e1108,Level 11,50.0,Maintenance Soon,50.0,50.0,50.0,50.0,50.0,,,2.714814814811689,3.846672140120063,-1.131857325308374,,,,,,,,,,,,,,,,,,,,,,,,,,,,,,,,,,,,,,,,,,,,,,,,,,,,,,,,,,,,,,,,,,,,,
2026-01-26 02:00:00+00:00,e1108,Level 11,50.0,Maintenance Soon,50.0,50.0,50.0,50.0,50.0,,,2.80370370370656,3.8975966241159767,-1.0938929204094163,,,,,,,,,,,,,,,,,,,,,,,,,,,,,,,,,,,,,,,,,,,,,,,,,,,,,,,,,,,,,,,,,,,,,
2026-01-26 03:00:00+00:00,e1108,Level 11,50.0,Maintenance Soon,50.0,50.0,50.0,50.0,50.0,,,2.753988603984908,3.788198323736045,-1.034209719751137,,,,,,,,,,,,,,,,,,,,,,,,,,,,,,,,,,,,,,,,,,,,,,,,,,,,,,,,,,,,,,,,,,,,,
2026-01-26 04:00:00+00:00,e1108,Level 11,50.0,Maintenance Soon,50.0,50.0,50.0,50.0,50.0,,,2.650000000001455,3.748602106775555,-1.0986021067741,,,,,,,,,,,,,,,,,,,,,,,,,,,,,,,,,,,,,,,,,,,,,,,,,,,,,,,,,,,,,,,,,,,,,
2026-01-26 05:00:00+00:00,e1108,Level 11,50.0,Maintenance Soon,50.0,50.0,50.0,50.0,50.0,,,2.776923076922685,3.771963098629688,-0.9950400217070032,,,,,,,,,,,,,,,,,,,,,,,,,,,,,,,,,,,,,,,,,,,,,,,,,,,,,,,,,,,,,,,,,,,,,
2026-01-26 06:00:00+00:00,e1108,Level 11,50.0,Maintenance Soon,50.0,50.0,50.0,50.0,50.0,,,2.683384615382238,3.650838420837923,-0.9674538054556856,,,,,,,,,,,,,,,,,,,,,,,,,,,,,,,,,,,,,,,,,,,,,,,,,,,,,,,,,,,,,,,,,,,,,
2026-01-26 07:00:00+00:00,e1108,Level 11,50.0,Maintenance Soon,50.0,50.0,50.0,50.0,50.0,,,2.544000000005326,3.7136412969739454,-1.1696412969686207,,,,,,,,,,,,,,,,,,,,,,,,,,,,,,,,,,,,,,,,,,,,,,,,,,,,,,,,,,,,,,,,,,,,,
2026-01-26 08:00:00+00:00,e1108,Level 11,50.0,Maintenance Soon,50.0,50.0,50.0,50.0,50.0,,,2.6640000000006694,3.624725274725885,-0.9607252747252156,,,,,,,,,,,,,,,,,,,,,,,,,,,,,,,,,,,,,,,,,,,,,,,,,,,,,,,,,,,,,,,,,,,,,
2026-01-26 09:00:00+00:00,e1108,Level 11,50.0,Maintenance Soon,50.0,50.0,50.0,50.0,50.0,,,2.6795555555509054,3.663740333740861,-0.984184778189956,,,,,,,,,,,,,,,,,,,,,,,,,,,,,,,,,,,,,,,,,,,,,,,,,,,,,,,,,,,,,,,,,,,,,
2026-01-26 10:00:00+00:00,e1108,Level 11,50.0,Maintenance Soon,50.0,50.0,50.0,50.0,50.0,,,2.825925925928459,3.740382533601709,-0.9144566076732494,,,,,,,,,,,,,,,,,,,,,,,,,,,,,,,,,,,,,,,,,,,,,,,,,,,,,,,,,,,,,,,,,,,,,
2026-01-26 11:00:00+00:00,e1108,Level 11,50.0,Maintenance Soon,50.0,50.0,50.0,50.0,50.0,,,2.8667943805849063,3.802933163045964,-0.9361387824610574,,,,,,,,,,,,,,,,,,,,,,,,,,,,,,,,,,,,,,,,,,,,,,,,,,,,,,,,,,,,,,,,,,,,,
2026-01-26 12:00:00+00:00,e1108,Level 11,50.0,Maintenance Soon,50.0,50.0,50.0,50.0,50.0,,,2.9731527093608747,3.8572946915361777,-0.8841419821753029,,,,,,,,,,,,,,,,,,,,,,,,,,,,,,,,,,,,,,,,,,,,,,,,,,,,,,,,,,,,,,,,,,,,,
2026-01-26 13:00:00+00:00,e1108,Level 11,50.0,Maintenance Soon,50.0,50.0,50.0,50.0,50.0,,,3.075123152710148,3.932722336986141,-0.8575991842759927,,,,,,,,,,,,,,,,,,,,,,,,,,,,,,,,,,,,,,,,,,,,,,,,,,,,,,,,,,,,,,,,,,,,,
2026-01-26 14:00:00+00:00,e1108,Level 11,50.0,Maintenance Soon,50.0,50.0,50.0,50.0,50.0,,,2.870114942528744,4.013563218391937,-1.143448275863193,,,,,,,,,,,,,,,,,,,,,,,,,,,,,,,,,,,,,,,,,,,,,,,,,,,,,,,,,,,,,,,,,,,,,
2026-01-26 15:00:00+00:00,e1108,Level 11,50.0,Maintenance Soon,50.0,50.0,50.0,50.0,50.0,,,2.9954022988495126,4.027203065134624,-1.0318007662851114,,,,,,,,,,,,,,,,,,,,,,,,,,,,,,,,,,,,,,,,,,,,,,,,,,,,,,,,,,,,,,,,,,,,,
2026-01-26 16:00:00+00:00,e1108,Level 11,50.0,Maintenance Soon,50.0,50.0,50.0,50.0,50.0,,,3.114597701151069,3.921591892224873,-0.806994191073803,,,,,,,,,,,,,,,,,,,,,,,,,,,,,,,,,,,,,,,,,,,,,,,,,,,,,,,,,,,,,,,,,,,,,
2026-01-26 17:00:00+00:00,e1108,Level 11,50.0,Maintenance Soon,50.0,50.0,50.0,50.0,50.0,,,3.136666666665405,4.010256766778184,-0.8735901001127786,,,,,,,,,,,,,,,,,,,,,,,,,,,,,,,,,,,,,,,,,,,,,,,,,,,,,,,,,,,,,,,,,,,,,
2026-01-26 18:00:00+00:00,e1108,Level 11,50.0,Maintenance Soon,50.0,50.0,50.0,50.0,50.0,,,3.072873563218309,3.981100296625906,-0.9082267334075972,,,,,,,,,,,,,,,,,,,,,,,,,,,,,,,,,,,,,,,,,,,,,,,,,,,,,,,,,,,,,,,,,,,,,
2026-01-26 19:00:00+00:00,e1108,Level 11,50.0,Maintenance Soon,50.0,50.0,50.0,50.0,50.0,,,3.10712643678562,4.028665183536456,-0.9215387467508362,,,,,,,,,,,,,,,,,,,,,,,,,,,,,,,,,,,,,,,,,,,,,,,,,,,,,,,,,,,,,,,,,,,,,
2026-01-26 20:00:00+00:00,e1108,Level 11,50.0,Maintenance Soon,50.0,50.0,50.0,50.0,50.0,,,3.226021505372046,4.075464320627361,-0.8494428152553155,,,,,,,,,,,,,,,,,,,,,,,,,,,,,,,,,,,,,,,,,,,,,,,,,,,,,,,,,,,,,,,,,,,,,
2026-01-26 21:00:00+00:00,e1108,Level 11,50.0,Maintenance Soon,50.0,50.0,50.0,50.0,50.0,,,3.217311827957019,4.119530117637623,-0.9022182896806044,,,,,,,,,,,,,,,,,,,,,,,,,,,,,,,,,,,,,,,,,,,,,,,,,,,,,,,,,,,,,,,,,,,,,
2026-01-26 22:00:00+00:00,e1108,Level 11,50.0,Maintenance Soon,50.0,50.0,50.0,50.0,50.0,,,3.198817204302032,4.06593746137878,-0.8671202570767491,,,,,,,,,,,,,,,,,,,,,,,,,,,,,,,,,,,,,,,,,,,,,,,,,,,,,,,,,,,,,,,,,,,,,
2026-01-26 23:00:00+00:00,e1108,Level 11,50.0,Maintenance Soon,50.0,50.0,50.0,50.0,50.0,,,3.2545161290327087,4.197201042683446,-0.9426849136507373,,,,,,,,,,,,,,,,,,,,,,,,,,,,,,,,,,,,,,,,,,,,,,,,,,,,,,,,,,,,,,,,,,,,,
2026-01-27 00:00:00+00:00,e1108,Level 11,50.0,Maintenance Soon,50.0,50.0,50.0,50.0,50.0,,,3.0927586206926208,4.084778248435517,-0.992019627742896,,,,,,,,,,,,,,,,,,,,,,,,,,,,,,,,,,,,,,,,,,,,,,,,,,,,,,,,,,,,,,,,,,,,,
2026-01-27 01:00:00+00:00,e1108,Level 11,50.0,Maintenance Soon,50.0,50.0,50.0,50.0,50.0,,,2.9886699507369485,3.873688271602684,-0.885018320865735,,,,,,,,,,,,,,,,,,,,,,,,,,,,,,,,,,,,,,,,,,,,,,,,,,,,,,,,,,,,,,,,,,,,,
2026-01-27 02:00:00+00:00,e1108,Level 11,50.0,Maintenance Soon,50.0,50.0,50.0,50.0,50.0,,,2.935467980292742,3.861959116343011,-0.9264911360502688,,,,,,,,,,,,,,,,,,,,,,,,,,,,,,,,,,,,,,,,,,,,,,,,,,,,,,,,,,,,,,,,,,,,,
2026-01-27 03:00:00+00:00,e1108,Level 11,50.0,Maintenance Soon,50.0,50.0,50.0,50.0,50.0,,,3.032389162563049,3.7580618827742,-0.7256727202111506,,,,,,,,,,,,,,,,,,,,,,,,,,,,,,,,,,,,,,,,,,,,,,,,,,,,,,,,,,,,,,,,,,,,,
2026-01-27 04:00:00+00:00,e1108,Level 11,50.0,Maintenance Soon,50.0,50.0,50.0,50.0,50.0,,,2.935714285715221,3.71811409110281,-0.7823998053875889,,,,,,,,,,,,,,,,,,,,,,,,,,,,,,,,,,,,,,,,,,,,,,,,,,,,,,,,,,,,,,,,,,,,,
2026-01-27 05:00:00+00:00,e1108,Level 11,50.0,Maintenance Soon,50.0,50.0,50.0,50.0,50.0,,,2.9801724137905694,3.715423911974843,-0.7352514981842737,,,,,,,,,,,,,,,,,,,,,,,,,,,,,,,,,,,,,,,,,,,,,,,,,,,,,,,,,,,,,,,,,,,,,
2026-01-27 06:00:00+00:00,e1108,Level 11,50.0,Maintenance Soon,50.0,50.0,50.0,50.0,50.0,,,2.9151979565758666,3.515172479287381,-0.599974522711515,,,,,,,,,,,,,,,,,,,,,,,,,,,,,,,,,,,,,,,,,,,,,,,,,,,,,,,,,,,,,,,,,,,,,
2026-01-27 07:00:00+00:00,e1108,Level 11,50.0,Maintenance Soon,50.0,50.0,50.0,50.0,50.0,,,2.8510582010603684,3.5151075837748067,-0.6640493827144383,,,,,,,,,,,,,,,,,,,,,,,,,,,,,,,,,,,,,,,,,,,,,,,,,,,,,,,,,,,,,,,,,,,,,
2026-01-27 08:00:00+00:00,e1108,Level 11,50.0,Maintenance Soon,50.0,50.0,50.0,50.0,50.0,,,2.928571428572468,3.5745961199293865,-0.6460246913569185,,,,,,,,,,,,,,,,,,,,,,,,,,,,,,,,,,,,,,,,,,,,,,,,,,,,,,,,,,,,,,,,,,,,,
2026-01-27 09:00:00+00:00,e1108,Level 11,50.0,Maintenance Soon,50.0,50.0,50.0,50.0,50.0,,,2.914285714283324,3.628238095236157,-0.7139523809528328,,,,,,,,,,,,,,,,,,,,,,,,,,,,,,,,,,,,,,,,,,,,,,,,,,,,,,,,,,,,,,,,,,,,,
2026-01-27 10:00:00+00:00,e1108,Level 11,50.0,Maintenance Soon,50.0,50.0,50.0,50.0,50.0,,,2.742857142860885,3.751813841758121,-1.0089566988972365,,,,,,,,,,,,,,,,,,,,,,,,,,,,,,,,,,,,,,,,,,,,,,,,,,,,,,,,,,,,,,,,,,,,,
2026-01-27 11:00:00+00:00,e1108,Level 11,50.0,Maintenance Soon,50.0,50.0,50.0,50.0,50.0,,,2.842857142855792,3.871498510003827,-1.0286413671480354,,,,,,,,,,,,,,,,,,,,,,,,,,,,,,,,,,,,,,,,,,,,,,,,,,,,,,,,,,,,,,,,,,,,,
2026-01-27 12:00:00+00:00,e1108,Level 11,50.0,Maintenance Soon,50.0,50.0,50.0,50.0,50.0,,,2.908620689653617,3.884844006567922,-0.9762233169143052,,,,,,,,,,,,,,,,,,,,,,,,,,,,,,,,,,,,,,,,,,,,,,,,,,,,,,,,,,,,,,,,,,,,,
2026-01-27 13:00:00+00:00,e1108,Level 11,50.0,Maintenance Soon,50.0,50.0,50.0,50.0,50.0,,,2.686833855801524,3.910634920636464,-1.2238010648349396,,,,,,,,,,,,,,,,,,,,,,,,,,,,,,,,,,,,,,,,,,,,,,,,,,,,,,,,,,,,,,,,,,,,,
2026-01-27 14:00:00+00:00,e1108,Level 11,50.0,Maintenance Soon,50.0,50.0,50.0,50.0,50.0,,,2.2878787878798903,3.88911877394518,-1.60123998606529,,,,,,,,,,,,,,,,,,,,,,,,,,,,,,,,,,,,,,,,,,,,,,,,,,,,,,,,,,,,,,,,,,,,,
2026-01-27 15:00:00+00:00,e1108,Level 11,50.0,Maintenance Soon,50.0,50.0,50.0,50.0,50.0,,,2.473809523806267,3.9273785687801137,-1.4535690449738468,,,,,,,,,,,,,,,,,,,,,,,,,,,,,,,,,,,,,,,,,,,,,,,,,,,,,,,,,,,,,,,,,,,,,
2026-01-27 16:00:00+00:00,e1108,Level 11,50.0,Maintenance Soon,50.0,50.0,50.0,50.0,50.0,,,3.003201970444934,3.95484365344358,-0.951641682998646,,,,,,,,,,,,,,,,,,,,,,,,,,,,,,,,,,,,,,,,,,,,,,,,,,,,,,,,,,,,,,,,,,,,,
2026-01-27 17:00:00+00:00,e1108,Level 11,50.0,Maintenance Soon,50.0,50.0,50.0,50.0,50.0,,,3.1957157784745505,4.036697565194724,-0.8409817867201737,,,,,,,,,,,,,,,,,,,,,,,,,,,,,,,,,,,,,,,,,,,,,,,,,,,,,,,,,,,,,,,,,,,,,
2026-01-27 18:00:00+00:00,e1108,Level 11,50.0,Maintenance Soon,50.0,50.0,50.0,50.0,50.0,,,2.800391006843711,3.988238783833367,-1.1878477769896565,,,,,,,,,,,,,,,,,,,,,,,,,,,,,,,,,,,,,,,,,,,,,,,,,,,,,,,,,,,,,,,,,,,,,
2026-01-27 19:00:00+00:00,e1108,Level 11,50.0,Maintenance Soon,50.0,50.0,50.0,50.0,50.0,,,3.157834101381013,4.101105317639546,-0.943271216258533,,,,,,,,,,,,,,,,,,,,,,,,,,,,,,,,,,,,,,,,,,,,,,,,,,,,,,,,,,,,,,,,,,,,,
2026-01-27 20:00:00+00:00,e1108,Level 11,50.0,Maintenance Soon,50.0,50.0,50.0,50.0,50.0,,,3.0090476190453046,4.173080400780843,-1.1640327817355385,,,,,,,,,,,,,,,,,,,,,,,,,,,,,,,,,,,,,,,,,,,,,,,,,,,,,,,,,,,,,,,,,,,,,
2026-01-27 21:00:00+00:00,e1108,Level 11,50.0,Maintenance Soon,50.0,50.0,50.0,50.0,50.0,,,3.1433333333370683,4.135625045255438,-0.9922917119183694,,,,,,,,,,,,,,,,,,,,,,,,,,,,,,,,,,,,,,,,,,,,,,,,,,,,,,,,,,,,,,,,,,,,,
2026-01-27 22:00:00+00:00,e1108,Level 11,50.0,Maintenance Soon,50.0,50.0,50.0,50.0,50.0,,,3.156666666662204,4.022150288728881,-0.8654836220666766,,,,,,,,,,,,,,,,,,,,,,,,,,,,,,,,,,,,,,,,,,,,,,,,,,,,,,,,,,,,,,,,,,,,,
2026-01-27 23:00:00+00:00,e1108,Level 11,50.0,Maintenance Soon,50.0,50.0,50.0,50.0,50.0,,,3.304791666669189,4.139920268161707,-0.8351286014925181,,,,,,,,,,,,,,,,,,,,,,,,,,,,,,,,,,,,,,,,,,,,,,,,,,,,,,,,,,,,,,,,,,,,,
2026-01-28 00:00:00+00:00,e1108,Level 11,50.0,Maintenance Soon,50.0,50.0,50.0,50.0,50.0,,,3.2318750000013097,3.988707605402548,-0.7568326054012382,,,,,,,,,,,,,,,,,,,,,,,,,,,,,,,,,,,,,,,,,,,,,,,,,,,,,,,,,,,,,,,,,,,,,
2026-01-28 01:00:00+00:00,e1108,Level 11,50.0,Maintenance Soon,50.0,50.0,50.0,50.0,50.0,,,3.163333333330229,3.872531648921722,-0.7091983155914932,,,,,,,,,,,,,,,,,,,,,,,,,,,,,,,,,,,,,,,,,,,,,,,,,,,,,,,,,,,,,,,,,,,,,
2026-01-28 02:00:00+00:00,e1108,Level 11,50.0,Maintenance Soon,50.0,50.0,50.0,50.0,50.0,,,3.1433333333370683,3.8716748768456455,-0.7283415435085772,,,,,,,,,,,,,,,,,,,,,,,,,,,,,,,,,,,,,,,,,,,,,,,,,,,,,,,,,,,,,,,,,,,,,
2026-01-28 03:00:00+00:00,e1108,Level 11,50.0,Maintenance Soon,50.0,50.0,50.0,50.0,50.0,,,3.0654761904734187,3.770435747735368,-0.7049595572619487,,,,,,,,,,,,,,,,,,,,,,,,,,,,,,,,,,,,,,,,,,,,,,,,,,,,,,,,,,,,,,,,,,,,,
2026-01-28 04:00:00+00:00,e1108,Level 11,50.0,Maintenance Soon,50.0,50.0,50.0,50.0,50.0,,,2.847486772490811,3.738800705467535,-0.8913139329767241,,,,,,,,,,,,,,,,,,,,,,,,,,,,,,,,,,,,,,,,,,,,,,,,,,,,,,,,,,,,,,,,,,,,,
2026-01-28 05:00:00+00:00,e1108,Level 11,50.0,Maintenance Soon,50.0,50.0,50.0,50.0,50.0,,,2.7472934472898487,3.738187982727444,-0.9908945354375952,,,,,,,,,,,,,,,,,,,,,,,,,,,,,,,,,,,,,,,,,,,,,,,,,,,,,,,,,,,,,,,,,,,,,
2026-01-28 06:00:00+00:00,e1108,Level 11,50.0,Maintenance Soon,50.0,50.0,50.0,50.0,50.0,,,2.671076923077635,3.6131153682411727,-0.9420384451635376,,,,,,,,,,,,,,,,,,,,,,,,,,,,,,,,,,,,,,,,,,,,,,,,,,,,,,,,,,,,,,,,,,,,,
2026-01-28 07:00:00+00:00,e1108,Level 11,50.0,Maintenance Soon,50.0,50.0,50.0,50.0,50.0,,,2.6159999999981665,3.658310162380076,-1.042310162381909,,,,,,,,,,,,,,,,,,,,,,,,,,,,,,,,,,,,,,,,,,,,,,,,,,,,,,,,,,,,,,,,,,,,,
2026-01-28 08:00:00+00:00,e1108,Level 11,50.0,Maintenance Soon,50.0,50.0,50.0,50.0,50.0,,,1.5693333333365445,3.7185610898256223,-2.149227756489078,,,,,,,,,,,,,,,,,,,,,,,,,,,,,,,,,,,,,,,,,,,,,,,,,,,,,,,,,,,,,,,,,,,,,
2026-01-28 09:00:00+00:00,e1108,Level 11,50.0,Maintenance Soon,50.0,50.0,50.0,50.0,50.0,,,3.508333333331393,3.7744389709890434,-0.2661056376576503,,,,,,,,,,,,,,,,,,,,,,,,,,,,,,,,,,,,,,,,,,,,,,,,,,,,,,,,,,,,,,,,,,,,,
2026-01-28 10:00:00+00:00,e1108,Level 11,50.0,Maintenance Soon,50.0,50.0,50.0,50.0,50.0,,,2.6121794871796737,3.6878626163124864,-1.0756831291328126,,,,,,,,,,,,,,,,,,,,,,,,,,,,,,,,,,,,,,,,,,,,,,,,,,,,,,,,,,,,,,,,,,,,,
2026-01-28 11:00:00+00:00,e1108,Level 11,50.0,Maintenance Soon,50.0,50.0,50.0,50.0,50.0,,,2.754153846151894,3.789444444443992,-1.035290598292098,,,,,,,,,,,,,,,,,,,,,,,,,,,,,,,,,,,,,,,,,,,,,,,,,,,,,,,,,,,,,,,,,,,,,
2026-01-28 12:00:00+00:00,e1108,Level 11,50.0,Maintenance Soon,50.0,50.0,50.0,50.0,50.0,,,2.703538461544668,3.8671264367815934,-1.163587975236927,,,,,,,,,,,,,,,,,,,,,,,,,,,,,,,,,,,,,,,,,,,,,,,,,,,,,,,,,,,,,,,,,,,,,
2026-01-28 13:00:00+00:00,e1108,Level 11,50.0,Maintenance Soon,50.0,50.0,50.0,50.0,50.0,,,2.7038461538431875,3.8953727486211087,-1.1915265947779212,,,,,,,,,,,,,,,,,,,,,,,,,,,,,,,,,,,,,,,,,,,,,,,,,,,,,,,,,,,,,,,,,,,,,
2026-01-28 14:00:00+00:00,e1108,Level 11,50.0,Maintenance Soon,50.0,50.0,50.0,50.0,50.0,,,2.746153846153902,3.6996847226449368,-0.9535308764910346,,,,,,,,,,,,,,,,,,,,,,,,,,,,,,,,,,,,,,,,,,,,,,,,,,,,,,,,,,,,,,,,,,,,,
2026-01-28 15:00:00+00:00,e1108,Level 11,50.0,Maintenance Soon,50.0,50.0,50.0,50.0,50.0,,,2.71846153846127,3.723530377666369,-1.0050688392050993,,,,,,,,,,,,,,,,,,,,,,,,,,,,,,,,,,,,,,,,,,,,,,,,,,,,,,,,,,,,,,,,,,,,,
2026-01-28 16:00:00+00:00,e1108,Level 11,50.0,Maintenance Soon,50.0,50.0,50.0,50.0,50.0,,,2.762307692308241,4.02084906951374,-1.258541377205499,,,,,,,,,,,,,,,,,,,,,,,,,,,,,,,,,,,,,,,,,,,,,,,,,,,,,,,,,,,,,,,,,,,,,
2026-01-28 17:00:00+00:00,e1108,Level 11,50.0,Maintenance Soon,50.0,50.0,50.0,50.0,50.0,,,2.900000000001455,4.012640136868868,-1.1126401368674124,,,,,,,,,,,,,,,,,,,,,,,,,,,,,,,,,,,,,,,,,,,,,,,,,,,,,,,,,,,,,,,,,,,,,
2026-01-28 18:00:00+00:00,e1108,Level 11,50.0,Maintenance Soon,50.0,50.0,50.0,50.0,50.0,,,2.7269230769234127,3.8762803788728575,-1.1493573019494456,,,,,,,,,,,,,,,,,,,,,,,,,,,,,,,,,,,,,,,,,,,,,,,,,,,,,,,,,,,,,,,,,,,,,
2026-01-28 19:00:00+00:00,e1108,Level 11,50.0,Maintenance Soon,50.0,50.0,50.0,50.0,50.0,,,2.873626373624574,4.0675576036846905,-1.193931230060116,,,,,,,,,,,,,,,,,,,,,,,,,,,,,,,,,,,,,,,,,,,,,,,,,,,,,,,,,,,,,,,,,,,,,
2026-01-28 20:00:00+00:00,e1108,Level 11,50.0,Maintenance Soon,50.0,50.0,50.0,50.0,50.0,,,2.9364532019681064,4.09433755760377,-1.1578843556356633,,,,,,,,,,,,,,,,,,,,,,,,,,,,,,,,,,,,,,,,,,,,,,,,,,,,,,,,,,,,,,,,,,,,,
2026-01-28 21:00:00+00:00,e1108,Level 11,50.0,Maintenance Soon,50.0,50.0,50.0,50.0,50.0,,,3.0385467980304384,4.187764336918917,-1.1492175388884789,,,,,,,,,,,,,,,,,,,,,,,,,,,,,,,,,,,,,,,,,,,,,,,,,,,,,,,,,,,,,,,,,,,,,
2026-01-28 22:00:00+00:00,e1108,Level 11,50.0,Maintenance Soon,50.0,50.0,50.0,50.0,50.0,,,2.992487684728985,4.191167114692992,-1.198679429964007,,,,,,,,,,,,,,,,,,,,,,,,,,,,,,,,,,,,,,,,,,,,,,,,,,,,,,,,,,,,,,,,,,,,,
2026-01-28 23:00:00+00:00,e1108,Level 11,50.0,Maintenance Soon,50.0,50.0,50.0,50.0,50.0,,,3.1829885057486536,4.241953405019255,-1.0589648992706016,,,,,,,,,,,,,,,,,,,,,,,,,,,,,,,,,,,,,,,,,,,,,,,,,,,,,,,,,,,,,,,,,,,,,
2026-01-29 00:00:00+00:00,e1108,Level 11,50.0,Maintenance Soon,50.0,50.0,50.0,50.0,50.0,,,3.1199999999989814,4.156268307380135,-1.036268307381154,,,,,,,,,,,,,,,,,,,,,,,,,,,,,,,,,,,,,,,,,,,,,,,,,,,,,,,,,,,,,,,,,,,,,
2026-01-29 01:00:00+00:00,e1108,Level 11,50.0,Maintenance Soon,50.0,50.0,50.0,50.0,50.0,,,3.0723809523806267,4.047690025952761,-0.9753090735721344,,,,,,,,,,,,,,,,,,,,,,,,,,,,,,,,,,,,,,,,,,,,,,,,,,,,,,,,,,,,,,,,,,,,,
2026-01-29 02:00:00+00:00,e1108,Level 11,50.0,Maintenance Soon,50.0,50.0,50.0,50.0,50.0,,,3.1330357142869616,3.9110052910073136,-0.777969576720352,,,,,,,,,,,,,,,,,,,,,,,,,,,,,,,,,,,,,,,,,,,,,,,,,,,,,,,,,,,,,,,,,,,,,
2026-01-29 03:00:00+00:00,e1108,Level 11,50.0,Maintenance Soon,50.0,50.0,50.0,50.0,50.0,,,3.277916666665988,3.341137566136846,-0.0632208994708585,,,,,,,,,,,,,,,,,,,,,,,,,,,,,,,,,,,,,,,,,,,,,,,,,,,,,,,,,,,,,,,,,,,,,
2026-01-29 04:00:00+00:00,e1108,Level 11,50.0,Maintenance Soon,50.0,50.0,50.0,50.0,50.0,,,3.1136781609202444,3.245017636683769,-0.1313394757635251,,,,,,,,,,,,,,,,,,,,,,,,,,,,,,,,,,,,,,,,,,,,,,,,,,,,,,,,,,,,,,,,,,,,,
2026-01-29 05:00:00+00:00,e1108,Level 11,50.0,Maintenance Soon,50.0,50.0,50.0,50.0,50.0,,,2.632512315271015,3.708086443143353,-1.0755741278723383,,,,,,,,,,,,,,,,,,,,,,,,,,,,,,,,,,,,,,,,,,,,,,,,,,,,,,,,,,,,,,,,,,,,,
2026-01-29 06:00:00+00:00,e1108,Level 11,50.0,Maintenance Soon,50.0,50.0,50.0,50.0,50.0,,,3.9302197802171577,3.637258286201056,0.2929614940161023,,,,,,,,,,,,,,,,,,,,,,,,,,,,,,,,,,,,,,,,,,,,,,,,,,,,,,,,,,,,,,,,,,,,,
2026-01-29 07:00:00+00:00,e1108,Level 11,50.0,Maintenance Soon,50.0,50.0,50.0,50.0,50.0,,,20.216208791211105,3.628571699903356,16.587637091307744,,,,,,,,,,,,,,,,,,,,,,,,,,,,,,,,,,,,,,,,,,,,,,,,,,,,,,,,,,,,,,,,,,,,,
2026-01-29 08:00:00+00:00,e1108,Level 11,50.0,Maintenance Soon,50.0,50.0,50.0,50.0,50.0,,,2.946428571427532,3.29849572649861,-0.3520671550710781,,,,,,,,,,,,,,,,,,,,,,,,,,,,,,,,,,,,,,,,,,,,,,,,,,,,,,,,,,,,,,,,,,,,,
2026-01-29 09:00:00+00:00,e1108,Level 11,50.0,Maintenance Soon,50.0,50.0,50.0,50.0,50.0,,,2.921428571429715,3.889624881290122,-0.9681963098604078,,,,,,,,,,,,,,,,,,,,,,,,,,,,,,,,,,,,,,,,,,,,,,,,,,,,,,,,,,,,,,,,,,,,,
2026-01-29 10:00:00+00:00,e1108,Level 11,50.0,Maintenance Soon,50.0,50.0,50.0,50.0,50.0,,,3.062857142856956,3.0591896715462403,0.0036674713107154,,,,,,,,,,,,,,,,,,,,,,,,,,,,,,,,,,,,,,,,,,,,,,,,,,,,,,,,,,,,,,,,,,,,,
2026-01-29 11:00:00+00:00,e1108,Level 11,50.0,Maintenance Soon,50.0,50.0,50.0,50.0,50.0,,,3.1666666666642413,2.195506963712736,0.9711597029515056,,,,,,,,,,,,,,,,,,,,,,,,,,,,,,,,,,,,,,,,,,,,,,,,,,,,,,,,,,,,,,,,,,,,,
2026-01-29 12:00:00+00:00,e1108,Level 11,50.0,Maintenance Soon,50.0,50.0,50.0,50.0,50.0,,,3.06690476190488,2.691273826805021,0.3756309350998585,,,,,,,,,,,,,,,,,,,,,,,,,,,,,,,,,,,,,,,,,,,,,,,,,,,,,,,,,,,,,,,,,,,,,
2026-01-29 13:00:00+00:00,e1108,Level 11,50.0,Maintenance Soon,50.0,50.0,50.0,50.0,50.0,,,2.935714285718859,2.8696183318582675,0.0660959538605916,,,,,,,,,,,,,,,,,,,,,,,,,,,,,,,,,,,,,,,,,,,,,,,,,,,,,,,,,,,,,,,,,,,,,
2026-01-29 14:00:00+00:00,e1108,Level 11,50.0,Maintenance Soon,50.0,50.0,50.0,50.0,50.0,,,2.571428571427532,2.7844566544578506,-0.2130280830303186,,,,,,,,,,,,,,,,,,,,,,,,,,,,,,,,,,,,,,,,,,,,,,,,,,,,,,,,,,,,,,,,,,,,,
2026-01-29 15:00:00+00:00,e1108,Level 11,50.0,Maintenance Soon,50.0,50.0,50.0,50.0,50.0,,,2.745952380948438,2.7973087448929923,-0.0513563639445542,,,,,,,,,,,,,,,,,,,,,,,,,,,,,,,,,,,,,,,,,,,,,,,,,,,,,,,,,,,,,,,,,,,,,
2026-01-29 16:00:00+00:00,e1108,Level 11,50.0,Maintenance Soon,50.0,50.0,50.0,50.0,50.0,,,3.1209195402298064,2.987244326557023,0.1336752136727832,,,,,,,,,,,,,,,,,,,,,,,,,,,,,,,,,,,,,,,,,,,,,,,,,,,,,,,,,,,,,,,,,,,,,
2026-01-29 17:00:00+00:00,e1108,Level 11,50.0,Maintenance Soon,50.0,50.0,50.0,50.0,50.0,,,3.065517241382622,3.0280842911876484,0.0374329501949737,,,,,,,,,,,,,,,,,,,,,,,,,,,,,,,,,,,,,,,,,,,,,,,,,,,,,,,,,,,,,,,,,,,,,
2026-01-29 18:00:00+00:00,e1108,Level 11,50.0,Maintenance Soon,50.0,50.0,50.0,50.0,50.0,,,3.093563218390045,2.9657176539937304,0.1278455643963147,,,,,,,,,,,,,,,,,,,,,,,,,,,,,,,,,,,,,,,,,,,,,,,,,,,,,,,,,,,,,,,,,,,,,
2026-01-29 19:00:00+00:00,e1108,Level 11,50.0,Maintenance Soon,50.0,50.0,50.0,50.0,50.0,,,3.163333333333867,3.064035388662888,0.0992979446709796,,,,,,,,,,,,,,,,,,,,,,,,,,,,,,,,,,,,,,,,,,,,,,,,,,,,,,,,,,,,,,,,,,,,,
2026-01-29 20:00:00+00:00,e1108,Level 11,50.0,Maintenance Soon,50.0,50.0,50.0,50.0,50.0,,,3.0571428571420256,3.1656367304046094,-0.1084938732625837,,,,,,,,,,,,,,,,,,,,,,,,,,,,,,,,,,,,,,,,,,,,,,,,,,,,,,,,,,,,,,,,,,,,,
2026-01-29 21:00:00+00:00,e1108,Level 11,50.0,Maintenance Soon,50.0,50.0,50.0,50.0,50.0,,,3.1218894009216456,3.2514975152759384,-0.1296081143542928,,,,,,,,,,,,,,,,,,,,,,,,,,,,,,,,,,,,,,,,,,,,,,,,,,,,,,,,,,,,,,,,,,,,,
2026-01-29 22:00:00+00:00,e1108,Level 11,50.0,Maintenance Soon,50.0,50.0,50.0,50.0,50.0,,,3.355342741935601,3.265097312310293,0.0902454296253076,,,,,,,,,,,,,,,,,,,,,,,,,,,,,,,,,,,,,,,,,,,,,,,,,,,,,,,,,,,,,,,,,,,,,
2026-01-29 23:00:00+00:00,e1108,Level 11,50.0,Maintenance Soon,50.0,50.0,50.0,50.0,50.0,,,3.331754032260505,3.3395872262190096,-0.0078331939585041,,,,,,,,,,,,,,,,,,,,,,,,,,,,,,,,,,,,,,,,,,,,,,,,,,,,,,,,,,,,,,,,,,,,,
2026-01-30 00:00:00+00:00,e1108,Level 11,50.0,Maintenance Soon,50.0,50.0,50.0,50.0,50.0,,,3.207204301070305,3.323426293291656,-0.1162219922213503,,,,,,,,,,,,,,,,,,,,,,,,,,,,,,,,,,,,,,,,,,,,,,,,,,,,,,,,,,,,,,,,,,,,,
2026-01-30 01:00:00+00:00,e1108,Level 11,50.0,Maintenance Soon,50.0,50.0,50.0,50.0,50.0,,,3.1700000000055297,3.205026299864888,-0.0350262998593584,,,,,,,,,,,,,,,,,,,,,,,,,,,,,,,,,,,,,,,,,,,,,,,,,,,,,,,,,,,,,,,,,,,,,
2026-01-30 02:00:00+00:00,e1108,Level 11,50.0,Maintenance Soon,50.0,50.0,50.0,50.0,50.0,,,2.970952380946983,3.0678637566149214,-0.0969113756679385,,,,,,,,,,,,,,,,,,,,,,,,,,,,,,,,,,,,,,,,,,,,,,,,,,,,,,,,,,,,,,,,,,,,,
2026-01-30 03:00:00+00:00,e1108,Level 11,50.0,Maintenance Soon,50.0,50.0,50.0,50.0,50.0,,,2.350000000002183,3.027325498574404,-0.677325498572221,,,,,,,,,,,,,,,,,,,,,,,,,,,,,,,,,,,,,,,,,,,,,,,,,,,,,,,,,,,,,,,,,,,,,
2026-01-30 04:00:00+00:00,e1108,Level 11,50.0,Maintenance Soon,50.0,50.0,50.0,50.0,50.0,,,2.630158730160474,3.0166717190853283,-0.3865129889248542,,,,,,,,,,,,,,,,,,,,,,,,,,,,,,,,,,,,,,,,,,,,,,,,,,,,,,,,,,,,,,,,,,,,,
2026-01-30 05:00:00+00:00,e1108,Level 11,50.0,Maintenance Soon,50.0,50.0,50.0,50.0,50.0,,,2.862962962961319,2.9615655843360096,-0.0986026213746904,,,,,,,,,,,,,,,,,,,,,,,,,,,,,,,,,,,,,,,,,,,,,,,,,,,,,,,,,,,,,,,,,,,,,
2026-01-30 06:00:00+00:00,e1108,Level 11,50.0,Maintenance Soon,50.0,50.0,50.0,50.0,50.0,,,2.829629629628471,3.316117600931951,-0.4864879713034802,,,,,,,,,,,,,,,,,,,,,,,,,,,,,,,,,,,,,,,,,,,,,,,,,,,,,,,,,,,,,,,,,,,,,
2026-01-30 07:00:00+00:00,e1108,Level 11,50.0,Maintenance Soon,50.0,50.0,50.0,50.0,50.0,,,2.827248677247553,8.658979649982939,-5.831730972735386,,,,,,,,,,,,,,,,,,,,,,,,,,,,,,,,,,,,,,,,,,,,,,,,,,,,,,,,,,,,,,,,,,,,,
2026-01-30 08:00:00+00:00,e1108,Level 11,50.0,Maintenance Soon,50.0,50.0,50.0,50.0,50.0,,,2.9142857142869616,2.945426807758244,-0.0311410934712816,,,,,,,,,,,,,,,,,,,,,,,,,,,,,,,,,,,,,,,,,,,,,,,,,,,,,,,,,,,,,,,,,,,,,
2026-01-30 09:00:00+00:00,e1108,Level 11,50.0,Maintenance Soon,50.0,50.0,50.0,50.0,50.0,,,2.906613756615116,2.986870400779784,-0.0802566441646681,,,,,,,,,,,,,,,,,,,,,,,,,,,,,,,,,,,,,,,,,,,,,,,,,,,,,,,,,,,,,,,,,,,,,
2026-01-30 10:00:00+00:00,e1108,Level 11,50.0,Maintenance Soon,50.0,50.0,50.0,50.0,50.0,,,2.84695767195808,3.069228243020916,-0.2222705710628361,,,,,,,,,,,,,,,,,,,,,,,,,,,,,,,,,,,,,,,,,,,,,,,,,,,,,,,,,,,,,,,,,,,,,
2026-01-30 11:00:00+00:00,e1108,Level 11,50.0,Maintenance Soon,50.0,50.0,50.0,50.0,50.0,,,2.981650246303616,3.1002681992322323,-0.1186179529286164,,,,,,,,,,,,,,,,,,,,,,,,,,,,,,,,,,,,,,,,,,,,,,,,,,,,,,,,,,,,,,,,,,,,,
2026-01-30 12:00:00+00:00,e1108,Level 11,50.0,Maintenance Soon,50.0,50.0,50.0,50.0,50.0,,,2.975492610836227,3.1019431643641533,-0.1264505535279263,,,,,,,,,,,,,,,,,,,,,,,,,,,,,,,,,,,,,,,,,,,,,,,,,,,,,,,,,,,,,,,,,,,,,
2026-01-30 13:00:00+00:00,e1108,Level 11,50.0,Maintenance Soon,50.0,50.0,50.0,50.0,50.0,,,3.0934729064065323,3.09616999487965,-0.0026970884731176,,,,,,,,,,,,,,,,,,,,,,,,,,,,,,,,,,,,,,,,,,,,,,,,,,,,,,,,,,,,,,,,,,,,,
2026-01-30 14:00:00+00:00,e1108,Level 11,50.0,Maintenance Soon,50.0,50.0,50.0,50.0,50.0,,,2.9529556650268205,2.991569380440827,-0.0386137154140064,,,,,,,,,,,,,,,,,,,,,,,,,,,,,,,,,,,,,,,,,,,,,,,,,,,,,,,,,,,,,,,,,,,,,
2026-01-30 15:00:00+00:00,e1108,Level 11,50.0,Maintenance Soon,50.0,50.0,50.0,50.0,50.0,,,3.02980295566158,3.0494214029689224,-0.0196184473073421,,,,,,,,,,,,,,,,,,,,,,,,,,,,,,,,,,,,,,,,,,,,,,,,,,,,,,,,,,,,,,,,,,,,,
2026-01-30 16:00:00+00:00,e1108,Level 11,50.0,Maintenance Soon,50.0,50.0,50.0,50.0,50.0,,,2.9974457215867005,3.165754542083353,-0.1683088204966529,,,,,,,,,,,,,,,,,,,,,,,,,,,,,,,,,,,,,,,,,,,,,,,,,,,,,,,,,,,,,,,,,,,,,
2026-01-30 17:00:00+00:00,e1108,Level 11,50.0,Maintenance Soon,50.0,50.0,50.0,50.0,50.0,,,2.9303703703699284,3.1228426646897183,-0.1924722943197898,,,,,,,,,,,,,,,,,,,,,,,,,,,,,,,,,,,,,,,,,,,,,,,,,,,,,,,,,,,,,,,,,,,,,
2026-01-30 18:00:00+00:00,e1108,Level 11,50.0,Maintenance Soon,50.0,50.0,50.0,50.0,50.0,,,3.1899999999986903,3.143553330861323,0.0464466691373672,,,,,,,,,,,,,,,,,,,,,,,,,,,,,,,,,,,,,,,,,,,,,,,,,,,,,,,,,,,,,,,,,,,,,
2026-01-30 19:00:00+00:00,e1108,Level 11,50.0,Maintenance Soon,50.0,50.0,50.0,50.0,50.0,,,3.163333333333867,3.196106630824943,-0.0327732974910759,,,,,,,,,,,,,,,,,,,,,,,,,,,,,,,,,,,,,,,,,,,,,,,,,,,,,,,,,,,,,,,,,,,,,
2026-01-30 20:00:00+00:00,e1108,Level 11,50.0,Maintenance Soon,50.0,50.0,50.0,50.0,50.0,,,3.2113978494599,3.1597868663593545,0.0516109831005451,,,,,,,,,,,,,,,,,,,,,,,,,,,,,,,,,,,,,,,,,,,,,,,,,,,,,,,,,,,,,,,,,,,,,
2026-01-30 21:00:00+00:00,e1108,Level 11,50.0,Maintenance Soon,50.0,50.0,50.0,50.0,50.0,,,3.235268817206816,3.2170455709165253,0.0182232462902902,,,,,,,,,,,,,,,,,,,,,,,,,,,,,,,,,,,,,,,,,,,,,,,,,,,,,,,,,,,,,,,,,,,,,
2026-01-30 22:00:00+00:00,e1108,Level 11,50.0,Maintenance Soon,50.0,50.0,50.0,50.0,50.0,,,3.1899999999986903,3.318443100357399,-0.1284431003587087,,,,,,,,,,,,,,,,,,,,,,,,,,,,,,,,,,,,,,,,,,,,,,,,,,,,,,,,,,,,,,,,,,,,,
2026-01-30 23:00:00+00:00,e1108,Level 11,50.0,Maintenance Soon,50.0,50.0,50.0,50.0,50.0,,,3.288541666668607,3.3035035842306875,-0.0149619175620805,,,,,,,,,,,,,,,,,,,,,,,,,,,,,,,,,,,,,,,,,,,,,,,,,,,,,,,,,,,,,,,,,,,,,
2026-01-31 00:00:00+00:00,e1108,Level 11,50.0,Maintenance Soon,50.0,50.0,50.0,50.0,50.0,,,3.261458333330665,3.1967629928294627,0.0646953405012027,,,,,,,,,,,,,,,,,,,,,,,,,,,,,,,,,,,,,,,,,,,,,,,,,,,,,,,,,,,,,,,,,,,,,
2026-01-31 01:00:00+00:00,e1108,Level 11,50.0,Maintenance Soon,50.0,50.0,50.0,50.0,50.0,,,2.912820512821781,3.173763440863695,-0.2609429280419135,,,,,,,,,,,,,,,,,,,,,,,,,,,,,,,,,,,,,,,,,,,,,,,,,,,,,,,,,,,,,,,,,,,,,
2026-01-31 02:00:00+00:00,e1108,Level 11,50.0,Maintenance Soon,50.0,50.0,50.0,50.0,50.0,,,2.8752747252765403,3.072539682537657,-0.1972649572611167,,,,,,,,,,,,,,,,,,,,,,,,,,,,,,,,,,,,,,,,,,,,,,,,,,,,,,,,,,,,,,,,,,,,,
2026-01-31 03:00:00+00:00,e1108,Level 11,50.0,Maintenance Soon,50.0,50.0,50.0,50.0,50.0,,,2.9958128078797017,2.8683256528408188,0.1274871550388829,,,,,,,,,,,,,,,,,,,,,,,,,,,,,,,,,,,,,,,,,,,,,,,,,,,,,,,,,,,,,,,,,,,,,
2026-01-31 04:00:00+00:00,e1108,Level 11,50.0,Maintenance Soon,50.0,50.0,50.0,50.0,50.0,,,3.0,2.94092265951258,0.0590773404874198,,,,,,,,,,,,,,,,,,,,,,,,,,,,,,,,,,,,,,,,,,,,,,,,,,,,,,,,,,,,,,,,,,,,,
2026-01-31 05:00:00+00:00,e1108,Level 11,50.0,Maintenance Soon,50.0,50.0,50.0,50.0,50.0,,,3.0470443349731795,2.9906017758294183,0.0564425591437611,,,,,,,,,,,,,,,,,,,,,,,,,,,,,,,,,,,,,,,,,,,,,,,,,,,,,,,,,,,,,,,,,,,,,
2026-01-31 06:00:00+00:00,e1108,Level 11,50.0,Maintenance Soon,50.0,50.0,50.0,50.0,50.0,,,2.8892857142891444,2.9597369701405114,-0.070451255851367,,,,,,,,,,,,,,,,,,,,,,,,,,,,,,,,,,,,,,,,,,,,,,,,,,,,,,,,,,,,,,,,,,,,,
2026-01-31 07:00:00+00:00,e1108,Level 11,50.0,Maintenance Soon,50.0,50.0,50.0,50.0,50.0,,,2.975000000002183,2.9116006811394377,0.063399318862745,,,,,,,,,,,,,,,,,,,,,,,,,,,,,,,,,,,,,,,,,,,,,,,,,,,,,,,,,,,,,,,,,,,,,
2026-01-31 08:00:00+00:00,e1108,Level 11,50.0,Maintenance Soon,50.0,50.0,50.0,50.0,50.0,,,2.9071428571369324,2.932833424559552,-0.0256905674226195,,,,,,,,,,,,,,,,,,,,,,,,,,,,,,,,,,,,,,,,,,,,,,,,,,,,,,,,,,,,,,,,,,,,,
2026-01-31 09:00:00+00:00,e1108,Level 11,50.0,Maintenance Soon,50.0,50.0,50.0,50.0,50.0,,,3.0209523809535312,2.929795900990333,0.0911564799631983,,,,,,,,,,,,,,,,,,,,,,,,,,,,,,,,,,,,,,,,,,,,,,,,,,,,,,,,,,,,,,,,,,,,,
2026-01-31 10:00:00+00:00,e1108,Level 11,50.0,Maintenance Soon,50.0,50.0,50.0,50.0,50.0,,,3.0254761904761835,2.881062519004141,0.1444136714720421,,,,,,,,,,,,,,,,,,,,,,,,,,,,,,,,,,,,,,,,,,,,,,,,,,,,,,,,,,,,,,,,,,,,,
2026-01-31 11:00:00+00:00,e1108,Level 11,50.0,Maintenance Soon,50.0,50.0,50.0,50.0,50.0,,,2.955788177339855,2.9642419266553284,-0.0084537493154734,,,,,,,,,,,,,,,,,,,,,,,,,,,,,,,,,,,,,,,,,,,,,,,,,,,,,,,,,,,,,,,,,,,,,
2026-01-31 12:00:00+00:00,e1108,Level 11,50.0,Maintenance Soon,50.0,50.0,50.0,50.0,50.0,,,3.1427141268104606,3.026490280205811,0.1162238466046496,,,,,,,,,,,,,,,,,,,,,,,,,,,,,,,,,,,,,,,,,,,,,,,,,,,,,,,,,,,,,,,,,,,,,
2026-01-31 13:00:00+00:00,e1108,Level 11,50.0,Maintenance Soon,50.0,50.0,50.0,50.0,50.0,,,3.2093548387056217,3.117633967194706,0.0917208715109154,,,,,,,,,,,,,,,,,,,,,,,,,,,,,,,,,,,,,,,,,,,,,,,,,,,,,,,,,,,,,,,,,,,,,
2026-01-31 14:00:00+00:00,e1108,Level 11,50.0,Maintenance Soon,50.0,50.0,50.0,50.0,50.0,,,3.1700000000055297,3.0057489509223765,0.1642510490831532,,,,,,,,,,,,,,,,,,,,,,,,,,,,,,,,,,,,,,,,,,,,,,,,,,,,,,,,,,,,,,,,,,,,,
2026-01-31 15:00:00+00:00,e1108,Level 11,50.0,Maintenance Soon,50.0,50.0,50.0,50.0,50.0,,,3.0435714285667927,2.9954771027175107,0.048094325849282,,,,,,,,,,,,,,,,,,,,,,,,,,,,,,,,,,,,,,,,,,,,,,,,,,,,,,,,,,,,,,,,,,,,,
2026-01-31 16:00:00+00:00,e1108,Level 11,50.0,Maintenance Soon,50.0,50.0,50.0,50.0,50.0,,,3.102880184334936,3.01842060451357,0.0844595798213654,,,,,,,,,,,,,,,,,,,,,,,,,,,,,,,,,,,,,,,,,,,,,,,,,,,,,,,,,,,,,,,,,,,,,
2026-01-31 17:00:00+00:00,e1108,Level 11,50.0,Maintenance Soon,50.0,50.0,50.0,50.0,50.0,,,3.2268817204276274,2.9914124551481414,0.235469265279486,,,,,,,,,,,,,,,,,,,,,,,,,,,,,,,,,,,,,,,,,,,,,,,,,,,,,,,,,,,,,,,,,,,,,
2026-01-31 18:00:00+00:00,e1108,Level 11,50.0,Maintenance Soon,50.0,50.0,50.0,50.0,50.0,,,3.091666666667152,3.026551724137486,0.0651149425296657,,,,,,,,,,,,,,,,,,,,,,,,,,,,,,,,,,,,,,,,,,,,,,,,,,,,,,,,,,,,,,,,,,,,,
2026-01-31 19:00:00+00:00,e1108,Level 11,50.0,Maintenance Soon,50.0,50.0,50.0,50.0,50.0,,,2.9681034482782707,14.551283524904042,-11.583180076625773,,,,,,,,,,,,,,,,,,,,,,,,,,,,,,,,,,,,,,,,,,,,,,,,,,,,,,,,,,,,,,,,,,,,,
2026-01-31 20:00:00+00:00,e1108,Level 11,50.0,Maintenance Soon,50.0,50.0,50.0,50.0,50.0,,,3.1802298850525403,3.155499408513909,0.0247304765386311,,,,,,,,,,,,,,,,,,,,,,,,,,,,,,,,,,,,,,,,,,,,,,,,,,,,,,,,,,,,,,,,,,,,,
2026-01-31 21:00:00+00:00,e1108,Level 11,50.0,Maintenance Soon,50.0,50.0,50.0,50.0,50.0,,,3.099080459774996,3.1713040944972213,-0.0722236347222256,,,,,,,,,,,,,,,,,,,,,,,,,,,,,,,,,,,,,,,,,,,,,,,,,,,,,,,,,,,,,,,,,,,,,
2026-01-31 22:00:00+00:00,e1108,Level 11,50.0,Maintenance Soon,50.0,50.0,50.0,50.0,50.0,,,3.1609195402270416,3.030368545884509,0.1305509943425327,,,,,,,,,,,,,,,,,,,,,,,,,,,,,,,,,,,,,,,,,,,,,,,,,,,,,,,,,,,,,,,,,,,,,
2026-01-31 23:00:00+00:00,e1108,Level 11,50.0,Maintenance Soon,50.0,50.0,50.0,50.0,50.0,,,3.1827956989254744,3.095082215836252,0.0877134830892223,,,,,,,,,,,,,,,,,,,,,,,,,,,,,,,,,,,,,,,,,,,,,,,,,,,,,,,,,,,,,,,,,,,,,
2026-02-01 00:00:00+00:00,e1108,Level 11,50.0,Maintenance Soon,50.0,50.0,50.0,50.0,50.0,,,3.19053763440752,3.008736430396917,0.1818012040106018,,,,,,,,,,,,,,,,,,,,,,,,,,,,,,,,,,,,,,,,,,,,,,,,,,,,,,,,,,,,,,,,,,,,,
2026-02-01 01:00:00+00:00,e1108,Level 11,50.0,Maintenance Soon,50.0,50.0,50.0,50.0,50.0,,,3.150000000001455,2.9484442760306897,0.2015557239707655,,,,,,,,,,,,,,,,,,,,,,,,,,,,,,,,,,,,,,,,,,,,,,,,,,,,,,,,,,,,,,,,,,,,,
2026-02-01 02:00:00+00:00,e1108,Level 11,50.0,Maintenance Soon,50.0,50.0,50.0,50.0,50.0,,,3.1599999999998545,2.979623065106958,0.1803769348928958,,,,,,,,,,,,,,,,,,,,,,,,,,,,,,,,,,,,,,,,,,,,,,,,,,,,,,,,,,,,,,,,,,,,,
2026-02-01 03:00:00+00:00,e1108,Level 11,50.0,Maintenance Soon,50.0,50.0,50.0,50.0,50.0,,,3.145402298850968,3.0490224293886663,0.0963798694623014,,,,,,,,,,,,,,,,,,,,,,,,,,,,,,,,,,,,,,,,,,,,,,,,,,,,,,,,,,,,,,,,,,,,,
2026-02-01 04:00:00+00:00,e1108,Level 11,50.0,Maintenance Soon,50.0,50.0,50.0,50.0,50.0,,,2.9307881773384,3.049461953612384,-0.1186737762739844,,,,,,,,,,,,,,,,,,,,,,,,,,,,,,,,,,,,,,,,,,,,,,,,,,,,,,,,,,,,,,,,,,,,,
2026-02-01 05:00:00+00:00,e1108,Level 11,50.0,Maintenance Soon,50.0,50.0,50.0,50.0,50.0,,,3.0243842364543525,3.048333333332266,-0.0239490968779136,,,,,,,,,,,,,,,,,,,,,,,,,,,,,,,,,,,,,,,,,,,,,,,,,,,,,,,,,,,,,,,,,,,,,
2026-02-01 06:00:00+00:00,e1108,Level 11,50.0,Maintenance Soon,50.0,50.0,50.0,50.0,50.0,,,2.960536398466502,2.9359478197414624,0.0245885787250395,,,,,,,,,,,,,,,,,,,,,,,,,,,,,,,,,,,,,,,,,,,,,,,,,,,,,,,,,,,,,,,,,,,,,
2026-02-01 07:00:00+00:00,e1108,Level 11,50.0,Maintenance Soon,50.0,50.0,50.0,50.0,50.0,,,2.932567049811041,3.02397828863468,-0.091411238823639,,,,,,,,,,,,,,,,,,,,,,,,,,,,,,,,,,,,,,,,,,,,,,,,,,,,,,,,,,,,,,,,,,,,,
2026-02-01 08:00:00+00:00,e1108,Level 11,50.0,Maintenance Soon,50.0,50.0,50.0,50.0,50.0,,,2.88595146870648,2.941811105027833,-0.0558596363213532,,,,,,,,,,,,,,,,,,,,,,,,,,,,,,,,,,,,,,,,,,,,,,,,,,,,,,,,,,,,,,,,,,,,,
2026-02-01 09:00:00+00:00,e1108,Level 11,50.0,Maintenance Soon,50.0,50.0,50.0,50.0,50.0,,,3.007151979567425,2.990246913578934,0.016905065988491,,,,,,,,,,,,,,,,,,,,,,,,,,,,,,,,,,,,,,,,,,,,,,,,,,,,,,,,,,,,,,,,,,,,,
2026-02-01 10:00:00+00:00,e1108,Level 11,50.0,Maintenance Soon,50.0,50.0,50.0,50.0,50.0,,,2.9655172413768014,3.0304351395752747,-0.0649178981984732,,,,,,,,,,,,,,,,,,,,,,,,,,,,,,,,,,,,,,,,,,,,,,,,,,,,,,,,,,,,,,,,,,,,,
2026-02-01 11:00:00+00:00,e1108,Level 11,50.0,Maintenance Soon,50.0,50.0,50.0,50.0,50.0,,,3.0689655172427592,3.060779967158548,0.0081855500842116,,,,,,,,,,,,,,,,,,,,,,,,,,,,,,,,,,,,,,,,,,,,,,,,,,,,,,,,,,,,,,,,,,,,,
2026-02-01 12:00:00+00:00,e1108,Level 11,50.0,Maintenance Soon,50.0,50.0,50.0,50.0,50.0,,,3.0420689655184106,3.123280187863808,-0.0812112223453973,,,,,,,,,,,,,,,,,,,,,,,,,,,,,,,,,,,,,,,,,,,,,,,,,,,,,,,,,,,,,,,,,,,,,
2026-02-01 13:00:00+00:00,e1108,Level 11,50.0,Maintenance Soon,50.0,50.0,50.0,50.0,50.0,,,3.157931034482317,3.1440761339727032,0.0138549005096137,,,,,,,,,,,,,,,,,,,,,,,,,,,,,,,,,,,,,,,,,,,,,,,,,,,,,,,,,,,,,,,,,,,,,
2026-02-01 14:00:00+00:00,e1108,Level 11,50.0,Maintenance Soon,50.0,50.0,50.0,50.0,50.0,,,3.037931034483336,3.146666666669868,-0.1087356321865322,,,,,,,,,,,,,,,,,,,,,,,,,,,,,,,,,,,,,,,,,,,,,,,,,,,,,,,,,,,,,,,,,,,,,
2026-02-01 15:00:00+00:00,e1108,Level 11,50.0,Maintenance Soon,50.0,50.0,50.0,50.0,50.0,,,3.1725250278104795,3.1056349206325344,0.066890107177945,,,,,,,,,,,,,,,,,,,,,,,,,,,,,,,,,,,,,,,,,,,,,,,,,,,,,,,,,,,,,,,,,,,,,
2026-02-01 16:00:00+00:00,e1108,Level 11,50.0,Maintenance Soon,50.0,50.0,50.0,50.0,50.0,,,3.203225806450064,3.1298711972764672,0.0733546091735966,,,,,,,,,,,,,,,,,,,,,,,,,,,,,,,,,,,,,,,,,,,,,,,,,,,,,,,,,,,,,,,,,,,,,
2026-02-01 17:00:00+00:00,e1108,Level 11,50.0,Maintenance Soon,50.0,50.0,50.0,50.0,50.0,,,3.267741935484082,3.125566679025117,0.1421752564589646,,,,,,,,,,,,,,,,,,,,,,,,,,,,,,,,,,,,,,,,,,,,,,,,,,,,,,,,,,,,,,,,,,,,,
2026-02-01 18:00:00+00:00,e1108,Level 11,50.0,Maintenance Soon,50.0,50.0,50.0,50.0,50.0,,,3.2838709677416773,3.1194827586211127,0.1643882091205646,,,,,,,,,,,,,,,,,,,,,,,,,,,,,,,,,,,,,,,,,,,,,,,,,,,,,,,,,,,,,,,,,,,,,
2026-02-01 19:00:00+00:00,e1108,Level 11,50.0,Maintenance Soon,50.0,50.0,50.0,50.0,50.0,,,3.312903225807532,3.058065134099403,0.2548380917081281,,,,,,,,,,,,,,,,,,,,,,,,,,,,,,,,,,,,,,,,,,,,,,,,,,,,,,,,,,,,,,,,,,,,,
2026-02-01 20:00:00+00:00,e1108,Level 11,50.0,Maintenance Soon,50.0,50.0,50.0,50.0,50.0,,,3.416223908920074,3.166899023605462,0.2493248853146119,,,,,,,,,,,,,,,,,,,,,,,,,,,,,,,,,,,,,,,,,,,,,,,,,,,,,,,,,,,,,,,,,,,,,
2026-02-01 21:00:00+00:00,e1108,Level 11,50.0,Maintenance Soon,50.0,50.0,50.0,50.0,50.0,,,3.4289373813990096,3.1204572982326986,0.308480083166311,,,,,,,,,,,,,,,,,,,,,,,,,,,,,,,,,,,,,,,,,,,,,,,,,,,,,,,,,,,,,,,,,,,,,
2026-02-01 22:00:00+00:00,e1108,Level 11,50.0,Maintenance Soon,50.0,50.0,50.0,50.0,50.0,,,3.396285434995661,3.150897988506282,0.2453874464893792,,,,,,,,,,,,,,,,,,,,,,,,,,,,,,,,,,,,,,,,,,,,,,,,,,,,,,,,,,,,,,,,,,,,,
2026-02-01 23:00:00+00:00,e1108,Level 11,50.0,Maintenance Soon,50.0,50.0,50.0,50.0,50.0,,,3.4174242424269323,3.226099910394017,0.1913243320329152,,,,,,,,,,,,,,,,,,,,,,,,,,,,,,,,,,,,,,,,,,,,,,,,,,,,,,,,,,,,,,,,,,,,,
2026-02-02 00:00:00+00:00,e1108,Level 11,50.0,Maintenance Soon,50.0,50.0,50.0,50.0,50.0,,,3.235344827586232,3.126033178154709,0.1093116494315231,,,,,,,,,,,,,,,,,,,,,,,,,,,,,,,,,,,,,,,,,,,,,,,,,,,,,,,,,,,,,,,,,,,,,
2026-02-02 01:00:00+00:00,e1108,Level 11,50.0,Maintenance Soon,50.0,50.0,50.0,50.0,50.0,,,3.0729885057480715,2.9854363558952173,0.0875521498528542,,,,,,,,,,,,,,,,,,,,,,,,,,,,,,,,,,,,,,,,,,,,,,,,,,,,,,,,,,,,,,,,,,,,,
2026-02-02 02:00:00+00:00,e1108,Level 11,50.0,Maintenance Soon,50.0,50.0,50.0,50.0,50.0,,,3.130459770112793,3.006828437634492,0.1236313324783018,,,,,,,,,,,,,,,,,,,,,,,,,,,,,,,,,,,,,,,,,,,,,,,,,,,,,,,,,,,,,,,,,,,,,
2026-02-02 03:00:00+00:00,e1108,Level 11,50.0,Maintenance Soon,50.0,50.0,50.0,50.0,50.0,,,2.9491698595156777,2.9510284947051937,-0.001858635189516,,,,,,,,,,,,,,,,,,,,,,,,,,,,,,,,,,,,,,,,,,,,,,,,,,,,,,,,,,,,,,,,,,,,,
2026-02-02 04:00:00+00:00,e1108,Level 11,50.0,Maintenance Soon,50.0,50.0,50.0,50.0,50.0,,,2.813960113959183,2.8258304913482184,-0.0118703773890351,,,,,,,,,,,,,,,,,,,,,,,,,,,,,,,,,,,,,,,,,,,,,,,,,,,,,,,,,,,,,,,,,,,,,
2026-02-02 05:00:00+00:00,e1108,Level 11,50.0,Maintenance Soon,50.0,50.0,50.0,50.0,50.0,,,2.723076923077315,2.8872489579383305,-0.1641720348610156,,,,,,,,,,,,,,,,,,,,,,,,,,,,,,,,,,,,,,,,,,,,,,,,,,,,,,,,,,,,,,,,,,,,,
2026-02-02 06:00:00+00:00,e1108,Level 11,50.0,Maintenance Soon,50.0,50.0,50.0,50.0,50.0,,,2.929629629627016,2.824693248003314,0.1049363816237018,,,,,,,,,,,,,,,,,,,,,,,,,,,,,,,,,,,,,,,,,,,,,,,,,,,,,,,,,,,,,,,,,,,,,
2026-02-02 07:00:00+00:00,e1108,Level 11,50.0,Maintenance Soon,50.0,50.0,50.0,50.0,50.0,,,2.6819088319134607,2.7988027732183887,-0.1168939413049279,,,,,,,,,,,,,,,,,,,,,,,,,,,,,,,,,,,,,,,,,,,,,,,,,,,,,,,,,,,,,,,,,,,,,
2026-02-02 08:00:00+00:00,e1108,Level 11,50.0,Maintenance Soon,50.0,50.0,50.0,50.0,50.0,,,2.8662393162376247,2.7853453749315427,0.080893941306082,,,,,,,,,,,,,,,,,,,,,,,,,,,,,,,,,,,,,,,,,,,,,,,,,,,,,,,,,,,,,,,,,,,,,
2026-02-02 09:00:00+00:00,e1108,Level 11,50.0,Maintenance Soon,50.0,50.0,50.0,50.0,50.0,,,2.7102222222201817,2.864969531105696,-0.1547473088855135,,,,,,,,,,,,,,,,,,,,,,,,,,,,,,,,,,,,,,,,,,,,,,,,,,,,,,,,,,,,,,,,,,,,,
2026-02-02 10:00:00+00:00,e1108,Level 11,50.0,Maintenance Soon,50.0,50.0,50.0,50.0,50.0,,,2.7834285714270663,2.907738855439675,-0.1243102840126084,,,,,,,,,,,,,,,,,,,,,,,,,,,,,,,,,,,,,,,,,,,,,,,,,,,,,,,,,,,,,,,,,,,,,
2026-02-02 11:00:00+00:00,e1108,Level 11,50.0,Maintenance Soon,50.0,50.0,50.0,50.0,50.0,,,2.8892857142891444,2.998471690079896,-0.1091859757907514,,,,,,,,,,,,,,,,,,,,,,,,,,,,,,,,,,,,,,,,,,,,,,,,,,,,,,,,,,,,,,,,,,,,,
2026-02-02 12:00:00+00:00,e1108,Level 11,50.0,Maintenance Soon,50.0,50.0,50.0,50.0,50.0,,,3.053078817734786,3.0677620636706706,-0.0146832459358847,,,,,,,,,,,,,,,,,,,,,,,,,,,,,,,,,,,,,,,,,,,,,,,,,,,,,,,,,,,,,,,,,,,,,
2026-02-02 13:00:00+00:00,e1108,Level 11,50.0,Maintenance Soon,50.0,50.0,50.0,50.0,50.0,,,3.011206896549993,3.118100005296583,-0.1068931087465898,,,,,,,,,,,,,,,,,,,,,,,,,,,,,,,,,,,,,,,,,,,,,,,,,,,,,,,,,,,,,,,,,,,,,
2026-02-02 14:00:00+00:00,e1108,Level 11,50.0,Maintenance Soon,50.0,50.0,50.0,50.0,50.0,,,2.815740740741603,2.9829118773947507,-0.1671711366531476,,,,,,,,,,,,,,,,,,,,,,,,,,,,,,,,,,,,,,,,,,,,,,,,,,,,,,,,,,,,,,,,,,,,,
2026-02-02 15:00:00+00:00,e1108,Level 11,50.0,Maintenance Soon,50.0,50.0,50.0,50.0,50.0,,,2.959259259259852,3.0745964652087423,-0.1153372059488901,,,,,,,,,,,,,,,,,,,,,,,,,,,,,,,,,,,,,,,,,,,,,,,,,,,,,,,,,,,,,,,,,,,,,
2026-02-02 16:00:00+00:00,e1108,Level 11,50.0,Maintenance Soon,50.0,50.0,50.0,50.0,50.0,,,3.0344827586231986,3.139793597825095,-0.1053108392018962,,,,,,,,,,,,,,,,,,,,,,,,,,,,,,,,,,,,,,,,,,,,,,,,,,,,,,,,,,,,,,,,,,,,,
2026-02-02 17:00:00+00:00,e1108,Level 11,50.0,Maintenance Soon,50.0,50.0,50.0,50.0,50.0,,,3.1221839080426435,3.2381630824359795,-0.115979174393336,,,,,,,,,,,,,,,,,,,,,,,,,,,,,,,,,,,,,,,,,,,,,,,,,,,,,,,,,,,,,,,,,,,,,
2026-02-02 18:00:00+00:00,e1108,Level 11,50.0,Maintenance Soon,50.0,50.0,50.0,50.0,50.0,,,3.029047619049379,3.205877209244742,-0.1768295901953629,,,,,,,,,,,,,,,,,,,,,,,,,,,,,,,,,,,,,,,,,,,,,,,,,,,,,,,,,,,,,,,,,,,,,
2026-02-02 19:00:00+00:00,e1108,Level 11,50.0,Maintenance Soon,50.0,50.0,50.0,50.0,50.0,,,3.055665024628979,3.2260313929073163,-0.1703663682783371,,,,,,,,,,,,,,,,,,,,,,,,,,,,,,,,,,,,,,,,,,,,,,,,,,,,,,,,,,,,,,,,,,,,,
2026-02-02 20:00:00+00:00,e1108,Level 11,50.0,Maintenance Soon,50.0,50.0,50.0,50.0,50.0,,,3.1319540229851555,3.308900964099545,-0.1769469411143895,,,,,,,,,,,,,,,,,,,,,,,,,,,,,,,,,,,,,,,,,,,,,,,,,,,,,,,,,,,,,,,,,,,,,
2026-02-02 21:00:00+00:00,e1108,Level 11,50.0,Maintenance Soon,50.0,50.0,50.0,50.0,50.0,,,3.056296296301298,3.343177888945017,-0.2868815926437187,,,,,,,,,,,,,,,,,,,,,,,,,,,,,,,,,,,,,,,,,,,,,,,,,,,,,,,,,,,,,,,,,,,,,
2026-02-02 22:00:00+00:00,e1108,Level 11,50.0,Maintenance Soon,50.0,50.0,50.0,50.0,50.0,,,2.989725209077733,3.280087976540623,-0.2903627674628901,,,,,,,,,,,,,,,,,,,,,,,,,,,,,,,,,,,,,,,,,,,,,,,,,,,,,,,,,,,,,,,,,,,,,
2026-02-02 23:00:00+00:00,e1108,Level 11,50.0,Maintenance Soon,50.0,50.0,50.0,50.0,50.0,,,3.3837701612901583,3.355912349300828,0.0278578119893304,,,,,,,,,,,,,,,,,,,,,,,,,,,,,,,,,,,,,,,,,,,,,,,,,,,,,,,,,,,,,,,,,,,,,
2026-02-03 00:00:00+00:00,e1108,Level 11,50.0,Maintenance Soon,50.0,50.0,50.0,50.0,50.0,,,3.3355846774211386,3.209872866597531,0.1257118108236077,,,,,,,,,,,,,,,,,,,,,,,,,,,,,,,,,,,,,,,,,,,,,,,,,,,,,,,,,,,,,,,,,,,,,
2026-02-03 01:00:00+00:00,e1108,Level 11,50.0,Maintenance Soon,50.0,50.0,50.0,50.0,50.0,,,3.027956989248196,3.1004139299390467,-0.0724569406908508,,,,,,,,,,,,,,,,,,,,,,,,,,,,,,,,,,,,,,,,,,,,,,,,,,,,,,,,,,,,,,,,,,,,,
2026-02-03 02:00:00+00:00,e1108,Level 11,50.0,Maintenance Soon,50.0,50.0,50.0,50.0,50.0,,,2.9404761904734187,3.1112718938141675,-0.1707957033407487,,,,,,,,,,,,,,,,,,,,,,,,,,,,,,,,,,,,,,,,,,,,,,,,,,,,,,,,,,,,,,,,,,,,,
2026-02-03 03:00:00+00:00,e1108,Level 11,50.0,Maintenance Soon,50.0,50.0,50.0,50.0,50.0,,,2.8298941798930173,2.993853007359576,-0.1639588274665584,,,,,,,,,,,,,,,,,,,,,,,,,,,,,,,,,,,,,,,,,,,,,,,,,,,,,,,,,,,,,,,,,,,,,
2026-02-03 04:00:00+00:00,e1108,Level 11,50.0,Maintenance Soon,50.0,50.0,50.0,50.0,50.0,,,3.0146871008983,2.9418454895458126,0.0728416113524872,,,,,,,,,,,,,,,,,,,,,,,,,,,,,,,,,,,,,,,,,,,,,,,,,,,,,,,,,,,,,,,,,,,,,
2026-02-03 05:00:00+00:00,e1108,Level 11,50.0,Maintenance Soon,50.0,50.0,50.0,50.0,50.0,,,3.048275862067385,2.9390141467726303,0.1092617152947545,,,,,,,,,,,,,,,,,,,,,,,,,,,,,,,,,,,,,,,,,,,,,,,,,,,,,,,,,,,,,,,,,,,,,
2026-02-03 06:00:00+00:00,e1108,Level 11,50.0,Maintenance Soon,50.0,50.0,50.0,50.0,50.0,,,3.0499999999992724,2.925159642398891,0.1248403576003815,,,,,,,,,,,,,,,,,,,,,,,,,,,,,,,,,,,,,,,,,,,,,,,,,,,,,,,,,,,,,,,,,,,,,
2026-02-03 07:00:00+00:00,e1108,Level 11,50.0,Maintenance Soon,50.0,50.0,50.0,50.0,50.0,,,3.030000000002474,2.800936100937785,0.2290638990646889,,,,,,,,,,,,,,,,,,,,,,,,,,,,,,,,,,,,,,,,,,,,,,,,,,,,,,,,,,,,,,,,,,,,,
2026-02-03 08:00:00+00:00,e1108,Level 11,50.0,Maintenance Soon,50.0,50.0,50.0,50.0,50.0,,,3.05928571428376,2.90461945461963,0.1546662596641304,,,,,,,,,,,,,,,,,,,,,,,,,,,,,,,,,,,,,,,,,,,,,,,,,,,,,,,,,,,,,,,,,,,,,
2026-02-03 09:00:00+00:00,e1108,Level 11,50.0,Maintenance Soon,50.0,50.0,50.0,50.0,50.0,,,2.9710591133007256,2.8292010581996387,0.1418580551010868,,,,,,,,,,,,,,,,,,,,,,,,,,,,,,,,,,,,,,,,,,,,,,,,,,,,,,,,,,,,,,,,,,,,,
2026-02-03 10:00:00+00:00,e1108,Level 11,50.0,Maintenance Soon,50.0,50.0,50.0,50.0,50.0,,,2.996798029555066,2.837730158731574,0.1590678708234918,,,,,,,,,,,,,,,,,,,,,,,,,,,,,,,,,,,,,,,,,,,,,,,,,,,,,,,,,,,,,,,,,,,,,
2026-02-03 11:00:00+00:00,e1108,Level 11,50.0,Maintenance Soon,50.0,50.0,50.0,50.0,50.0,,,3.0307881773405825,2.946154898741952,0.0846332785986305,,,,,,,,,,,,,,,,,,,,,,,,,,,,,,,,,,,,,,,,,,,,,,,,,,,,,,,,,,,,,,,,,,,,,
2026-02-03 12:00:00+00:00,e1108,Level 11,50.0,Maintenance Soon,50.0,50.0,50.0,50.0,50.0,,,2.9620689655166643,3.004014778324441,-0.0419458128077772,,,,,,,,,,,,,,,,,,,,,,,,,,,,,,,,,,,,,,,,,,,,,,,,,,,,,,,,,,,,,,,,,,,,,
2026-02-03 13:00:00+00:00,e1108,Level 11,50.0,Maintenance Soon,50.0,50.0,50.0,50.0,50.0,,,2.8703703703686188,2.9504580285623283,-0.0800876581937095,,,,,,,,,,,,,,,,,,,,,,,,,,,,,,,,,,,,,,,,,,,,,,,,,,,,,,,,,,,,,,,,,,,,,
2026-02-03 14:00:00+00:00,e1108,Level 11,50.0,Maintenance Soon,50.0,50.0,50.0,50.0,50.0,,,2.701629629635136,2.7612065095393823,-0.0595768799042466,,,,,,,,,,,,,,,,,,,,,,,,,,,,,,,,,,,,,,,,,,,,,,,,,,,,,,,,,,,,,,,,,,,,,
2026-02-03 15:00:00+00:00,e1108,Level 11,50.0,Maintenance Soon,50.0,50.0,50.0,50.0,50.0,,,2.900413793100597,2.862922569265114,0.0374912238354832,,,,,,,,,,,,,,,,,,,,,,,,,,,,,,,,,,,,,,,,,,,,,,,,,,,,,,,,,,,,,,,,,,,,,
2026-02-03 16:00:00+00:00,e1108,Level 11,50.0,Maintenance Soon,50.0,50.0,50.0,50.0,50.0,,,3.1042528735633823,3.06732860144742,0.036924272115963,,,,,,,,,,,,,,,,,,,,,,,,,,,,,,,,,,,,,,,,,,,,,,,,,,,,,,,,,,,,,,,,,,,,,
2026-02-03 17:00:00+00:00,e1108,Level 11,50.0,Maintenance Soon,50.0,50.0,50.0,50.0,50.0,,,3.109540229885169,3.171629644609008,-0.0620894147238382,,,,,,,,,,,,,,,,,,,,,,,,,,,,,,,,,,,,,,,,,,,,,,,,,,,,,,,,,,,,,,,,,,,,,
2026-02-03 18:00:00+00:00,e1108,Level 11,50.0,Maintenance Soon,50.0,50.0,50.0,50.0,50.0,,,3.1037931034479698,3.0270171763719795,0.0767759270759902,,,,,,,,,,,,,,,,,,,,,,,,,,,,,,,,,,,,,,,,,,,,,,,,,,,,,,,,,,,,,,,,,,,,,
2026-02-03 19:00:00+00:00,e1108,Level 11,50.0,Maintenance Soon,50.0,50.0,50.0,50.0,50.0,,,3.280967741935456,3.183229547380809,0.0977381945546462,,,,,,,,,,,,,,,,,,,,,,,,,,,,,,,,,,,,,,,,,,,,,,,,,,,,,,,,,,,,,,,,,,,,,
2026-02-03 20:00:00+00:00,e1108,Level 11,50.0,Maintenance Soon,50.0,50.0,50.0,50.0,50.0,,,3.238709677418228,3.1643932241119423,0.0743164533062858,,,,,,,,,,,,,,,,,,,,,,,,,,,,,,,,,,,,,,,,,,,,,,,,,,,,,,,,,,,,,,,,,,,,,
2026-02-03 21:00:00+00:00,e1108,Level 11,50.0,Maintenance Soon,50.0,50.0,50.0,50.0,50.0,,,3.2317018909925537,3.184399189024892,0.0473027019676615,,,,,,,,,,,,,,,,,,,,,,,,,,,,,,,,,,,,,,,,,,,,,,,,,,,,,,,,,,,,,,,,,,,,,
2026-02-03 22:00:00+00:00,e1108,Level 11,50.0,Maintenance Soon,50.0,50.0,50.0,50.0,50.0,,,3.2398706896528893,3.161465302666329,0.0784053869865601,,,,,,,,,,,,,,,,,,,,,,,,,,,,,,,,,,,,,,,,,,,,,,,,,,,,,,,,,,,,,,,,,,,,,
2026-02-03 23:00:00+00:00,e1108,Level 11,50.0,Maintenance Soon,50.0,50.0,50.0,50.0,50.0,,,3.2864919354869926,3.39379757010344,-0.1073056346164471,,,,,,,,,,,,,,,,,,,,,,,,,,,,,,,,,,,,,,,,,,,,,,,,,,,,,,,,,,,,,,,,,,,,,
2026-02-04 00:00:00+00:00,e1108,Level 11,50.0,Maintenance Soon,50.0,50.0,50.0,50.0,50.0,,,3.287096774191013,3.329412555346304,-0.0423157811552905,,,,,,,,,,,,,,,,,,,,,,,,,,,,,,,,,,,,,,,,,,,,,,,,,,,,,,,,,,,,,,,,,,,,,
2026-02-04 01:00:00+00:00,e1108,Level 11,50.0,Maintenance Soon,50.0,50.0,50.0,50.0,50.0,,,3.238494623656152,3.117452725249071,0.1210418984070806,,,,,,,,,,,,,,,,,,,,,,,,,,,,,,,,,,,,,,,,,,,,,,,,,,,,,,,,,,,,,,,,,,,,,
2026-02-04 02:00:00+00:00,e1108,Level 11,50.0,Maintenance Soon,50.0,50.0,50.0,50.0,50.0,,,3.134252873565856,3.0451778872472155,0.0890749863186406,,,,,,,,,,,,,,,,,,,,,,,,,,,,,,,,,,,,,,,,,,,,,,,,,,,,,,,,,,,,,,,,,,,,,
2026-02-04 03:00:00+00:00,e1108,Level 11,50.0,Maintenance Soon,50.0,50.0,50.0,50.0,50.0,,,2.98669950738622,2.951412455147268,0.0352870522389516,,,,,,,,,,,,,,,,,,,,,,,,,,,,,,,,,,,,,,,,,,,,,,,,,,,,,,,,,,,,,,,,,,,,,
2026-02-04 04:00:00+00:00,e1108,Level 11,50.0,Maintenance Soon,50.0,50.0,50.0,50.0,50.0,,,2.843406593408872,2.918343672081392,-0.0749370786725194,,,,,,,,,,,,,,,,,,,,,,,,,,,,,,,,,,,,,,,,,,,,,,,,,,,,,,,,,,,,,,,,,,,,,
2026-02-04 05:00:00+00:00,e1108,Level 11,50.0,Maintenance Soon,50.0,50.0,50.0,50.0,50.0,,,2.876790450922272,2.917041621637812,-0.0402511707155404,,,,,,,,,,,,,,,,,,,,,,,,,,,,,,,,,,,,,,,,,,,,,,,,,,,,,,,,,,,,,,,,,,,,,
2026-02-04 06:00:00+00:00,e1108,Level 11,50.0,Maintenance Soon,50.0,50.0,50.0,50.0,50.0,,,10.452473763125454,2.858877492876976,7.593596270248478,,,,,,,,,,,,,,,,,,,,,,,,,,,,,,,,,,,,,,,,,,,,,,,,,,,,,,,,,,,,,,,,,,,,,
2026-02-04 07:00:00+00:00,e1108,Level 11,50.0,Maintenance Soon,50.0,50.0,50.0,50.0,50.0,,,9.509043478257809,2.831382716050333,6.677660762207475,,,,,,,,,,,,,,,,,,,,,,,,,,,,,,,,,,,,,,,,,,,,,,,,,,,,,,,,,,,,,,,,,,,,,
2026-02-04 08:00:00+00:00,e1108,Level 11,50.0,Maintenance Soon,50.0,50.0,50.0,50.0,50.0,,,2.6501538461525342,2.4786754850089587,0.1714783611435755,,,,,,,,,,,,,,,,,,,,,,,,,,,,,,,,,,,,,,,,,,,,,,,,,,,,,,,,,,,,,,,,,,,,,
2026-02-04 09:00:00+00:00,e1108,Level 11,50.0,Maintenance Soon,50.0,50.0,50.0,50.0,50.0,,,2.846438746437343,3.115353037765696,-0.2689142913283526,,,,,,,,,,,,,,,,,,,,,,,,,,,,,,,,,,,,,,,,,,,,,,,,,,,,,,,,,,,,,,,,,,,,,
2026-02-04 10:00:00+00:00,e1108,Level 11,50.0,Maintenance Soon,50.0,50.0,50.0,50.0,50.0,,,2.793121693124704,2.822833775420198,-0.0297120822954943,,,,,,,,,,,,,,,,,,,,,,,,,,,,,,,,,,,,,,,,,,,,,,,,,,,,,,,,,,,,,,,,,,,,,
2026-02-04 11:00:00+00:00,e1108,Level 11,50.0,Maintenance Soon,50.0,50.0,50.0,50.0,50.0,,,3.028571428571013,2.8973616268776823,0.1312098016933305,,,,,,,,,,,,,,,,,,,,,,,,,,,,,,,,,,,,,,,,,,,,,,,,,,,,,,,,,,,,,,,,,,,,,
2026-02-04 12:00:00+00:00,e1108,Level 11,50.0,Maintenance Soon,50.0,50.0,50.0,50.0,50.0,,,2.9071428571405704,2.8827886825844566,0.0243541745561137,,,,,,,,,,,,,,,,,,,,,,,,,,,,,,,,,,,,,,,,,,,,,,,,,,,,,,,,,,,,,,,,,,,,,
2026-02-04 13:00:00+00:00,e1108,Level 11,50.0,Maintenance Soon,50.0,50.0,50.0,50.0,50.0,,,3.0371921182304504,2.879374856729555,0.1578172615008952,,,,,,,,,,,,,,,,,,,,,,,,,,,,,,,,,,,,,,,,,,,,,,,,,,,,,,,,,,,,,,,,,,,,,
2026-02-04 14:00:00+00:00,e1108,Level 11,50.0,Maintenance Soon,50.0,50.0,50.0,50.0,50.0,,,3.086206896550721,2.848648131776524,0.2375587647741972,,,,,,,,,,,,,,,,,,,,,,,,,,,,,,,,,,,,,,,,,,,,,,,,,,,,,,,,,,,,,,,,,,,,,
2026-02-04 15:00:00+00:00,e1108,Level 11,50.0,Maintenance Soon,50.0,50.0,50.0,50.0,50.0,,,3.096551724138408,2.891349248451055,0.2052024756873529,,,,,,,,,,,,,,,,,,,,,,,,,,,,,,,,,,,,,,,,,,,,,,,,,,,,,,,,,,,,,,,,,,,,,
2026-02-04 16:00:00+00:00,e1108,Level 11,50.0,Maintenance Soon,50.0,50.0,50.0,50.0,50.0,,,3.0952873563219327,3.0492701886238742,0.0460171676980585,,,,,,,,,,,,,,,,,,,,,,,,,,,,,,,,,,,,,,,,,,,,,,,,,,,,,,,,,,,,,,,,,,,,,
2026-02-04 17:00:00+00:00,e1108,Level 11,50.0,Maintenance Soon,50.0,50.0,50.0,50.0,50.0,,,3.1288505747106683,3.100827926091976,0.0280226486186925,,,,,,,,,,,,,,,,,,,,,,,,,,,,,,,,,,,,,,,,,,,,,,,,,,,,,,,,,,,,,,,,,,,,,
2026-02-04 18:00:00+00:00,e1108,Level 11,50.0,Maintenance Soon,50.0,50.0,50.0,50.0,50.0,,,3.0744827586204337,2.9999519884392307,0.074530770181203,,,,,,,,,,,,,,,,,,,,,,,,,,,,,,,,,,,,,,,,,,,,,,,,,,,,,,,,,,,,,,,,,,,,,
2026-02-04 19:00:00+00:00,e1108,Level 11,50.0,Maintenance Soon,50.0,50.0,50.0,50.0,50.0,,,3.2793548387126066,3.1220331639669894,0.1573216747456172,,,,,,,,,,,,,,,,,,,,,,,,,,,,,,,,,,,,,,,,,,,,,,,,,,,,,,,,,,,,,,,,,,,,,
2026-02-04 20:00:00+00:00,e1108,Level 11,50.0,Maintenance Soon,50.0,50.0,50.0,50.0,50.0,,,3.3306451612879755,3.1229037554949173,0.2077414057930582,,,,,,,,,,,,,,,,,,,,,,,,,,,,,,,,,,,,,,,,,,,,,,,,,,,,,,,,,,,,,,,,,,,,,
2026-02-04 21:00:00+00:00,e1108,Level 11,50.0,Maintenance Soon,50.0,50.0,50.0,50.0,50.0,,,3.266666666666424,3.198953864083402,0.067712802583022,,,,,,,,,,,,,,,,,,,,,,,,,,,,,,,,,,,,,,,,,,,,,,,,,,,,,,,,,,,,,,,,,,,,,
2026-02-04 22:00:00+00:00,e1108,Level 11,50.0,Maintenance Soon,50.0,50.0,50.0,50.0,50.0,,,3.247849462368322,3.203494458127049,0.044355004241273,,,,,,,,,,,,,,,,,,,,,,,,,,,,,,,,,,,,,,,,,,,,,,,,,,,,,,,,,,,,,,,,,,,,,
2026-02-04 23:00:00+00:00,e1108,Level 11,50.0,Maintenance Soon,50.0,50.0,50.0,50.0,50.0,,,3.2451612903205387,3.278368480411397,-0.0332071900908581,,,,,,,,,,,,,,,,,,,,,,,,,,,,,,,,,,,,,,,,,,,,,,,,,,,,,,,,,,,,,,,,,,,,,
2026-02-05 00:00:00+00:00,e1108,Level 11,50.0,Maintenance Soon,50.0,50.0,50.0,50.0,50.0,,,3.3569892473133223,3.250954301074671,0.1060349462386511,,,,,,,,,,,,,,,,,,,,,,,,,,,,,,,,,,,,,,,,,,,,,,,,,,,,,,,,,,,,,,,,,,,,,
2026-02-05 01:00:00+00:00,e1108,Level 11,50.0,Maintenance Soon,50.0,50.0,50.0,50.0,50.0,,,3.236781609193713,3.16545314900092,0.071328460192793,,,,,,,,,,,,,,,,,,,,,,,,,,,,,,,,,,,,,,,,,,,,,,,,,,,,,,,,,,,,,,,,,,,,,
2026-02-05 02:00:00+00:00,e1108,Level 11,50.0,Maintenance Soon,50.0,50.0,50.0,50.0,50.0,,,3.0172413793079613,3.115286672142247,-0.0980452928342856,,,,,,,,,,,,,,,,,,,,,,,,,,,,,,,,,,,,,,,,,,,,,,,,,,,,,,,,,,,,,,,,,,,,,
2026-02-05 03:00:00+00:00,e1108,Level 11,50.0,Maintenance Soon,50.0,50.0,50.0,50.0,50.0,,,3.0758620689703093,3.0620149151606406,0.0138471538096687,,,,,,,,,,,,,,,,,,,,,,,,,,,,,,,,,,,,,,,,,,,,,,,,,,,,,,,,,,,,,,,,,,,,,
2026-02-05 04:00:00+00:00,e1108,Level 11,50.0,Maintenance Soon,50.0,50.0,50.0,50.0,50.0,,,3.010344827584049,2.9690282514420687,0.0413165761419804,,,,,,,,,,,,,,,,,,,,,,,,,,,,,,,,,,,,,,,,,,,,,,,,,,,,,,,,,,,,,,,,,,,,,
2026-02-05 05:00:00+00:00,e1108,Level 11,50.0,Maintenance Soon,50.0,50.0,50.0,50.0,50.0,,,3.154393770855677,2.8150056839695026,0.3393880868861743,,,,,,,,,,,,,,,,,,,,,,,,,,,,,,,,,,,,,,,,,,,,,,,,,,,,,,,,,,,,,,,,,,,,,
2026-02-05 06:00:00+00:00,e1108,Level 11,50.0,Maintenance Soon,50.0,50.0,50.0,50.0,50.0,,,3.182043010754569,5.77985728340597,-2.5978142726514006,,,,,,,,,,,,,,,,,,,,,,,,,,,,,,,,,,,,,,,,,,,,,,,,,,,,,,,,,,,,,,,,,,,,,
2026-02-05 07:00:00+00:00,e1108,Level 11,50.0,Maintenance Soon,50.0,50.0,50.0,50.0,50.0,,,3.070459770115121,10.833963482035566,-7.763503711920444,,,,,,,,,,,,,,,,,,,,,,,,,,,,,,,,,,,,,,,,,,,,,,,,,,,,,,,,,,,,,,,,,,,,,
2026-02-05 08:00:00+00:00,e1108,Level 11,50.0,Maintenance Soon,50.0,50.0,50.0,50.0,50.0,,,3.121690767518885,2.780912087912536,0.3407786796063496,,,,,,,,,,,,,,,,,,,,,,,,,,,,,,,,,,,,,,,,,,,,,,,,,,,,,,,,,,,,,,,,,,,,,
2026-02-05 09:00:00+00:00,e1108,Level 11,50.0,Maintenance Soon,50.0,50.0,50.0,50.0,50.0,,,3.147274749724602,2.8261362094696474,0.3211385402549545,,,,,,,,,,,,,,,,,,,,,,,,,,,,,,,,,,,,,,,,,,,,,,,,,,,,,,,,,,,,,,,,,,,,,
2026-02-05 10:00:00+00:00,e1108,Level 11,50.0,Maintenance Soon,50.0,50.0,50.0,50.0,50.0,,,3.1899686520373507,2.9013756613761266,0.2885929906612241,,,,,,,,,,,,,,,,,,,,,,,,,,,,,,,,,,,,,,,,,,,,,,,,,,,,,,,,,,,,,,,,,,,,,
2026-02-05 11:00:00+00:00,e1108,Level 11,50.0,Maintenance Soon,50.0,50.0,50.0,50.0,50.0,,,3.530213903737604,3.0300431794676115,0.5001707242699922,,,,,,,,,,,,,,,,,,,,,,,,,,,,,,,,,,,,,,,,,,,,,,,,,,,,,,,,,,,,,,,,,,,,,
2026-02-05 12:00:00+00:00,e1108,Level 11,50.0,Maintenance Soon,50.0,50.0,50.0,50.0,50.0,,,3.5558823529427173,2.976694033934715,0.579188319008002,,,,,,,,,,,,,,,,,,,,,,,,,,,,,,,,,,,,,,,,,,,,,,,,,,,,,,,,,,,,,,,,,,,,,
2026-02-05 13:00:00+00:00,e1108,Level 11,50.0,Maintenance Soon,50.0,50.0,50.0,50.0,50.0,,,3.607843137255258,2.9300713654192805,0.6777717718359781,,,,,,,,,,,,,,,,,,,,,,,,,,,,,,,,,,,,,,,,,,,,,,,,,,,,,,,,,,,,,,,,,,,,,
2026-02-05 14:00:00+00:00,e1108,Level 11,50.0,Maintenance Soon,50.0,50.0,50.0,50.0,50.0,,,3.4333333333343035,2.719394972842565,0.7139383604917384,,,,,,,,,,,,,,,,,,,,,,,,,,,,,,,,,,,,,,,,,,,,,,,,,,,,,,,,,,,,,,,,,,,,,
2026-02-05 15:00:00+00:00,e1108,Level 11,50.0,Maintenance Soon,50.0,50.0,50.0,50.0,50.0,,,3.5176470588230586,2.7964340448803946,0.721213013942664,,,,,,,,,,,,,,,,,,,,,,,,,,,,,,,,,,,,,,,,,,,,,,,,,,,,,,,,,,,,,,,,,,,,,
2026-02-05 16:00:00+00:00,e1108,Level 11,50.0,Maintenance Soon,50.0,50.0,50.0,50.0,50.0,,,3.382352941178397,3.111072796935332,0.2712801442430645,,,,,,,,,,,,,,,,,,,,,,,,,,,,,,,,,,,,,,,,,,,,,,,,,,,,,,,,,,,,,,,,,,,,,
2026-02-05 17:00:00+00:00,e1108,Level 11,50.0,Maintenance Soon,50.0,50.0,50.0,50.0,50.0,,,3.251612903222849,3.099233716476496,0.1523791867463537,,,,,,,,,,,,,,,,,,,,,,,,,,,,,,,,,,,,,,,,,,,,,,,,,,,,,,,,,,,,,,,,,,,,,
2026-02-05 18:00:00+00:00,e1108,Level 11,50.0,Maintenance Soon,50.0,50.0,50.0,50.0,50.0,,,3.1725250278104795,3.0549808429107848,0.1175441848996947,,,,,,,,,,,,,,,,,,,,,,,,,,,,,,,,,,,,,,,,,,,,,,,,,,,,,,,,,,,,,,,,,,,,,
2026-02-05 19:00:00+00:00,e1108,Level 11,50.0,Maintenance Soon,50.0,50.0,50.0,50.0,50.0,,,3.1661846496099315,3.183041651219052,-0.0168570016091202,,,,,,,,,,,,,,,,,,,,,,,,,,,,,,,,,,,,,,,,,,,,,,,,,,,,,,,,,,,,,,,,,,,,,
2026-02-05 20:00:00+00:00,e1108,Level 11,50.0,Maintenance Soon,50.0,50.0,50.0,50.0,50.0,,,3.2889877641828207,3.212318228364893,0.0766695358179276,,,,,,,,,,,,,,,,,,,,,,,,,,,,,,,,,,,,,,,,,,,,,,,,,,,,,,,,,,,,,,,,,,,,,
2026-02-05 21:00:00+00:00,e1108,Level 11,50.0,Maintenance Soon,50.0,50.0,50.0,50.0,50.0,,,3.1173563218399067,3.2151369687659703,-0.0977806469260635,,,,,,,,,,,,,,,,,,,,,,,,,,,,,,,,,,,,,,,,,,,,,,,,,,,,,,,,,,,,,,,,,,,,,
2026-02-05 22:00:00+00:00,e1108,Level 11,50.0,Maintenance Soon,50.0,50.0,50.0,50.0,50.0,,,3.1136781609202444,3.3352374551977846,-0.2215592942775401,,,,,,,,,,,,,,,,,,,,,,,,,,,,,,,,,,,,,,,,,,,,,,,,,,,,,,,,,,,,,,,,,,,,,
2026-02-05 23:00:00+00:00,e1108,Level 11,50.0,Maintenance Soon,50.0,50.0,50.0,50.0,50.0,,,3.169655172412604,3.314425205566901,-0.1447700331542969,,,,,,,,,,,,,,,,,,,,,,,,,,,,,,,,,,,,,,,,,,,,,,,,,,,,,,,,,,,,,,,,,,,,,
2026-02-06 00:00:00+00:00,e1108,Level 11,50.0,Maintenance Soon,50.0,50.0,50.0,50.0,50.0,,,3.0966666666681704,3.352592145360783,-0.2559254786926126,,,,,,,,,,,,,,,,,,,,,,,,,,,,,,,,,,,,,,,,,,,,,,,,,,,,,,,,,,,,,,,,,,,,,
2026-02-06 01:00:00+00:00,e1108,Level 11,50.0,Maintenance Soon,50.0,50.0,50.0,50.0,50.0,,,3.1299999999973807,3.2438766980158107,-0.11387669801843,,,,,,,,,,,,,,,,,,,,,,,,,,,,,,,,,,,,,,,,,,,,,,,,,,,,,,,,,,,,,,,,,,,,,
2026-02-06 02:00:00+00:00,e1108,Level 11,50.0,Maintenance Soon,50.0,50.0,50.0,50.0,50.0,,,3.1466666666674428,3.0188423645304283,0.1278243021370144,,,,,,,,,,,,,,,,,,,,,,,,,,,,,,,,,,,,,,,,,,,,,,,,,,,,,,,,,,,,,,,,,,,,,
2026-02-06 03:00:00+00:00,e1108,Level 11,50.0,Maintenance Soon,50.0,50.0,50.0,50.0,50.0,,,3.1900000000023283,2.7618258178614874,0.4281741821408409,,,,,,,,,,,,,,,,,,,,,,,,,,,,,,,,,,,,,,,,,,,,,,,,,,,,,,,,,,,,,,,,,,,,,
2026-02-06 04:00:00+00:00,e1108,Level 11,50.0,Maintenance Soon,50.0,50.0,50.0,50.0,50.0,,,3.230860215051507,2.8233912958045644,0.4074689192469427,,,,,,,,,,,,,,,,,,,,,,,,,,,,,,,,,,,,,,,,,,,,,,,,,,,,,,,,,,,,,,,,,,,,,
2026-02-06 05:00:00+00:00,e1108,Level 11,50.0,Maintenance Soon,50.0,50.0,50.0,50.0,50.0,,,3.18247311828236,3.0038972363957632,0.1785758818865965,,,,,,,,,,,,,,,,,,,,,,,,,,,,,,,,,,,,,,,,,,,,,,,,,,,,,,,,,,,,,,,,,,,,,
2026-02-06 06:00:00+00:00,e1108,Level 11,50.0,Maintenance Soon,50.0,50.0,50.0,50.0,50.0,,,3.10195402298632,3.0129220788136686,0.089031944172651,,,,,,,,,,,,,,,,,,,,,,,,,,,,,,,,,,,,,,,,,,,,,,,,,,,,,,,,,,,,,,,,,,,,,
2026-02-06 07:00:00+00:00,e1108,Level 11,50.0,Maintenance Soon,50.0,50.0,50.0,50.0,50.0,,,3.161379310342454,2.8946647205508875,0.2667145897915666,,,,,,,,,,,,,,,,,,,,,,,,,,,,,,,,,,,,,,,,,,,,,,,,,,,,,,,,,,,,,,,,,,,,,
2026-02-06 08:00:00+00:00,e1108,Level 11,50.0,Maintenance Soon,50.0,50.0,50.0,50.0,50.0,,,3.0800000000017462,2.9163872223301346,0.1636127776716116,,,,,,,,,,,,,,,,,,,,,,,,,,,,,,,,,,,,,,,,,,,,,,,,,,,,,,,,,,,,,,,,,,,,,
2026-02-06 09:00:00+00:00,e1108,Level 11,50.0,Maintenance Soon,50.0,50.0,50.0,50.0,50.0,,,3.1599999999998545,3.0206022564768014,0.1393977435230531,,,,,,,,,,,,,,,,,,,,,,,,,,,,,,,,,,,,,,,,,,,,,,,,,,,,,,,,,,,,,,,,,,,,,
2026-02-06 10:00:00+00:00,e1108,Level 11,50.0,Maintenance Soon,50.0,50.0,50.0,50.0,50.0,,,2.340000000000145,3.0295501539743177,-0.6895501539741722,,,,,,,,,,,,,,,,,,,,,,,,,,,,,,,,,,,,,,,,,,,,,,,,,,,,,,,,,,,,,,,,,,,,,
2026-02-06 11:00:00+00:00,e1108,Level 11,50.0,Maintenance Soon,50.0,50.0,50.0,50.0,50.0,,,1.4857142857144936,3.1901232990567223,-1.7044090133422287,,,,,,,,,,,,,,,,,,,,,,,,,,,,,,,,,,,,,,,,,,,,,,,,,,,,,,,,,,,,,,,,,,,,,
2026-02-06 12:00:00+00:00,e1108,Level 11,50.0,Maintenance Soon,50.0,50.0,50.0,50.0,50.0,,,1.4499999999970896,3.214902765704513,-1.7649027657074234,,,,,,,,,,,,,,,,,,,,,,,,,,,,,,,,,,,,,,,,,,,,,,,,,,,,,,,,,,,,,,,,,,,,,
2026-02-06 13:00:00+00:00,e1108,Level 11,50.0,Maintenance Soon,50.0,50.0,50.0,50.0,50.0,,,1.433516483517451,3.2793275701090656,-1.8458110865916144,,,,,,,,,,,,,,,,,,,,,,,,,,,,,,,,,,,,,,,,,,,,,,,,,,,,,,,,,,,,,,,,,,,,,
2026-02-06 14:00:00+00:00,e1108,Level 11,50.0,Maintenance Soon,50.0,50.0,50.0,50.0,50.0,,,1.3593406593427062,3.1709852216760432,-1.811644562333337,,,,,,,,,,,,,,,,,,,,,,,,,,,,,,,,,,,,,,,,,,,,,,,,,,,,,,,,,,,,,,,,,,,,,
2026-02-06 15:00:00+00:00,e1108,Level 11,50.0,Maintenance Soon,50.0,50.0,50.0,50.0,50.0,,,1.6514285714292782,3.2313722270506937,-1.5799436556214157,,,,,,,,,,,,,,,,,,,,,,,,,,,,,,,,,,,,,,,,,,,,,,,,,,,,,,,,,,,,,,,,,,,,,
2026-02-06 16:00:00+00:00,e1108,Level 11,50.0,Maintenance Soon,50.0,50.0,50.0,50.0,50.0,,,1.5199999999967986,3.182155109810992,-1.6621551098141936,,,,,,,,,,,,,,,,,,,,,,,,,,,,,,,,,,,,,,,,,,,,,,,,,,,,,,,,,,,,,,,,,,,,,
2026-02-06 17:00:00+00:00,e1108,Level 11,50.0,Maintenance Soon,50.0,50.0,50.0,50.0,50.0,,,1.4857142857181316,3.0962166467519032,-1.6105023610337716,,,,,,,,,,,,,,,,,,,,,,,,,,,,,,,,,,,,,,,,,,,,,,,,,,,,,,,,,,,,,,,,,,,,,
2026-02-06 18:00:00+00:00,e1108,Level 11,50.0,Maintenance Soon,50.0,50.0,50.0,50.0,50.0,,,1.4714285714253492,3.183207267335092,-1.711778695909743,,,,,,,,,,,,,,,,,,,,,,,,,,,,,,,,,,,,,,,,,,,,,,,,,,,,,,,,,,,,,,,,,,,,,
2026-02-06 19:00:00+00:00,e1108,Level 11,50.0,Maintenance Soon,50.0,50.0,50.0,50.0,50.0,,,1.509523809523671,3.2203904029168675,-1.7108665933931966,,,,,,,,,,,,,,,,,,,,,,,,,,,,,,,,,,,,,,,,,,,,,,,,,,,,,,,,,,,,,,,,,,,,,
2026-02-06 20:00:00+00:00,e1108,Level 11,50.0,Maintenance Soon,50.0,50.0,50.0,50.0,50.0,,,1.5761904761930057,3.246566709922869,-1.6703762337298635,,,,,,,,,,,,,,,,,,,,,,,,,,,,,,,,,,,,,,,,,,,,,,,,,,,,,,,,,,,,,,,,,,,,,
2026-02-06 21:00:00+00:00,e1108,Level 11,50.0,Maintenance Soon,50.0,50.0,50.0,50.0,50.0,,,1.575892857141298,3.20040909652865,-1.624516239387352,,,,,,,,,,,,,,,,,,,,,,,,,,,,,,,,,,,,,,,,,,,,,,,,,,,,,,,,,,,,,,,,,,,,,
2026-02-06 22:00:00+00:00,e1108,Level 11,50.0,Maintenance Soon,50.0,50.0,50.0,50.0,50.0,,,1.7000000000007276,3.196920498083879,-1.4969204980831514,,,,,,,,,,,,,,,,,,,,,,,,,,,,,,,,,,,,,,,,,,,,,,,,,,,,,,,,,,,,,,,,,,,,,
2026-02-06 23:00:00+00:00,e1108,Level 11,50.0,Maintenance Soon,50.0,50.0,50.0,50.0,50.0,,,1.6875,3.259260057471693,-1.5717600574716926,,,,,,,,,,,,,,,,,,,,,,,,,,,,,,,,,,,,,,,,,,,,,,,,,,,,,,,,,,,,,,,,,,,,,
2026-02-07 00:00:00+00:00,e1108,Level 11,50.0,Maintenance Soon,50.0,50.0,50.0,50.0,50.0,,,1.781985294117476,3.161167114695369,-1.3791818205778932,,,,,,,,,,,,,,,,,,,,,,,,,,,,,,,,,,,,,,,,,,,,,,,,,,,,,,,,,,,,,,,,,,,,,
2026-02-07 01:00:00+00:00,e1108,Level 11,50.0,Maintenance Soon,50.0,50.0,50.0,50.0,50.0,,,1.6403361344528091,3.080259167355204,-1.4399230329023944,,,,,,,,,,,,,,,,,,,,,,,,,,,,,,,,,,,,,,,,,,,,,,,,,,,,,,,,,,,,,,,,,,,,,
2026-02-07 02:00:00+00:00,e1108,Level 11,50.0,Maintenance Soon,50.0,50.0,50.0,50.0,50.0,,,1.4714285714289872,3.0617582417592835,-1.5903296703302965,,,,,,,,,,,,,,,,,,,,,,,,,,,,,,,,,,,,,,,,,,,,,,,,,,,,,,,,,,,,,,,,,,,,,
2026-02-07 03:00:00+00:00,e1108,Level 11,50.0,Maintenance Soon,50.0,50.0,50.0,50.0,50.0,,,1.5285714285710128,3.1264537316589363,-1.5978823030879237,,,,,,,,,,,,,,,,,,,,,,,,,,,,,,,,,,,,,,,,,,,,,,,,,,,,,,,,,,,,,,,,,,,,,
2026-02-07 04:00:00+00:00,e1108,Level 11,50.0,Maintenance Soon,50.0,50.0,50.0,50.0,50.0,,,1.6114285714284051,3.121632678285096,-1.5102041068566905,,,,,,,,,,,,,,,,,,,,,,,,,,,,,,,,,,,,,,,,,,,,,,,,,,,,,,,,,,,,,,,,,,,,,
2026-02-07 05:00:00+00:00,e1108,Level 11,50.0,Maintenance Soon,50.0,50.0,50.0,50.0,50.0,,,1.4957142857128929,3.1073104154517446,-1.6115961297388517,,,,,,,,,,,,,,,,,,,,,,,,,,,,,,,,,,,,,,,,,,,,,,,,,,,,,,,,,,,,,,,,,,,,,
2026-02-07 06:00:00+00:00,e1108,Level 11,50.0,Maintenance Soon,50.0,50.0,50.0,50.0,50.0,,,1.4928571428608848,3.04098795840279,-1.5481308155419051,,,,,,,,,,,,,,,,,,,,,,,,,,,,,,,,,,,,,,,,,,,,,,,,,,,,,,,,,,,,,,,,,,,,,
2026-02-07 07:00:00+00:00,e1108,Level 11,50.0,Maintenance Soon,50.0,50.0,50.0,50.0,50.0,,,31.371428571426804,3.0171072796935428,28.35432129173326,,,,,,,,,,,,,,,,,,,,,,,,,,,,,,,,,,,,,,,,,,,,,,,,,,,,,,,,,,,,,,,,,,,,,
2026-02-07 08:00:00+00:00,e1108,Level 11,50.0,Maintenance Soon,50.0,50.0,50.0,50.0,50.0,,,6.038461538464617,2.943862433861796,3.094599104602821,,,,,,,,,,,,,,,,,,,,,,,,,,,,,,,,,,,,,,,,,,,,,,,,,,,,,,,,,,,,,,,,,,,,,
2026-02-07 09:00:00+00:00,e1108,Level 11,50.0,Maintenance Soon,50.0,50.0,50.0,50.0,50.0,,,1.353846153844643,2.971280423279192,-1.6174342694345492,,,,,,,,,,,,,,,,,,,,,,,,,,,,,,,,,,,,,,,,,,,,,,,,,,,,,,,,,,,,,,,,,,,,,
2026-02-07 10:00:00+00:00,e1108,Level 11,50.0,Maintenance Soon,50.0,50.0,50.0,50.0,50.0,,,1.376923076924868,2.7182698412701334,-1.3413467643452657,,,,,,,,,,,,,,,,,,,,,,,,,,,,,,,,,,,,,,,,,,,,,,,,,,,,,,,,,,,,,,,,,,,,,
2026-02-07 11:00:00+00:00,e1108,Level 11,50.0,Maintenance Soon,50.0,50.0,50.0,50.0,50.0,,,1.3593406593390682,2.4627230432403544,-1.1033823839012862,,,,,,,,,,,,,,,,,,,,,,,,,,,,,,,,,,,,,,,,,,,,,,,,,,,,,,,,,,,,,,,,,,,,,
2026-02-07 12:00:00+00:00,e1108,Level 11,50.0,Maintenance Soon,50.0,50.0,50.0,50.0,50.0,,,1.5314285714302969,2.5870337411943183,-1.0556051697640214,,,,,,,,,,,,,,,,,,,,,,,,,,,,,,,,,,,,,,,,,,,,,,,,,,,,,,,,,,,,,,,,,,,,,
2026-02-07 13:00:00+00:00,e1108,Level 11,50.0,Maintenance Soon,50.0,50.0,50.0,50.0,50.0,,,1.416923076918465,2.610805086643571,-1.193882009725106,,,,,,,,,,,,,,,,,,,,,,,,,,,,,,,,,,,,,,,,,,,,,,,,,,,,,,,,,,,,,,,,,,,,,
2026-02-07 14:00:00+00:00,e1108,Level 11,50.0,Maintenance Soon,50.0,50.0,50.0,50.0,50.0,,,1.536410256412637,2.548247652732244,-1.0118373963196063,,,,,,,,,,,,,,,,,,,,,,,,,,,,,,,,,,,,,,,,,,,,,,,,,,,,,,,,,,,,,,,,,,,,,
2026-02-07 15:00:00+00:00,e1108,Level 11,50.0,Maintenance Soon,50.0,50.0,50.0,50.0,50.0,,,1.5599999999976717,2.5690613026818028,-1.009061302684131,,,,,,,,,,,,,,,,,,,,,,,,,,,,,,,,,,,,,,,,,,,,,,,,,,,,,,,,,,,,,,,,,,,,,
2026-02-07 16:00:00+00:00,e1108,Level 11,50.0,Maintenance Soon,50.0,50.0,50.0,50.0,50.0,,,1.4651282051308954,2.535787647650674,-1.0706594425197786,,,,,,,,,,,,,,,,,,,,,,,,,,,,,,,,,,,,,,,,,,,,,,,,,,,,,,,,,,,,,,,,,,,,,
2026-02-07 17:00:00+00:00,e1108,Level 11,50.0,Maintenance Soon,50.0,50.0,50.0,50.0,50.0,,,1.418681318678864,2.548246287762595,-1.1295649690837308,,,,,,,,,,,,,,,,,,,,,,,,,,,,,,,,,,,,,,,,,,,,,,,,,,,,,,,,,,,,,,,,,,,,,
2026-02-07 18:00:00+00:00,e1108,Level 11,50.0,Maintenance Soon,50.0,50.0,50.0,50.0,50.0,,,1.5828571428573923,2.487698412697985,-0.9048412698405932,,,,,,,,,,,,,,,,,,,,,,,,,,,,,,,,,,,,,,,,,,,,,,,,,,,,,,,,,,,,,,,,,,,,,
2026-02-07 19:00:00+00:00,e1108,Level 11,50.0,Maintenance Soon,50.0,50.0,50.0,50.0,50.0,,,1.5733333333337214,13.96754241926707,-12.39420908593335,,,,,,,,,,,,,,,,,,,,,,,,,,,,,,,,,,,,,,,,,,,,,,,,,,,,,,,,,,,,,,,,,,,,,
2026-02-07 20:00:00+00:00,e1108,Level 11,50.0,Maintenance Soon,50.0,50.0,50.0,50.0,50.0,,,1.5679166666668607,2.6308702791454075,-1.0629536124785468,,,,,,,,,,,,,,,,,,,,,,,,,,,,,,,,,,,,,,,,,,,,,,,,,,,,,,,,,,,,,,,,,,,,,
2026-02-07 21:00:00+00:00,e1108,Level 11,50.0,Maintenance Soon,50.0,50.0,50.0,50.0,50.0,,,1.78125,2.597902983032933,-0.8166529830329332,,,,,,,,,,,,,,,,,,,,,,,,,,,,,,,,,,,,,,,,,,,,,,,,,,,,,,,,,,,,,,,,,,,,,
2026-02-07 22:00:00+00:00,e1108,Level 11,50.0,Maintenance Soon,50.0,50.0,50.0,50.0,50.0,,,1.625,2.5848020434217083,-0.9598020434217084,,,,,,,,,,,,,,,,,,,,,,,,,,,,,,,,,,,,,,,,,,,,,,,,,,,,,,,,,,,,,,,,,,,,,
2026-02-07 23:00:00+00:00,e1108,Level 11,50.0,Maintenance Soon,50.0,50.0,50.0,50.0,50.0,,,1.6124999999992724,2.616407633996763,-1.0039076339974904,,,,,,,,,,,,,,,,,,,,,,,,,,,,,,,,,,,,,,,,,,,,,,,,,,,,,,,,,,,,,,,,,,,,,
2026-02-08 00:00:00+00:00,e1108,Level 11,50.0,Maintenance Soon,50.0,50.0,50.0,50.0,50.0,,,1.7000000000007276,2.61268005663563,-0.9126800566349024,,,,,,,,,,,,,,,,,,,,,,,,,,,,,,,,,,,,,,,,,,,,,,,,,,,,,,,,,,,,,,,,,,,,,
2026-02-08 01:00:00+00:00,e1108,Level 11,50.0,Maintenance Soon,50.0,50.0,50.0,50.0,50.0,,,1.6133333333345945,2.565826330531612,-0.9524929971970172,,,,,,,,,,,,,,,,,,,,,,,,,,,,,,,,,,,,,,,,,,,,,,,,,,,,,,,,,,,,,,,,,,,,,
2026-02-08 02:00:00+00:00,e1108,Level 11,50.0,Maintenance Soon,50.0,50.0,50.0,50.0,50.0,,,1.5733333333337214,2.576912442396861,-1.0035791090631392,,,,,,,,,,,,,,,,,,,,,,,,,,,,,,,,,,,,,,,,,,,,,,,,,,,,,,,,,,,,,,,,,,,,,
2026-02-08 03:00:00+00:00,e1108,Level 11,50.0,Maintenance Soon,50.0,50.0,50.0,50.0,50.0,,,1.627619047616463,2.634335328494975,-1.006716280878512,,,,,,,,,,,,,,,,,,,,,,,,,,,,,,,,,,,,,,,,,,,,,,,,,,,,,,,,,,,,,,,,,,,,,
2026-02-08 04:00:00+00:00,e1108,Level 11,50.0,Maintenance Soon,50.0,50.0,50.0,50.0,50.0,,,23.4142857142906,2.5766887370446057,20.837596977246,,,,,,,,,,,,,,,,,,,,,,,,,,,,,,,,,,,,,,,,,,,,,,,,,,,,,,,,,,,,,,,,,,,,,
2026-02-08 05:00:00+00:00,e1108,Level 11,50.0,Maintenance Soon,50.0,50.0,50.0,50.0,50.0,,,13.771428571424622,2.5466995073899548,11.224729064034667,,,,,,,,,,,,,,,,,,,,,,,,,,,,,,,,,,,,,,,,,,,,,,,,,,,,,,,,,,,,,,,,,,,,,
2026-02-08 06:00:00+00:00,e1108,Level 11,50.0,Maintenance Soon,50.0,50.0,50.0,50.0,50.0,,,1.5285714285710128,2.4626126619235342,-0.9340412333525214,,,,,,,,,,,,,,,,,,,,,,,,,,,,,,,,,,,,,,,,,,,,,,,,,,,,,,,,,,,,,,,,,,,,,
2026-02-08 07:00:00+00:00,e1108,Level 11,50.0,Maintenance Soon,50.0,50.0,50.0,50.0,50.0,,,1.464285714286234,12.453183725597532,-10.988898011311298,,,,,,,,,,,,,,,,,,,,,,,,,,,,,,,,,,,,,,,,,,,,,,,,,,,,,,,,,,,,,,,,,,,,,
2026-02-08 08:00:00+00:00,e1108,Level 11,50.0,Maintenance Soon,50.0,50.0,50.0,50.0,50.0,,,1.464285714286234,3.950112977699367,-2.485827263413133,,,,,,,,,,,,,,,,,,,,,,,,,,,,,,,,,,,,,,,,,,,,,,,,,,,,,,,,,,,,,,,,,,,,,
2026-02-08 09:00:00+00:00,e1108,Level 11,50.0,Maintenance Soon,50.0,50.0,50.0,50.0,50.0,,,1.556190476192569,2.4583574024945847,-0.9021669263020158,,,,,,,,,,,,,,,,,,,,,,,,,,,,,,,,,,,,,,,,,,,,,,,,,,,,,,,,,,,,,,,,,,,,,
2026-02-08 10:00:00+00:00,e1108,Level 11,50.0,Maintenance Soon,50.0,50.0,50.0,50.0,50.0,,,1.54666666666526,2.4575184202779687,-0.9108517536127088,,,,,,,,,,,,,,,,,,,,,,,,,,,,,,,,,,,,,,,,,,,,,,,,,,,,,,,,,,,,,,,,,,,,,
2026-02-08 11:00:00+00:00,e1108,Level 11,50.0,Maintenance Soon,50.0,50.0,50.0,50.0,50.0,,,1.5400000000008731,2.5171748557950195,-0.9771748557941464,,,,,,,,,,,,,,,,,,,,,,,,,,,,,,,,,,,,,,,,,,,,,,,,,,,,,,,,,,,,,,,,,,,,,
2026-02-08 12:00:00+00:00,e1108,Level 11,50.0,Maintenance Soon,50.0,50.0,50.0,50.0,50.0,,,1.5142857142818684,2.553541324576751,-1.0392556102948824,,,,,,,,,,,,,,,,,,,,,,,,,,,,,,,,,,,,,,,,,,,,,,,,,,,,,,,,,,,,,,,,,,,,,
2026-02-08 13:00:00+00:00,e1108,Level 11,50.0,Maintenance Soon,50.0,50.0,50.0,50.0,50.0,,,1.4500000000007276,2.5614647804274377,-1.1114647804267102,,,,,,,,,,,,,,,,,,,,,,,,,,,,,,,,,,,,,,,,,,,,,,,,,,,,,,,,,,,,,,,,,,,,,
2026-02-08 14:00:00+00:00,e1108,Level 11,50.0,Maintenance Soon,50.0,50.0,50.0,50.0,50.0,,,1.464285714286234,2.562558208076856,-1.098272493790622,,,,,,,,,,,,,,,,,,,,,,,,,,,,,,,,,,,,,,,,,,,,,,,,,,,,,,,,,,,,,,,,,,,,,
2026-02-08 15:00:00+00:00,e1108,Level 11,50.0,Maintenance Soon,50.0,50.0,50.0,50.0,50.0,,,1.4483516483524,2.643063898158289,-1.1947122498058889,,,,,,,,,,,,,,,,,,,,,,,,,,,,,,,,,,,,,,,,,,,,,,,,,,,,,,,,,,,,,,,,,,,,,
2026-02-08 16:00:00+00:00,e1108,Level 11,50.0,Maintenance Soon,50.0,50.0,50.0,50.0,50.0,,,1.403076923077606,2.588685053668693,-1.185608130591087,,,,,,,,,,,,,,,,,,,,,,,,,,,,,,,,,,,,,,,,,,,,,,,,,,,,,,,,,,,,,,,,,,,,,
2026-02-08 17:00:00+00:00,e1108,Level 11,50.0,Maintenance Soon,50.0,50.0,50.0,50.0,50.0,,,1.4892307692316535,2.583980165181856,-1.0947493959502026,,,,,,,,,,,,,,,,,,,,,,,,,,,,,,,,,,,,,,,,,,,,,,,,,,,,,,,,,,,,,,,,,,,,,
2026-02-08 18:00:00+00:00,e1108,Level 11,50.0,Maintenance Soon,50.0,50.0,50.0,50.0,50.0,,,1.4230769230780425,2.6600587954865964,-1.236981872408554,,,,,,,,,,,,,,,,,,,,,,,,,,,,,,,,,,,,,,,,,,,,,,,,,,,,,,,,,,,,,,,,,,,,,
2026-02-08 19:00:00+00:00,e1108,Level 11,50.0,Maintenance Soon,50.0,50.0,50.0,50.0,50.0,,,1.3648351648334938,2.6725386231616235,-1.3077034583281295,,,,,,,,,,,,,,,,,,,,,,,,,,,,,,,,,,,,,,,,,,,,,,,,,,,,,,,,,,,,,,,,,,,,,
2026-02-08 20:00:00+00:00,e1108,Level 11,50.0,Maintenance Soon,50.0,50.0,50.0,50.0,50.0,,,1.4197802197813871,2.719630099167261,-1.2998498793858744,,,,,,,,,,,,,,,,,,,,,,,,,,,,,,,,,,,,,,,,,,,,,,,,,,,,,,,,,,,,,,,,,,,,,
2026-02-08 21:00:00+00:00,e1108,Level 11,50.0,Maintenance Soon,50.0,50.0,50.0,50.0,50.0,,,1.3615384615332005,2.7899734727009977,-1.4284350111677973,,,,,,,,,,,,,,,,,,,,,,,,,,,,,,,,,,,,,,,,,,,,,,,,,,,,,,,,,,,,,,,,,,,,,
2026-02-08 22:00:00+00:00,e1108,Level 11,50.0,Maintenance Soon,50.0,50.0,50.0,50.0,50.0,,,1.5015384615398943,2.704030010900169,-1.2024915493602748,,,,,,,,,,,,,,,,,,,,,,,,,,,,,,,,,,,,,,,,,,,,,,,,,,,,,,,,,,,,,,,,,,,,,
2026-02-08 23:00:00+00:00,e1108,Level 11,50.0,Maintenance Soon,50.0,50.0,50.0,50.0,50.0,,,1.4957142857165309,2.7333080808081527,-1.2375937950916218,,,,,,,,,,,,,,,,,,,,,,,,,,,,,,,,,,,,,,,,,,,,,,,,,,,,,,,,,,,,,,,,,,,,,
2026-02-09 00:00:00+00:00,e1108,Level 11,50.0,Maintenance Soon,50.0,50.0,50.0,50.0,50.0,,,4.002747252743575,2.661287782035894,1.3414594707076808,,,,,,,,,,,,,,,,,,,,,,,,,,,,,,,,,,,,,,,,,,,,,,,,,,,,,,,,,,,,,,,,,,,,,
2026-02-09 01:00:00+00:00,e1108,Level 11,50.0,Maintenance Soon,50.0,50.0,50.0,50.0,50.0,,,33.1524475524493,2.4670455512981184,30.685402001151186,,,,,,,,,,,,,,,,,,,,,,,,,,,,,,,,,,,,,,,,,,,,,,,,,,,,,,,,,,,,,,,,,,,,,
2026-02-09 02:00:00+00:00,e1108,Level 11,50.0,Maintenance Soon,50.0,50.0,50.0,50.0,50.0,,,1.4868686868721852,2.5024989357176914,-1.0156302488455062,,,,,,,,,,,,,,,,,,,,,,,,,,,,,,,,,,,,,,,,,,,,,,,,,,,,,,,,,,,,,,,,,,,,,
2026-02-09 03:00:00+00:00,e1108,Level 11,50.0,Maintenance Soon,50.0,50.0,50.0,50.0,50.0,,,2.264529914526065,2.4435925037056827,-0.1790625891796176,,,,,,,,,,,,,,,,,,,,,,,,,,,,,,,,,,,,,,,,,,,,,,,,,,,,,,,,,,,,,,,,,,,,,
2026-02-09 04:00:00+00:00,e1108,Level 11,50.0,Maintenance Soon,50.0,50.0,50.0,50.0,50.0,,,2.68569230769208,9.626081942750412,-6.940389635058333,,,,,,,,,,,,,,,,,,,,,,,,,,,,,,,,,,,,,,,,,,,,,,,,,,,,,,,,,,,,,,,,,,,,,
2026-02-09 05:00:00+00:00,e1108,Level 11,50.0,Maintenance Soon,50.0,50.0,50.0,50.0,50.0,,,2.746074074075296,6.423809523808207,-3.677735449732912,,,,,,,,,,,,,,,,,,,,,,,,,,,,,,,,,,,,,,,,,,,,,,,,,,,,,,,,,,,,,,,,,,,,,
2026-02-09 06:00:00+00:00,e1108,Level 11,50.0,Maintenance Soon,50.0,50.0,50.0,50.0,50.0,,,2.802849002851872,2.3805285578600888,0.422320444991783,,,,,,,,,,,,,,,,,,,,,,,,,,,,,,,,,,,,,,,,,,,,,,,,,,,,,,,,,,,,,,,,,,,,,
2026-02-09 07:00:00+00:00,e1108,Level 11,50.0,Maintenance Soon,50.0,50.0,50.0,50.0,50.0,,,2.623076923075132,2.2300648487350068,0.3930120743401253,,,,,,,,,,,,,,,,,,,,,,,,,,,,,,,,,,,,,,,,,,,,,,,,,,,,,,,,,,,,,,,,,,,,,
2026-02-09 08:00:00+00:00,e1108,Level 11,50.0,Maintenance Soon,50.0,50.0,50.0,50.0,50.0,,,2.492000000002008,2.331508343508176,0.1604916564938321,,,,,,,,,,,,,,,,,,,,,,,,,,,,,,,,,,,,,,,,,,,,,,,,,,,,,,,,,,,,,,,,,,,,,
2026-02-09 09:00:00+00:00,e1108,Level 11,50.0,Maintenance Soon,50.0,50.0,50.0,50.0,50.0,,,2.7118461538448173,2.3153227513212187,0.3965234025235986,,,,,,,,,,,,,,,,,,,,,,,,,,,,,,,,,,,,,,,,,,,,,,,,,,,,,,,,,,,,,,,,,,,,,
2026-02-09 10:00:00+00:00,e1108,Level 11,50.0,Maintenance Soon,50.0,50.0,50.0,50.0,50.0,,,2.322469635626476,2.3853403880069286,-0.0628707523804528,,,,,,,,,,,,,,,,,,,,,,,,,,,,,,,,,,,,,,,,,,,,,,,,,,,,,,,,,,,,,,,,,,,,,
2026-02-09 11:00:00+00:00,e1108,Level 11,50.0,Maintenance Soon,50.0,50.0,50.0,50.0,50.0,,,0.0,2.4320266982916414,-2.4320266982916414,,,,,,,,,,,,,,,,,,,,,,,,,,,,,,,,,,,,,,,,,,,,,,,,,,,,,,,,,,,,,,,,,,,,,
2026-02-09 12:00:00+00:00,e1108,Level 11,50.0,Maintenance Soon,50.0,50.0,50.0,50.0,50.0,,,0.0,2.513505747125843,-2.513505747125843,,,,,,,,,,,,,,,,,,,,,,,,,,,,,,,,,,,,,,,,,,,,,,,,,,,,,,,,,,,,,,,,,,,,,
2026-02-09 13:00:00+00:00,e1108,Level 11,50.0,Maintenance Soon,50.0,50.0,50.0,50.0,50.0,,,0.0,2.5121100164202894,-2.5121100164202894,,,,,,,,,,,,,,,,,,,,,,,,,,,,,,,,,,,,,,,,,,,,,,,,,,,,,,,,,,,,,,,,,,,,,
2026-02-09 14:00:00+00:00,e1108,Level 11,50.0,Maintenance Soon,50.0,50.0,50.0,50.0,50.0,,,0.0,2.383380465852193,-2.383380465852193,,,,,,,,,,,,,,,,,,,,,,,,,,,,,,,,,,,,,,,,,,,,,,,,,,,,,,,,,,,,,,,,,,,,,
2026-02-09 15:00:00+00:00,e1108,Level 11,50.0,Maintenance Soon,50.0,50.0,50.0,50.0,50.0,,,0.0,2.467671068820588,-2.467671068820588,,,,,,,,,,,,,,,,,,,,,,,,,,,,,,,,,,,,,,,,,,,,,,,,,,,,,,,,,,,,,,,,,,,,,
2026-02-09 16:00:00+00:00,e1108,Level 11,50.0,Maintenance Soon,50.0,50.0,50.0,50.0,50.0,,,0.0,2.517385794283958,-2.517385794283958,,,,,,,,,,,,,,,,,,,,,,,,,,,,,,,,,,,,,,,,,,,,,,,,,,,,,,,,,,,,,,,,,,,,,
2026-02-09 17:00:00+00:00,e1108,Level 11,50.0,Maintenance Soon,50.0,50.0,50.0,50.0,50.0,,,0.0,2.582693781313234,-2.582693781313234,,,,,,,,,,,,,,,,,,,,,,,,,,,,,,,,,,,,,,,,,,,,,,,,,,,,,,,,,,,,,,,,,,,,,
2026-02-09 18:00:00+00:00,e1108,Level 11,50.0,Maintenance Soon,50.0,50.0,50.0,50.0,50.0,,,0.0,2.50833270178191,-2.50833270178191,,,,,,,,,,,,,,,,,,,,,,,,,,,,,,,,,,,,,,,,,,,,,,,,,,,,,,,,,,,,,,,,,,,,,
2026-02-09 19:00:00+00:00,e1108,Level 11,50.0,Maintenance Soon,50.0,50.0,50.0,50.0,50.0,,,0.0,2.509208875416031,-2.509208875416031,,,,,,,,,,,,,,,,,,,,,,,,,,,,,,,,,,,,,,,,,,,,,,,,,,,,,,,,,,,,,,,,,,,,,
2026-02-09 20:00:00+00:00,e1108,Level 11,50.0,Maintenance Soon,50.0,50.0,50.0,50.0,50.0,,,0.0,2.5925852493795296,-2.5925852493795296,,,,,,,,,,,,,,,,,,,,,,,,,,,,,,,,,,,,,,,,,,,,,,,,,,,,,,,,,,,,,,,,,,,,,
2026-02-09 21:00:00+00:00,e1108,Level 11,50.0,Maintenance Soon,50.0,50.0,50.0,50.0,50.0,,,0.0,2.5450488619305056,-2.5450488619305056,,,,,,,,,,,,,,,,,,,,,,,,,,,,,,,,,,,,,,,,,,,,,,,,,,,,,,,,,,,,,,,,,,,,,
2026-02-09 22:00:00+00:00,e1108,Level 11,50.0,Maintenance Soon,50.0,50.0,50.0,50.0,50.0,,,0.0,2.5633602916398863,-2.5633602916398863,,,,,,,,,,,,,,,,,,,,,,,,,,,,,,,,,,,,,,,,,,,,,,,,,,,,,,,,,,,,,,,,,,,,,
2026-02-09 23:00:00+00:00,e1108,Level 11,50.0,Maintenance Soon,50.0,50.0,50.0,50.0,50.0,,,0.0,2.711333525346466,-2.711333525346466,,,,,,,,,,,,,,,,,,,,,,,,,,,,,,,,,,,,,,,,,,,,,,,,,,,,,,,,,,,,,,,,,,,,,
2026-02-10 00:00:00+00:00,e1108,Level 11,50.0,Maintenance Soon,50.0,50.0,50.0,50.0,50.0,,,0.0,3.4770301836191115,-3.4770301836191115,,,,,,,,,,,,,,,,,,,,,,,,,,,,,,,,,,,,,,,,,,,,,,,,,,,,,,,,,,,,,,,,,,,,,
2026-02-10 01:00:00+00:00,e1108,Level 11,50.0,Maintenance Soon,50.0,50.0,50.0,50.0,50.0,,,0.0,13.056358164144816,-13.056358164144816,,,,,,,,,,,,,,,,,,,,,,,,,,,,,,,,,,,,,,,,,,,,,,,,,,,,,,,,,,,,,,,,,,,,,
2026-02-10 02:00:00+00:00,e1108,Level 11,50.0,Maintenance Soon,50.0,50.0,50.0,50.0,50.0,,,0.0,2.4542709525461155,-2.4542709525461155,,,,,,,,,,,,,,,,,,,,,,,,,,,,,,,,,,,,,,,,,,,,,,,,,,,,,,,,,,,,,,,,,,,,,
2026-02-10 03:00:00+00:00,e1108,Level 11,50.0,Maintenance Soon,50.0,50.0,50.0,50.0,50.0,,,0.0,2.708937752327377,-2.708937752327377,,,,,,,,,,,,,,,,,,,,,,,,,,,,,,,,,,,,,,,,,,,,,,,,,,,,,,,,,,,,,,,,,,,,,
2026-02-10 04:00:00+00:00,e1108,Level 11,50.0,Maintenance Soon,50.0,50.0,50.0,50.0,50.0,,,0.0,2.878697898101867,-2.878697898101867,,,,,,,,,,,,,,,,,,,,,,,,,,,,,,,,,,,,,,,,,,,,,,,,,,,,,,,,,,,,,,,,,,,,,
2026-02-10 05:00:00+00:00,e1108,Level 11,50.0,Maintenance Soon,50.0,50.0,50.0,50.0,50.0,,,0.0,2.924840783311083,-2.924840783311083,,,,,,,,,,,,,,,,,,,,,,,,,,,,,,,,,,,,,,,,,,,,,,,,,,,,,,,,,,,,,,,,,,,,,
2026-02-10 06:00:00+00:00,e1108,Level 11,50.0,Maintenance Soon,50.0,50.0,50.0,50.0,50.0,,,0.0,2.922682319809004,-2.922682319809004,,,,,,,,,,,,,,,,,,,,,,,,,,,,,,,,,,,,,,,,,,,,,,,,,,,,,,,,,,,,,,,,,,,,,
2026-02-10 07:00:00+00:00,e1108,Level 11,50.0,Maintenance Soon,50.0,50.0,50.0,50.0,50.0,,,74.3403508771953,2.834711708045992,71.50563916914932,,,,,,,,,,,,,,,,,,,,,,,,,,,,,,,,,,,,,,,,,,,,,,,,,,,,,,,,,,,,,,,,,,,,,
2026-02-10 08:00:00+00:00,e1108,Level 11,50.0,Maintenance Soon,50.0,50.0,50.0,50.0,50.0,,,1.4602564102533506,2.826619047619412,-1.3663626373660611,,,,,,,,,,,,,,,,,,,,,,,,,,,,,,,,,,,,,,,,,,,,,,,,,,,,,,,,,,,,,,,,,,,,,
2026-02-10 09:00:00+00:00,e1108,Level 11,50.0,Maintenance Soon,50.0,50.0,50.0,50.0,50.0,,,2.649076923080429,2.8657303271429555,-0.2166534040625265,,,,,,,,,,,,,,,,,,,,,,,,,,,,,,,,,,,,,,,,,,,,,,,,,,,,,,,,,,,,,,,,,,,,,
2026-02-10 10:00:00+00:00,e1108,Level 11,50.0,Maintenance Soon,50.0,50.0,50.0,50.0,50.0,,,2.164740740739944,2.6873749360141423,-0.5226341952741982,,,,,,,,,,,,,,,,,,,,,,,,,,,,,,,,,,,,,,,,,,,,,,,,,,,,,,,,,,,,,,,,,,,,,
2026-02-10 11:00:00+00:00,e1108,Level 11,50.0,Maintenance Soon,50.0,50.0,50.0,50.0,50.0,,,0.7138047138068941,1.957881773398792,-1.2440770595918973,,,,,,,,,,,,,,,,,,,,,,,,,,,,,,,,,,,,,,,,,,,,,,,,,,,,,,,,,,,,,,,,,,,,,
2026-02-10 12:00:00+00:00,e1108,Level 11,50.0,Maintenance Soon,50.0,50.0,50.0,50.0,50.0,,,1.487121212114289,1.9568965517234271,-0.4697753396091382,,,,,,,,,,,,,,,,,,,,,,,,,,,,,,,,,,,,,,,,,,,,,,,,,,,,,,,,,,,,,,,,,,,,,
2026-02-10 13:00:00+00:00,e1108,Level 11,50.0,Maintenance Soon,50.0,50.0,50.0,50.0,50.0,,,1.1183333333356131,1.8524014087233809,-0.7340680753877677,,,,,,,,,,,,,,,,,,,,,,,,,,,,,,,,,,,,,,,,,,,,,,,,,,,,,,,,,,,,,,,,,,,,,
2026-02-10 14:00:00+00:00,e1108,Level 11,50.0,Maintenance Soon,50.0,50.0,50.0,50.0,50.0,,,1.1218181818221638,1.6631694725050086,-0.5413512906828448,,,,,,,,,,,,,,,,,,,,,,,,,,,,,,,,,,,,,,,,,,,,,,,,,,,,,,,,,,,,,,,,,,,,,
2026-02-10 15:00:00+00:00,e1108,Level 11,50.0,Maintenance Soon,50.0,50.0,50.0,50.0,50.0,,,1.163636363635305,1.791407772302288,-0.6277714086669828,,,,,,,,,,,,,,,,,,,,,,,,,,,,,,,,,,,,,,,,,,,,,,,,,,,,,,,,,,,,,,,,,,,,,
2026-02-10 16:00:00+00:00,e1108,Level 11,50.0,Maintenance Soon,50.0,50.0,50.0,50.0,50.0,,,1.043434343428089,2.035818281336105,-0.9923839379080164,,,,,,,,,,,,,,,,,,,,,,,,,,,,,,,,,,,,,,,,,,,,,,,,,,,,,,,,,,,,,,,,,,,,,
2026-02-10 17:00:00+00:00,e1108,Level 11,50.0,Maintenance Soon,50.0,50.0,50.0,50.0,50.0,,,1.094444444446708,2.101752002786573,-1.0073075583398654,,,,,,,,,,,,,,,,,,,,,,,,,,,,,,,,,,,,,,,,,,,,,,,,,,,,,,,,,,,,,,,,,,,,,
2026-02-10 18:00:00+00:00,e1108,Level 11,50.0,Maintenance Soon,50.0,50.0,50.0,50.0,50.0,,,1.380952380954113,1.968061370097227,-0.5871089891431136,,,,,,,,,,,,,,,,,,,,,,,,,,,,,,,,,,,,,,,,,,,,,,,,,,,,,,,,,,,,,,,,,,,,,
2026-02-10 19:00:00+00:00,e1108,Level 11,50.0,Maintenance Soon,50.0,50.0,50.0,50.0,50.0,,,1.4049450549464382,2.146267281105489,-0.7413222261590513,,,,,,,,,,,,,,,,,,,,,,,,,,,,,,,,,,,,,,,,,,,,,,,,,,,,,,,,,,,,,,,,,,,,,
2026-02-10 20:00:00+00:00,e1108,Level 11,50.0,Maintenance Soon,50.0,50.0,50.0,50.0,50.0,,,1.346153846152447,2.082585765487844,-0.7364319193353972,,,,,,,,,,,,,,,,,,,,,,,,,,,,,,,,,,,,,,,,,,,,,,,,,,,,,,,,,,,,,,,,,,,,,
2026-02-10 21:00:00+00:00,e1108,Level 11,50.0,Maintenance Soon,50.0,50.0,50.0,50.0,50.0,,,1.4538461538431875,2.1250117414432075,-0.67116558760002,,,,,,,,,,,,,,,,,,,,,,,,,,,,,,,,,,,,,,,,,,,,,,,,,,,,,,,,,,,,,,,,,,,,,
2026-02-10 22:00:00+00:00,e1108,Level 11,50.0,Maintenance Soon,50.0,50.0,50.0,50.0,50.0,,,1.3230769230794976,2.1321791187716976,-0.8091021956922,,,,,,,,,,,,,,,,,,,,,,,,,,,,,,,,,,,,,,,,,,,,,,,,,,,,,,,,,,,,,,,,,,,,,
2026-02-10 23:00:00+00:00,e1108,Level 11,50.0,Maintenance Soon,50.0,50.0,50.0,50.0,50.0,,,1.494358974359784,2.1970945340520607,-0.7027355596922766,,,,,,,,,,,,,,,,,,,,,,,,,,,,,,,,,,,,,,,,,,,,,,,,,,,,,,,,,,,,,,,,,,,,,
2026-02-11 00:00:00+00:00,e1108,Level 11,50.0,Maintenance Soon,50.0,50.0,50.0,50.0,50.0,,,1.4364102564104542,2.172990591397441,-0.736580334986987,,,,,,,,,,,,,,,,,,,,,,,,,,,,,,,,,,,,,,,,,,,,,,,,,,,,,,,,,,,,,,,,,,,,,
2026-02-11 01:00:00+00:00,e1108,Level 11,50.0,Maintenance Soon,50.0,50.0,50.0,50.0,50.0,,,1.3185897435905645,2.133942652328793,-0.815352908738229,,,,,,,,,,,,,,,,,,,,,,,,,,,,,,,,,,,,,,,,,,,,,,,,,,,,,,,,,,,,,,,,,,,,,
2026-02-11 02:00:00+00:00,e1108,Level 11,50.0,Maintenance Soon,50.0,50.0,50.0,50.0,50.0,,,1.188333333331684,2.0925287356343083,-0.9041954023026242,,,,,,,,,,,,,,,,,,,,,,,,,,,,,,,,,,,,,,,,,,,,,,,,,,,,,,,,,,,,,,,,,,,,,
2026-02-11 03:00:00+00:00,e1108,Level 11,50.0,Maintenance Soon,50.0,50.0,50.0,50.0,50.0,,,1.0881818181806011,2.017391899286546,-0.9292100811059448,,,,,,,,,,,,,,,,,,,,,,,,,,,,,,,,,,,,,,,,,,,,,,,,,,,,,,,,,,,,,,,,,,,,,
2026-02-11 04:00:00+00:00,e1108,Level 11,50.0,Maintenance Soon,50.0,50.0,50.0,50.0,50.0,,,16.27070707070743,1.8969644552998943,14.373742615407537,,,,,,,,,,,,,,,,,,,,,,,,,,,,,,,,,,,,,,,,,,,,,,,,,,,,,,,,,,,,,,,,,,,,,
2026-02-11 05:00:00+00:00,e1108,Level 11,50.0,Maintenance Soon,50.0,50.0,50.0,50.0,50.0,,,20.14747474747492,1.8746946327373728,18.272780114737543,,,,,,,,,,,,,,,,,,,,,,,,,,,,,,,,,,,,,,,,,,,,,,,,,,,,,,,,,,,,,,,,,,,,,
2026-02-11 06:00:00+00:00,e1108,Level 11,50.0,Maintenance Soon,50.0,50.0,50.0,50.0,50.0,,,1.0454545454522304,4.37451689540103,-3.3290623499487992,,,,,,,,,,,,,,,,,,,,,,,,,,,,,,,,,,,,,,,,,,,,,,,,,,,,,,,,,,,,,,,,,,,,,
2026-02-11 07:00:00+00:00,e1108,Level 11,50.0,Maintenance Soon,50.0,50.0,50.0,50.0,50.0,,,1.1454545454580511,28.82179811848376,-27.676343573025708,,,,,,,,,,,,,,,,,,,,,,,,,,,,,,,,,,,,,,,,,,,,,,,,,,,,,,,,,,,,,,,,,,,,,
2026-02-11 08:00:00+00:00,e1108,Level 11,50.0,Maintenance Soon,50.0,50.0,50.0,50.0,50.0,,,1.2227272727250238,1.8932478632474763,-0.6705205905224527,,,,,,,,,,,,,,,,,,,,,,,,,,,,,,,,,,,,,,,,,,,,,,,,,,,,,,,,,,,,,,,,,,,,,
2026-02-11 09:00:00+00:00,e1108,Level 11,50.0,Maintenance Soon,50.0,50.0,50.0,50.0,50.0,,,1.3166666666656963,3.0012830009497216,-1.684616334284025,,,,,,,,,,,,,,,,,,,,,,,,,,,,,,,,,,,,,,,,,,,,,,,,,,,,,,,,,,,,,,,,,,,,,
2026-02-11 10:00:00+00:00,e1108,Level 11,50.0,Maintenance Soon,50.0,50.0,50.0,50.0,50.0,,,1.2250000000021828,2.523347307014774,-1.298347307012591,,,,,,,,,,,,,,,,,,,,,,,,,,,,,,,,,,,,,,,,,,,,,,,,,,,,,,,,,,,,,,,,,,,,,
2026-02-11 11:00:00+00:00,e1108,Level 11,50.0,Maintenance Soon,50.0,50.0,50.0,50.0,50.0,,,1.2166666666707897,2.1655099961766004,-0.9488433295058109,,,,,,,,,,,,,,,,,,,,,,,,,,,,,,,,,,,,,,,,,,,,,,,,,,,,,,,,,,,,,,,,,,,,,
2026-02-11 12:00:00+00:00,e1108,Level 11,50.0,Maintenance Soon,50.0,50.0,50.0,50.0,50.0,,,1.3147435897408286,2.3659341769331754,-1.0511905871923468,,,,,,,,,,,,,,,,,,,,,,,,,,,,,,,,,,,,,,,,,,,,,,,,,,,,,,,,,,,,,,,,,,,,,
2026-02-11 13:00:00+00:00,e1108,Level 11,50.0,Maintenance Soon,50.0,50.0,50.0,50.0,50.0,,,1.3269230769219575,2.2864572018030835,-0.959534124881126,,,,,,,,,,,,,,,,,,,,,,,,,,,,,,,,,,,,,,,,,,,,,,,,,,,,,,,,,,,,,,,,,,,,,
2026-02-11 14:00:00+00:00,e1108,Level 11,50.0,Maintenance Soon,50.0,50.0,50.0,50.0,50.0,,,1.241666666668607,2.318059641508929,-1.076392974840322,,,,,,,,,,,,,,,,,,,,,,,,,,,,,,,,,,,,,,,,,,,,,,,,,,,,,,,,,,,,,,,,,,,,,
2026-02-11 15:00:00+00:00,e1108,Level 11,50.0,Maintenance Soon,50.0,50.0,50.0,50.0,50.0,,,1.208333333332121,2.326216542078328,-1.117883208746207,,,,,,,,,,,,,,,,,,,,,,,,,,,,,,,,,,,,,,,,,,,,,,,,,,,,,,,,,,,,,,,,,,,,,
2026-02-11 16:00:00+00:00,e1108,Level 11,50.0,Maintenance Soon,50.0,50.0,50.0,50.0,50.0,,,1.2384615384580684,2.3003431306860875,-1.0618815922280191,,,,,,,,,,,,,,,,,,,,,,,,,,,,,,,,,,,,,,,,,,,,,,,,,,,,,,,,,,,,,,,,,,,,,
2026-02-11 17:00:00+00:00,e1108,Level 11,50.0,Maintenance Soon,50.0,50.0,50.0,50.0,50.0,,,1.5043956043991784,2.374431673052944,-0.8700360686537656,,,,,,,,,,,,,,,,,,,,,,,,,,,,,,,,,,,,,,,,,,,,,,,,,,,,,,,,,,,,,,,,,,,,,
2026-02-11 18:00:00+00:00,e1108,Level 11,50.0,Maintenance Soon,50.0,50.0,50.0,50.0,50.0,,,1.3725274725256895,2.39411940549932,-1.0215919329736305,,,,,,,,,,,,,,,,,,,,,,,,,,,,,,,,,,,,,,,,,,,,,,,,,,,,,,,,,,,,,,,,,,,,,
2026-02-11 19:00:00+00:00,e1108,Level 11,50.0,Maintenance Soon,50.0,50.0,50.0,50.0,50.0,,,1.3774725274743105,2.5193087557612066,-1.141836228286896,,,,,,,,,,,,,,,,,,,,,,,,,,,,,,,,,,,,,,,,,,,,,,,,,,,,,,,,,,,,,,,,,,,,,
2026-02-11 20:00:00+00:00,e1108,Level 11,50.0,Maintenance Soon,50.0,50.0,50.0,50.0,50.0,,,1.6138095238093229,2.5377507364695098,-0.9239412126601868,,,,,,,,,,,,,,,,,,,,,,,,,,,,,,,,,,,,,,,,,,,,,,,,,,,,,,,,,,,,,,,,,,,,,
2026-02-11 21:00:00+00:00,e1108,Level 11,50.0,Maintenance Soon,50.0,50.0,50.0,50.0,50.0,,,1.5266666666684614,2.5863532061800165,-1.0596865395115551,,,,,,,,,,,,,,,,,,,,,,,,,,,,,,,,,,,,,,,,,,,,,,,,,,,,,,,,,,,,,,,,,,,,,
2026-02-11 22:00:00+00:00,e1108,Level 11,50.0,Maintenance Soon,50.0,50.0,50.0,50.0,50.0,,,1.5533333333296468,2.521138023392268,-0.9678046900626214,,,,,,,,,,,,,,,,,,,,,,,,,,,,,,,,,,,,,,,,,,,,,,,,,,,,,,,,,,,,,,,,,,,,,
2026-02-11 23:00:00+00:00,e1108,Level 11,50.0,Maintenance Soon,50.0,50.0,50.0,50.0,50.0,,,17.606666666670208,2.6408362568096586,14.96583040986055,,,,,,,,,,,,,,,,,,,,,,,,,,,,,,,,,,,,,,,,,,,,,,,,,,,,,,,,,,,,,,,,,,,,,
2026-02-12 00:00:00+00:00,e1108,Level 11,50.0,Maintenance Soon,50.0,50.0,50.0,50.0,50.0,,,19.87809523809483,2.6377998345742526,17.240295403520577,,,,,,,,,,,,,,,,,,,,,,,,,,,,,,,,,,,,,,,,,,,,,,,,,,,,,,,,,,,,,,,,,,,,,
2026-02-12 01:00:00+00:00,e1108,Level 11,50.0,Maintenance Soon,50.0,50.0,50.0,50.0,50.0,,,1.2685714285726135,2.542584101721635,-1.2740126731490211,,,,,,,,,,,,,,,,,,,,,,,,,,,,,,,,,,,,,,,,,,,,,,,,,,,,,,,,,,,,,,,,,,,,,
2026-02-12 02:00:00+00:00,e1108,Level 11,50.0,Maintenance Soon,50.0,50.0,50.0,50.0,50.0,,,0.969090909089573,2.446203475642202,-1.4771125665526292,,,,,,,,,,,,,,,,,,,,,,,,,,,,,,,,,,,,,,,,,,,,,,,,,,,,,,,,,,,,,,,,,,,,,
2026-02-12 03:00:00+00:00,e1108,Level 11,50.0,Maintenance Soon,50.0,50.0,50.0,50.0,50.0,,,1.2909090909088263,2.480653517938966,-1.1897444270301398,,,,,,,,,,,,,,,,,,,,,,,,,,,,,,,,,,,,,,,,,,,,,,,,,,,,,,,,,,,,,,,,,,,,,
2026-02-12 04:00:00+00:00,e1108,Level 11,50.0,Maintenance Soon,50.0,50.0,50.0,50.0,50.0,,,1.3384615384602512,7.464910019737242,-6.126448481276991,,,,,,,,,,,,,,,,,,,,,,,,,,,,,,,,,,,,,,,,,,,,,,,,,,,,,,,,,,,,,,,,,,,,,
2026-02-12 05:00:00+00:00,e1108,Level 11,50.0,Maintenance Soon,50.0,50.0,50.0,50.0,50.0,,,1.194871794872597,8.644793611200535,-7.449921816327938,,,,,,,,,,,,,,,,,,,,,,,,,,,,,,,,,,,,,,,,,,,,,,,,,,,,,,,,,,,,,,,,,,,,,
2026-02-12 06:00:00+00:00,e1108,Level 11,50.0,Maintenance Soon,50.0,50.0,50.0,50.0,50.0,,,1.166666666667879,2.719239112141319,-1.5525724454734395,,,,,,,,,,,,,,,,,,,,,,,,,,,,,,,,,,,,,,,,,,,,,,,,,,,,,,,,,,,,,,,,,,,,,
2026-02-12 07:00:00+00:00,e1108,Level 11,50.0,Maintenance Soon,50.0,50.0,50.0,50.0,50.0,,,1.2749999999978172,8.144041035594759,-6.869041035596942,,,,,,,,,,,,,,,,,,,,,,,,,,,,,,,,,,,,,,,,,,,,,,,,,,,,,,,,,,,,,,,,,,,,,
2026-02-12 08:00:00+00:00,e1108,Level 11,50.0,Maintenance Soon,50.0,50.0,50.0,50.0,50.0,,,1.1886363636367605,2.43028220389048,-1.2416458402537196,,,,,,,,,,,,,,,,,,,,,,,,,,,,,,,,,,,,,,,,,,,,,,,,,,,,,,,,,,,,,,,,,,,,,
2026-02-12 09:00:00+00:00,e1108,Level 11,50.0,Maintenance Soon,50.0,50.0,50.0,50.0,50.0,,,1.1545454545484972,2.461789995940004,-1.307244541391507,,,,,,,,,,,,,,,,,,,,,,,,,,,,,,,,,,,,,,,,,,,,,,,,,,,,,,,,,,,,,,,,,,,,,
2026-02-12 10:00:00+00:00,e1108,Level 11,50.0,Maintenance Soon,50.0,50.0,50.0,50.0,50.0,,,1.227972027969372,2.4926085982988297,-1.2646365703294578,,,,,,,,,,,,,,,,,,,,,,,,,,,,,,,,,,,,,,,,,,,,,,,,,,,,,,,,,,,,,,,,,,,,,
2026-02-12 11:00:00+00:00,e1108,Level 11,50.0,Maintenance Soon,50.0,50.0,50.0,50.0,50.0,,,1.346153846156085,2.637849079024212,-1.2916952328681268,,,,,,,,,,,,,,,,,,,,,,,,,,,,,,,,,,,,,,,,,,,,,,,,,,,,,,,,,,,,,,,,,,,,,
2026-02-12 12:00:00+00:00,e1108,Level 11,50.0,Maintenance Soon,50.0,50.0,50.0,50.0,50.0,,,1.438461538462434,2.645843568196142,-1.207382029733708,,,,,,,,,,,,,,,,,,,,,,,,,,,,,,,,,,,,,,,,,,,,,,,,,,,,,,,,,,,,,,,,,,,,,
2026-02-12 13:00:00+00:00,e1108,Level 11,50.0,Maintenance Soon,50.0,50.0,50.0,50.0,50.0,,,1.3335164835116302,2.6234934999653583,-1.289977016453728,,,,,,,,,,,,,,,,,,,,,,,,,,,,,,,,,,,,,,,,,,,,,,,,,,,,,,,,,,,,,,,,,,,,,
2026-02-12 14:00:00+00:00,e1108,Level 11,50.0,Maintenance Soon,50.0,50.0,50.0,50.0,50.0,,,1.3190476190502525,2.4154761904768143,-1.096428571426562,,,,,,,,,,,,,,,,,,,,,,,,,,,,,,,,,,,,,,,,,,,,,,,,,,,,,,,,,,,,,,,,,,,,,
2026-02-12 15:00:00+00:00,e1108,Level 11,50.0,Maintenance Soon,50.0,50.0,50.0,50.0,50.0,,,1.7377192982457927,2.490644257701206,-0.752924959455413,,,,,,,,,,,,,,,,,,,,,,,,,,,,,,,,,,,,,,,,,,,,,,,,,,,,,,,,,,,,,,,,,,,,,
2026-02-12 16:00:00+00:00,e1108,Level 11,50.0,Maintenance Soon,50.0,50.0,50.0,50.0,50.0,,,1.9741854636595235,2.5805780066220905,-0.606392542962567,,,,,,,,,,,,,,,,,,,,,,,,,,,,,,,,,,,,,,,,,,,,,,,,,,,,,,,,,,,,,,,,,,,,,
2026-02-12 17:00:00+00:00,e1108,Level 11,50.0,Maintenance Soon,50.0,50.0,50.0,50.0,50.0,,,2.119761904763436,2.607175249668217,-0.4874133449047804,,,,,,,,,,,,,,,,,,,,,,,,,,,,,,,,,,,,,,,,,,,,,,,,,,,,,,,,,,,,,,,,,,,,,
2026-02-12 18:00:00+00:00,e1108,Level 11,50.0,Maintenance Soon,50.0,50.0,50.0,50.0,50.0,,,2.132619047613844,2.546205239575405,-0.4135861919615613,,,,,,,,,,,,,,,,,,,,,,,,,,,,,,,,,,,,,,,,,,,,,,,,,,,,,,,,,,,,,,,,,,,,,
2026-02-12 19:00:00+00:00,e1108,Level 11,50.0,Maintenance Soon,50.0,50.0,50.0,50.0,50.0,,,2.204761904766201,2.5689968368060363,-0.3642349320398352,,,,,,,,,,,,,,,,,,,,,,,,,,,,,,,,,,,,,,,,,,,,,,,,,,,,,,,,,,,,,,,,,,,,,
2026-02-12 20:00:00+00:00,e1108,Level 11,50.0,Maintenance Soon,50.0,50.0,50.0,50.0,50.0,,,24.1476190476169,2.65331338171139,21.49430566590551,,,,,,,,,,,,,,,,,,,,,,,,,,,,,,,,,,,,,,,,,,,,,,,,,,,,,,,,,,,,,,,,,,,,,
2026-02-12 21:00:00+00:00,e1108,Level 11,50.0,Maintenance Soon,50.0,50.0,50.0,50.0,50.0,,,14.817391304350169,2.5886374631433378,12.22875384120683,,,,,,,,,,,,,,,,,,,,,,,,,,,,,,,,,,,,,,,,,,,,,,,,,,,,,,,,,,,,,,,,,,,,,
2026-02-12 22:00:00+00:00,e1108,Level 11,50.0,Maintenance Soon,50.0,50.0,50.0,50.0,50.0,,,2.458608695651492,2.674118078728497,-0.2155093830770056,,,,,,,,,,,,,,,,,,,,,,,,,,,,,,,,,,,,,,,,,,,,,,,,,,,,,,,,,,,,,,,,,,,,,
2026-02-12 23:00:00+00:00,e1108,Level 11,50.0,Maintenance Soon,50.0,50.0,50.0,50.0,50.0,,,2.590666666666948,8.036025290447773,-5.445358623780825,,,,,,,,,,,,,,,,,,,,,,,,,,,,,,,,,,,,,,,,,,,,,,,,,,,,,,,,,,,,,,,,,,,,,
2026-02-13 00:00:00+00:00,e1108,Level 11,50.0,Maintenance Soon,50.0,50.0,50.0,50.0,50.0,,,2.433333333330665,8.727322068611102,-6.293988735280436,,,,,,,,,,,,,,,,,,,,,,,,,,,,,,,,,,,,,,,,,,,,,,,,,,,,,,,,,,,,,,,,,,,,,
2026-02-13 01:00:00+00:00,e1108,Level 11,50.0,Maintenance Soon,50.0,50.0,50.0,50.0,50.0,,,2.314285714288417,2.522857142858508,-0.208571428570091,,,,,,,,,,,,,,,,,,,,,,,,,,,,,,,,,,,,,,,,,,,,,,,,,,,,,,,,,,,,,,,,,,,,,
2026-02-13 02:00:00+00:00,e1108,Level 11,50.0,Maintenance Soon,50.0,50.0,50.0,50.0,50.0,,,2.180952380949748,2.362236652234666,-0.1812842712849183,,,,,,,,,,,,,,,,,,,,,,,,,,,,,,,,,,,,,,,,,,,,,,,,,,,,,,,,,,,,,,,,,,,,,
2026-02-13 03:00:00+00:00,e1108,Level 11,50.0,Maintenance Soon,50.0,50.0,50.0,50.0,50.0,,,2.209307359305967,2.2769696969711126,-0.0676623376651455,,,,,,,,,,,,,,,,,,,,,,,,,,,,,,,,,,,,,,,,,,,,,,,,,,,,,,,,,,,,,,,,,,,,,
2026-02-13 04:00:00+00:00,e1108,Level 11,50.0,Maintenance Soon,50.0,50.0,50.0,50.0,50.0,,,2.160454545457469,2.399826827890744,-0.2393722824332749,,,,,,,,,,,,,,,,,,,,,,,,,,,,,,,,,,,,,,,,,,,,,,,,,,,,,,,,,,,,,,,,,,,,,
2026-02-13 05:00:00+00:00,e1108,Level 11,50.0,Maintenance Soon,50.0,50.0,50.0,50.0,50.0,,,2.120714285712893,2.413435958705425,-0.2927216729925326,,,,,,,,,,,,,,,,,,,,,,,,,,,,,,,,,,,,,,,,,,,,,,,,,,,,,,,,,,,,,,,,,,,,,
2026-02-13 06:00:00+00:00,e1108,Level 11,50.0,Maintenance Soon,50.0,50.0,50.0,50.0,50.0,,,2.1999999999970896,2.36608343976089,-0.1660834397638004,,,,,,,,,,,,,,,,,,,,,,,,,,,,,,,,,,,,,,,,,,,,,,,,,,,,,,,,,,,,,,,,,,,,,
2026-02-13 07:00:00+00:00,e1108,Level 11,50.0,Maintenance Soon,50.0,50.0,50.0,50.0,50.0,,,2.135338345869968,2.4212093291959413,-0.2858709833259731,,,,,,,,,,,,,,,,,,,,,,,,,,,,,,,,,,,,,,,,,,,,,,,,,,,,,,,,,,,,,,,,,,,,,
2026-02-13 08:00:00+00:00,e1108,Level 11,50.0,Maintenance Soon,50.0,50.0,50.0,50.0,50.0,,,1.884829721358983,2.3943073593084896,-0.5094776379495065,,,,,,,,,,,,,,,,,,,,,,,,,,,,,,,,,,,,,,,,,,,,,,,,,,,,,,,,,,,,,,,,,,,,,
2026-02-13 09:00:00+00:00,e1108,Level 11,50.0,Maintenance Soon,50.0,50.0,50.0,50.0,50.0,,,1.970308123251016,2.4070530703878226,-0.4367449471368068,,,,,,,,,,,,,,,,,,,,,,,,,,,,,,,,,,,,,,,,,,,,,,,,,,,,,,,,,,,,,,,,,,,,,
2026-02-13 10:00:00+00:00,e1108,Level 11,50.0,Maintenance Soon,50.0,50.0,50.0,50.0,50.0,,,2.123809523807722,2.138309899975866,-0.0145003761681437,,,,,,,,,,,,,,,,,,,,,,,,,,,,,,,,,,,,,,,,,,,,,,,,,,,,,,,,,,,,,,,,,,,,,
2026-02-13 11:00:00+00:00,e1108,Level 11,50.0,Maintenance Soon,50.0,50.0,50.0,50.0,50.0,,,2.123809523807722,1.937839459391398,0.185970064416324,,,,,,,,,,,,,,,,,,,,,,,,,,,,,,,,,,,,,,,,,,,,,,,,,,,,,,,,,,,,,,,,,,,,,
2026-02-13 12:00:00+00:00,e1108,Level 11,50.0,Maintenance Soon,50.0,50.0,50.0,50.0,50.0,,,2.176190476195188,1.954651383098584,0.2215390930966048,,,,,,,,,,,,,,,,,,,,,,,,,,,,,,,,,,,,,,,,,,,,,,,,,,,,,,,,,,,,,,,,,,,,,
2026-02-13 13:00:00+00:00,e1108,Level 11,50.0,Maintenance Soon,50.0,50.0,50.0,50.0,50.0,,,2.1818181818198354,1.953501957811871,0.2283162240079643,,,,,,,,,,,,,,,,,,,,,,,,,,,,,,,,,,,,,,,,,,,,,,,,,,,,,,,,,,,,,,,,,,,,,
2026-02-13 14:00:00+00:00,e1108,Level 11,50.0,Maintenance Soon,50.0,50.0,50.0,50.0,50.0,,,2.26363636363385,1.877114647806593,0.3865217158272571,,,,,,,,,,,,,,,,,,,,,,,,,,,,,,,,,,,,,,,,,,,,,,,,,,,,,,,,,,,,,,,,,,,,,
2026-02-13 15:00:00+00:00,e1108,Level 11,50.0,Maintenance Soon,50.0,50.0,50.0,50.0,50.0,,,2.3272727272742486,2.139650275112217,0.1876224521620315,,,,,,,,,,,,,,,,,,,,,,,,,,,,,,,,,,,,,,,,,,,,,,,,,,,,,,,,,,,,,,,,,,,,,
2026-02-13 16:00:00+00:00,e1108,Level 11,50.0,Maintenance Soon,50.0,50.0,50.0,50.0,50.0,,,2.2954545454558684,2.1638770617476744,0.131577483708194,,,,,,,,,,,,,,,,,,,,,,,,,,,,,,,,,,,,,,,,,,,,,,,,,,,,,,,,,,,,,,,,,,,,,
2026-02-13 17:00:00+00:00,e1108,Level 11,50.0,Maintenance Soon,50.0,50.0,50.0,50.0,50.0,,,2.392687747033051,2.178615520283832,0.2140722267492187,,,,,,,,,,,,,,,,,,,,,,,,,,,,,,,,,,,,,,,,,,,,,,,,,,,,,,,,,,,,,,,,,,,,,
2026-02-13 18:00:00+00:00,e1108,Level 11,50.0,Maintenance Soon,50.0,50.0,50.0,50.0,50.0,,,2.339130434782419,2.2646825396792942,0.0744478951031246,,,,,,,,,,,,,,,,,,,,,,,,,,,,,,,,,,,,,,,,,,,,,,,,,,,,,,,,,,,,,,,,,,,,,
2026-02-13 19:00:00+00:00,e1108,Level 11,50.0,Maintenance Soon,50.0,50.0,50.0,50.0,50.0,,,2.4416666666656965,2.2925396825412463,0.1491269841244502,,,,,,,,,,,,,,,,,,,,,,,,,,,,,,,,,,,,,,,,,,,,,,,,,,,,,,,,,,,,,,,,,,,,,
2026-02-13 20:00:00+00:00,e1108,Level 11,50.0,Maintenance Soon,50.0,50.0,50.0,50.0,50.0,,,2.6143333333347982,9.645069124423268,-7.030735791088469,,,,,,,,,,,,,,,,,,,,,,,,,,,,,,,,,,,,,,,,,,,,,,,,,,,,,,,,,,,,,,,,,,,,,
2026-02-13 21:00:00+00:00,e1108,Level 11,50.0,Maintenance Soon,50.0,50.0,50.0,50.0,50.0,,,2.5231666666622914,6.542850992899427,-4.019684326237136,,,,,,,,,,,,,,,,,,,,,,,,,,,,,,,,,,,,,,,,,,,,,,,,,,,,,,,,,,,,,,,,,,,,,
2026-02-13 22:00:00+00:00,e1108,Level 11,50.0,Maintenance Soon,50.0,50.0,50.0,50.0,50.0,,,2.650462962963502,2.4495362318836365,0.2009267310798654,,,,,,,,,,,,,,,,,,,,,,,,,,,,,,,,,,,,,,,,,,,,,,,,,,,,,,,,,,,,,,,,,,,,,
2026-02-13 23:00:00+00:00,e1108,Level 11,50.0,Maintenance Soon,50.0,50.0,50.0,50.0,50.0,,,2.76237037037572,2.522236111111852,0.2401342592638684,,,,,,,,,,,,,,,,,,,,,,,,,,,,,,,,,,,,,,,,,,,,,,,,,,,,,,,,,,,,,,,,,,,,,
2026-02-14 00:00:00+00:00,e1108,Level 11,50.0,Maintenance Soon,50.0,50.0,50.0,50.0,50.0,,,2.4508571428559662,2.492258986926269,-0.0414018440703025,,,,,,,,,,,,,,,,,,,,,,,,,,,,,,,,,,,,,,,,,,,,,,,,,,,,,,,,,,,,,,,,,,,,,
2026-02-14 01:00:00+00:00,e1108,Level 11,50.0,Maintenance Soon,50.0,50.0,50.0,50.0,50.0,,,2.214285714282596,2.289147453854336,-0.0748617395717397,,,,,,,,,,,,,,,,,,,,,,,,,,,,,,,,,,,,,,,,,,,,,,,,,,,,,,,,,,,,,,,,,,,,,
2026-02-14 02:00:00+00:00,e1108,Level 11,50.0,Maintenance Soon,50.0,50.0,50.0,50.0,50.0,,,2.0270676691761764,2.175885225885092,-0.1488175567089151,,,,,,,,,,,,,,,,,,,,,,,,,,,,,,,,,,,,,,,,,,,,,,,,,,,,,,,,,,,,,,,,,,,,,
2026-02-14 03:00:00+00:00,e1108,Level 11,50.0,Maintenance Soon,50.0,50.0,50.0,50.0,50.0,,,2.1457894736813614,2.244563865252227,-0.0987743915708656,,,,,,,,,,,,,,,,,,,,,,,,,,,,,,,,,,,,,,,,,,,,,,,,,,,,,,,,,,,,,,,,,,,,,
2026-02-14 04:00:00+00:00,e1108,Level 11,50.0,Maintenance Soon,50.0,50.0,50.0,50.0,50.0,,,1.980526315786847,2.2572943722952914,-0.2767680565084447,,,,,,,,,,,,,,,,,,,,,,,,,,,,,,,,,,,,,,,,,,,,,,,,,,,,,,,,,,,,,,,,,,,,,
2026-02-14 05:00:00+00:00,e1108,Level 11,50.0,Maintenance Soon,50.0,50.0,50.0,50.0,50.0,,,2.0894736842128623,2.2211576354663216,-0.1316839512534593,,,,,,,,,,,,,,,,,,,,,,,,,,,,,,,,,,,,,,,,,,,,,,,,,,,,,,,,,,,,,,,,,,,,,
2026-02-14 06:00:00+00:00,e1108,Level 11,50.0,Maintenance Soon,50.0,50.0,50.0,50.0,50.0,,,2.142105263159465,2.1940476190490394,-0.0519423558895746,,,,,,,,,,,,,,,,,,,,,,,,,,,,,,,,,,,,,,,,,,,,,,,,,,,,,,,,,,,,,,,,,,,,,
2026-02-14 07:00:00+00:00,e1108,Level 11,50.0,Maintenance Soon,50.0,50.0,50.0,50.0,50.0,,,2.057894736841263,12.160588972432985,-10.102694235591722,,,,,,,,,,,,,,,,,,,,,,,,,,,,,,,,,,,,,,,,,,,,,,,,,,,,,,,,,,,,,,,,,,,,,
2026-02-14 08:00:00+00:00,e1108,Level 11,50.0,Maintenance Soon,50.0,50.0,50.0,50.0,50.0,,,2.045000000001892,3.610144705653511,-1.565144705651619,,,,,,,,,,,,,,,,,,,,,,,,,,,,,,,,,,,,,,,,,,,,,,,,,,,,,,,,,,,,,,,,,,,,,
2026-02-14 09:00:00+00:00,e1108,Level 11,50.0,Maintenance Soon,50.0,50.0,50.0,50.0,50.0,,,2.12000000000262,2.115035552683063,0.0049644473195562,,,,,,,,,,,,,,,,,,,,,,,,,,,,,,,,,,,,,,,,,,,,,,,,,,,,,,,,,,,,,,,,,,,,,
2026-02-14 10:00:00+00:00,e1108,Level 11,50.0,Maintenance Soon,50.0,50.0,50.0,50.0,50.0,,,5.489999999994325,2.1754029304029245,3.3145970695914,,,,,,,,,,,,,,,,,,,,,,,,,,,,,,,,,,,,,,,,,,,,,,,,,,,,,,,,,,,,,,,,,,,,,
2026-02-14 11:00:00+00:00,e1108,Level 11,50.0,Maintenance Soon,50.0,50.0,50.0,50.0,50.0,,,32.61868421053077,2.1463127868288816,30.47237142370189,,,,,,,,,,,,,,,,,,,,,,,,,,,,,,,,,,,,,,,,,,,,,,,,,,,,,,,,,,,,,,,,,,,,,
2026-02-14 12:00:00+00:00,e1108,Level 11,50.0,Maintenance Soon,50.0,50.0,50.0,50.0,50.0,,,2.0072681704223214,2.2834443914786484,-0.276176221056327,,,,,,,,,,,,,,,,,,,,,,,,,,,,,,,,,,,,,,,,,,,,,,,,,,,,,,,,,,,,,,,,,,,,,
2026-02-14 13:00:00+00:00,e1108,Level 11,50.0,Maintenance Soon,50.0,50.0,50.0,50.0,50.0,,,2.2190476190517074,2.269365365814641,-0.0503177467629334,,,,,,,,,,,,,,,,,,,,,,,,,,,,,,,,,,,,,,,,,,,,,,,,,,,,,,,,,,,,,,,,,,,,,
2026-02-14 14:00:00+00:00,e1108,Level 11,50.0,Maintenance Soon,50.0,50.0,50.0,50.0,50.0,,,2.204761904758925,2.3233488733506724,-0.1185869685917473,,,,,,,,,,,,,,,,,,,,,,,,,,,,,,,,,,,,,,,,,,,,,,,,,,,,,,,,,,,,,,,,,,,,,
2026-02-14 15:00:00+00:00,e1108,Level 11,50.0,Maintenance Soon,50.0,50.0,50.0,50.0,50.0,,,2.204761904762563,2.310281385279571,-0.1055194805170081,,,,,,,,,,,,,,,,,,,,,,,,,,,,,,,,,,,,,,,,,,,,,,,,,,,,,,,,,,,,,,,,,,,,,
2026-02-14 16:00:00+00:00,e1108,Level 11,50.0,Maintenance Soon,50.0,50.0,50.0,50.0,50.0,,,2.204761904758925,2.287820978307233,-0.0830590735483078,,,,,,,,,,,,,,,,,,,,,,,,,,,,,,,,,,,,,,,,,,,,,,,,,,,,,,,,,,,,,,,,,,,,,
2026-02-14 17:00:00+00:00,e1108,Level 11,50.0,Maintenance Soon,50.0,50.0,50.0,50.0,50.0,,,2.1571428571442084,2.346083595379848,-0.1889407382356389,,,,,,,,,,,,,,,,,,,,,,,,,,,,,,,,,,,,,,,,,,,,,,,,,,,,,,,,,,,,,,,,,,,,,
2026-02-14 18:00:00+00:00,e1108,Level 11,50.0,Maintenance Soon,50.0,50.0,50.0,50.0,50.0,,,2.178571428572468,2.337884748102321,-0.1593133195298528,,,,,,,,,,,,,,,,,,,,,,,,,,,,,,,,,,,,,,,,,,,,,,,,,,,,,,,,,,,,,,,,,,,,,
2026-02-14 19:00:00+00:00,e1108,Level 11,50.0,Maintenance Soon,50.0,50.0,50.0,50.0,50.0,,,2.240909090909554,2.3277011494258963,-0.0867920585163424,,,,,,,,,,,,,,,,,,,,,,,,,,,,,,,,,,,,,,,,,,,,,,,,,,,,,,,,,,,,,,,,,,,,,
2026-02-14 20:00:00+00:00,e1108,Level 11,50.0,Maintenance Soon,50.0,50.0,50.0,50.0,50.0,,,2.352569169961498,2.454159961684733,-0.1015907917232348,,,,,,,,,,,,,,,,,,,,,,,,,,,,,,,,,,,,,,,,,,,,,,,,,,,,,,,,,,,,,,,,,,,,,
2026-02-14 21:00:00+00:00,e1108,Level 11,50.0,Maintenance Soon,50.0,50.0,50.0,50.0,50.0,,,2.2565217391274928,2.467832375479096,-0.211310636351603,,,,,,,,,,,,,,,,,,,,,,,,,,,,,,,,,,,,,,,,,,,,,,,,,,,,,,,,,,,,,,,,,,,,,
2026-02-14 22:00:00+00:00,e1108,Level 11,50.0,Maintenance Soon,50.0,50.0,50.0,50.0,50.0,,,2.369565217395575,2.478794167730181,-0.109228950334606,,,,,,,,,,,,,,,,,,,,,,,,,,,,,,,,,,,,,,,,,,,,,,,,,,,,,,,,,,,,,,,,,,,,,
2026-02-14 23:00:00+00:00,e1108,Level 11,50.0,Maintenance Soon,50.0,50.0,50.0,50.0,50.0,,,2.3826086956469226,2.519222023100156,-0.136613327453233,,,,,,,,,,,,,,,,,,,,,,,,,,,,,,,,,,,,,,,,,,,,,,,,,,,,,,,,,,,,,,,,,,,,,
2026-02-15 00:00:00+00:00,e1108,Level 11,50.0,Maintenance Soon,50.0,50.0,50.0,50.0,50.0,,,2.386956521742832,2.4471315924214045,-0.0601750706785728,,,,,,,,,,,,,,,,,,,,,,,,,,,,,,,,,,,,,,,,,,,,,,,,,,,,,,,,,,,,,,,,,,,,,
2026-02-15 01:00:00+00:00,e1108,Level 11,50.0,Maintenance Soon,50.0,50.0,50.0,50.0,50.0,,,2.356107660452836,2.3258730158728818,0.0302346445799535,,,,,,,,,,,,,,,,,,,,,,,,,,,,,,,,,,,,,,,,,,,,,,,,,,,,,,,,,,,,,,,,,,,,,
2026-02-15 02:00:00+00:00,e1108,Level 11,50.0,Maintenance Soon,50.0,50.0,50.0,50.0,50.0,,,2.2456709956713894,2.253467000836584,-0.0077960051651948,,,,,,,,,,,,,,,,,,,,,,,,,,,,,,,,,,,,,,,,,,,,,,,,,,,,,,,,,,,,,,,,,,,,,
2026-02-15 03:00:00+00:00,e1108,Level 11,50.0,Maintenance Soon,50.0,50.0,50.0,50.0,50.0,,,2.2448051948085777,2.3062702733829306,-0.0614650785743529,,,,,,,,,,,,,,,,,,,,,,,,,,,,,,,,,,,,,,,,,,,,,,,,,,,,,,,,,,,,,,,,,,,,,
2026-02-15 04:00:00+00:00,e1108,Level 11,50.0,Maintenance Soon,50.0,50.0,50.0,50.0,50.0,,,2.134285714284488,9.441866735805284,-7.307581021520795,,,,,,,,,,,,,,,,,,,,,,,,,,,,,,,,,,,,,,,,,,,,,,,,,,,,,,,,,,,,,,,,,,,,,
2026-02-15 05:00:00+00:00,e1108,Level 11,50.0,Maintenance Soon,50.0,50.0,50.0,50.0,50.0,,,2.09904761904545,6.2950954973639455,-4.196047878318495,,,,,,,,,,,,,,,,,,,,,,,,,,,,,,,,,,,,,,,,,,,,,,,,,,,,,,,,,,,,,,,,,,,,,
2026-02-15 06:00:00+00:00,e1108,Level 11,50.0,Maintenance Soon,50.0,50.0,50.0,50.0,50.0,,,2.238095238095412,2.210404363398993,0.0276908746964181,,,,,,,,,,,,,,,,,,,,,,,,,,,,,,,,,,,,,,,,,,,,,,,,,,,,,,,,,,,,,,,,,,,,,
2026-02-15 07:00:00+00:00,e1108,Level 11,50.0,Maintenance Soon,50.0,50.0,50.0,50.0,50.0,,,2.0928571428594296,2.151582500312846,-0.0587253574534165,,,,,,,,,,,,,,,,,,,,,,,,,,,,,,,,,,,,,,,,,,,,,,,,,,,,,,,,,,,,,,,,,,,,,
2026-02-15 08:00:00+00:00,e1108,Level 11,50.0,Maintenance Soon,50.0,50.0,50.0,50.0,50.0,,,2.069999999999709,2.131745727664869,-0.0617457276651598,,,,,,,,,,,,,,,,,,,,,,,,,,,,,,,,,,,,,,,,,,,,,,,,,,,,,,,,,,,,,,,,,,,,,
2026-02-15 09:00:00+00:00,e1108,Level 11,50.0,Maintenance Soon,50.0,50.0,50.0,50.0,50.0,,,2.13999999999578,2.227780818587538,-0.0877808185917579,,,,,,,,,,,,,,,,,,,,,,,,,,,,,,,,,,,,,,,,,,,,,,,,,,,,,,,,,,,,,,,,,,,,,
2026-02-15 10:00:00+00:00,e1108,Level 11,50.0,Maintenance Soon,50.0,50.0,50.0,50.0,50.0,,,2.144761904764892,3.3340613026787955,-1.1892993979139042,,,,,,,,,,,,,,,,,,,,,,,,,,,,,,,,,,,,,,,,,,,,,,,,,,,,,,,,,,,,,,,,,,,,,
2026-02-15 11:00:00+00:00,e1108,Level 11,50.0,Maintenance Soon,50.0,50.0,50.0,50.0,50.0,,,2.1202380952381645,12.409216575924802,-10.288978480686636,,,,,,,,,,,,,,,,,,,,,,,,,,,,,,,,,,,,,,,,,,,,,,,,,,,,,,,,,,,,,,,,,,,,,
2026-02-15 12:00:00+00:00,e1108,Level 11,50.0,Maintenance Soon,50.0,50.0,50.0,50.0,50.0,,,2.145000000000437,2.1878742834075333,-0.0428742834070967,,,,,,,,,,,,,,,,,,,,,,,,,,,,,,,,,,,,,,,,,,,,,,,,,,,,,,,,,,,,,,,,,,,,,
2026-02-15 13:00:00+00:00,e1108,Level 11,50.0,Maintenance Soon,50.0,50.0,50.0,50.0,50.0,,,1.984999999996944,2.2756595511782507,-0.2906595511813066,,,,,,,,,,,,,,,,,,,,,,,,,,,,,,,,,,,,,,,,,,,,,,,,,,,,,,,,,,,,,,,,,,,,,
2026-02-15 14:00:00+00:00,e1108,Level 11,50.0,Maintenance Soon,50.0,50.0,50.0,50.0,50.0,,,2.125,2.2356595511761648,-0.1106595511761647,,,,,,,,,,,,,,,,,,,,,,,,,,,,,,,,,,,,,,,,,,,,,,,,,,,,,,,,,,,,,,,,,,,,,
2026-02-15 15:00:00+00:00,e1108,Level 11,50.0,Maintenance Soon,50.0,50.0,50.0,50.0,50.0,,,2.130000000001018,2.2752128603084807,-0.145212860307462,,,,,,,,,,,,,,,,,,,,,,,,,,,,,,,,,,,,,,,,,,,,,,,,,,,,,,,,,,,,,,,,,,,,,
2026-02-15 16:00:00+00:00,e1108,Level 11,50.0,Maintenance Soon,50.0,50.0,50.0,50.0,50.0,,,2.0471428571436263,2.270354878095532,-0.2232120209519053,,,,,,,,,,,,,,,,,,,,,,,,,,,,,,,,,,,,,,,,,,,,,,,,,,,,,,,,,,,,,,,,,,,,,
2026-02-15 17:00:00+00:00,e1108,Level 11,50.0,Maintenance Soon,50.0,50.0,50.0,50.0,50.0,,,2.1666666666642413,2.304705187286648,-0.1380385206224068,,,,,,,,,,,,,,,,,,,,,,,,,,,,,,,,,,,,,,,,,,,,,,,,,,,,,,,,,,,,,,,,,,,,,
2026-02-15 18:00:00+00:00,e1108,Level 11,50.0,Maintenance Soon,50.0,50.0,50.0,50.0,50.0,,,2.204761904766201,2.2951731064640626,-0.0904112016978615,,,,,,,,,,,,,,,,,,,,,,,,,,,,,,,,,,,,,,,,,,,,,,,,,,,,,,,,,,,,,,,,,,,,,
2026-02-15 19:00:00+00:00,e1108,Level 11,50.0,Maintenance Soon,50.0,50.0,50.0,50.0,50.0,,,2.2350649350628373,2.3062158271835265,-0.0711508921206891,,,,,,,,,,,,,,,,,,,,,,,,,,,,,,,,,,,,,,,,,,,,,,,,,,,,,,,,,,,,,,,,,,,,,
2026-02-15 20:00:00+00:00,e1108,Level 11,50.0,Maintenance Soon,50.0,50.0,50.0,50.0,50.0,,,2.2909090909088263,2.39619109955432,-0.1052820086454935,,,,,,,,,,,,,,,,,,,,,,,,,,,,,,,,,,,,,,,,,,,,,,,,,,,,,,,,,,,,,,,,,,,,,
2026-02-15 21:00:00+00:00,e1108,Level 11,50.0,Maintenance Soon,50.0,50.0,50.0,50.0,50.0,,,2.2406926406911225,2.348999194019901,-0.1083065533287785,,,,,,,,,,,,,,,,,,,,,,,,,,,,,,,,,,,,,,,,,,,,,,,,,,,,,,,,,,,,,,,,,,,,,
2026-02-15 22:00:00+00:00,e1108,Level 11,50.0,Maintenance Soon,50.0,50.0,50.0,50.0,50.0,,,2.268398268399324,2.422463037977044,-0.1540647695777202,,,,,,,,,,,,,,,,,,,,,,,,,,,,,,,,,,,,,,,,,,,,,,,,,,,,,,,,,,,,,,,,,,,,,
2026-02-15 23:00:00+00:00,e1108,Level 11,50.0,Maintenance Soon,50.0,50.0,50.0,50.0,50.0,,,19.477272727272062,2.4319157412634618,17.045356986008603,,,,,,,,,,,,,,,,,,,,,,,,,,,,,,,,,,,,,,,,,,,,,,,,,,,,,,,,,,,,,,,,,,,,,
2026-02-16 00:00:00+00:00,e1108,Level 11,50.0,Maintenance Soon,50.0,50.0,50.0,50.0,50.0,,,19.281313131315983,3.208349534024213,16.07296359729177,,,,,,,,,,,,,,,,,,,,,,,,,,,,,,,,,,,,,,,,,,,,,,,,,,,,,,,,,,,,,,,,,,,,,
2026-02-16 01:00:00+00:00,e1108,Level 11,50.0,Maintenance Soon,50.0,50.0,50.0,50.0,50.0,,,1.9356725146208191,12.860514572883403,-10.924842058262584,,,,,,,,,,,,,,,,,,,,,,,,,,,,,,,,,,,,,,,,,,,,,,,,,,,,,,,,,,,,,,,,,,,,,
2026-02-16 02:00:00+00:00,e1108,Level 11,50.0,Maintenance Soon,50.0,50.0,50.0,50.0,50.0,,,1.9421052631587368,2.2876664842187893,-0.345561221060052,,,,,,,,,,,,,,,,,,,,,,,,,,,,,,,,,,,,,,,,,,,,,,,,,,,,,,,,,,,,,,,,,,,,,
2026-02-16 03:00:00+00:00,e1108,Level 11,50.0,Maintenance Soon,50.0,50.0,50.0,50.0,50.0,,,1.888888888890505,2.486168322950107,-0.597279434059601,,,,,,,,,,,,,,,,,,,,,,,,,,,,,,,,,,,,,,,,,,,,,,,,,,,,,,,,,,,,,,,,,,,,,
2026-02-16 04:00:00+00:00,e1108,Level 11,50.0,Maintenance Soon,50.0,50.0,50.0,50.0,50.0,,,1.8640522875793977,2.5446460453119166,-0.680593757732519,,,,,,,,,,,,,,,,,,,,,,,,,,,,,,,,,,,,,,,,,,,,,,,,,,,,,,,,,,,,,,,,,,,,,
2026-02-16 05:00:00+00:00,e1108,Level 11,50.0,Maintenance Soon,50.0,50.0,50.0,50.0,50.0,,,1.835947712417692,2.5227328720660203,-0.6867851596483283,,,,,,,,,,,,,,,,,,,,,,,,,,,,,,,,,,,,,,,,,,,,,,,,,,,,,,,,,,,,,,,,,,,,,
2026-02-16 06:00:00+00:00,e1108,Level 11,50.0,Maintenance Soon,50.0,50.0,50.0,50.0,50.0,,,1.8169934640500287,2.6568579568580994,-0.8398644928080707,,,,,,,,,,,,,,,,,,,,,,,,,,,,,,,,,,,,,,,,,,,,,,,,,,,,,,,,,,,,,,,,,,,,,
2026-02-16 07:00:00+00:00,e1108,Level 11,50.0,Maintenance Soon,50.0,50.0,50.0,50.0,50.0,,,1.711764705883979,2.4659476326160075,-0.7541829267320281,,,,,,,,,,,,,,,,,,,,,,,,,,,,,,,,,,,,,,,,,,,,,,,,,,,,,,,,,,,,,,,,,,,,,
2026-02-16 08:00:00+00:00,e1108,Level 11,50.0,Maintenance Soon,50.0,50.0,50.0,50.0,50.0,,,1.9045751633966568,2.4760797720797805,-0.571504608683123,,,,,,,,,,,,,,,,,,,,,,,,,,,,,,,,,,,,,,,,,,,,,,,,,,,,,,,,,,,,,,,,,,,,,
2026-02-16 09:00:00+00:00,e1108,Level 11,50.0,Maintenance Soon,50.0,50.0,50.0,50.0,50.0,,,1.9000000000014552,2.520689458686926,-0.620689458685471,,,,,,,,,,,,,,,,,,,,,,,,,,,,,,,,,,,,,,,,,,,,,,,,,,,,,,,,,,,,,,,,,,,,,
2026-02-16 10:00:00+00:00,e1108,Level 11,50.0,Maintenance Soon,50.0,50.0,50.0,50.0,50.0,,,1.830409356723976,2.4168867039394777,-0.5864773472155016,,,,,,,,,,,,,,,,,,,,,,,,,,,,,,,,,,,,,,,,,,,,,,,,,,,,,,,,,,,,,,,,,,,,,
2026-02-16 11:00:00+00:00,e1108,Level 11,50.0,Maintenance Soon,50.0,50.0,50.0,50.0,50.0,,,1.9894736842106795,1.6698412698424363,0.3196324143682432,,,,,,,,,,,,,,,,,,,,,,,,,,,,,,,,,,,,,,,,,,,,,,,,,,,,,,,,,,,,,,,,,,,,,
2026-02-16 12:00:00+00:00,e1108,Level 11,50.0,Maintenance Soon,50.0,50.0,50.0,50.0,50.0,,,1.919005847950757,1.732692939245074,0.1863129087056829,,,,,,,,,,,,,,,,,,,,,,,,,,,,,,,,,,,,,,,,,,,,,,,,,,,,,,,,,,,,,,,,,,,,,
2026-02-16 13:00:00+00:00,e1108,Level 11,50.0,Maintenance Soon,50.0,50.0,50.0,50.0,50.0,,,1.9178362573147751,1.665402298848979,0.2524339584657962,,,,,,,,,,,,,,,,,,,,,,,,,,,,,,,,,,,,,,,,,,,,,,,,,,,,,,,,,,,,,,,,,,,,,
2026-02-16 14:00:00+00:00,e1108,Level 11,50.0,Maintenance Soon,50.0,50.0,50.0,50.0,50.0,,,2.0105263157856825,1.646913580247201,0.3636127355384815,,,,,,,,,,,,,,,,,,,,,,,,,,,,,,,,,,,,,,,,,,,,,,,,,,,,,,,,,,,,,,,,,,,,,
2026-02-16 15:00:00+00:00,e1108,Level 11,50.0,Maintenance Soon,50.0,50.0,50.0,50.0,50.0,,,1.957894736846356,1.696419753086957,0.261474983759399,,,,,,,,,,,,,,,,,,,,,,,,,,,,,,,,,,,,,,,,,,,,,,,,,,,,,,,,,,,,,,,,,,,,,
2026-02-16 16:00:00+00:00,e1108,Level 11,50.0,Maintenance Soon,50.0,50.0,50.0,50.0,50.0,,,1.9894736842070413,1.6938752052556083,0.2955984789514332,,,,,,,,,,,,,,,,,,,,,,,,,,,,,,,,,,,,,,,,,,,,,,,,,,,,,,,,,,,,,,,,,,,,,
2026-02-16 17:00:00+00:00,e1108,Level 11,50.0,Maintenance Soon,50.0,50.0,50.0,50.0,50.0,,,2.0052631578946603,1.7629501915689616,0.2423129663256986,,,,,,,,,,,,,,,,,,,,,,,,,,,,,,,,,,,,,,,,,,,,,,,,,,,,,,,,,,,,,,,,,,,,,
2026-02-16 18:00:00+00:00,e1108,Level 11,50.0,Maintenance Soon,50.0,50.0,50.0,50.0,50.0,,,2.0263157894733013,1.744603174605193,0.2817126148681079,,,,,,,,,,,,,,,,,,,,,,,,,,,,,,,,,,,,,,,,,,,,,,,,,,,,,,,,,,,,,,,,,,,,,
2026-02-16 19:00:00+00:00,e1108,Level 11,50.0,Maintenance Soon,50.0,50.0,50.0,50.0,50.0,,,1.9894736842143173,1.7635766532306054,0.225897030983712,,,,,,,,,,,,,,,,,,,,,,,,,,,,,,,,,,,,,,,,,,,,,,,,,,,,,,,,,,,,,,,,,,,,,
2026-02-16 20:00:00+00:00,e1108,Level 11,50.0,Maintenance Soon,50.0,50.0,50.0,50.0,50.0,,,2.099248120299308,1.807621037964661,0.2916270823346469,,,,,,,,,,,,,,,,,,,,,,,,,,,,,,,,,,,,,,,,,,,,,,,,,,,,,,,,,,,,,,,,,,,,,
2026-02-16 21:00:00+00:00,e1108,Level 11,50.0,Maintenance Soon,50.0,50.0,50.0,50.0,50.0,,,2.142857142858702,1.7656629789974734,0.3771941638612286,,,,,,,,,,,,,,,,,,,,,,,,,,,,,,,,,,,,,,,,,,,,,,,,,,,,,,,,,,,,,,,,,,,,,
2026-02-16 22:00:00+00:00,e1108,Level 11,50.0,Maintenance Soon,50.0,50.0,50.0,50.0,50.0,,,2.149999999997817,1.7527078258256854,0.3972921741721318,,,,,,,,,,,,,,,,,,,,,,,,,,,,,,,,,,,,,,,,,,,,,,,,,,,,,,,,,,,,,,,,,,,,,
2026-02-16 23:00:00+00:00,e1108,Level 11,50.0,Maintenance Soon,50.0,50.0,50.0,50.0,50.0,,,2.0650000000023283,7.620347629520741,-5.555347629518413,,,,,,,,,,,,,,,,,,,,,,,,,,,,,,,,,,,,,,,,,,,,,,,,,,,,,,,,,,,,,,,,,,,,,
2026-02-17 00:00:00+00:00,e1108,Level 11,50.0,Maintenance Soon,50.0,50.0,50.0,50.0,50.0,,,2.090263157893787,7.538965936245707,-5.44870277835192,,,,,,,,,,,,,,,,,,,,,,,,,,,,,,,,,,,,,,,,,,,,,,,,,,,,,,,,,,,,,,,,,,,,,
2026-02-17 01:00:00+00:00,e1108,Level 11,50.0,Maintenance Soon,50.0,50.0,50.0,50.0,50.0,,,2.0473684210555803,1.6545431679563385,0.392825253099242,,,,,,,,,,,,,,,,,,,,,,,,,,,,,,,,,,,,,,,,,,,,,,,,,,,,,,,,,,,,,,,,,,,,,
2026-02-17 02:00:00+00:00,e1108,Level 11,50.0,Maintenance Soon,50.0,50.0,50.0,50.0,50.0,,,1.9684210526247623,1.6275271512107186,0.3408939014140439,,,,,,,,,,,,,,,,,,,,,,,,,,,,,,,,,,,,,,,,,,,,,,,,,,,,,,,,,,,,,,,,,,,,,
2026-02-17 03:00:00+00:00,e1108,Level 11,50.0,Maintenance Soon,50.0,50.0,50.0,50.0,50.0,,,2.0,1.5729276895945077,0.4270723104054923,,,,,,,,,,,,,,,,,,,,,,,,,,,,,,,,,,,,,,,,,,,,,,,,,,,,,,,,,,,,,,,,,,,,,
2026-02-17 04:00:00+00:00,e1108,Level 11,50.0,Maintenance Soon,50.0,50.0,50.0,50.0,50.0,,,12.915789473685436,1.6262464628258992,11.289543010859536,,,,,,,,,,,,,,,,,,,,,,,,,,,,,,,,,,,,,,,,,,,,,,,,,,,,,,,,,,,,,,,,,,,,,
2026-02-17 05:00:00+00:00,e1108,Level 11,50.0,Maintenance Soon,50.0,50.0,50.0,50.0,50.0,,,25.57368421052888,1.628074524828359,23.94560968570052,,,,,,,,,,,,,,,,,,,,,,,,,,,,,,,,,,,,,,,,,,,,,,,,,,,,,,,,,,,,,,,,,,,,,
2026-02-17 06:00:00+00:00,e1108,Level 11,50.0,Maintenance Soon,50.0,50.0,50.0,50.0,50.0,,,1.900584795319446,1.6223311546831003,0.2782536406363458,,,,,,,,,,,,,,,,,,,,,,,,,,,,,,,,,,,,,,,,,,,,,,,,,,,,,,,,,,,,,,,,,,,,,
2026-02-17 07:00:00+00:00,e1108,Level 11,50.0,Maintenance Soon,50.0,50.0,50.0,50.0,50.0,,,2.120707070705976,26.360705194360587,-24.23999812365461,,,,,,,,,,,,,,,,,,,,,,,,,,,,,,,,,,,,,,,,,,,,,,,,,,,,,,,,,,,,,,,,,,,,,
2026-02-17 08:00:00+00:00,e1108,Level 11,50.0,Maintenance Soon,50.0,50.0,50.0,50.0,50.0,,,2.118181818186713,2.141372429311256,-0.023190611124543,,,,,,,,,,,,,,,,,,,,,,,,,,,,,,,,,,,,,,,,,,,,,,,,,,,,,,,,,,,,,,,,,,,,,
2026-02-17 09:00:00+00:00,e1108,Level 11,50.0,Maintenance Soon,50.0,50.0,50.0,50.0,50.0,,,1.8999999999978168,2.5067120121275366,-0.6067120121297194,,,,,,,,,,,,,,,,,,,,,,,,,,,,,,,,,,,,,,,,,,,,,,,,,,,,,,,,,,,,,,,,,,,,,
2026-02-17 10:00:00+00:00,e1108,Level 11,50.0,Maintenance Soon,50.0,50.0,50.0,50.0,50.0,,,1.8205882352958724,2.330649375672996,-0.5100611403771231,,,,,,,,,,,,,,,,,,,,,,,,,,,,,,,,,,,,,,,,,,,,,,,,,,,,,,,,,,,,,,,,,,,,,
2026-02-17 11:00:00+00:00,e1108,Level 11,50.0,Maintenance Soon,50.0,50.0,50.0,50.0,50.0,,,1.9136222910165088,1.9113555251193848,0.0022667658971233,,,,,,,,,,,,,,,,,,,,,,,,,,,,,,,,,,,,,,,,,,,,,,,,,,,,,,,,,,,,,,,,,,,,,
2026-02-17 12:00:00+00:00,e1108,Level 11,50.0,Maintenance Soon,50.0,50.0,50.0,50.0,50.0,,,1.8991228070226496,2.1227320085272368,-0.2236092015045869,,,,,,,,,,,,,,,,,,,,,,,,,,,,,,,,,,,,,,,,,,,,,,,,,,,,,,,,,,,,,,,,,,,,,
2026-02-17 13:00:00+00:00,e1108,Level 11,50.0,Maintenance Soon,50.0,50.0,50.0,50.0,50.0,,,1.9388888888897784,1.9688466536730025,-0.029957764783224,,,,,,,,,,,,,,,,,,,,,,,,,,,,,,,,,,,,,,,,,,,,,,,,,,,,,,,,,,,,,,,,,,,,,
2026-02-17 14:00:00+00:00,e1108,Level 11,50.0,Maintenance Soon,50.0,50.0,50.0,50.0,50.0,,,1.9251461988242229,1.944658042414328,-0.0195118435901047,,,,,,,,,,,,,,,,,,,,,,,,,,,,,,,,,,,,,,,,,,,,,,,,,,,,,,,,,,,,,,,,,,,,,
2026-02-17 15:00:00+00:00,e1108,Level 11,50.0,Maintenance Soon,50.0,50.0,50.0,50.0,50.0,,,1.9526315789480573,2.00731496452742,-0.0546833855793615,,,,,,,,,,,,,,,,,,,,,,,,,,,,,,,,,,,,,,,,,,,,,,,,,,,,,,,,,,,,,,,,,,,,,
2026-02-17 16:00:00+00:00,e1108,Level 11,50.0,Maintenance Soon,50.0,50.0,50.0,50.0,50.0,,,1.978947368424997,2.045720300399504,-0.0667729319745071,,,,,,,,,,,,,,,,,,,,,,,,,,,,,,,,,,,,,,,,,,,,,,,,,,,,,,,,,,,,,,,,,,,,,
2026-02-17 17:00:00+00:00,e1108,Level 11,50.0,Maintenance Soon,50.0,50.0,50.0,50.0,50.0,,,1.921052631580096,2.069749277408846,-0.1486966458287497,,,,,,,,,,,,,,,,,,,,,,,,,,,,,,,,,,,,,,,,,,,,,,,,,,,,,,,,,,,,,,,,,,,,,
2026-02-17 18:00:00+00:00,e1108,Level 11,50.0,Maintenance Soon,50.0,50.0,50.0,50.0,50.0,,,2.0111111111073114,2.1703537579584613,-0.1592426468511498,,,,,,,,,,,,,,,,,,,,,,,,,,,,,,,,,,,,,,,,,,,,,,,,,,,,,,,,,,,,,,,,,,,,,
2026-02-17 19:00:00+00:00,e1108,Level 11,50.0,Maintenance Soon,50.0,50.0,50.0,50.0,50.0,,,1.9338888888923973,2.2251288270320706,-0.2912399381396731,,,,,,,,,,,,,,,,,,,,,,,,,,,,,,,,,,,,,,,,,,,,,,,,,,,,,,,,,,,,,,,,,,,,,
2026-02-17 20:00:00+00:00,e1108,Level 11,50.0,Maintenance Soon,50.0,50.0,50.0,50.0,50.0,,,2.086578947368253,2.228037214623328,-0.141458267255075,,,,,,,,,,,,,,,,,,,,,,,,,,,,,,,,,,,,,,,,,,,,,,,,,,,,,,,,,,,,,,,,,,,,,
2026-02-17 21:00:00+00:00,e1108,Level 11,50.0,Maintenance Soon,50.0,50.0,50.0,50.0,50.0,,,1.9736842105230608,2.2761350625648142,-0.3024508520417535,,,,,,,,,,,,,,,,,,,,,,,,,,,,,,,,,,,,,,,,,,,,,,,,,,,,,,,,,,,,,,,,,,,,,
2026-02-17 22:00:00+00:00,e1108,Level 11,50.0,Maintenance Soon,50.0,50.0,50.0,50.0,50.0,,,2.128070175440371,2.237649204243401,-0.1095790288030307,,,,,,,,,,,,,,,,,,,,,,,,,,,,,,,,,,,,,,,,,,,,,,,,,,,,,,,,,,,,,,,,,,,,,
2026-02-17 23:00:00+00:00,e1108,Level 11,50.0,Maintenance Soon,50.0,50.0,50.0,50.0,50.0,,,2.211666666666133,2.281950303283035,-0.0702836366169017,,,,,,,,,,,,,,,,,,,,,,,,,,,,,,,,,,,,,,,,,,,,,,,,,,,,,,,,,,,,,,,,,,,,,
2026-02-18 00:00:00+00:00,e1108,Level 11,50.0,Maintenance Soon,50.0,50.0,50.0,50.0,50.0,,,2.084999999999127,2.2712567294984183,-0.1862567294992914,,,,,,,,,,,,,,,,,,,,,,,,,,,,,,,,,,,,,,,,,,,,,,,,,,,,,,,,,,,,,,,,,,,,,
2026-02-18 01:00:00+00:00,e1108,Level 11,50.0,Maintenance Soon,50.0,50.0,50.0,50.0,50.0,,,2.1278947368446097,2.201484262767432,-0.0735895259228223,,,,,,,,,,,,,,,,,,,,,,,,,,,,,,,,,,,,,,,,,,,,,,,,,,,,,,,,,,,,,,,,,,,,,
2026-02-18 02:00:00+00:00,e1108,Level 11,50.0,Maintenance Soon,50.0,50.0,50.0,50.0,50.0,,,1.897660818711301,2.097002419840768,-0.1993416011294662,,,,,,,,,,,,,,,,,,,,,,,,,,,,,,,,,,,,,,,,,,,,,,,,,,,,,,,,,,,,,,,,,,,,,
2026-02-18 03:00:00+00:00,e1108,Level 11,50.0,Maintenance Soon,50.0,50.0,50.0,50.0,50.0,,,1.888888888890505,2.024960441855607,-0.1360715529651011,,,,,,,,,,,,,,,,,,,,,,,,,,,,,,,,,,,,,,,,,,,,,,,,,,,,,,,,,,,,,,,,,,,,,
2026-02-18 04:00:00+00:00,e1108,Level 11,50.0,Maintenance Soon,50.0,50.0,50.0,50.0,50.0,,,1.867320261437272,10.676634379267249,-8.809314117829976,,,,,,,,,,,,,,,,,,,,,,,,,,,,,,,,,,,,,,,,,,,,,,,,,,,,,,,,,,,,,,,,,,,,,
2026-02-18 05:00:00+00:00,e1108,Level 11,50.0,Maintenance Soon,50.0,50.0,50.0,50.0,50.0,,,1.9250773993808248,16.199316469642024,-14.2742390702612,,,,,,,,,,,,,,,,,,,,,,,,,,,,,,,,,,,,,,,,,,,,,,,,,,,,,,,,,,,,,,,,,,,,,
2026-02-18 06:00:00+00:00,e1108,Level 11,50.0,Maintenance Soon,50.0,50.0,50.0,50.0,50.0,,,1.8194078947381056,4.466171034632377,-2.646763139894272,,,,,,,,,,,,,,,,,,,,,,,,,,,,,,,,,,,,,,,,,,,,,,,,,,,,,,,,,,,,,,,,,,,,,
2026-02-18 07:00:00+00:00,e1108,Level 11,50.0,Maintenance Soon,50.0,50.0,50.0,50.0,50.0,,,1.6555147058788862,4.258401698140612,-2.602886992261726,,,,,,,,,,,,,,,,,,,,,,,,,,,,,,,,,,,,,,,,,,,,,,,,,,,,,,,,,,,,,,,,,,,,,
2026-02-18 08:00:00+00:00,e1108,Level 11,50.0,Maintenance Soon,50.0,50.0,50.0,50.0,50.0,,,1.6949019607855007,1.997020979021424,-0.302119018235923,,,,,,,,,,,,,,,,,,,,,,,,,,,,,,,,,,,,,,,,,,,,,,,,,,,,,,,,,,,,,,,,,,,,,
2026-02-18 09:00:00+00:00,e1108,Level 11,50.0,Maintenance Soon,50.0,50.0,50.0,50.0,50.0,,,17.137777777781594,2.0210351377002858,15.116742640081307,,,,,,,,,,,,,,,,,,,,,,,,,,,,,,,,,,,,,,,,,,,,,,,,,,,,,,,,,,,,,,,,,,,,,
2026-02-18 10:00:00+00:00,e1108,Level 11,50.0,Maintenance Soon,50.0,50.0,50.0,50.0,50.0,,,21.03055555555329,1.9462366428075863,19.084318912745704,,,,,,,,,,,,,,,,,,,,,,,,,,,,,,,,,,,,,,,,,,,,,,,,,,,,,,,,,,,,,,,,,,,,,
2026-02-18 11:00:00+00:00,e1108,Level 11,50.0,Maintenance Soon,50.0,50.0,50.0,50.0,50.0,,,1.808333333334304,2.052953462086104,-0.2446201287518001,,,,,,,,,,,,,,,,,,,,,,,,,,,,,,,,,,,,,,,,,,,,,,,,,,,,,,,,,,,,,,,,,,,,,
2026-02-18 12:00:00+00:00,e1108,Level 11,50.0,Maintenance Soon,50.0,50.0,50.0,50.0,50.0,,,1.8499999999949068,2.040336417968016,-0.1903364179731093,,,,,,,,,,,,,,,,,,,,,,,,,,,,,,,,,,,,,,,,,,,,,,,,,,,,,,,,,,,,,,,,,,,,,
2026-02-18 13:00:00+00:00,e1108,Level 11,50.0,Maintenance Soon,50.0,50.0,50.0,50.0,50.0,,,1.92982456140453,2.1010013613473952,-0.1711767999428652,,,,,,,,,,,,,,,,,,,,,,,,,,,,,,,,,,,,,,,,,,,,,,,,,,,,,,,,,,,,,,,,,,,,,
2026-02-18 14:00:00+00:00,e1108,Level 11,50.0,Maintenance Soon,50.0,50.0,50.0,50.0,50.0,,,1.936842105267715,2.0843399206811832,-0.1474978154134683,,,,,,,,,,,,,,,,,,,,,,,,,,,,,,,,,,,,,,,,,,,,,,,,,,,,,,,,,,,,,,,,,,,,,
2026-02-18 15:00:00+00:00,e1108,Level 11,50.0,Maintenance Soon,50.0,50.0,50.0,50.0,50.0,,,1.95789473683908,2.0858388788061952,-0.1279441419671152,,,,,,,,,,,,,,,,,,,,,,,,,,,,,,,,,,,,,,,,,,,,,,,,,,,,,,,,,,,,,,,,,,,,,
2026-02-18 16:00:00+00:00,e1108,Level 11,50.0,Maintenance Soon,50.0,50.0,50.0,50.0,50.0,,,1.925438596488675,2.104232087735,-0.1787934912463242,,,,,,,,,,,,,,,,,,,,,,,,,,,,,,,,,,,,,,,,,,,,,,,,,,,,,,,,,,,,,,,,,,,,,
2026-02-18 17:00:00+00:00,e1108,Level 11,50.0,Maintenance Soon,50.0,50.0,50.0,50.0,50.0,,,1.9798245614110783,2.184766270229981,-0.2049417088189025,,,,,,,,,,,,,,,,,,,,,,,,,,,,,,,,,,,,,,,,,,,,,,,,,,,,,,,,,,,,,,,,,,,,,
2026-02-18 18:00:00+00:00,e1108,Level 11,50.0,Maintenance Soon,50.0,50.0,50.0,50.0,50.0,,,2.036842105258984,2.1527071140844782,-0.1158650088254944,,,,,,,,,,,,,,,,,,,,,,,,,,,,,,,,,,,,,,,,,,,,,,,,,,,,,,,,,,,,,,,,,,,,,
2026-02-18 19:00:00+00:00,e1108,Level 11,50.0,Maintenance Soon,50.0,50.0,50.0,50.0,50.0,,,2.109999999996944,2.1969054183597714,-0.0869054183628272,,,,,,,,,,,,,,,,,,,,,,,,,,,,,,,,,,,,,,,,,,,,,,,,,,,,,,,,,,,,,,,,,,,,,
2026-02-18 20:00:00+00:00,e1108,Level 11,50.0,Maintenance Soon,50.0,50.0,50.0,50.0,50.0,,,2.1328571428603027,2.343677877488517,-0.2108207346282142,,,,,,,,,,,,,,,,,,,,,,,,,,,,,,,,,,,,,,,,,,,,,,,,,,,,,,,,,,,,,,,,,,,,,
2026-02-18 21:00:00+00:00,e1108,Level 11,50.0,Maintenance Soon,50.0,50.0,50.0,50.0,50.0,,,2.214285714286234,2.255672514619316,-0.0413868003330812,,,,,,,,,,,,,,,,,,,,,,,,,,,,,,,,,,,,,,,,,,,,,,,,,,,,,,,,,,,,,,,,,,,,,
2026-02-18 22:00:00+00:00,e1108,Level 11,50.0,Maintenance Soon,50.0,50.0,50.0,50.0,50.0,,,2.223809523809905,2.309750990379446,-0.0859414665695417,,,,,,,,,,,,,,,,,,,,,,,,,,,,,,,,,,,,,,,,,,,,,,,,,,,,,,,,,,,,,,,,,,,,,
2026-02-18 23:00:00+00:00,e1108,Level 11,50.0,Maintenance Soon,50.0,50.0,50.0,50.0,50.0,,,2.204761904758925,7.687831541218959,-5.483069636460034,,,,,,,,,,,,,,,,,,,,,,,,,,,,,,,,,,,,,,,,,,,,,,,,,,,,,,,,,,,,,,,,,,,,,
2026-02-19 00:00:00+00:00,e1108,Level 11,50.0,Maintenance Soon,50.0,50.0,50.0,50.0,50.0,,,2.124812030073372,8.440028161802426,-6.315216131729054,,,,,,,,,,,,,,,,,,,,,,,,,,,,,,,,,,,,,,,,,,,,,,,,,,,,,,,,,,,,,,,,,,,,,
2026-02-19 01:00:00+00:00,e1108,Level 11,50.0,Maintenance Soon,50.0,50.0,50.0,50.0,50.0,,,1.9012383900953864,2.2110825915369787,-0.3098442014415923,,,,,,,,,,,,,,,,,,,,,,,,,,,,,,,,,,,,,,,,,,,,,,,,,,,,,,,,,,,,,,,,,,,,,
2026-02-19 02:00:00+00:00,e1108,Level 11,50.0,Maintenance Soon,50.0,50.0,50.0,50.0,50.0,,,1.7823529411762138,1.9613310357029448,-0.1789780945267314,,,,,,,,,,,,,,,,,,,,,,,,,,,,,,,,,,,,,,,,,,,,,,,,,,,,,,,,,,,,,,,,,,,,,
2026-02-19 03:00:00+00:00,e1108,Level 11,50.0,Maintenance Soon,50.0,50.0,50.0,50.0,50.0,,,1.5058823529434449,2.085220016256548,-0.5793376633131024,,,,,,,,,,,,,,,,,,,,,,,,,,,,,,,,,,,,,,,,,,,,,,,,,,,,,,,,,,,,,,,,,,,,,
2026-02-19 04:00:00+00:00,e1108,Level 11,50.0,Maintenance Soon,50.0,50.0,50.0,50.0,50.0,,,1.5117647058796138,2.072042209160524,-0.56027750328091,,,,,,,,,,,,,,,,,,,,,,,,,,,,,,,,,,,,,,,,,,,,,,,,,,,,,,,,,,,,,,,,,,,,,
2026-02-19 05:00:00+00:00,e1108,Level 11,50.0,Maintenance Soon,50.0,50.0,50.0,50.0,50.0,,,1.9132352941196584,2.0914476550363665,-0.1782123609167079,,,,,,,,,,,,,,,,,,,,,,,,,,,,,,,,,,,,,,,,,,,,,,,,,,,,,,,,,,,,,,,,,,,,,
2026-02-19 06:00:00+00:00,e1108,Level 11,50.0,Maintenance Soon,50.0,50.0,50.0,50.0,50.0,,,1.963235294118931,2.0560391907201847,-0.0928038966012536,,,,,,,,,,,,,,,,,,,,,,,,,,,,,,,,,,,,,,,,,,,,,,,,,,,,,,,,,,,,,,,,,,,,,
2026-02-19 07:00:00+00:00,e1108,Level 11,50.0,Maintenance Soon,50.0,50.0,50.0,50.0,50.0,,,1.755514705881069,2.0003248253306083,-0.2448101194495393,,,,,,,,,,,,,,,,,,,,,,,,,,,,,,,,,,,,,,,,,,,,,,,,,,,,,,,,,,,,,,,,,,,,,
2026-02-19 08:00:00+00:00,e1108,Level 11,50.0,Maintenance Soon,50.0,50.0,50.0,50.0,50.0,,,1.8229166666678795,2.0017430306470487,-0.1788263639791694,,,,,,,,,,,,,,,,,,,,,,,,,,,,,,,,,,,,,,,,,,,,,,,,,,,,,,,,,,,,,,,,,,,,,
2026-02-19 09:00:00+00:00,e1108,Level 11,50.0,Maintenance Soon,50.0,50.0,50.0,50.0,50.0,,,1.9555555555525643,7.146532660684898,-5.190977105132333,,,,,,,,,,,,,,,,,,,,,,,,,,,,,,,,,,,,,,,,,,,,,,,,,,,,,,,,,,,,,,,,,,,,,
2026-02-19 10:00:00+00:00,e1108,Level 11,50.0,Maintenance Soon,50.0,50.0,50.0,50.0,50.0,,,2.0833333333321207,8.482832078520005,-6.399498745187884,,,,,,,,,,,,,,,,,,,,,,,,,,,,,,,,,,,,,,,,,,,,,,,,,,,,,,,,,,,,,,,,,,,,,
2026-02-19 11:00:00+00:00,e1108,Level 11,50.0,Maintenance Soon,50.0,50.0,50.0,50.0,50.0,,,2.1049707602396666,2.228233694409331,-0.1232629341696642,,,,,,,,,,,,,,,,,,,,,,,,,,,,,,,,,,,,,,,,,,,,,,,,,,,,,,,,,,,,,,,,,,,,,
2026-02-19 12:00:00+00:00,e1108,Level 11,50.0,Maintenance Soon,50.0,50.0,50.0,50.0,50.0,,,1.945029239763244,2.28144796380002,-0.3364187240367755,,,,,,,,,,,,,,,,,,,,,,,,,,,,,,,,,,,,,,,,,,,,,,,,,,,,,,,,,,,,,,,,,,,,,
2026-02-19 13:00:00+00:00,e1108,Level 11,50.0,Maintenance Soon,50.0,50.0,50.0,50.0,50.0,,,2.056209150327049,2.290394727390473,-0.2341855770634233,,,,,,,,,,,,,,,,,,,,,,,,,,,,,,,,,,,,,,,,,,,,,,,,,,,,,,,,,,,,,,,,,,,,,
2026-02-19 14:00:00+00:00,e1108,Level 11,50.0,Maintenance Soon,50.0,50.0,50.0,50.0,50.0,,,18.361919504644906,2.2297410192174234,16.132178485427477,,,,,,,,,,,,,,,,,,,,,,,,,,,,,,,,,,,,,,,,,,,,,,,,,,,,,,,,,,,,,,,,,,,,,
2026-02-19 15:00:00+00:00,e1108,Level 11,50.0,Maintenance Soon,50.0,50.0,50.0,50.0,50.0,,,20.386315789470245,2.404420364635977,17.981895424834267,,,,,,,,,,,,,,,,,,,,,,,,,,,,,,,,,,,,,,,,,,,,,,,,,,,,,,,,,,,,,,,,,,,,,
2026-02-19 16:00:00+00:00,e1108,Level 11,50.0,Maintenance Soon,50.0,50.0,50.0,50.0,50.0,,,2.118947368424415,2.427325667108865,-0.3083782986844503,,,,,,,,,,,,,,,,,,,,,,,,,,,,,,,,,,,,,,,,,,,,,,,,,,,,,,,,,,,,,,,,,,,,,
2026-02-19 17:00:00+00:00,e1108,Level 11,50.0,Maintenance Soon,50.0,50.0,50.0,50.0,50.0,,,1.9105263157871373,2.450399789799121,-0.5398734740119835,,,,,,,,,,,,,,,,,,,,,,,,,,,,,,,,,,,,,,,,,,,,,,,,,,,,,,,,,,,,,,,,,,,,,
2026-02-19 18:00:00+00:00,e1108,Level 11,50.0,Maintenance Soon,50.0,50.0,50.0,50.0,50.0,,,2.110526315791504,2.4473287268944355,-0.3368024111029322,,,,,,,,,,,,,,,,,,,,,,,,,,,,,,,,,,,,,,,,,,,,,,,,,,,,,,,,,,,,,,,,,,,,,
2026-02-19 19:00:00+00:00,e1108,Level 11,50.0,Maintenance Soon,50.0,50.0,50.0,50.0,50.0,,,2.0,2.493648851457692,-0.4936488514576922,,,,,,,,,,,,,,,,,,,,,,,,,,,,,,,,,,,,,,,,,,,,,,,,,,,,,,,,,,,,,,,,,,,,,
2026-02-19 20:00:00+00:00,e1108,Level 11,50.0,Maintenance Soon,50.0,50.0,50.0,50.0,50.0,,,2.084999999995489,9.856487984886677,-7.771487984891186,,,,,,,,,,,,,,,,,,,,,,,,,,,,,,,,,,,,,,,,,,,,,,,,,,,,,,,,,,,,,,,,,,,,,
2026-02-19 21:00:00+00:00,e1108,Level 11,50.0,Maintenance Soon,50.0,50.0,50.0,50.0,50.0,,,2.095000000001164,6.716344446825436,-4.621344446824272,,,,,,,,,,,,,,,,,,,,,,,,,,,,,,,,,,,,,,,,,,,,,,,,,,,,,,,,,,,,,,,,,,,,,
2026-02-19 22:00:00+00:00,e1108,Level 11,50.0,Maintenance Soon,50.0,50.0,50.0,50.0,50.0,,,2.167619047620974,2.598698793460547,-0.4310797458395732,,,,,,,,,,,,,,,,,,,,,,,,,,,,,,,,,,,,,,,,,,,,,,,,,,,,,,,,,,,,,,,,,,,,,
2026-02-19 23:00:00+00:00,e1108,Level 11,50.0,Maintenance Soon,50.0,50.0,50.0,50.0,50.0,,,2.204761904766201,2.655027914612825,-0.4502660098466244,,,,,,,,,,,,,,,,,,,,,,,,,,,,,,,,,,,,,,,,,,,,,,,,,,,,,,,,,,,,,,,,,,,,,
2026-02-20 00:00:00+00:00,e1108,Level 11,50.0,Maintenance Soon,50.0,50.0,50.0,50.0,50.0,,,2.227619047615008,2.5516040100240693,-0.3239849624090616,,,,,,,,,,,,,,,,,,,,,,,,,,,,,,,,,,,,,,,,,,,,,,,,,,,,,,,,,,,,,,,,,,,,,
2026-02-20 01:00:00+00:00,e1108,Level 11,50.0,Maintenance Soon,50.0,50.0,50.0,50.0,50.0,,,1.992222222223063,2.448508034793728,-0.4562858125706648,,,,,,,,,,,,,,,,,,,,,,,,,,,,,,,,,,,,,,,,,,,,,,,,,,,,,,,,,,,,,,,,,,,,,
2026-02-20 02:00:00+00:00,e1108,Level 11,50.0,Maintenance Soon,50.0,50.0,50.0,50.0,50.0,,,1.888888888886868,2.369990662931135,-0.4811017740442671,,,,,,,,,,,,,,,,,,,,,,,,,,,,,,,,,,,,,,,,,,,,,,,,,,,,,,,,,,,,,,,,,,,,,
2026-02-20 03:00:00+00:00,e1108,Level 11,50.0,Maintenance Soon,50.0,50.0,50.0,50.0,50.0,,,1.9271241830065264,2.301729904083913,-0.374605721077387,,,,,,,,,,,,,,,,,,,,,,,,,,,,,,,,,,,,,,,,,,,,,,,,,,,,,,,,,,,,,,,,,,,,,
2026-02-20 04:00:00+00:00,e1108,Level 11,50.0,Maintenance Soon,50.0,50.0,50.0,50.0,50.0,,,1.7506535947686643,2.3010264887961966,-0.5503728940275323,,,,,,,,,,,,,,,,,,,,,,,,,,,,,,,,,,,,,,,,,,,,,,,,,,,,,,,,,,,,,,,,,,,,,
2026-02-20 05:00:00+00:00,e1108,Level 11,50.0,Maintenance Soon,50.0,50.0,50.0,50.0,50.0,,,1.914052287585946,2.4054742327049703,-0.4914219451190242,,,,,,,,,,,,,,,,,,,,,,,,,,,,,,,,,,,,,,,,,,,,,,,,,,,,,,,,,,,,,,,,,,,,,
2026-02-20 06:00:00+00:00,e1108,Level 11,50.0,Maintenance Soon,50.0,50.0,50.0,50.0,50.0,,,1.897058823531552,2.421729772367447,-0.5246709488358952,,,,,,,,,,,,,,,,,,,,,,,,,,,,,,,,,,,,,,,,,,,,,,,,,,,,,,,,,,,,,,,,,,,,,
2026-02-20 07:00:00+00:00,e1108,Level 11,50.0,Maintenance Soon,50.0,50.0,50.0,50.0,50.0,,,1.8249999999970896,2.3507441206978306,-0.525744120700741,,,,,,,,,,,,,,,,,,,,,,,,,,,,,,,,,,,,,,,,,,,,,,,,,,,,,,,,,,,,,,,,,,,,,
2026-02-20 08:00:00+00:00,e1108,Level 11,50.0,Maintenance Soon,50.0,50.0,50.0,50.0,50.0,,,1.825000000000728,2.2625821293428694,-0.4375821293421418,,,,,,,,,,,,,,,,,,,,,,,,,,,,,,,,,,,,,,,,,,,,,,,,,,,,,,,,,,,,,,,,,,,,,
2026-02-20 09:00:00+00:00,e1108,Level 11,50.0,Maintenance Soon,50.0,50.0,50.0,50.0,50.0,,,1.9944444444445253,2.361954559601145,-0.3675101151566196,,,,,,,,,,,,,,,,,,,,,,,,,,,,,,,,,,,,,,,,,,,,,,,,,,,,,,,,,,,,,,,,,,,,,
2026-02-20 10:00:00+00:00,e1108,Level 11,50.0,Maintenance Soon,50.0,50.0,50.0,50.0,50.0,,,1.81180555555693,2.182380952379996,-0.370575396823066,,,,,,,,,,,,,,,,,,,,,,,,,,,,,,,,,,,,,,,,,,,,,,,,,,,,,,,,,,,,,,,,,,,,,
2026-02-20 11:00:00+00:00,e1108,Level 11,50.0,Maintenance Soon,50.0,50.0,50.0,50.0,50.0,,,1.860416666666424,1.9048315232539608,-0.0444148565875366,,,,,,,,,,,,,,,,,,,,,,,,,,,,,,,,,,,,,,,,,,,,,,,,,,,,,,,,,,,,,,,,,,,,,
2026-02-20 12:00:00+00:00,e1108,Level 11,50.0,Maintenance Soon,50.0,50.0,50.0,50.0,50.0,,,1.944444444441615,1.8570732386518405,0.0873712057897744,,,,,,,,,,,,,,,,,,,,,,,,,,,,,,,,,,,,,,,,,,,,,,,,,,,,,,,,,,,,,,,,,,,,,
2026-02-20 13:00:00+00:00,e1108,Level 11,50.0,Maintenance Soon,50.0,50.0,50.0,50.0,50.0,,,1.805555555558385,1.8905146052214448,-0.0849590496630601,,,,,,,,,,,,,,,,,,,,,,,,,,,,,,,,,,,,,,,,,,,,,,,,,,,,,,,,,,,,,,,,,,,,,
2026-02-20 14:00:00+00:00,e1108,Level 11,50.0,Maintenance Soon,50.0,50.0,50.0,50.0,50.0,,,1.9722222222226264,7.3282988425404865,-5.35607662031786,,,,,,,,,,,,,,,,,,,,,,,,,,,,,,,,,,,,,,,,,,,,,,,,,,,,,,,,,,,,,,,,,,,,,
2026-02-20 15:00:00+00:00,e1108,Level 11,50.0,Maintenance Soon,50.0,50.0,50.0,50.0,50.0,,,1.8699346405228423,8.12167236272459,-6.251737722201748,,,,,,,,,,,,,,,,,,,,,,,,,,,,,,,,,,,,,,,,,,,,,,,,,,,,,,,,,,,,,,,,,,,,,
2026-02-20 16:00:00+00:00,e1108,Level 11,50.0,Maintenance Soon,50.0,50.0,50.0,50.0,50.0,,,1.851702786374517,1.978133971292361,-0.1264311849178436,,,,,,,,,,,,,,,,,,,,,,,,,,,,,,,,,,,,,,,,,,,,,,,,,,,,,,,,,,,,,,,,,,,,,
2026-02-20 17:00:00+00:00,e1108,Level 11,50.0,Maintenance Soon,50.0,50.0,50.0,50.0,50.0,,,2.024473684210534,1.929642782846107,0.0948309013644272,,,,,,,,,,,,,,,,,,,,,,,,,,,,,,,,,,,,,,,,,,,,,,,,,,,,,,,,,,,,,,,,,,,,,
2026-02-20 18:00:00+00:00,e1108,Level 11,50.0,Maintenance Soon,50.0,50.0,50.0,50.0,50.0,,,1.9355882352974727,1.9736951073330904,-0.0381068720356172,,,,,,,,,,,,,,,,,,,,,,,,,,,,,,,,,,,,,,,,,,,,,,,,,,,,,,,,,,,,,,,,,,,,,
2026-02-20 19:00:00+00:00,e1108,Level 11,50.0,Maintenance Soon,50.0,50.0,50.0,50.0,50.0,,,18.890522875819443,1.983730158729789,16.906792717089655,,,,,,,,,,,,,,,,,,,,,,,,,,,,,,,,,,,,,,,,,,,,,,,,,,,,,,,,,,,,,,,,,,,,,
2026-02-20 20:00:00+00:00,e1108,Level 11,50.0,Maintenance Soon,50.0,50.0,50.0,50.0,50.0,,,19.049415204670368,2.091841269841097,16.95757393482927,,,,,,,,,,,,,,,,,,,,,,,,,,,,,,,,,,,,,,,,,,,,,,,,,,,,,,,,,,,,,,,,,,,,,
2026-02-20 21:00:00+00:00,e1108,Level 11,50.0,Maintenance Soon,50.0,50.0,50.0,50.0,50.0,,,1.9421052631587368,2.0646865079349177,-0.1225812447761804,,,,,,,,,,,,,,,,,,,,,,,,,,,,,,,,,,,,,,,,,,,,,,,,,,,,,,,,,,,,,,,,,,,,,
2026-02-20 22:00:00+00:00,e1108,Level 11,50.0,Maintenance Soon,50.0,50.0,50.0,50.0,50.0,,,2.077368421054416,2.172694003528401,-0.0953255824739849,,,,,,,,,,,,,,,,,,,,,,,,,,,,,,,,,,,,,,,,,,,,,,,,,,,,,,,,,,,,,,,,,,,,,
2026-02-20 23:00:00+00:00,e1108,Level 11,50.0,Maintenance Soon,50.0,50.0,50.0,50.0,50.0,,,2.1049999999995634,2.2182107583806405,-0.113210758381077,,,,,,,,,,,,,,,,,,,,,,,,,,,,,,,,,,,,,,,,,,,,,,,,,,,,,,,,,,,,,,,,,,,,,
2026-02-21 00:00:00+00:00,e1108,Level 11,50.0,Maintenance Soon,50.0,50.0,50.0,50.0,50.0,,,1.975526315789466,2.153487161529484,-0.1779608457400172,,,,,,,,,,,,,,,,,,,,,,,,,,,,,,,,,,,,,,,,,,,,,,,,,,,,,,,,,,,,,,,,,,,,,
2026-02-21 01:00:00+00:00,e1108,Level 11,50.0,Maintenance Soon,50.0,50.0,50.0,50.0,50.0,,,2.033918128654477,1.9489480236528227,0.0849701050016544,,,,,,,,,,,,,,,,,,,,,,,,,,,,,,,,,,,,,,,,,,,,,,,,,,,,,,,,,,,,,,,,,,,,,
2026-02-21 02:00:00+00:00,e1108,Level 11,50.0,Maintenance Soon,50.0,50.0,50.0,50.0,50.0,,,1.8333333333357589,1.7957950431640104,0.0375382901717482,,,,,,,,,,,,,,,,,,,,,,,,,,,,,,,,,,,,,,,,,,,,,,,,,,,,,,,,,,,,,,,,,,,,,
2026-02-21 03:00:00+00:00,e1108,Level 11,50.0,Maintenance Soon,50.0,50.0,50.0,50.0,50.0,,,1.90555555555693,1.8671616950863,0.0383938604706297,,,,,,,,,,,,,,,,,,,,,,,,,,,,,,,,,,,,,,,,,,,,,,,,,,,,,,,,,,,,,,,,,,,,,
2026-02-21 04:00:00+00:00,e1108,Level 11,50.0,Maintenance Soon,50.0,50.0,50.0,50.0,50.0,,,1.8343137254851167,1.7808694939946388,0.0534442314904783,,,,,,,,,,,,,,,,,,,,,,,,,,,,,,,,,,,,,,,,,,,,,,,,,,,,,,,,,,,,,,,,,,,,,
2026-02-21 05:00:00+00:00,e1108,Level 11,50.0,Maintenance Soon,50.0,50.0,50.0,50.0,50.0,,,1.7882352941196586,1.8330800858372336,-0.0448447917175751,,,,,,,,,,,,,,,,,,,,,,,,,,,,,,,,,,,,,,,,,,,,,,,,,,,,,,,,,,,,,,,,,,,,,
2026-02-21 06:00:00+00:00,e1108,Level 11,50.0,Maintenance Soon,50.0,50.0,50.0,50.0,50.0,,,1.8572755417990263,1.8440070765173004,0.013268465281726,,,,,,,,,,,,,,,,,,,,,,,,,,,,,,,,,,,,,,,,,,,,,,,,,,,,,,,,,,,,,,,,,,,,,
2026-02-21 07:00:00+00:00,e1108,Level 11,50.0,Maintenance Soon,50.0,50.0,50.0,50.0,50.0,,,1.9035087719312287,11.751441102755052,-9.847932330823824,,,,,,,,,,,,,,,,,,,,,,,,,,,,,,,,,,,,,,,,,,,,,,,,,,,,,,,,,,,,,,,,,,,,,
2026-02-21 08:00:00+00:00,e1108,Level 11,50.0,Maintenance Soon,50.0,50.0,50.0,50.0,50.0,,,1.8999999999978168,3.302820512822412,-1.402820512824595,,,,,,,,,,,,,,,,,,,,,,,,,,,,,,,,,,,,,,,,,,,,,,,,,,,,,,,,,,,,,,,,,,,,,
2026-02-21 09:00:00+00:00,e1108,Level 11,50.0,Maintenance Soon,50.0,50.0,50.0,50.0,50.0,,,1.8500000000021828,1.822763532763929,0.0272364672382536,,,,,,,,,,,,,,,,,,,,,,,,,,,,,,,,,,,,,,,,,,,,,,,,,,,,,,,,,,,,,,,,,,,,,
2026-02-21 10:00:00+00:00,e1108,Level 11,50.0,Maintenance Soon,50.0,50.0,50.0,50.0,50.0,,,1.904385964910034,2.8929095441587074,-0.9885235792486732,,,,,,,,,,,,,,,,,,,,,,,,,,,,,,,,,,,,,,,,,,,,,,,,,,,,,,,,,,,,,,,,,,,,,
2026-02-21 11:00:00+00:00,e1108,Level 11,50.0,Maintenance Soon,50.0,50.0,50.0,50.0,50.0,,,2.0105263157856825,11.946147178845422,-9.93562086305974,,,,,,,,,,,,,,,,,,,,,,,,,,,,,,,,,,,,,,,,,,,,,,,,,,,,,,,,,,,,,,,,,,,,,
2026-02-21 12:00:00+00:00,e1108,Level 11,50.0,Maintenance Soon,50.0,50.0,50.0,50.0,50.0,,,1.9421052631587368,1.8277137287647445,0.1143915343939927,,,,,,,,,,,,,,,,,,,,,,,,,,,,,,,,,,,,,,,,,,,,,,,,,,,,,,,,,,,,,,,,,,,,,
2026-02-21 13:00:00+00:00,e1108,Level 11,50.0,Maintenance Soon,50.0,50.0,50.0,50.0,50.0,,,2.03684210526626,1.8138420838428528,0.2230000214234071,,,,,,,,,,,,,,,,,,,,,,,,,,,,,,,,,,,,,,,,,,,,,,,,,,,,,,,,,,,,,,,,,,,,,
2026-02-21 14:00:00+00:00,e1108,Level 11,50.0,Maintenance Soon,50.0,50.0,50.0,50.0,50.0,,,2.0105263157893205,1.9044647944647293,0.106061521324591,,,,,,,,,,,,,,,,,,,,,,,,,,,,,,,,,,,,,,,,,,,,,,,,,,,,,,,,,,,,,,,,,,,,,
2026-02-21 15:00:00+00:00,e1108,Level 11,50.0,Maintenance Soon,50.0,50.0,50.0,50.0,50.0,,,1.99473684210534,1.8782321817610257,0.116504660344314,,,,,,,,,,,,,,,,,,,,,,,,,,,,,,,,,,,,,,,,,,,,,,,,,,,,,,,,,,,,,,,,,,,,,
2026-02-21 16:00:00+00:00,e1108,Level 11,50.0,Maintenance Soon,50.0,50.0,50.0,50.0,50.0,,,2.0105263157856825,1.840530965421446,0.1699953503642366,,,,,,,,,,,,,,,,,,,,,,,,,,,,,,,,,,,,,,,,,,,,,,,,,,,,,,,,,,,,,,,,,,,,,
2026-02-21 17:00:00+00:00,e1108,Level 11,50.0,Maintenance Soon,50.0,50.0,50.0,50.0,50.0,,,2.0336842105280084,1.8667659533445355,0.1669182571834728,,,,,,,,,,,,,,,,,,,,,,,,,,,,,,,,,,,,,,,,,,,,,,,,,,,,,,,,,,,,,,,,,,,,,
2026-02-21 18:00:00+00:00,e1108,Level 11,50.0,Maintenance Soon,50.0,50.0,50.0,50.0,50.0,,,1.929473684213008,1.8990056022424444,0.0304680819705633,,,,,,,,,,,,,,,,,,,,,,,,,,,,,,,,,,,,,,,,,,,,,,,,,,,,,,,,,,,,,,,,,,,,,
2026-02-21 19:00:00+00:00,e1108,Level 11,50.0,Maintenance Soon,50.0,50.0,50.0,50.0,50.0,,,2.075526315791649,7.568255100020906,-5.492728784229257,,,,,,,,,,,,,,,,,,,,,,,,,,,,,,,,,,,,,,,,,,,,,,,,,,,,,,,,,,,,,,,,,,,,,
2026-02-21 20:00:00+00:00,e1108,Level 11,50.0,Maintenance Soon,50.0,50.0,50.0,50.0,50.0,,,2.073095238094538,7.6566336804329085,-5.58353844233837,,,,,,,,,,,,,,,,,,,,,,,,,,,,,,,,,,,,,,,,,,,,,,,,,,,,,,,,,,,,,,,,,,,,,
2026-02-21 21:00:00+00:00,e1108,Level 11,50.0,Maintenance Soon,50.0,50.0,50.0,50.0,50.0,,,2.201904761903279,1.99329233409541,0.2086124278078689,,,,,,,,,,,,,,,,,,,,,,,,,,,,,,,,,,,,,,,,,,,,,,,,,,,,,,,,,,,,,,,,,,,,,
2026-02-21 22:00:00+00:00,e1108,Level 11,50.0,Maintenance Soon,50.0,50.0,50.0,50.0,50.0,,,2.205454545455723,2.0239778794833305,0.1814766659723923,,,,,,,,,,,,,,,,,,,,,,,,,,,,,,,,,,,,,,,,,,,,,,,,,,,,,,,,,,,,,,,,,,,,,
2026-02-21 23:00:00+00:00,e1108,Level 11,50.0,Maintenance Soon,50.0,50.0,50.0,50.0,50.0,,,2.276284584975656,2.033369565215253,0.242915019760403,,,,,,,,,,,,,,,,,,,,,,,,,,,,,,,,,,,,,,,,,,,,,,,,,,,,,,,,,,,,,,,,,,,,,
2026-02-22 00:00:00+00:00,e1108,Level 11,50.0,Maintenance Soon,50.0,50.0,50.0,50.0,50.0,,,2.37349896480373,2.0208276125110083,0.3526713522927216,,,,,,,,,,,,,,,,,,,,,,,,,,,,,,,,,,,,,,,,,,,,,,,,,,,,,,,,,,,,,,,,,,,,,
2026-02-22 01:00:00+00:00,e1108,Level 11,50.0,Maintenance Soon,50.0,50.0,50.0,50.0,50.0,,,3.920551378450909,2.0011197074806355,1.919431670970274,,,,,,,,,,,,,,,,,,,,,,,,,,,,,,,,,,,,,,,,,,,,,,,,,,,,,,,,,,,,,,,,,,,,,
2026-02-22 02:00:00+00:00,e1108,Level 11,50.0,Maintenance Soon,50.0,50.0,50.0,50.0,50.0,,,34.71754385964596,1.8841125541136232,32.833431305532336,,,,,,,,,,,,,,,,,,,,,,,,,,,,,,,,,,,,,,,,,,,,,,,,,,,,,,,,,,,,,,,,,,,,,
2026-02-22 03:00:00+00:00,e1108,Level 11,50.0,Maintenance Soon,50.0,50.0,50.0,50.0,50.0,,,2.056140350876376,1.9259932659939905,0.1301470848823858,,,,,,,,,,,,,,,,,,,,,,,,,,,,,,,,,,,,,,,,,,,,,,,,,,,,,,,,,,,,,,,,,,,,,
2026-02-22 04:00:00+00:00,e1108,Level 11,50.0,Maintenance Soon,50.0,50.0,50.0,50.0,50.0,,,2.021052631582279,9.127628384686735,-7.106575753104456,,,,,,,,,,,,,,,,,,,,,,,,,,,,,,,,,,,,,,,,,,,,,,,,,,,,,,,,,,,,,,,,,,,,,
2026-02-22 05:00:00+00:00,e1108,Level 11,50.0,Maintenance Soon,50.0,50.0,50.0,50.0,50.0,,,1.9105263157835,5.88623716152991,-3.97571084574641,,,,,,,,,,,,,,,,,,,,,,,,,,,,,,,,,,,,,,,,,,,,,,,,,,,,,,,,,,,,,,,,,,,,,
2026-02-22 06:00:00+00:00,e1108,Level 11,50.0,Maintenance Soon,50.0,50.0,50.0,50.0,50.0,,,2.034502923979744,1.874647402821817,0.1598555211579271,,,,,,,,,,,,,,,,,,,,,,,,,,,,,,,,,,,,,,,,,,,,,,,,,,,,,,,,,,,,,,,,,,,,,
2026-02-22 07:00:00+00:00,e1108,Level 11,50.0,Maintenance Soon,50.0,50.0,50.0,50.0,50.0,,,1.9918128654935567,1.8202172096922973,0.1715956558012596,,,,,,,,,,,,,,,,,,,,,,,,,,,,,,,,,,,,,,,,,,,,,,,,,,,,,,,,,,,,,,,,,,,,,
2026-02-22 08:00:00+00:00,e1108,Level 11,50.0,Maintenance Soon,50.0,50.0,50.0,50.0,50.0,,,1.9684210526356765,1.81142857142792,0.1569924812077563,,,,,,,,,,,,,,,,,,,,,,,,,,,,,,,,,,,,,,,,,,,,,,,,,,,,,,,,,,,,,,,,,,,,,
2026-02-22 09:00:00+00:00,e1108,Level 11,50.0,Maintenance Soon,50.0,50.0,50.0,50.0,50.0,,,1.9421052631587368,1.8487301587301768,0.09337510442856,,,,,,,,,,,,,,,,,,,,,,,,,,,,,,,,,,,,,,,,,,,,,,,,,,,,,,,,,,,,,,,,,,,,,
2026-02-22 10:00:00+00:00,e1108,Level 11,50.0,Maintenance Soon,50.0,50.0,50.0,50.0,50.0,,,1.9421052631587368,1.8652715121133951,0.076833751045342,,,,,,,,,,,,,,,,,,,,,,,,,,,,,,,,,,,,,,,,,,,,,,,,,,,,,,,,,,,,,,,,,,,,,
2026-02-22 11:00:00+00:00,e1108,Level 11,50.0,Maintenance Soon,50.0,50.0,50.0,50.0,50.0,,,1.9684210526320385,1.8902548036749067,0.0781662489571317,,,,,,,,,,,,,,,,,,,,,,,,,,,,,,,,,,,,,,,,,,,,,,,,,,,,,,,,,,,,,,,,,,,,,
2026-02-22 12:00:00+00:00,e1108,Level 11,50.0,Maintenance Soon,50.0,50.0,50.0,50.0,50.0,,,2.021052631575003,1.8671303258136809,0.1539223057613223,,,,,,,,,,,,,,,,,,,,,,,,,,,,,,,,,,,,,,,,,,,,,,,,,,,,,,,,,,,,,,,,,,,,,
2026-02-22 13:00:00+00:00,e1108,Level 11,50.0,Maintenance Soon,50.0,50.0,50.0,50.0,50.0,,,1.9421052631587368,1.8239473684213103,0.1181578947374266,,,,,,,,,,,,,,,,,,,,,,,,,,,,,,,,,,,,,,,,,,,,,,,,,,,,,,,,,,,,,,,,,,,,,
2026-02-22 14:00:00+00:00,e1108,Level 11,50.0,Maintenance Soon,50.0,50.0,50.0,50.0,50.0,,,1.9684210526320385,1.8666040100251848,0.1018170426068536,,,,,,,,,,,,,,,,,,,,,,,,,,,,,,,,,,,,,,,,,,,,,,,,,,,,,,,,,,,,,,,,,,,,,
2026-02-22 15:00:00+00:00,e1108,Level 11,50.0,Maintenance Soon,50.0,50.0,50.0,50.0,50.0,,,1.978947368421359,1.8576961634862528,0.1212512049351062,,,,,,,,,,,,,,,,,,,,,,,,,,,,,,,,,,,,,,,,,,,,,,,,,,,,,,,,,,,,,,,,,,,,,
2026-02-22 16:00:00+00:00,e1108,Level 11,50.0,Maintenance Soon,50.0,50.0,50.0,50.0,50.0,,,1.9860526315824245,1.820248698668972,0.1658039329134528,,,,,,,,,,,,,,,,,,,,,,,,,,,,,,,,,,,,,,,,,,,,,,,,,,,,,,,,,,,,,,,,,,,,,
2026-02-22 17:00:00+00:00,e1108,Level 11,50.0,Maintenance Soon,50.0,50.0,50.0,50.0,50.0,,,2.0649999999950523,1.8965272154746344,0.1684727845204179,,,,,,,,,,,,,,,,,,,,,,,,,,,,,,,,,,,,,,,,,,,,,,,,,,,,,,,,,,,,,,,,,,,,,
2026-02-22 18:00:00+00:00,e1108,Level 11,50.0,Maintenance Soon,50.0,50.0,50.0,50.0,50.0,,,2.1015789473713085,1.852437504019084,0.2491414433522247,,,,,,,,,,,,,,,,,,,,,,,,,,,,,,,,,,,,,,,,,,,,,,,,,,,,,,,,,,,,,,,,,,,,,
2026-02-22 19:00:00+00:00,e1108,Level 11,50.0,Maintenance Soon,50.0,50.0,50.0,50.0,50.0,,,2.101754385963432,1.8918088052293267,0.2099455807341048,,,,,,,,,,,,,,,,,,,,,,,,,,,,,,,,,,,,,,,,,,,,,,,,,,,,,,,,,,,,,,,,,,,,,
2026-02-22 20:00:00+00:00,e1108,Level 11,50.0,Maintenance Soon,50.0,50.0,50.0,50.0,50.0,,,2.212121212123748,1.9279281829282504,0.284193029195497,,,,,,,,,,,,,,,,,,,,,,,,,,,,,,,,,,,,,,,,,,,,,,,,,,,,,,,,,,,,,,,,,,,,,
2026-02-22 21:00:00+00:00,e1108,Level 11,50.0,Maintenance Soon,50.0,50.0,50.0,50.0,50.0,,,2.214545454538893,1.9347119547092009,0.2798334998296923,,,,,,,,,,,,,,,,,,,,,,,,,,,,,,,,,,,,,,,,,,,,,,,,,,,,,,,,,,,,,,,,,,,,,
2026-02-22 22:00:00+00:00,e1108,Level 11,50.0,Maintenance Soon,50.0,50.0,50.0,50.0,50.0,,,2.276363636367023,1.9917970917983137,0.2845665445687093,,,,,,,,,,,,,,,,,,,,,,,,,,,,,,,,,,,,,,,,,,,,,,,,,,,,,,,,,,,,,,,,,,,,,
2026-02-22 23:00:00+00:00,e1108,Level 11,50.0,Maintenance Soon,50.0,50.0,50.0,50.0,50.0,,,2.3090909090933565,7.749757199321418,-5.440666290228061,,,,,,,,,,,,,,,,,,,,,,,,,,,,,,,,,,,,,,,,,,,,,,,,,,,,,,,,,,,,,,,,,,,,,
2026-02-23 00:00:00+00:00,e1108,Level 11,50.0,Maintenance Soon,50.0,50.0,50.0,50.0,50.0,,,2.245021645023371,8.552519782954429,-6.3074981379310575,,,,,,,,,,,,,,,,,,,,,,,,,,,,,,,,,,,,,,,,,,,,,,,,,,,,,,,,,,,,,,,,,,,,,
2026-02-23 01:00:00+00:00,e1108,Level 11,50.0,Maintenance Soon,50.0,50.0,50.0,50.0,50.0,,,11.138935574224888,13.002890481840344,-1.863954907615456,,,,,,,,,,,,,,,,,,,,,,,,,,,,,,,,,,,,,,,,,,,,,,,,,,,,,,,,,,,,,,,,,,,,,
2026-02-23 02:00:00+00:00,e1108,Level 11,50.0,Maintenance Soon,50.0,50.0,50.0,50.0,50.0,,,19.4268382352966,12.71550593655896,6.71133229873764,,,,,,,,,,,,,,,,,,,,,,,,,,,,,,,,,,,,,,,,,,,,,,,,,,,,,,,,,,,,,,,,,,,,,
2026-02-23 03:00:00+00:00,e1108,Level 11,50.0,Maintenance Soon,50.0,50.0,50.0,50.0,50.0,,,2.949632352938352,2.0698530514309823,0.8797793015073694,,,,,,,,,,,,,,,,,,,,,,,,,,,,,,,,,,,,,,,,,,,,,,,,,,,,,,,,,,,,,,,,,,,,,
2026-02-23 04:00:00+00:00,e1108,Level 11,50.0,Maintenance Soon,50.0,50.0,50.0,50.0,50.0,,,3.354117647060775,2.190265742284585,1.1638519047761895,,,,,,,,,,,,,,,,,,,,,,,,,,,,,,,,,,,,,,,,,,,,,,,,,,,,,,,,,,,,,,,,,,,,,
2026-02-23 05:00:00+00:00,e1108,Level 11,50.0,Maintenance Soon,50.0,50.0,50.0,50.0,50.0,,,2.859999999996944,2.164182700758829,0.6958172992381151,,,,,,,,,,,,,,,,,,,,,,,,,,,,,,,,,,,,,,,,,,,,,,,,,,,,,,,,,,,,,,,,,,,,,
2026-02-23 06:00:00+00:00,e1108,Level 11,50.0,Maintenance Soon,50.0,50.0,50.0,50.0,50.0,,,3.233333333333576,2.218115130293881,1.0152182030396943,,,,,,,,,,,,,,,,,,,,,,,,,,,,,,,,,,,,,,,,,,,,,,,,,,,,,,,,,,,,,,,,,,,,,
2026-02-23 07:00:00+00:00,e1108,Level 11,50.0,Maintenance Soon,50.0,50.0,50.0,50.0,50.0,,,3.0328735632210737,2.108884831484223,0.9239887317368508,,,,,,,,,,,,,,,,,,,,,,,,,,,,,,,,,,,,,,,,,,,,,,,,,,,,,,,,,,,,,,,,,,,,,
2026-02-23 08:00:00+00:00,e1108,Level 11,50.0,Maintenance Soon,50.0,50.0,50.0,50.0,50.0,,,2.9837931034453504,2.1216654053447805,0.8621276981005699,,,,,,,,,,,,,,,,,,,,,,,,,,,,,,,,,,,,,,,,,,,,,,,,,,,,,,,,,,,,,,,,,,,,,
2026-02-23 09:00:00+00:00,e1108,Level 11,50.0,Maintenance Soon,50.0,50.0,50.0,50.0,50.0,,,3.216666666667152,2.184650472335003,1.0320161943321486,,,,,,,,,,,,,,,,,,,,,,,,,,,,,,,,,,,,,,,,,,,,,,,,,,,,,,,,,,,,,,,,,,,,,
2026-02-23 10:00:00+00:00,e1108,Level 11,50.0,Maintenance Soon,50.0,50.0,50.0,50.0,50.0,,,3.0650574712672096,2.031661418503063,1.0333960527641466,,,,,,,,,,,,,,,,,,,,,,,,,,,,,,,,,,,,,,,,,,,,,,,,,,,,,,,,,,,,,,,,,,,,,
2026-02-23 11:00:00+00:00,e1108,Level 11,50.0,Maintenance Soon,50.0,50.0,50.0,50.0,50.0,,,3.086206896550721,1.3192982456142393,1.7669086509364813,,,,,,,,,,,,,,,,,,,,,,,,,,,,,,,,,,,,,,,,,,,,,,,,,,,,,,,,,,,,,,,,,,,,,
2026-02-23 12:00:00+00:00,e1108,Level 11,50.0,Maintenance Soon,50.0,50.0,50.0,50.0,50.0,,,3.1987356321842526,1.3133528265085868,1.8853828056756656,,,,,,,,,,,,,,,,,,,,,,,,,,,,,,,,,,,,,,,,,,,,,,,,,,,,,,,,,,,,,,,,,,,,,
2026-02-23 13:00:00+00:00,e1108,Level 11,50.0,Maintenance Soon,50.0,50.0,50.0,50.0,50.0,,,3.245476190477348,1.2866471734911709,1.9588290169861768,,,,,,,,,,,,,,,,,,,,,,,,,,,,,,,,,,,,,,,,,,,,,,,,,,,,,,,,,,,,,,,,,,,,,
2026-02-23 14:00:00+00:00,e1108,Level 11,50.0,Maintenance Soon,50.0,50.0,50.0,50.0,50.0,,,3.037857142855501,1.3263157894725737,1.711541353382927,,,,,,,,,,,,,,,,,,,,,,,,,,,,,,,,,,,,,,,,,,,,,,,,,,,,,,,,,,,,,,,,,,,,,
2026-02-23 15:00:00+00:00,e1108,Level 11,50.0,Maintenance Soon,50.0,50.0,50.0,50.0,50.0,,,3.233571428572759,1.312280701755905,1.921290726816854,,,,,,,,,,,,,,,,,,,,,,,,,,,,,,,,,,,,,,,,,,,,,,,,,,,,,,,,,,,,,,,,,,,,,
2026-02-23 16:00:00+00:00,e1108,Level 11,50.0,Maintenance Soon,50.0,50.0,50.0,50.0,50.0,,,3.063669950737676,1.325175438596489,1.7384945121411874,,,,,,,,,,,,,,,,,,,,,,,,,,,,,,,,,,,,,,,,,,,,,,,,,,,,,,,,,,,,,,,,,,,,,
2026-02-23 17:00:00+00:00,e1108,Level 11,50.0,Maintenance Soon,50.0,50.0,50.0,50.0,50.0,,,3.102758620687382,1.3567543859632376,1.7460042347241445,,,,,,,,,,,,,,,,,,,,,,,,,,,,,,,,,,,,,,,,,,,,,,,,,,,,,,,,,,,,,,,,,,,,,
2026-02-23 18:00:00+00:00,e1108,Level 11,50.0,Maintenance Soon,50.0,50.0,50.0,50.0,50.0,,,3.05931034483001,1.3759649122815365,1.6833454325484734,,,,,,,,,,,,,,,,,,,,,,,,,,,,,,,,,,,,,,,,,,,,,,,,,,,,,,,,,,,,,,,,,,,,,
2026-02-23 19:00:00+00:00,e1108,Level 11,50.0,Maintenance Soon,50.0,50.0,50.0,50.0,50.0,,,3.265517241379712,1.3637426900592498,1.901774551320462,,,,,,,,,,,,,,,,,,,,,,,,,,,,,,,,,,,,,,,,,,,,,,,,,,,,,,,,,,,,,,,,,,,,,
2026-02-23 20:00:00+00:00,e1108,Level 11,50.0,Maintenance Soon,50.0,50.0,50.0,50.0,50.0,,,3.0218390804584487,1.4371231108076852,1.5847159696507636,,,,,,,,,,,,,,,,,,,,,,,,,,,,,,,,,,,,,,,,,,,,,,,,,,,,,,,,,,,,,,,,,,,,,
2026-02-23 21:00:00+00:00,e1108,Level 11,50.0,Maintenance Soon,50.0,50.0,50.0,50.0,50.0,,,3.156666666665842,1.452467532465865,1.7041991341999772,,,,,,,,,,,,,,,,,,,,,,,,,,,,,,,,,,,,,,,,,,,,,,,,,,,,,,,,,,,,,,,,,,,,,
2026-02-23 22:00:00+00:00,e1108,Level 11,50.0,Maintenance Soon,50.0,50.0,50.0,50.0,50.0,,,3.1833333333343035,1.4754545454549468,1.7078787878793569,,,,,,,,,,,,,,,,,,,,,,,,,,,,,,,,,,,,,,,,,,,,,,,,,,,,,,,,,,,,,,,,,,,,,
2026-02-23 23:00:00+00:00,e1108,Level 11,50.0,Maintenance Soon,50.0,50.0,50.0,50.0,50.0,,,3.148505747125455,1.4580303030318948,1.69047544409356,,,,,,,,,,,,,,,,,,,,,,,,,,,,,,,,,,,,,,,,,,,,,,,,,,,,,,,,,,,,,,,,,,,,,
2026-02-24 00:00:00+00:00,e1108,Level 11,50.0,Maintenance Soon,50.0,50.0,50.0,50.0,50.0,,,3.09482758620652,1.4450949343057191,1.6497326519008009,,,,,,,,,,,,,,,,,,,,,,,,,,,,,,,,,,,,,,,,,,,,,,,,,,,,,,,,,,,,,,,,,,,,,
2026-02-24 01:00:00+00:00,e1108,Level 11,50.0,Maintenance Soon,50.0,50.0,50.0,50.0,50.0,,,2.964285714286234,4.3954346650934895,-1.4311489508072557,,,,,,,,,,,,,,,,,,,,,,,,,,,,,,,,,,,,,,,,,,,,,,,,,,,,,,,,,,,,,,,,,,,,,
2026-02-24 02:00:00+00:00,e1108,Level 11,50.0,Maintenance Soon,50.0,50.0,50.0,50.0,50.0,,,3.150000000001455,7.131753095973788,-3.9817530959723326,,,,,,,,,,,,,,,,,,,,,,,,,,,,,,,,,,,,,,,,,,,,,,,,,,,,,,,,,,,,,,,,,,,,,
2026-02-24 03:00:00+00:00,e1108,Level 11,50.0,Maintenance Soon,50.0,50.0,50.0,50.0,50.0,,,3.097783251232613,1.6498774509794505,1.4479058002531626,,,,,,,,,,,,,,,,,,,,,,,,,,,,,,,,,,,,,,,,,,,,,,,,,,,,,,,,,,,,,,,,,,,,,
2026-02-24 04:00:00+00:00,e1108,Level 11,50.0,Maintenance Soon,50.0,50.0,50.0,50.0,50.0,,,3.134359605912323,5.423302373582071,-2.288942767669748,,,,,,,,,,,,,,,,,,,,,,,,,,,,,,,,,,,,,,,,,,,,,,,,,,,,,,,,,,,,,,,,,,,,,
2026-02-24 05:00:00+00:00,e1108,Level 11,50.0,Maintenance Soon,50.0,50.0,50.0,50.0,50.0,,,3.200238095236273,9.47789473684194,-6.2776566416056685,,,,,,,,,,,,,,,,,,,,,,,,,,,,,,,,,,,,,,,,,,,,,,,,,,,,,,,,,,,,,,,,,,,,,
2026-02-24 06:00:00+00:00,e1108,Level 11,50.0,Maintenance Soon,50.0,50.0,50.0,50.0,50.0,,,3.0133333333360497,1.7113060428843407,1.302027290451709,,,,,,,,,,,,,,,,,,,,,,,,,,,,,,,,,,,,,,,,,,,,,,,,,,,,,,,,,,,,,,,,,,,,,
2026-02-24 07:00:00+00:00,e1108,Level 11,50.0,Maintenance Soon,50.0,50.0,50.0,50.0,50.0,,,3.058965517240722,26.49797717037412,-23.439011653133395,,,,,,,,,,,,,,,,,,,,,,,,,,,,,,,,,,,,,,,,,,,,,,,,,,,,,,,,,,,,,,,,,,,,,
2026-02-24 08:00:00+00:00,e1108,Level 11,50.0,Maintenance Soon,50.0,50.0,50.0,50.0,50.0,,,3.1439377085662272,2.1874104439618045,0.9565272646044228,,,,,,,,,,,,,,,,,,,,,,,,,,,,,,,,,,,,,,,,,,,,,,,,,,,,,,,,,,,,,,,,,,,,,
2026-02-24 09:00:00+00:00,e1108,Level 11,50.0,Maintenance Soon,50.0,50.0,50.0,50.0,50.0,,,3.1537634408559825,2.5885811965818,0.5651822442741832,,,,,,,,,,,,,,,,,,,,,,,,,,,,,,,,,,,,,,,,,,,,,,,,,,,,,,,,,,,,,,,,,,,,,
2026-02-24 10:00:00+00:00,e1108,Level 11,50.0,Maintenance Soon,50.0,50.0,50.0,50.0,50.0,,,3.088505747127784,2.3501288157676754,0.7383769313601078,,,,,,,,,,,,,,,,,,,,,,,,,,,,,,,,,,,,,,,,,,,,,,,,,,,,,,,,,,,,,,,,,,,,,
2026-02-24 11:00:00+00:00,e1108,Level 11,50.0,Maintenance Soon,50.0,50.0,50.0,50.0,50.0,,,3.1706340378186724,1.9045446337913745,1.266089404027298,,,,,,,,,,,,,,,,,,,,,,,,,,,,,,,,,,,,,,,,,,,,,,,,,,,,,,,,,,,,,,,,,,,,,
2026-02-24 12:00:00+00:00,e1108,Level 11,50.0,Maintenance Soon,50.0,50.0,50.0,50.0,50.0,,,3.2041935483903217,2.194993217107064,1.009200331283258,,,,,,,,,,,,,,,,,,,,,,,,,,,,,,,,,,,,,,,,,,,,,,,,,,,,,,,,,,,,,,,,,,,,,
2026-02-24 13:00:00+00:00,e1108,Level 11,50.0,Maintenance Soon,50.0,50.0,50.0,50.0,50.0,,,3.010740740737674,2.100899470900913,0.9098412698367612,,,,,,,,,,,,,,,,,,,,,,,,,,,,,,,,,,,,,,,,,,,,,,,,,,,,,,,,,,,,,,,,,,,,,
2026-02-24 14:00:00+00:00,e1108,Level 11,50.0,Maintenance Soon,50.0,50.0,50.0,50.0,50.0,,,3.434259259262035,2.028273841167296,1.405985418094739,,,,,,,,,,,,,,,,,,,,,,,,,,,,,,,,,,,,,,,,,,,,,,,,,,,,,,,,,,,,,,,,,,,,,
2026-02-24 15:00:00+00:00,e1108,Level 11,50.0,Maintenance Soon,50.0,50.0,50.0,50.0,50.0,,,3.0349999999998545,2.116613123718708,0.9183868762811472,,,,,,,,,,,,,,,,,,,,,,,,,,,,,,,,,,,,,,,,,,,,,,,,,,,,,,,,,,,,,,,,,,,,,
2026-02-24 16:00:00+00:00,e1108,Level 11,50.0,Maintenance Soon,50.0,50.0,50.0,50.0,50.0,,,2.9974074074052623,2.028683887530254,0.9687235198750082,,,,,,,,,,,,,,,,,,,,,,,,,,,,,,,,,,,,,,,,,,,,,,,,,,,,,,,,,,,,,,,,,,,,,
2026-02-24 17:00:00+00:00,e1108,Level 11,50.0,Maintenance Soon,50.0,50.0,50.0,50.0,50.0,,,3.221624850655644,2.0394185655713954,1.1822062850842483,,,,,,,,,,,,,,,,,,,,,,,,,,,,,,,,,,,,,,,,,,,,,,,,,,,,,,,,,,,,,,,,,,,,,
2026-02-24 18:00:00+00:00,e1108,Level 11,50.0,Maintenance Soon,50.0,50.0,50.0,50.0,50.0,,,3.1571746384870494,2.150457945630478,1.0067166928565712,,,,,,,,,,,,,,,,,,,,,,,,,,,,,,,,,,,,,,,,,,,,,,,,,,,,,,,,,,,,,,,,,,,,,
2026-02-24 19:00:00+00:00,e1108,Level 11,50.0,Maintenance Soon,50.0,50.0,50.0,50.0,50.0,,,3.137126436780818,2.201450395072849,0.935676041707969,,,,,,,,,,,,,,,,,,,,,,,,,,,,,,,,,,,,,,,,,,,,,,,,,,,,,,,,,,,,,,,,,,,,,
2026-02-24 20:00:00+00:00,e1108,Level 11,50.0,Maintenance Soon,50.0,50.0,50.0,50.0,50.0,,,3.223333333335177,2.1515239579930494,1.0718093753421272,,,,,,,,,,,,,,,,,,,,,,,,,,,,,,,,,,,,,,,,,,,,,,,,,,,,,,,,,,,,,,,,,,,,,
2026-02-24 21:00:00+00:00,e1108,Level 11,50.0,Maintenance Soon,50.0,50.0,50.0,50.0,50.0,,,3.153333333335468,2.194732343677364,0.958600989658104,,,,,,,,,,,,,,,,,,,,,,,,,,,,,,,,,,,,,,,,,,,,,,,,,,,,,,,,,,,,,,,,,,,,,
2026-02-24 22:00:00+00:00,e1108,Level 11,50.0,Maintenance Soon,50.0,50.0,50.0,50.0,50.0,,,3.1466666666674428,2.211493477284724,0.9351731893827188,,,,,,,,,,,,,,,,,,,,,,,,,,,,,,,,,,,,,,,,,,,,,,,,,,,,,,,,,,,,,,,,,,,,,
2026-02-24 23:00:00+00:00,e1108,Level 11,50.0,Maintenance Soon,50.0,50.0,50.0,50.0,50.0,,,3.087816091952845,2.284843796050457,0.802972295902388,,,,,,,,,,,,,,,,,,,,,,,,,,,,,,,,,,,,,,,,,,,,,,,,,,,,,,,,,,,,,,,,,,,,,
2026-02-25 00:00:00+00:00,e1108,Level 11,50.0,Maintenance Soon,50.0,50.0,50.0,50.0,50.0,,,3.12266009852101,2.205412614205367,0.9172474843156428,,,,,,,,,,,,,,,,,,,,,,,,,,,,,,,,,,,,,,,,,,,,,,,,,,,,,,,,,,,,,,,,,,,,,
2026-02-25 01:00:00+00:00,e1108,Level 11,50.0,Maintenance Soon,50.0,50.0,50.0,50.0,50.0,,,3.167857142856519,2.1369233982404694,1.0309337446160498,,,,,,,,,,,,,,,,,,,,,,,,,,,,,,,,,,,,,,,,,,,,,,,,,,,,,,,,,,,,,,,,,,,,,
2026-02-25 02:00:00+00:00,e1108,Level 11,50.0,Maintenance Soon,50.0,50.0,50.0,50.0,50.0,,,3.000806451611425,2.078664717348147,0.9221417342632776,,,,,,,,,,,,,,,,,,,,,,,,,,,,,,,,,,,,,,,,,,,,,,,,,,,,,,,,,,,,,,,,,,,,,
2026-02-25 03:00:00+00:00,e1108,Level 11,50.0,Maintenance Soon,50.0,50.0,50.0,50.0,50.0,,,3.250055617354519,2.024951319434573,1.225104297919946,,,,,,,,,,,,,,,,,,,,,,,,,,,,,,,,,,,,,,,,,,,,,,,,,,,,,,,,,,,,,,,,,,,,,
2026-02-25 04:00:00+00:00,e1108,Level 11,50.0,Maintenance Soon,50.0,50.0,50.0,50.0,50.0,,,3.0108045976994617,7.090795646019008,-4.079991048319546,,,,,,,,,,,,,,,,,,,,,,,,,,,,,,,,,,,,,,,,,,,,,,,,,,,,,,,,,,,,,,,,,,,,,
2026-02-25 05:00:00+00:00,e1108,Level 11,50.0,Maintenance Soon,50.0,50.0,50.0,50.0,50.0,,,3.1026190476186457,8.424263414030671,-5.321644366412025,,,,,,,,,,,,,,,,,,,,,,,,,,,,,,,,,,,,,,,,,,,,,,,,,,,,,,,,,,,,,,,,,,,,,
2026-02-25 06:00:00+00:00,e1108,Level 11,50.0,Maintenance Soon,50.0,50.0,50.0,50.0,50.0,,,3.13071428571493,1.959398591175462,1.1713156945394685,,,,,,,,,,,,,,,,,,,,,,,,,,,,,,,,,,,,,,,,,,,,,,,,,,,,,,,,,,,,,,,,,,,,,
2026-02-25 07:00:00+00:00,e1108,Level 11,50.0,Maintenance Soon,50.0,50.0,50.0,50.0,50.0,,,2.9972413793111627,1.9533115895258863,1.0439297897852764,,,,,,,,,,,,,,,,,,,,,,,,,,,,,,,,,,,,,,,,,,,,,,,,,,,,,,,,,,,,,,,,,,,,,
2026-02-25 08:00:00+00:00,e1108,Level 11,50.0,Maintenance Soon,50.0,50.0,50.0,50.0,50.0,,,3.046091954023723,2.020522314025584,1.0255696399981389,,,,,,,,,,,,,,,,,,,,,,,,,,,,,,,,,,,,,,,,,,,,,,,,,,,,,,,,,,,,,,,,,,,,,
2026-02-25 09:00:00+00:00,e1108,Level 11,50.0,Maintenance Soon,50.0,50.0,50.0,50.0,50.0,,,3.20440860214876,7.2027359617677575,-3.998327359618997,,,,,,,,,,,,,,,,,,,,,,,,,,,,,,,,,,,,,,,,,,,,,,,,,,,,,,,,,,,,,,,,,,,,,
2026-02-25 10:00:00+00:00,e1108,Level 11,50.0,Maintenance Soon,50.0,50.0,50.0,50.0,50.0,,,3.1655913978502213,8.448020434227752,-5.282429036377531,,,,,,,,,,,,,,,,,,,,,,,,,,,,,,,,,,,,,,,,,,,,,,,,,,,,,,,,,,,,,,,,,,,,,
2026-02-25 11:00:00+00:00,e1108,Level 11,50.0,Maintenance Soon,50.0,50.0,50.0,50.0,50.0,,,3.135632183908456,2.065211345941256,1.0704208379672004,,,,,,,,,,,,,,,,,,,,,,,,,,,,,,,,,,,,,,,,,,,,,,,,,,,,,,,,,,,,,,,,,,,,,
2026-02-25 12:00:00+00:00,e1108,Level 11,50.0,Maintenance Soon,50.0,50.0,50.0,50.0,50.0,,,3.092324805340468,2.122979046042019,0.9693457592984488,,,,,,,,,,,,,,,,,,,,,,,,,,,,,,,,,,,,,,,,,,,,,,,,,,,,,,,,,,,,,,,,,,,,,
2026-02-25 13:00:00+00:00,e1108,Level 11,50.0,Maintenance Soon,50.0,50.0,50.0,50.0,50.0,,,3.155376344086108,2.089162793021387,1.0662135510647204,,,,,,,,,,,,,,,,,,,,,,,,,,,,,,,,,,,,,,,,,,,,,,,,,,,,,,,,,,,,,,,,,,,,,
2026-02-25 14:00:00+00:00,e1108,Level 11,50.0,Maintenance Soon,50.0,50.0,50.0,50.0,50.0,,,3.156666666665842,2.2042560103994524,0.9524106562663897,,,,,,,,,,,,,,,,,,,,,,,,,,,,,,,,,,,,,,,,,,,,,,,,,,,,,,,,,,,,,,,,,,,,,
2026-02-25 15:00:00+00:00,e1108,Level 11,50.0,Maintenance Soon,50.0,50.0,50.0,50.0,50.0,,,3.12000000000262,2.067076023390352,1.0529239766122678,,,,,,,,,,,,,,,,,,,,,,,,,,,,,,,,,,,,,,,,,,,,,,,,,,,,,,,,,,,,,,,,,,,,,
2026-02-25 16:00:00+00:00,e1108,Level 11,50.0,Maintenance Soon,50.0,50.0,50.0,50.0,50.0,,,3.1599999999962165,2.053769180784002,1.1062308192122146,,,,,,,,,,,,,,,,,,,,,,,,,,,,,,,,,,,,,,,,,,,,,,,,,,,,,,,,,,,,,,,,,,,,,
2026-02-25 17:00:00+00:00,e1108,Level 11,50.0,Maintenance Soon,50.0,50.0,50.0,50.0,50.0,,,3.173333333335904,2.2352816721553004,0.9380516611806038,,,,,,,,,,,,,,,,,,,,,,,,,,,,,,,,,,,,,,,,,,,,,,,,,,,,,,,,,,,,,,,,,,,,,
2026-02-25 18:00:00+00:00,e1108,Level 11,50.0,Maintenance Soon,50.0,50.0,50.0,50.0,50.0,,,3.133333333335031,2.188848072090574,0.944485261244457,,,,,,,,,,,,,,,,,,,,,,,,,,,,,,,,,,,,,,,,,,,,,,,,,,,,,,,,,,,,,,,,,,,,,
2026-02-25 19:00:00+00:00,e1108,Level 11,50.0,Maintenance Soon,50.0,50.0,50.0,50.0,50.0,,,3.149999999997817,2.208199654750691,0.9418003452471262,,,,,,,,,,,,,,,,,,,,,,,,,,,,,,,,,,,,,,,,,,,,,,,,,,,,,,,,,,,,,,,,,,,,,
2026-02-25 20:00:00+00:00,e1108,Level 11,50.0,Maintenance Soon,50.0,50.0,50.0,50.0,50.0,,,3.156666666665842,2.323333333334934,0.8333333333309079,,,,,,,,,,,,,,,,,,,,,,,,,,,,,,,,,,,,,,,,,,,,,,,,,,,,,,,,,,,,,,,,,,,,,
2026-02-25 21:00:00+00:00,e1108,Level 11,50.0,Maintenance Soon,50.0,50.0,50.0,50.0,50.0,,,3.126666666667006,2.298095238096721,0.8285714285702852,,,,,,,,,,,,,,,,,,,,,,,,,,,,,,,,,,,,,,,,,,,,,,,,,,,,,,,,,,,,,,,,,,,,,
2026-02-25 22:00:00+00:00,e1108,Level 11,50.0,Maintenance Soon,50.0,50.0,50.0,50.0,50.0,,,3.1299999999973807,2.307936507935665,0.8220634920617158,,,,,,,,,,,,,,,,,,,,,,,,,,,,,,,,,,,,,,,,,,,,,,,,,,,,,,,,,,,,,,,,,,,,,
2026-02-25 23:00:00+00:00,e1108,Level 11,50.0,Maintenance Soon,50.0,50.0,50.0,50.0,50.0,,,3.150000000001455,7.633081554460659,-4.483081554459204,,,,,,,,,,,,,,,,,,,,,,,,,,,,,,,,,,,,,,,,,,,,,,,,,,,,,,,,,,,,,,,,,,,,,
2026-02-26 00:00:00+00:00,e1108,Level 11,50.0,Maintenance Soon,50.0,50.0,50.0,50.0,50.0,,,2.903589743589692,8.375189122229736,-5.471599378640045,,,,,,,,,,,,,,,,,,,,,,,,,,,,,,,,,,,,,,,,,,,,,,,,,,,,,,,,,,,,,,,,,,,,,
2026-02-26 01:00:00+00:00,e1108,Level 11,50.0,Maintenance Soon,50.0,50.0,50.0,50.0,50.0,,,3.303076923079061,2.1125556538415062,1.1905212692375549,,,,,,,,,,,,,,,,,,,,,,,,,,,,,,,,,,,,,,,,,,,,,,,,,,,,,,,,,,,,,,,,,,,,,
2026-02-26 02:00:00+00:00,e1108,Level 11,50.0,Maintenance Soon,50.0,50.0,50.0,50.0,50.0,,,3.109655172411294,1.917416767292404,1.1922384051188903,,,,,,,,,,,,,,,,,,,,,,,,,,,,,,,,,,,,,,,,,,,,,,,,,,,,,,,,,,,,,,,,,,,,,
2026-02-26 03:00:00+00:00,e1108,Level 11,50.0,Maintenance Soon,50.0,50.0,50.0,50.0,50.0,,,2.914048531292792,2.01561568706893,0.898432844223862,,,,,,,,,,,,,,,,,,,,,,,,,,,,,,,,,,,,,,,,,,,,,,,,,,,,,,,,,,,,,,,,,,,,,
2026-02-26 04:00:00+00:00,e1108,Level 11,50.0,Maintenance Soon,50.0,50.0,50.0,50.0,50.0,,,2.8997445721579425,1.953676947346442,0.9460676248115004,,,,,,,,,,,,,,,,,,,,,,,,,,,,,,,,,,,,,,,,,,,,,,,,,,,,,,,,,,,,,,,,,,,,,
2026-02-26 05:00:00+00:00,e1108,Level 11,50.0,Maintenance Soon,50.0,50.0,50.0,50.0,50.0,,,3.2675194660696434,2.070242045536967,1.1972774205326764,,,,,,,,,,,,,,,,,,,,,,,,,,,,,,,,,,,,,,,,,,,,,,,,,,,,,,,,,,,,,,,,,,,,,
2026-02-26 06:00:00+00:00,e1108,Level 11,50.0,Maintenance Soon,50.0,50.0,50.0,50.0,50.0,,,3.046889400924556,2.086872082167247,0.9600173187573092,,,,,,,,,,,,,,,,,,,,,,,,,,,,,,,,,,,,,,,,,,,,,,,,,,,,,,,,,,,,,,,,,,,,,
2026-02-26 07:00:00+00:00,e1108,Level 11,50.0,Maintenance Soon,50.0,50.0,50.0,50.0,50.0,,,3.1047235023033863,2.009252028396683,1.0954714739067035,,,,,,,,,,,,,,,,,,,,,,,,,,,,,,,,,,,,,,,,,,,,,,,,,,,,,,,,,,,,,,,,,,,,,
2026-02-26 08:00:00+00:00,e1108,Level 11,50.0,Maintenance Soon,50.0,50.0,50.0,50.0,50.0,,,3.154086021506373,2.019214994776121,1.1348710267302522,,,,,,,,,,,,,,,,,,,,,,,,,,,,,,,,,,,,,,,,,,,,,,,,,,,,,,,,,,,,,,,,,,,,,
2026-02-26 09:00:00+00:00,e1108,Level 11,50.0,Maintenance Soon,50.0,50.0,50.0,50.0,50.0,,,3.173333333332266,2.104836537416608,1.0684967959156588,,,,,,,,,,,,,,,,,,,,,,,,,,,,,,,,,,,,,,,,,,,,,,,,,,,,,,,,,,,,,,,,,,,,,
2026-02-26 10:00:00+00:00,e1108,Level 11,50.0,Maintenance Soon,50.0,50.0,50.0,50.0,50.0,,,3.098275862070296,2.158965586383905,0.9393102756863904,,,,,,,,,,,,,,,,,,,,,,,,,,,,,,,,,,,,,,,,,,,,,,,,,,,,,,,,,,,,,,,,,,,,,
2026-02-26 11:00:00+00:00,e1108,Level 11,50.0,Maintenance Soon,50.0,50.0,50.0,50.0,50.0,,,3.1117241379324696,2.195585596768069,0.9161385411644004,,,,,,,,,,,,,,,,,,,,,,,,,,,,,,,,,,,,,,,,,,,,,,,,,,,,,,,,,,,,,,,,,,,,,
2026-02-26 12:00:00+00:00,e1108,Level 11,50.0,Maintenance Soon,50.0,50.0,50.0,50.0,50.0,,,3.146666666663805,2.1586051945220484,0.9880614721417564,,,,,,,,,,,,,,,,,,,,,,,,,,,,,,,,,,,,,,,,,,,,,,,,,,,,,,,,,,,,,,,,,,,,,
2026-02-26 13:00:00+00:00,e1108,Level 11,50.0,Maintenance Soon,50.0,50.0,50.0,50.0,50.0,,,3.0600000000013097,2.1817006593082624,0.8782993406930473,,,,,,,,,,,,,,,,,,,,,,,,,,,,,,,,,,,,,,,,,,,,,,,,,,,,,,,,,,,,,,,,,,,,,
2026-02-26 14:00:00+00:00,e1108,Level 11,50.0,Maintenance Soon,50.0,50.0,50.0,50.0,50.0,,,3.1436781609190803,7.612544596786999,-4.468866435867919,,,,,,,,,,,,,,,,,,,,,,,,,,,,,,,,,,,,,,,,,,,,,,,,,,,,,,,,,,,,,,,,,,,,,
2026-02-26 15:00:00+00:00,e1108,Level 11,50.0,Maintenance Soon,50.0,50.0,50.0,50.0,50.0,,,3.096106785316806,8.414678362572886,-5.31857157725608,,,,,,,,,,,,,,,,,,,,,,,,,,,,,,,,,,,,,,,,,,,,,,,,,,,,,,,,,,,,,,,,,,,,,
2026-02-26 16:00:00+00:00,e1108,Level 11,50.0,Maintenance Soon,50.0,50.0,50.0,50.0,50.0,,,3.23021505376164,2.417710944026718,0.8125041097349217,,,,,,,,,,,,,,,,,,,,,,,,,,,,,,,,,,,,,,,,,,,,,,,,,,,,,,,,,,,,,,,,,,,,,
2026-02-26 17:00:00+00:00,e1108,Level 11,50.0,Maintenance Soon,50.0,50.0,50.0,50.0,50.0,,,3.11000000000422,2.401207184628826,0.7087928153753942,,,,,,,,,,,,,,,,,,,,,,,,,,,,,,,,,,,,,,,,,,,,,,,,,,,,,,,,,,,,,,,,,,,,,
2026-02-26 18:00:00+00:00,e1108,Level 11,50.0,Maintenance Soon,50.0,50.0,50.0,50.0,50.0,,,3.13999999999578,2.4588262322467926,0.6811737677489873,,,,,,,,,,,,,,,,,,,,,,,,,,,,,,,,,,,,,,,,,,,,,,,,,,,,,,,,,,,,,,,,,,,,,
2026-02-26 19:00:00+00:00,e1108,Level 11,50.0,Maintenance Soon,50.0,50.0,50.0,50.0,50.0,,,3.1167816091983696,2.451587301588006,0.6651943076103635,,,,,,,,,,,,,,,,,,,,,,,,,,,,,,,,,,,,,,,,,,,,,,,,,,,,,,,,,,,,,,,,,,,,,
2026-02-26 20:00:00+00:00,e1108,Level 11,50.0,Maintenance Soon,50.0,50.0,50.0,50.0,50.0,,,3.1062291434900544,9.796428571426077,-6.690199427936022,,,,,,,,,,,,,,,,,,,,,,,,,,,,,,,,,,,,,,,,,,,,,,,,,,,,,,,,,,,,,,,,,,,,,
2026-02-26 21:00:00+00:00,e1108,Level 11,50.0,Maintenance Soon,50.0,50.0,50.0,50.0,50.0,,,3.1769892473130312,6.679685990339446,-3.502696743026415,,,,,,,,,,,,,,,,,,,,,,,,,,,,,,,,,,,,,,,,,,,,,,,,,,,,,,,,,,,,,,,,,,,,,
2026-02-26 22:00:00+00:00,e1108,Level 11,50.0,Maintenance Soon,50.0,50.0,50.0,50.0,50.0,,,3.123333333336632,2.5854092477566155,0.5379240855800163,,,,,,,,,,,,,,,,,,,,,,,,,,,,,,,,,,,,,,,,,,,,,,,,,,,,,,,,,,,,,,,,,,,,,
2026-02-26 23:00:00+00:00,e1108,Level 11,50.0,Maintenance Soon,50.0,50.0,50.0,50.0,50.0,,,3.163333333330229,2.6484761904782013,0.5148571428520277,,,,,,,,,,,,,,,,,,,,,,,,,,,,,,,,,,,,,,,,,,,,,,,,,,,,,,,,,,,,,,,,,,,,,
2026-02-27 00:00:00+00:00,e1108,Level 11,50.0,Maintenance Soon,50.0,50.0,50.0,50.0,50.0,,,3.126666666667006,2.521514041511788,0.6051526251552182,,,,,,,,,,,,,,,,,,,,,,,,,,,,,,,,,,,,,,,,,,,,,,,,,,,,,,,,,,,,,,,,,,,,,
2026-02-27 01:00:00+00:00,e1108,Level 11,50.0,Maintenance Soon,50.0,50.0,50.0,50.0,50.0,,,3.0206896551717364,2.53652828653018,0.4841613686415562,,,,,,,,,,,,,,,,,,,,,,,,,,,,,,,,,,,,,,,,,,,,,,,,,,,,,,,,,,,,,,,,,,,,,
2026-02-27 02:00:00+00:00,e1108,Level 11,50.0,Maintenance Soon,50.0,50.0,50.0,50.0,50.0,,,3.156729699665448,2.3931654807493032,0.7635642189161445,,,,,,,,,,,,,,,,,,,,,,,,,,,,,,,,,,,,,,,,,,,,,,,,,,,,,,,,,,,,,,,,,,,,,
2026-02-27 03:00:00+00:00,e1108,Level 11,50.0,Maintenance Soon,50.0,50.0,50.0,50.0,50.0,,,3.119247311831714,2.350160024535095,0.7690872872966188,,,,,,,,,,,,,,,,,,,,,,,,,,,,,,,,,,,,,,,,,,,,,,,,,,,,,,,,,,,,,,,,,,,,,
2026-02-27 04:00:00+00:00,e1108,Level 11,50.0,Maintenance Soon,50.0,50.0,50.0,50.0,50.0,,,3.130000000001018,2.2702842374613588,0.8597157625396599,,,,,,,,,,,,,,,,,,,,,,,,,,,,,,,,,,,,,,,,,,,,,,,,,,,,,,,,,,,,,,,,,,,,,
2026-02-27 05:00:00+00:00,e1108,Level 11,50.0,Maintenance Soon,50.0,50.0,50.0,50.0,50.0,,,3.130476190472109,2.4340953464561608,0.6963808440159482,,,,,,,,,,,,,,,,,,,,,,,,,,,,,,,,,,,,,,,,,,,,,,,,,,,,,,,,,,,,,,,,,,,,,
2026-02-27 06:00:00+00:00,e1108,Level 11,50.0,Maintenance Soon,50.0,50.0,50.0,50.0,50.0,,,3.0228571428597206,2.3813160748177324,0.6415410680419882,,,,,,,,,,,,,,,,,,,,,,,,,,,,,,,,,,,,,,,,,,,,,,,,,,,,,,,,,,,,,,,,,,,,,
2026-02-27 07:00:00+00:00,e1108,Level 11,50.0,Maintenance Soon,50.0,50.0,50.0,50.0,50.0,,,3.1682758620663662,2.3550206160568146,0.8132552460095517,,,,,,,,,,,,,,,,,,,,,,,,,,,,,,,,,,,,,,,,,,,,,,,,,,,,,,,,,,,,,,,,,,,,,
2026-02-27 08:00:00+00:00,e1108,Level 11,50.0,Maintenance Soon,50.0,50.0,50.0,50.0,50.0,,,1.9374384236434707,2.2879719142886947,-0.350533490645224,,,,,,,,,,,,,,,,,,,,,,,,,,,,,,,,,,,,,,,,,,,,,,,,,,,,,,,,,,,,,,,,,,,,,
2026-02-27 09:00:00+00:00,e1108,Level 11,50.0,Maintenance Soon,50.0,50.0,50.0,50.0,50.0,,,4.227188940098131,2.379361967009269,1.847826973088862,,,,,,,,,,,,,,,,,,,,,,,,,,,,,,,,,,,,,,,,,,,,,,,,,,,,,,,,,,,,,,,,,,,,,
2026-02-27 10:00:00+00:00,e1108,Level 11,50.0,Maintenance Soon,50.0,50.0,50.0,50.0,50.0,,,3.2237634408556914,2.344630313811649,0.8791331270440423,,,,,,,,,,,,,,,,,,,,,,,,,,,,,,,,,,,,,,,,,,,,,,,,,,,,,,,,,,,,,,,,,,,,,
2026-02-27 11:00:00+00:00,e1108,Level 11,50.0,Maintenance Soon,50.0,50.0,50.0,50.0,50.0,,,3.063333333335322,2.3653167761355385,0.6980165571997836,,,,,,,,,,,,,,,,,,,,,,,,,,,,,,,,,,,,,,,,,,,,,,,,,,,,,,,,,,,,,,,,,,,,,
2026-02-27 12:00:00+00:00,e1108,Level 11,50.0,Maintenance Soon,50.0,50.0,50.0,50.0,50.0,,,3.136666666665405,2.422433862433536,0.7142328042318695,,,,,,,,,,,,,,,,,,,,,,,,,,,,,,,,,,,,,,,,,,,,,,,,,,,,,,,,,,,,,,,,,,,,,
2026-02-27 13:00:00+00:00,e1108,Level 11,50.0,Maintenance Soon,50.0,50.0,50.0,50.0,50.0,,,3.1433333333334303,2.34912457912651,0.7942087542069203,,,,,,,,,,,,,,,,,,,,,,,,,,,,,,,,,,,,,,,,,,,,,,,,,,,,,,,,,,,,,,,,,,,,,
2026-02-27 14:00:00+00:00,e1108,Level 11,50.0,Maintenance Soon,50.0,50.0,50.0,50.0,50.0,,,3.173333333332266,2.459845582258519,0.7134877510737474,,,,,,,,,,,,,,,,,,,,,,,,,,,,,,,,,,,,,,,,,,,,,,,,,,,,,,,,,,,,,,,,,,,,,
2026-02-27 15:00:00+00:00,e1108,Level 11,50.0,Maintenance Soon,50.0,50.0,50.0,50.0,50.0,,,3.1433333333370683,2.4311047177046325,0.7122286156324358,,,,,,,,,,,,,,,,,,,,,,,,,,,,,,,,,,,,,,,,,,,,,,,,,,,,,,,,,,,,,,,,,,,,,
2026-02-27 16:00:00+00:00,e1108,Level 11,50.0,Maintenance Soon,50.0,50.0,50.0,50.0,50.0,,,3.1133333333309565,2.459124128530675,0.6542092048002814,,,,,,,,,,,,,,,,,,,,,,,,,,,,,,,,,,,,,,,,,,,,,,,,,,,,,,,,,,,,,,,,,,,,,
2026-02-27 17:00:00+00:00,e1108,Level 11,50.0,Maintenance Soon,50.0,50.0,50.0,50.0,50.0,,,3.100000000002183,2.509053810415935,0.5909461895862478,,,,,,,,,,,,,,,,,,,,,,,,,,,,,,,,,,,,,,,,,,,,,,,,,,,,,,,,,,,,,,,,,,,,,
2026-02-27 18:00:00+00:00,e1108,Level 11,50.0,Maintenance Soon,50.0,50.0,50.0,50.0,50.0,,,3.1699999999982538,2.471572890025224,0.6984271099730299,,,,,,,,,,,,,,,,,,,,,,,,,,,,,,,,,,,,,,,,,,,,,,,,,,,,,,,,,,,,,,,,,,,,,
2026-02-27 19:00:00+00:00,e1108,Level 11,50.0,Maintenance Soon,50.0,50.0,50.0,50.0,50.0,,,3.103333333332557,8.149657050561169,-5.046323717228612,,,,,,,,,,,,,,,,,,,,,,,,,,,,,,,,,,,,,,,,,,,,,,,,,,,,,,,,,,,,,,,,,,,,,
2026-02-27 20:00:00+00:00,e1108,Level 11,50.0,Maintenance Soon,50.0,50.0,50.0,50.0,50.0,,,3.1833333333343035,8.256659227165073,-5.07332589383077,,,,,,,,,,,,,,,,,,,,,,,,,,,,,,,,,,,,,,,,,,,,,,,,,,,,,,,,,,,,,,,,,,,,,
2026-02-27 21:00:00+00:00,e1108,Level 11,50.0,Maintenance Soon,50.0,50.0,50.0,50.0,50.0,,,3.133333333331393,2.54742039237802,0.585912940953373,,,,,,,,,,,,,,,,,,,,,,,,,,,,,,,,,,,,,,,,,,,,,,,,,,,,,,,,,,,,,,,,,,,,,
2026-02-27 22:00:00+00:00,e1108,Level 11,50.0,Maintenance Soon,50.0,50.0,50.0,50.0,50.0,,,3.0666666666693345,2.61705490578485,0.4496117608844847,,,,,,,,,,,,,,,,,,,,,,,,,,,,,,,,,,,,,,,,,,,,,,,,,,,,,,,,,,,,,,,,,,,,,
2026-02-27 23:00:00+00:00,e1108,Level 11,50.0,Maintenance Soon,50.0,50.0,50.0,50.0,50.0,,,3.133333333331393,2.676901234568504,0.4564320987628889,,,,,,,,,,,,,,,,,,,,,,,,,,,,,,,,,,,,,,,,,,,,,,,,,,,,,,,,,,,,,,,,,,,,,
2026-02-28 00:00:00+00:00,e1108,Level 11,50.0,Maintenance Soon,50.0,50.0,50.0,50.0,50.0,,,3.086206896550721,2.5176833751041463,0.5685235214465743,,,,,,,,,,,,,,,,,,,,,,,,,,,,,,,,,,,,,,,,,,,,,,,,,,,,,,,,,,,,,,,,,,,,,
2026-02-28 01:00:00+00:00,e1108,Level 11,50.0,Maintenance Soon,50.0,50.0,50.0,50.0,50.0,,,3.113793103450007,2.422964499369604,0.6908286040804037,,,,,,,,,,,,,,,,,,,,,,,,,,,,,,,,,,,,,,,,,,,,,,,,,,,,,,,,,,,,,,,,,,,,,
2026-02-28 02:00:00+00:00,e1108,Level 11,50.0,Maintenance Soon,50.0,50.0,50.0,50.0,50.0,,,3.16666666666788,2.3390435673924608,0.8276230992754186,,,,,,,,,,,,,,,,,,,,,,,,,,,,,,,,,,,,,,,,,,,,,,,,,,,,,,,,,,,,,,,,,,,,,
2026-02-28 03:00:00+00:00,e1108,Level 11,50.0,Maintenance Soon,50.0,50.0,50.0,50.0,50.0,,,3.1199999999989814,2.390197447023335,0.7298025529756464,,,,,,,,,,,,,,,,,,,,,,,,,,,,,,,,,,,,,,,,,,,,,,,,,,,,,,,,,,,,,,,,,,,,,
2026-02-28 04:00:00+00:00,e1108,Level 11,50.0,Maintenance Soon,50.0,50.0,50.0,50.0,50.0,,,3.1466666666674428,2.3149466804243275,0.8317199862431153,,,,,,,,,,,,,,,,,,,,,,,,,,,,,,,,,,,,,,,,,,,,,,,,,,,,,,,,,,,,,,,,,,,,,
2026-02-28 05:00:00+00:00,e1108,Level 11,50.0,Maintenance Soon,50.0,50.0,50.0,50.0,50.0,,,3.104597701149032,2.336061722934877,0.7685359782141554,,,,,,,,,,,,,,,,,,,,,,,,,,,,,,,,,,,,,,,,,,,,,,,,,,,,,,,,,,,,,,,,,,,,,
2026-02-28 06:00:00+00:00,e1108,Level 11,50.0,Maintenance Soon,50.0,50.0,50.0,50.0,50.0,,,3.0487356321827974,2.340745982606071,0.7079896495767266,,,,,,,,,,,,,,,,,,,,,,,,,,,,,,,,,,,,,,,,,,,,,,,,,,,,,,,,,,,,,,,,,,,,,
2026-02-28 07:00:00+00:00,e1108,Level 11,50.0,Maintenance Soon,50.0,50.0,50.0,50.0,50.0,,,3.1900000000023283,2.3765597902796194,0.8134402097227089,,,,,,,,,,,,,,,,,,,,,,,,,,,,,,,,,,,,,,,,,,,,,,,,,,,,,,,,,,,,,,,,,,,,,
2026-02-28 08:00:00+00:00,e1108,Level 11,50.0,Maintenance Soon,50.0,50.0,50.0,50.0,50.0,,,3.0833333333321207,1.96081280788106,1.1225205254510608,,,,,,,,,,,,,,,,,,,,,,,,,,,,,,,,,,,,,,,,,,,,,,,,,,,,,,,,,,,,,,,,,,,,,
2026-02-28 09:00:00+00:00,e1108,Level 11,50.0,Maintenance Soon,50.0,50.0,50.0,50.0,50.0,,,3.170000000001892,2.7323963133676443,0.4376036866342474,,,,,,,,,,,,,,,,,,,,,,,,,,,,,,,,,,,,,,,,,,,,,,,,,,,,,,,,,,,,,,,,,,,,,
2026-02-28 10:00:00+00:00,e1108,Level 11,50.0,Maintenance Soon,50.0,50.0,50.0,50.0,50.0,,,3.0562068965482467,3.5393831352533502,-0.4831762387051035,,,,,,,,,,,,,,,,,,,,,,,,,,,,,,,,,,,,,,,,,,,,,,,,,,,,,,,,,,,,,,,,,,,,,
2026-02-28 11:00:00+00:00,e1108,Level 11,50.0,Maintenance Soon,50.0,50.0,50.0,50.0,50.0,,,3.083793103447533,12.564181286550593,-9.48038818310306,,,,,,,,,,,,,,,,,,,,,,,,,,,,,,,,,,,,,,,,,,,,,,,,,,,,,,,,,,,,,,,,,,,,,
2026-02-28 12:00:00+00:00,e1108,Level 11,50.0,Maintenance Soon,50.0,50.0,50.0,50.0,50.0,,,3.233333333333576,2.362013366748821,0.8713199665847546,,,,,,,,,,,,,,,,,,,,,,,,,,,,,,,,,,,,,,,,,,,,,,,,,,,,,,,,,,,,,,,,,,,,,
2026-02-28 13:00:00+00:00,e1108,Level 11,50.0,Maintenance Soon,50.0,50.0,50.0,50.0,50.0,,,3.0966666666681704,2.4664076858838,0.630258980784371,,,,,,,,,,,,,,,,,,,,,,,,,,,,,,,,,,,,,,,,,,,,,,,,,,,,,,,,,,,,,,,,,,,,,
2026-02-28 14:00:00+00:00,e1108,Level 11,50.0,Maintenance Soon,50.0,50.0,50.0,50.0,50.0,,,3.1066666666665697,2.462873851293504,0.6437928153730659,,,,,,,,,,,,,,,,,,,,,,,,,,,,,,,,,,,,,,,,,,,,,,,,,,,,,,,,,,,,,,,,,,,,,
2026-02-28 15:00:00+00:00,e1108,Level 11,50.0,Maintenance Soon,50.0,50.0,50.0,50.0,50.0,,,3.20333333333474,2.447610693401657,0.755722639933083,,,,,,,,,,,,,,,,,,,,,,,,,,,,,,,,,,,,,,,,,,,,,,,,,,,,,,,,,,,,,,,,,,,,,
2026-02-28 16:00:00+00:00,e1108,Level 11,50.0,Maintenance Soon,50.0,50.0,50.0,50.0,50.0,,,3.1299999999973807,2.442873851291855,0.6871261487055258,,,,,,,,,,,,,,,,,,,,,,,,,,,,,,,,,,,,,,,,,,,,,,,,,,,,,,,,,,,,,,,,,,,,,
2026-02-28 17:00:00+00:00,e1108,Level 11,50.0,Maintenance Soon,50.0,50.0,50.0,50.0,50.0,,,3.180000000000291,2.4302756892248,0.7497243107754912,,,,,,,,,,,,,,,,,,,,,,,,,,,,,,,,,,,,,,,,,,,,,,,,,,,,,,,,,,,,,,,,,,,,,
2026-02-28 18:00:00+00:00,e1108,Level 11,50.0,Maintenance Soon,50.0,50.0,50.0,50.0,50.0,,,3.0800000000017462,2.4260150375945764,0.6539849624071699,,,,,,,,,,,,,,,,,,,,,,,,,,,,,,,,,,,,,,,,,,,,,,,,,,,,,,,,,,,,,,,,,,,,,
2026-02-28 19:00:00+00:00,e1108,Level 11,50.0,Maintenance Soon,50.0,50.0,50.0,50.0,50.0,,,3.1466666666674428,2.47325624667792,0.6734104199895228,,,,,,,,,,,,,,,,,,,,,,,,,,,,,,,,,,,,,,,,,,,,,,,,,,,,,,,,,,,,,,,,,,,,,
2026-02-28 20:00:00+00:00,e1108,Level 11,50.0,Maintenance Soon,50.0,50.0,50.0,50.0,50.0,,,3.196666666666715,2.5363325804634465,0.6603340862032687,,,,,,,,,,,,,,,,,,,,,,,,,,,,,,,,,,,,,,,,,,,,,,,,,,,,,,,,,,,,,,,,,,,,,
2026-02-28 21:00:00+00:00,e1108,Level 11,50.0,Maintenance Soon,50.0,50.0,50.0,50.0,50.0,,,3.116666666664969,2.530586611454055,0.586080055210914,,,,,,,,,,,,,,,,,,,,,,,,,,,,,,,,,,,,,,,,,,,,,,,,,,,,,,,,,,,,,,,,,,,,,
2026-02-28 22:00:00+00:00,e1108,Level 11,50.0,Maintenance Soon,50.0,50.0,50.0,50.0,50.0,,,3.139999999999418,2.547228809840211,0.592771190159207,,,,,,,,,,,,,,,,,,,,,,,,,,,,,,,,,,,,,,,,,,,,,,,,,,,,,,,,,,,,,,,,,,,,,
2026-02-28 23:00:00+00:00,e1108,Level 11,50.0,Maintenance Soon,50.0,50.0,50.0,50.0,50.0,,,3.110000000000582,2.5974088713179904,0.5125911286825917,,,,,,,,,,,,,,,,,,,,,,,,,,,,,,,,,,,,,,,,,,,,,,,,,,,,,,,,,,,,,,,,,,,,,
2026-03-01 00:00:00+00:00,e1108,Level 11,50.0,Maintenance Soon,50.0,50.0,50.0,50.0,50.0,,,3.1899999999986903,2.615554127699094,0.5744458722995964,,,,,,,,,,,,,,,,,,,,,,,,,,,,,,,,,,,,,,,,,,,,,,,,,,,,,,,,,,,,,,,,,,,,,
2026-03-01 01:00:00+00:00,e1108,Level 11,50.0,Maintenance Soon,50.0,50.0,50.0,50.0,50.0,,,3.150000000001455,3.130150714117917,0.0198492858835379,,,,,,,,,,,,,,,,,,,,,,,,,,,,,,,,,,,,,,,,,,,,,,,,,,,,,,,,,,,,,,,,,,,,,
2026-03-01 02:00:00+00:00,e1108,Level 11,50.0,Maintenance Soon,50.0,50.0,50.0,50.0,50.0,,,3.074137931034784,13.376627173995075,-10.302489242960291,,,,,,,,,,,,,,,,,,,,,,,,,,,,,,,,,,,,,,,,,,,,,,,,,,,,,,,,,,,,,,,,,,,,,
2026-03-01 03:00:00+00:00,e1108,Level 11,50.0,Maintenance Soon,50.0,50.0,50.0,50.0,50.0,,,2.985862068966526,2.4736485152279784,0.5122135537385475,,,,,,,,,,,,,,,,,,,,,,,,,,,,,,,,,,,,,,,,,,,,,,,,,,,,,,,,,,,,,,,,,,,,,
2026-03-01 04:00:00+00:00,e1108,Level 11,50.0,Maintenance Soon,50.0,50.0,50.0,50.0,50.0,,,3.116666666668607,2.4340016708447365,0.6826649958238704,,,,,,,,,,,,,,,,,,,,,,,,,,,,,,,,,,,,,,,,,,,,,,,,,,,,,,,,,,,,,,,,,,,,,
2026-03-01 05:00:00+00:00,e1108,Level 11,50.0,Maintenance Soon,50.0,50.0,50.0,50.0,50.0,,,3.13999999999578,2.371390545325994,0.7686094546697859,,,,,,,,,,,,,,,,,,,,,,,,,,,,,,,,,,,,,,,,,,,,,,,,,,,,,,,,,,,,,,,,,,,,,
2026-03-01 06:00:00+00:00,e1108,Level 11,50.0,Maintenance Soon,50.0,50.0,50.0,50.0,50.0,,,3.100000000002183,2.440444598085984,0.6595554019161987,,,,,,,,,,,,,,,,,,,,,,,,,,,,,,,,,,,,,,,,,,,,,,,,,,,,,,,,,,,,,,,,,,,,,
2026-03-01 07:00:00+00:00,e1108,Level 11,50.0,Maintenance Soon,50.0,50.0,50.0,50.0,50.0,,,3.133333333335031,2.424890002785105,0.708443330549926,,,,,,,,,,,,,,,,,,,,,,,,,,,,,,,,,,,,,,,,,,,,,,,,,,,,,,,,,,,,,,,,,,,,,
2026-03-01 08:00:00+00:00,e1108,Level 11,50.0,Maintenance Soon,50.0,50.0,50.0,50.0,50.0,,,3.1299999999973807,2.3739181286558355,0.7560818713415451,,,,,,,,,,,,,,,,,,,,,,,,,,,,,,,,,,,,,,,,,,,,,,,,,,,,,,,,,,,,,,,,,,,,,
2026-03-01 09:00:00+00:00,e1108,Level 11,50.0,Maintenance Soon,50.0,50.0,50.0,50.0,50.0,,,3.0458620689678355,2.4173684210521365,0.6284936479156991,,,,,,,,,,,,,,,,,,,,,,,,,,,,,,,,,,,,,,,,,,,,,,,,,,,,,,,,,,,,,,,,,,,,,
2026-03-01 10:00:00+00:00,e1108,Level 11,50.0,Maintenance Soon,50.0,50.0,50.0,50.0,50.0,,,3.027471264365886,2.381024688157292,0.6464465762085942,,,,,,,,,,,,,,,,,,,,,,,,,,,,,,,,,,,,,,,,,,,,,,,,,,,,,,,,,,,,,,,,,,,,,
2026-03-01 11:00:00+00:00,e1108,Level 11,50.0,Maintenance Soon,50.0,50.0,50.0,50.0,50.0,,,3.1533333333318296,2.390817417105912,0.7625159162259174,,,,,,,,,,,,,,,,,,,,,,,,,,,,,,,,,,,,,,,,,,,,,,,,,,,,,,,,,,,,,,,,,,,,,
2026-03-01 12:00:00+00:00,e1108,Level 11,50.0,Maintenance Soon,50.0,50.0,50.0,50.0,50.0,,,3.110000000000582,2.466461988303005,0.6435380116975771,,,,,,,,,,,,,,,,,,,,,,,,,,,,,,,,,,,,,,,,,,,,,,,,,,,,,,,,,,,,,,,,,,,,,
2026-03-01 13:00:00+00:00,e1108,Level 11,50.0,Maintenance Soon,50.0,50.0,50.0,50.0,50.0,,,3.1899999999986903,2.341257309941284,0.8487426900574064,,,,,,,,,,,,,,,,,,,,,,,,,,,,,,,,,,,,,,,,,,,,,,,,,,,,,,,,,,,,,,,,,,,,,
2026-03-01 14:00:00+00:00,e1108,Level 11,50.0,Maintenance Soon,50.0,50.0,50.0,50.0,50.0,,,3.103333333336195,2.400029239766203,0.7033040935699924,,,,,,,,,,,,,,,,,,,,,,,,,,,,,,,,,,,,,,,,,,,,,,,,,,,,,,,,,,,,,,,,,,,,,
2026-03-01 15:00:00+00:00,e1108,Level 11,50.0,Maintenance Soon,50.0,50.0,50.0,50.0,50.0,,,3.1754838709675823,2.437426900585706,0.7380569703818765,,,,,,,,,,,,,,,,,,,,,,,,,,,,,,,,,,,,,,,,,,,,,,,,,,,,,,,,,,,,,,,,,,,,,
2026-03-01 16:00:00+00:00,e1108,Level 11,50.0,Maintenance Soon,50.0,50.0,50.0,50.0,50.0,,,3.1745161290309625,2.387731829574477,0.7867842994564853,,,,,,,,,,,,,,,,,,,,,,,,,,,,,,,,,,,,,,,,,,,,,,,,,,,,,,,,,,,,,,,,,,,,,
2026-03-01 17:00:00+00:00,e1108,Level 11,50.0,Maintenance Soon,50.0,50.0,50.0,50.0,50.0,,,3.156666666665842,2.470555555553195,0.686111111112647,,,,,,,,,,,,,,,,,,,,,,,,,,,,,,,,,,,,,,,,,,,,,,,,,,,,,,,,,,,,,,,,,,,,,
2026-03-01 18:00:00+00:00,e1108,Level 11,50.0,Maintenance Soon,50.0,50.0,50.0,50.0,50.0,,,3.156666666665842,2.462113617379752,0.6945530492860903,,,,,,,,,,,,,,,,,,,,,,,,,,,,,,,,,,,,,,,,,,,,,,,,,,,,,,,,,,,,,,,,,,,,,
2026-03-01 19:00:00+00:00,e1108,Level 11,50.0,Maintenance Soon,50.0,50.0,50.0,50.0,50.0,,,3.163333333333867,2.494495329231237,0.6688380041026298,,,,,,,,,,,,,,,,,,,,,,,,,,,,,,,,,,,,,,,,,,,,,,,,,,,,,,,,,,,,,,,,,,,,,
2026-03-01 20:00:00+00:00,e1108,Level 11,50.0,Maintenance Soon,50.0,50.0,50.0,50.0,50.0,,,3.0900000000037835,2.56656565656643,0.5234343434373536,,,,,,,,,,,,,,,,,,,,,,,,,,,,,,,,,,,,,,,,,,,,,,,,,,,,,,,,,,,,,,,,,,,,,
2026-03-01 21:00:00+00:00,e1108,Level 11,50.0,Maintenance Soon,50.0,50.0,50.0,50.0,50.0,,,3.1599999999962165,2.523968253964995,0.6360317460312217,,,,,,,,,,,,,,,,,,,,,,,,,,,,,,,,,,,,,,,,,,,,,,,,,,,,,,,,,,,,,,,,,,,,,
2026-03-01 22:00:00+00:00,e1108,Level 11,50.0,Maintenance Soon,50.0,50.0,50.0,50.0,50.0,,,2.990919540228788,2.561587301588588,0.4293322386401996,,,,,,,,,,,,,,,,,,,,,,,,,,,,,,,,,,,,,,,,,,,,,,,,,,,,,,,,,,,,,,,,,,,,,
2026-03-01 23:00:00+00:00,e1108,Level 11,50.0,Maintenance Soon,50.0,50.0,50.0,50.0,50.0,,,3.1498331479451736,8.298787878788668,-5.148954730843494,,,,,,,,,,,,,,,,,,,,,,,,,,,,,,,,,,,,,,,,,,,,,,,,,,,,,,,,,,,,,,,,,,,,,
2026-03-02 00:00:00+00:00,e1108,Level 11,50.0,Maintenance Soon,50.0,50.0,50.0,50.0,50.0,,,3.1559139784949366,8.238778258779348,-5.082864280284412,,,,,,,,,,,,,,,,,,,,,,,,,,,,,,,,,,,,,,,,,,,,,,,,,,,,,,,,,,,,,,,,,,,,,
2026-03-02 01:00:00+00:00,e1108,Level 11,50.0,Maintenance Soon,50.0,50.0,50.0,50.0,50.0,,,3.106666666662932,5.408202696282388,-2.301536029619456,,,,,,,,,,,,,,,,,,,,,,,,,,,,,,,,,,,,,,,,,,,,,,,,,,,,,,,,,,,,,,,,,,,,,
2026-03-02 02:00:00+00:00,e1108,Level 11,50.0,Maintenance Soon,50.0,50.0,50.0,50.0,50.0,,,3.0565517241411726,8.14769380983004,-5.091142085688867,,,,,,,,,,,,,,,,,,,,,,,,,,,,,,,,,,,,,,,,,,,,,,,,,,,,,,,,,,,,,,,,,,,,,
2026-03-02 03:00:00+00:00,e1108,Level 11,50.0,Maintenance Soon,50.0,50.0,50.0,50.0,50.0,,,3.0070197044333327,2.608127770265128,0.3988919341682049,,,,,,,,,,,,,,,,,,,,,,,,,,,,,,,,,,,,,,,,,,,,,,,,,,,,,,,,,,,,,,,,,,,,,
2026-03-02 04:00:00+00:00,e1108,Level 11,50.0,Maintenance Soon,50.0,50.0,50.0,50.0,50.0,,,3.125,2.7782788671029266,0.3467211328970734,,,,,,,,,,,,,,,,,,,,,,,,,,,,,,,,,,,,,,,,,,,,,,,,,,,,,,,,,,,,,,,,,,,,,
2026-03-02 05:00:00+00:00,e1108,Level 11,50.0,Maintenance Soon,50.0,50.0,50.0,50.0,50.0,,,3.074654377880506,2.611982570803472,0.4626718070770343,,,,,,,,,,,,,,,,,,,,,,,,,,,,,,,,,,,,,,,,,,,,,,,,,,,,,,,,,,,,,,,,,,,,,
2026-03-02 06:00:00+00:00,e1108,Level 11,50.0,Maintenance Soon,50.0,50.0,50.0,50.0,50.0,,,3.1967741935477534,2.716775599128596,0.4799985944191576,,,,,,,,,,,,,,,,,,,,,,,,,,,,,,,,,,,,,,,,,,,,,,,,,,,,,,,,,,,,,,,,,,,,,
2026-03-02 07:00:00+00:00,e1108,Level 11,50.0,Maintenance Soon,50.0,50.0,50.0,50.0,50.0,,,3.046428571429715,2.6259905341466947,0.4204380372830201,,,,,,,,,,,,,,,,,,,,,,,,,,,,,,,,,,,,,,,,,,,,,,,,,,,,,,,,,,,,,,,,,,,,,
2026-03-02 08:00:00+00:00,e1108,Level 11,50.0,Maintenance Soon,50.0,50.0,50.0,50.0,50.0,,,3.00690476190357,2.6727894222797963,0.3341153396237737,,,,,,,,,,,,,,,,,,,,,,,,,,,,,,,,,,,,,,,,,,,,,,,,,,,,,,,,,,,,,,,,,,,,,
2026-03-02 09:00:00+00:00,e1108,Level 11,50.0,Maintenance Soon,50.0,50.0,50.0,50.0,50.0,,,3.1563440860227274,2.720842911878814,0.4355011741439134,,,,,,,,,,,,,,,,,,,,,,,,,,,,,,,,,,,,,,,,,,,,,,,,,,,,,,,,,,,,,,,,,,,,,
2026-03-02 10:00:00+00:00,e1108,Level 11,50.0,Maintenance Soon,50.0,50.0,50.0,50.0,50.0,,,3.131701890990371,2.640979364119024,0.4907225268713469,,,,,,,,,,,,,,,,,,,,,,,,,,,,,,,,,,,,,,,,,,,,,,,,,,,,,,,,,,,,,,,,,,,,,
2026-03-02 11:00:00+00:00,e1108,Level 11,50.0,Maintenance Soon,50.0,50.0,50.0,50.0,50.0,,,3.068620689653472,2.7430046380310764,0.3256160516223949,,,,,,,,,,,,,,,,,,,,,,,,,,,,,,,,,,,,,,,,,,,,,,,,,,,,,,,,,,,,,,,,,,,,,
2026-03-02 12:00:00+00:00,e1108,Level 11,50.0,Maintenance Soon,50.0,50.0,50.0,50.0,50.0,,,3.29666666666526,2.7425804933785307,0.5540861732867293,,,,,,,,,,,,,,,,,,,,,,,,,,,,,,,,,,,,,,,,,,,,,,,,,,,,,,,,,,,,,,,,,,,,,
2026-03-02 13:00:00+00:00,e1108,Level 11,50.0,Maintenance Soon,50.0,50.0,50.0,50.0,50.0,,,3.051954022990685,2.7844374825969376,0.2675165403937476,,,,,,,,,,,,,,,,,,,,,,,,,,,,,,,,,,,,,,,,,,,,,,,,,,,,,,,,,,,,,,,,,,,,,
2026-03-02 14:00:00+00:00,e1108,Level 11,50.0,Maintenance Soon,50.0,50.0,50.0,50.0,50.0,,,3.114712643677194,2.7172389306591263,0.3974737130180679,,,,,,,,,,,,,,,,,,,,,,,,,,,,,,,,,,,,,,,,,,,,,,,,,,,,,,,,,,,,,,,,,,,,,
2026-03-02 15:00:00+00:00,e1108,Level 11,50.0,Maintenance Soon,50.0,50.0,50.0,50.0,50.0,,,3.195632183909765,2.7889833454622326,0.4066488384475328,,,,,,,,,,,,,,,,,,,,,,,,,,,,,,,,,,,,,,,,,,,,,,,,,,,,,,,,,,,,,,,,,,,,,
2026-03-02 16:00:00+00:00,e1108,Level 11,50.0,Maintenance Soon,50.0,50.0,50.0,50.0,50.0,,,3.134367816088343,2.74255325465856,0.3918145614297827,,,,,,,,,,,,,,,,,,,,,,,,,,,,,,,,,,,,,,,,,,,,,,,,,,,,,,,,,,,,,,,,,,,,,
2026-03-02 17:00:00+00:00,e1108,Level 11,50.0,Maintenance Soon,50.0,50.0,50.0,50.0,50.0,,,3.076666666671372,2.7548961484159613,0.3217705182554105,,,,,,,,,,,,,,,,,,,,,,,,,,,,,,,,,,,,,,,,,,,,,,,,,,,,,,,,,,,,,,,,,,,,,
2026-03-02 18:00:00+00:00,e1108,Level 11,50.0,Maintenance Soon,50.0,50.0,50.0,50.0,50.0,,,3.1666666666642413,2.747430933656384,0.4192357330078571,,,,,,,,,,,,,,,,,,,,,,,,,,,,,,,,,,,,,,,,,,,,,,,,,,,,,,,,,,,,,,,,,,,,,
2026-03-02 19:00:00+00:00,e1108,Level 11,50.0,Maintenance Soon,50.0,50.0,50.0,50.0,50.0,,,3.1699999999982538,2.806108086309299,0.3638919136889549,,,,,,,,,,,,,,,,,,,,,,,,,,,,,,,,,,,,,,,,,,,,,,,,,,,,,,,,,,,,,,,,,,,,,
2026-03-02 20:00:00+00:00,e1108,Level 11,50.0,Maintenance Soon,50.0,50.0,50.0,50.0,50.0,,,3.103333333332557,2.7370290669205133,0.3663042664120439,,,,,,,,,,,,,,,,,,,,,,,,,,,,,,,,,,,,,,,,,,,,,,,,,,,,,,,,,,,,,,,,,,,,,
2026-03-02 21:00:00+00:00,e1108,Level 11,50.0,Maintenance Soon,50.0,50.0,50.0,50.0,50.0,,,3.1433333333370683,2.819841269840253,0.3234920634968148,,,,,,,,,,,,,,,,,,,,,,,,,,,,,,,,,,,,,,,,,,,,,,,,,,,,,,,,,,,,,,,,,,,,,
2026-03-02 22:00:00+00:00,e1108,Level 11,50.0,Maintenance Soon,50.0,50.0,50.0,50.0,50.0,,,3.1766666666626406,2.774750957853636,0.4019157088090046,,,,,,,,,,,,,,,,,,,,,,,,,,,,,,,,,,,,,,,,,,,,,,,,,,,,,,,,,,,,,,,,,,,,,
2026-03-02 23:00:00+00:00,e1108,Level 11,50.0,Maintenance Soon,50.0,50.0,50.0,50.0,50.0,,,3.100000000002183,2.7877796316909857,0.312220368311197,,,,,,,,,,,,,,,,,,,,,,,,,,,,,,,,,,,,,,,,,,,,,,,,,,,,,,,,,,,,,,,,,,,,,
2026-03-03 00:00:00+00:00,e1108,Level 11,50.0,Maintenance Soon,50.0,50.0,50.0,50.0,50.0,,,3.093333333334158,2.780334907531748,0.3129984258024101,,,,,,,,,,,,,,,,,,,,,,,,,,,,,,,,,,,,,,,,,,,,,,,,,,,,,,,,,,,,,,,,,,,,,
2026-03-03 01:00:00+00:00,e1108,Level 11,50.0,Maintenance Soon,50.0,50.0,50.0,50.0,50.0,,,3.076666666667734,2.706106934001582,0.3705597326661518,,,,,,,,,,,,,,,,,,,,,,,,,,,,,,,,,,,,,,,,,,,,,,,,,,,,,,,,,,,,,,,,,,,,,
2026-03-03 02:00:00+00:00,e1108,Level 11,50.0,Maintenance Soon,50.0,50.0,50.0,50.0,50.0,,,3.1299999999973807,2.7249909255891303,0.4050090744082504,,,,,,,,,,,,,,,,,,,,,,,,,,,,,,,,,,,,,,,,,,,,,,,,,,,,,,,,,,,,,,,,,,,,,
2026-03-03 03:00:00+00:00,e1108,Level 11,50.0,Maintenance Soon,50.0,50.0,50.0,50.0,50.0,,,3.016666666666424,2.7016009852219818,0.3150656814444423,,,,,,,,,,,,,,,,,,,,,,,,,,,,,,,,,,,,,,,,,,,,,,,,,,,,,,,,,,,,,,,,,,,,,
2026-03-03 04:00:00+00:00,e1108,Level 11,50.0,Maintenance Soon,50.0,50.0,50.0,50.0,50.0,,,3.103333333336195,6.39171635986592,-3.2883830265297247,,,,,,,,,,,,,,,,,,,,,,,,,,,,,,,,,,,,,,,,,,,,,,,,,,,,,,,,,,,,,,,,,,,,,
2026-03-03 05:00:00+00:00,e1108,Level 11,50.0,Maintenance Soon,50.0,50.0,50.0,50.0,50.0,,,3.163333333330229,10.616192227881887,-7.452858894551658,,,,,,,,,,,,,,,,,,,,,,,,,,,,,,,,,,,,,,,,,,,,,,,,,,,,,,,,,,,,,,,,,,,,,
2026-03-03 06:00:00+00:00,e1108,Level 11,50.0,Maintenance Soon,50.0,50.0,50.0,50.0,50.0,,,3.0900000000037835,2.703564107401083,0.3864358926027003,,,,,,,,,,,,,,,,,,,,,,,,,,,,,,,,,,,,,,,,,,,,,,,,,,,,,,,,,,,,,,,,,,,,,
2026-03-03 07:00:00+00:00,e1108,Level 11,50.0,Maintenance Soon,50.0,50.0,50.0,50.0,50.0,,,3.099999999998545,2.7420337197921376,0.3579662802064072,,,,,,,,,,,,,,,,,,,,,,,,,,,,,,,,,,,,,,,,,,,,,,,,,,,,,,,,,,,,,,,,,,,,,
2026-03-03 08:00:00+00:00,e1108,Level 11,50.0,Maintenance Soon,50.0,50.0,50.0,50.0,50.0,,,3.030000000002474,2.75634142955217,0.2736585704503036,,,,,,,,,,,,,,,,,,,,,,,,,,,,,,,,,,,,,,,,,,,,,,,,,,,,,,,,,,,,,,,,,,,,,
2026-03-03 09:00:00+00:00,e1108,Level 11,50.0,Maintenance Soon,50.0,50.0,50.0,50.0,50.0,,,3.123333333329356,2.7367025089588424,0.3866308243705134,,,,,,,,,,,,,,,,,,,,,,,,,,,,,,,,,,,,,,,,,,,,,,,,,,,,,,,,,,,,,,,,,,,,,
2026-03-03 10:00:00+00:00,e1108,Level 11,50.0,Maintenance Soon,50.0,50.0,50.0,50.0,50.0,,,3.1533333333318296,2.6802652911380087,0.4730680421938209,,,,,,,,,,,,,,,,,,,,,,,,,,,,,,,,,,,,,,,,,,,,,,,,,,,,,,,,,,,,,,,,,,,,,
2026-03-03 11:00:00+00:00,e1108,Level 11,50.0,Maintenance Soon,50.0,50.0,50.0,50.0,50.0,,,3.150000000001455,2.7176256728295507,0.4323743271719045,,,,,,,,,,,,,,,,,,,,,,,,,,,,,,,,,,,,,,,,,,,,,,,,,,,,,,,,,,,,,,,,,,,,,
2026-03-03 12:00:00+00:00,e1108,Level 11,50.0,Maintenance Soon,50.0,50.0,50.0,50.0,50.0,,,3.0966666666681704,2.799994340692744,0.2966723259754267,,,,,,,,,,,,,,,,,,,,,,,,,,,,,,,,,,,,,,,,,,,,,,,,,,,,,,,,,,,,,,,,,,,,,
2026-03-03 13:00:00+00:00,e1108,Level 11,50.0,Maintenance Soon,50.0,50.0,50.0,50.0,50.0,,,3.173333333332266,2.6671945508727126,0.5061387824595536,,,,,,,,,,,,,,,,,,,,,,,,,,,,,,,,,,,,,,,,,,,,,,,,,,,,,,,,,,,,,,,,,,,,,
2026-03-03 14:00:00+00:00,e1108,Level 11,50.0,Maintenance Soon,50.0,50.0,50.0,50.0,50.0,,,3.153548387097544,2.8247060339211507,0.3288423531763933,,,,,,,,,,,,,,,,,,,,,,,,,,,,,,,,,,,,,,,,,,,,,,,,,,,,,,,,,,,,,,,,,,,,,
2026-03-03 15:00:00+00:00,e1108,Level 11,50.0,Maintenance Soon,50.0,50.0,50.0,50.0,50.0,,,3.140934371524054,2.7277545876192257,0.4131797839048281,,,,,,,,,,,,,,,,,,,,,,,,,,,,,,,,,,,,,,,,,,,,,,,,,,,,,,,,,,,,,,,,,,,,,
2026-03-03 16:00:00+00:00,e1108,Level 11,50.0,Maintenance Soon,50.0,50.0,50.0,50.0,50.0,,,3.165517241377529,2.703574197306201,0.4619430440713281,,,,,,,,,,,,,,,,,,,,,,,,,,,,,,,,,,,,,,,,,,,,,,,,,,,,,,,,,,,,,,,,,,,,,
2026-03-03 17:00:00+00:00,e1108,Level 11,50.0,Maintenance Soon,50.0,50.0,50.0,50.0,50.0,,,3.1133333333345945,2.739781382969037,0.3735519503655573,,,,,,,,,,,,,,,,,,,,,,,,,,,,,,,,,,,,,,,,,,,,,,,,,,,,,,,,,,,,,,,,,,,,,
2026-03-03 18:00:00+00:00,e1108,Level 11,50.0,Maintenance Soon,50.0,50.0,50.0,50.0,50.0,,,3.086666666666133,2.7783174720862007,0.3083491945799324,,,,,,,,,,,,,,,,,,,,,,,,,,,,,,,,,,,,,,,,,,,,,,,,,,,,,,,,,,,,,,,,,,,,,
2026-03-03 19:00:00+00:00,e1108,Level 11,50.0,Maintenance Soon,50.0,50.0,50.0,50.0,50.0,,,3.226666666669189,2.7470051085571563,0.4796615581120327,,,,,,,,,,,,,,,,,,,,,,,,,,,,,,,,,,,,,,,,,,,,,,,,,,,,,,,,,,,,,,,,,,,,,
2026-03-03 20:00:00+00:00,e1108,Level 11,50.0,Maintenance Soon,50.0,50.0,50.0,50.0,50.0,,,3.133333333331393,2.804415204678662,0.3289181286527309,,,,,,,,,,,,,,,,,,,,,,,,,,,,,,,,,,,,,,,,,,,,,,,,,,,,,,,,,,,,,,,,,,,,,
2026-03-03 21:00:00+00:00,e1108,Level 11,50.0,Maintenance Soon,50.0,50.0,50.0,50.0,50.0,,,3.086666666666133,2.7567836257318654,0.3298830409342677,,,,,,,,,,,,,,,,,,,,,,,,,,,,,,,,,,,,,,,,,,,,,,,,,,,,,,,,,,,,,,,,,,,,,
2026-03-03 22:00:00+00:00,e1108,Level 11,50.0,Maintenance Soon,50.0,50.0,50.0,50.0,50.0,,,3.186666666668316,2.817134502923485,0.369532163744831,,,,,,,,,,,,,,,,,,,,,,,,,,,,,,,,,,,,,,,,,,,,,,,,,,,,,,,,,,,,,,,,,,,,,
2026-03-03 23:00:00+00:00,e1108,Level 11,50.0,Maintenance Soon,50.0,50.0,50.0,50.0,50.0,,,3.130000000001018,2.7998275862070536,0.330172413793965,,,,,,,,,,,,,,,,,,,,,,,,,,,,,,,,,,,,,,,,,,,,,,,,,,,,,,,,,,,,,,,,,,,,,
2026-03-04 00:00:00+00:00,e1108,Level 11,50.0,Maintenance Soon,50.0,50.0,50.0,50.0,50.0,,,3.0266666666648234,2.7669978106180984,0.259668856046725,,,,,,,,,,,,,,,,,,,,,,,,,,,,,,,,,,,,,,,,,,,,,,,,,,,,,,,,,,,,,,,,,,,,,
2026-03-04 01:00:00+00:00,e1108,Level 11,50.0,Maintenance Soon,50.0,50.0,50.0,50.0,50.0,,,3.173333333332266,2.7908061821229544,0.3825271512093118,,,,,,,,,,,,,,,,,,,,,,,,,,,,,,,,,,,,,,,,,,,,,,,,,,,,,,,,,,,,,,,,,,,,,
2026-03-04 02:00:00+00:00,e1108,Level 11,50.0,Maintenance Soon,50.0,50.0,50.0,50.0,50.0,,,3.110000000000582,2.676155756773369,0.4338442432272131,,,,,,,,,,,,,,,,,,,,,,,,,,,,,,,,,,,,,,,,,,,,,,,,,,,,,,,,,,,,,,,,,,,,,
2026-03-04 03:00:00+00:00,e1108,Level 11,50.0,Maintenance Soon,50.0,50.0,50.0,50.0,50.0,,,3.0733333333337214,2.7185370576371497,0.3547962756965717,,,,,,,,,,,,,,,,,,,,,,,,,,,,,,,,,,,,,,,,,,,,,,,,,,,,,,,,,,,,,,,,,,,,,
2026-03-04 04:00:00+00:00,e1108,Level 11,50.0,Maintenance Soon,50.0,50.0,50.0,50.0,50.0,,,3.173333333332266,2.660486064157643,0.5128472691746233,,,,,,,,,,,,,,,,,,,,,,,,,,,,,,,,,,,,,,,,,,,,,,,,,,,,,,,,,,,,,,,,,,,,,
2026-03-04 05:00:00+00:00,e1108,Level 11,50.0,Maintenance Soon,50.0,50.0,50.0,50.0,50.0,,,3.07333333333736,2.7303432601099,0.3429900732274595,,,,,,,,,,,,,,,,,,,,,,,,,,,,,,,,,,,,,,,,,,,,,,,,,,,,,,,,,,,,,,,,,,,,,
2026-03-04 06:00:00+00:00,e1108,Level 11,50.0,Maintenance Soon,50.0,50.0,50.0,50.0,50.0,,,3.163333333330229,2.68004072681894,0.4832926065112892,,,,,,,,,,,,,,,,,,,,,,,,,,,,,,,,,,,,,,,,,,,,,,,,,,,,,,,,,,,,,,,,,,,,,
2026-03-04 07:00:00+00:00,e1108,Level 11,50.0,Maintenance Soon,50.0,50.0,50.0,50.0,50.0,,,3.0366666666668607,2.584252028396198,0.4524146382706626,,,,,,,,,,,,,,,,,,,,,,,,,,,,,,,,,,,,,,,,,,,,,,,,,,,,,,,,,,,,,,,,,,,,,
2026-03-04 08:00:00+00:00,e1108,Level 11,50.0,Maintenance Soon,50.0,50.0,50.0,50.0,50.0,,,3.090000000000145,2.5903313049372323,0.4996686950629132,,,,,,,,,,,,,,,,,,,,,,,,,,,,,,,,,,,,,,,,,,,,,,,,,,,,,,,,,,,,,,,,,,,,,
2026-03-04 09:00:00+00:00,e1108,Level 11,50.0,Maintenance Soon,50.0,50.0,50.0,50.0,50.0,,,3.136666666665405,7.821839904419903,-4.685173237754498,,,,,,,,,,,,,,,,,,,,,,,,,,,,,,,,,,,,,,,,,,,,,,,,,,,,,,,,,,,,,,,,,,,,,
2026-03-04 10:00:00+00:00,e1108,Level 11,50.0,Maintenance Soon,50.0,50.0,50.0,50.0,50.0,,,3.136666666665405,9.11649342891178,-5.979826762246375,,,,,,,,,,,,,,,,,,,,,,,,,,,,,,,,,,,,,,,,,,,,,,,,,,,,,,,,,,,,,,,,,,,,,
2026-03-04 11:00:00+00:00,e1108,Level 11,50.0,Maintenance Soon,50.0,50.0,50.0,50.0,50.0,,,3.123333333336632,2.6979885057480715,0.4253448275885603,,,,,,,,,,,,,,,,,,,,,,,,,,,,,,,,,,,,,,,,,,,,,,,,,,,,,,,,,,,,,,,,,,,,,
2026-03-04 12:00:00+00:00,e1108,Level 11,50.0,Maintenance Soon,50.0,50.0,50.0,50.0,50.0,,,3.150000000001455,2.6796638240011816,0.4703361760002735,,,,,,,,,,,,,,,,,,,,,,,,,,,,,,,,,,,,,,,,,,,,,,,,,,,,,,,,,,,,,,,,,,,,,
2026-03-04 13:00:00+00:00,e1108,Level 11,50.0,Maintenance Soon,50.0,50.0,50.0,50.0,50.0,,,3.0966666666645324,2.752844746274301,0.3438219203902313,,,,,,,,,,,,,,,,,,,,,,,,,,,,,,,,,,,,,,,,,,,,,,,,,,,,,,,,,,,,,,,,,,,,,
2026-03-04 14:00:00+00:00,e1108,Level 11,50.0,Maintenance Soon,50.0,50.0,50.0,50.0,50.0,,,3.220000000001164,2.749019053010367,0.4709809469907973,,,,,,,,,,,,,,,,,,,,,,,,,,,,,,,,,,,,,,,,,,,,,,,,,,,,,,,,,,,,,,,,,,,,,
2026-03-04 15:00:00+00:00,e1108,Level 11,50.0,Maintenance Soon,50.0,50.0,50.0,50.0,50.0,,,3.133333333331393,2.7396097027885844,0.3937236305428087,,,,,,,,,,,,,,,,,,,,,,,,,,,,,,,,,,,,,,,,,,,,,,,,,,,,,,,,,,,,,,,,,,,,,
2026-03-04 16:00:00+00:00,e1108,Level 11,50.0,Maintenance Soon,50.0,50.0,50.0,50.0,50.0,,,3.20333333333474,2.750318612620807,0.453014720713933,,,,,,,,,,,,,,,,,,,,,,,,,,,,,,,,,,,,,,,,,,,,,,,,,,,,,,,,,,,,,,,,,,,,,
2026-03-04 17:00:00+00:00,e1108,Level 11,50.0,Maintenance Soon,50.0,50.0,50.0,50.0,50.0,,,3.0666666666656965,2.755497076027192,0.3111695906385043,,,,,,,,,,,,,,,,,,,,,,,,,,,,,,,,,,,,,,,,,,,,,,,,,,,,,,,,,,,,,,,,,,,,,
2026-03-04 18:00:00+00:00,e1108,Level 11,50.0,Maintenance Soon,50.0,50.0,50.0,50.0,50.0,,,3.1599999999998545,2.752280701753383,0.4077192982464717,,,,,,,,,,,,,,,,,,,,,,,,,,,,,,,,,,,,,,,,,,,,,,,,,,,,,,,,,,,,,,,,,,,,,
2026-03-04 19:00:00+00:00,e1108,Level 11,50.0,Maintenance Soon,50.0,50.0,50.0,50.0,50.0,,,3.156666666665842,2.828888888887984,0.3277777777778587,,,,,,,,,,,,,,,,,,,,,,,,,,,,,,,,,,,,,,,,,,,,,,,,,,,,,,,,,,,,,,,,,,,,,
2026-03-04 20:00:00+00:00,e1108,Level 11,50.0,Maintenance Soon,50.0,50.0,50.0,50.0,50.0,,,3.1133333333345945,2.807619047619179,0.3057142857154153,,,,,,,,,,,,,,,,,,,,,,,,,,,,,,,,,,,,,,,,,,,,,,,,,,,,,,,,,,,,,,,,,,,,,
2026-03-04 21:00:00+00:00,e1108,Level 11,50.0,Maintenance Soon,50.0,50.0,50.0,50.0,50.0,,,3.1766666666662786,2.8092063492064576,0.367460317459821,,,,,,,,,,,,,,,,,,,,,,,,,,,,,,,,,,,,,,,,,,,,,,,,,,,,,,,,,,,,,,,,,,,,,
2026-03-04 22:00:00+00:00,e1108,Level 11,50.0,Maintenance Soon,50.0,50.0,50.0,50.0,50.0,,,3.043333333334885,2.8468253968252006,0.1965079365096849,,,,,,,,,,,,,,,,,,,,,,,,,,,,,,,,,,,,,,,,,,,,,,,,,,,,,,,,,,,,,,,,,,,,,
2026-03-04 23:00:00+00:00,e1108,Level 11,50.0,Maintenance Soon,50.0,50.0,50.0,50.0,50.0,,,3.1999999999970896,2.8282539682537995,0.3717460317432901,,,,,,,,,,,,,,,,,,,,,,,,,,,,,,,,,,,,,,,,,,,,,,,,,,,,,,,,,,,,,,,,,,,,,
2026-03-05 00:00:00+00:00,e1108,Level 11,50.0,Maintenance Soon,50.0,50.0,50.0,50.0,50.0,,,3.0666666666693345,2.685022813442629,0.3816438532267057,,,,,,,,,,,,,,,,,,,,,,,,,,,,,,,,,,,,,,,,,,,,,,,,,,,,,,,,,,,,,,,,,,,,,
2026-03-05 01:00:00+00:00,e1108,Level 11,50.0,Maintenance Soon,50.0,50.0,50.0,50.0,50.0,,,3.1533333333318296,2.7925495488355714,0.3607837844962582,,,,,,,,,,,,,,,,,,,,,,,,,,,,,,,,,,,,,,,,,,,,,,,,,,,,,,,,,,,,,,,,,,,,,
2026-03-05 02:00:00+00:00,e1108,Level 11,50.0,Maintenance Soon,50.0,50.0,50.0,50.0,50.0,,,3.0100000000020373,2.6673360378626967,0.3426639621393406,,,,,,,,,,,,,,,,,,,,,,,,,,,,,,,,,,,,,,,,,,,,,,,,,,,,,,,,,,,,,,,,,,,,,
2026-03-05 03:00:00+00:00,e1108,Level 11,50.0,Maintenance Soon,50.0,50.0,50.0,50.0,50.0,,,3.136666666665405,2.497754739189986,0.6389119274754194,,,,,,,,,,,,,,,,,,,,,,,,,,,,,,,,,,,,,,,,,,,,,,,,,,,,,,,,,,,,,,,,,,,,,
2026-03-05 04:00:00+00:00,e1108,Level 11,50.0,Maintenance Soon,50.0,50.0,50.0,50.0,50.0,,,3.1199999999989814,2.528280870456608,0.591719129542374,,,,,,,,,,,,,,,,,,,,,,,,,,,,,,,,,,,,,,,,,,,,,,,,,,,,,,,,,,,,,,,,,,,,,
2026-03-05 05:00:00+00:00,e1108,Level 11,50.0,Maintenance Soon,50.0,50.0,50.0,50.0,50.0,,,3.106666666670208,2.7513626978422203,0.3553039688279873,,,,,,,,,,,,,,,,,,,,,,,,,,,,,,,,,,,,,,,,,,,,,,,,,,,,,,,,,,,,,,,,,,,,,
2026-03-05 06:00:00+00:00,e1108,Level 11,50.0,Maintenance Soon,50.0,50.0,50.0,50.0,50.0,,,3.106666666662932,2.7244860094579053,0.3821806572050263,,,,,,,,,,,,,,,,,,,,,,,,,,,,,,,,,,,,,,,,,,,,,,,,,,,,,,,,,,,,,,,,,,,,,
2026-03-05 07:00:00+00:00,e1108,Level 11,50.0,Maintenance Soon,50.0,50.0,50.0,50.0,50.0,,,3.1533333333318296,2.6323016249504385,0.5210317083813911,,,,,,,,,,,,,,,,,,,,,,,,,,,,,,,,,,,,,,,,,,,,,,,,,,,,,,,,,,,,,,,,,,,,,
2026-03-05 08:00:00+00:00,e1108,Level 11,50.0,Maintenance Soon,50.0,50.0,50.0,50.0,50.0,,,3.0500000000029104,2.6890008960581326,0.3609991039447777,,,,,,,,,,,,,,,,,,,,,,,,,,,,,,,,,,,,,,,,,,,,,,,,,,,,,,,,,,,,,,,,,,,,,
2026-03-05 09:00:00+00:00,e1108,Level 11,50.0,Maintenance Soon,50.0,50.0,50.0,50.0,50.0,,,3.156666666665842,2.755185185183412,0.4014814814824299,,,,,,,,,,,,,,,,,,,,,,,,,,,,,,,,,,,,,,,,,,,,,,,,,,,,,,,,,,,,,,,,,,,,,
2026-03-05 10:00:00+00:00,e1108,Level 11,50.0,Maintenance Soon,50.0,50.0,50.0,50.0,50.0,,,3.063333333331684,2.772758620689274,0.2905747126424103,,,,,,,,,,,,,,,,,,,,,,,,,,,,,,,,,,,,,,,,,,,,,,,,,,,,,,,,,,,,,,,,,,,,,
2026-03-05 11:00:00+00:00,e1108,Level 11,50.0,Maintenance Soon,50.0,50.0,50.0,50.0,50.0,,,3.12000000000262,2.7800094105029225,0.3399905894996968,,,,,,,,,,,,,,,,,,,,,,,,,,,,,,,,,,,,,,,,,,,,,,,,,,,,,,,,,,,,,,,,,,,,,
2026-03-05 12:00:00+00:00,e1108,Level 11,50.0,Maintenance Soon,50.0,50.0,50.0,50.0,50.0,,,3.150000000001455,2.7472319688095013,0.4027680311919539,,,,,,,,,,,,,,,,,,,,,,,,,,,,,,,,,,,,,,,,,,,,,,,,,,,,,,,,,,,,,,,,,,,,,
2026-03-05 13:00:00+00:00,e1108,Level 11,50.0,Maintenance Soon,50.0,50.0,50.0,50.0,50.0,,,3.136666666665405,2.737625272330964,0.3990413943344415,,,,,,,,,,,,,,,,,,,,,,,,,,,,,,,,,,,,,,,,,,,,,,,,,,,,,,,,,,,,,,,,,,,,,
2026-03-05 14:00:00+00:00,e1108,Level 11,50.0,Maintenance Soon,50.0,50.0,50.0,50.0,50.0,,,3.1699999999982538,8.241865888521716,-5.071865888523462,,,,,,,,,,,,,,,,,,,,,,,,,,,,,,,,,,,,,,,,,,,,,,,,,,,,,,,,,,,,,,,,,,,,,
2026-03-05 15:00:00+00:00,e1108,Level 11,50.0,Maintenance Soon,50.0,50.0,50.0,50.0,50.0,,,3.1066666666665697,8.871918636039481,-5.765251969372912,,,,,,,,,,,,,,,,,,,,,,,,,,,,,,,,,,,,,,,,,,,,,,,,,,,,,,,,,,,,,,,,,,,,,
2026-03-05 16:00:00+00:00,e1108,Level 11,50.0,Maintenance Soon,50.0,50.0,50.0,50.0,50.0,,,3.1533333333318296,2.850831918506932,0.3025014148248979,,,,,,,,,,,,,,,,,,,,,,,,,,,,,,,,,,,,,,,,,,,,,,,,,,,,,,,,,,,,,,,,,,,,,
2026-03-05 17:00:00+00:00,e1108,Level 11,50.0,Maintenance Soon,50.0,50.0,50.0,50.0,50.0,,,3.1433333333334303,2.695730994152352,0.447602339181079,,,,,,,,,,,,,,,,,,,,,,,,,,,,,,,,,,,,,,,,,,,,,,,,,,,,,,,,,,,,,,,,,,,,,
2026-03-05 18:00:00+00:00,e1108,Level 11,50.0,Maintenance Soon,50.0,50.0,50.0,50.0,50.0,,,3.1199999999989814,2.803508771929046,0.3164912280699354,,,,,,,,,,,,,,,,,,,,,,,,,,,,,,,,,,,,,,,,,,,,,,,,,,,,,,,,,,,,,,,,,,,,,
2026-03-05 19:00:00+00:00,e1108,Level 11,50.0,Maintenance Soon,50.0,50.0,50.0,50.0,50.0,,,3.123333333336632,2.757816091954737,0.3655172413818945,,,,,,,,,,,,,,,,,,,,,,,,,,,,,,,,,,,,,,,,,,,,,,,,,,,,,,,,,,,,,,,,,,,,,
2026-03-05 20:00:00+00:00,e1108,Level 11,50.0,Maintenance Soon,50.0,50.0,50.0,50.0,50.0,,,3.1466666666674428,2.768187492273379,0.3784791743940636,,,,,,,,,,,,,,,,,,,,,,,,,,,,,,,,,,,,,,,,,,,,,,,,,,,,,,,,,,,,,,,,,,,,,
2026-03-05 21:00:00+00:00,e1108,Level 11,50.0,Maintenance Soon,50.0,50.0,50.0,50.0,50.0,,,3.196666666663077,2.8162186379934915,0.3804480286695857,,,,,,,,,,,,,,,,,,,,,,,,,,,,,,,,,,,,,,,,,,,,,,,,,,,,,,,,,,,,,,,,,,,,,
2026-03-05 22:00:00+00:00,e1108,Level 11,50.0,Maintenance Soon,50.0,50.0,50.0,50.0,50.0,,,3.07333333333736,2.7780952380974973,0.2952380952398621,,,,,,,,,,,,,,,,,,,,,,,,,,,,,,,,,,,,,,,,,,,,,,,,,,,,,,,,,,,,,,,,,,,,,
2026-03-05 23:00:00+00:00,e1108,Level 11,50.0,Maintenance Soon,50.0,50.0,50.0,50.0,50.0,,,3.156666666665842,2.856031746031173,0.300634920634669,,,,,,,,,,,,,,,,,,,,,,,,,,,,,,,,,,,,,,,,,,,,,,,,,,,,,,,,,,,,,,,,,,,,,
2026-03-06 00:00:00+00:00,e1108,Level 11,50.0,Maintenance Soon,50.0,50.0,50.0,50.0,50.0,,,3.090000000000145,2.806984126983783,0.2830158730163625,,,,,,,,,,,,,,,,,,,,,,,,,,,,,,,,,,,,,,,,,,,,,,,,,,,,,,,,,,,,,,,,,,,,,
2026-03-06 01:00:00+00:00,e1108,Level 11,50.0,Maintenance Soon,50.0,50.0,50.0,50.0,50.0,,,3.09333333333052,2.7220817369088763,0.3712515964216436,,,,,,,,,,,,,,,,,,,,,,,,,,,,,,,,,,,,,,,,,,,,,,,,,,,,,,,,,,,,,,,,,,,,,
2026-03-06 02:00:00+00:00,e1108,Level 11,50.0,Maintenance Soon,50.0,50.0,50.0,50.0,50.0,,,3.0966666666681704,2.6852061961847844,0.4114604704833859,,,,,,,,,,,,,,,,,,,,,,,,,,,,,,,,,,,,,,,,,,,,,,,,,,,,,,,,,,,,,,,,,,,,,
2026-03-06 03:00:00+00:00,e1108,Level 11,50.0,Maintenance Soon,50.0,50.0,50.0,50.0,50.0,,,3.090000000000145,2.727679387167882,0.3623206128322636,,,,,,,,,,,,,,,,,,,,,,,,,,,,,,,,,,,,,,,,,,,,,,,,,,,,,,,,,,,,,,,,,,,,,
2026-03-06 04:00:00+00:00,e1108,Level 11,50.0,Maintenance Soon,50.0,50.0,50.0,50.0,50.0,,,3.116666666664969,2.666884531589554,0.4497821350754143,,,,,,,,,,,,,,,,,,,,,,,,,,,,,,,,,,,,,,,,,,,,,,,,,,,,,,,,,,,,,,,,,,,,,
2026-03-06 05:00:00+00:00,e1108,Level 11,50.0,Maintenance Soon,50.0,50.0,50.0,50.0,50.0,,,3.126666666670644,2.717065048242754,0.4096016184278901,,,,,,,,,,,,,,,,,,,,,,,,,,,,,,,,,,,,,,,,,,,,,,,,,,,,,,,,,,,,,,,,,,,,,
2026-03-06 06:00:00+00:00,e1108,Level 11,50.0,Maintenance Soon,50.0,50.0,50.0,50.0,50.0,,,3.106666666662932,2.675527544351401,0.4311391223115302,,,,,,,,,,,,,,,,,,,,,,,,,,,,,,,,,,,,,,,,,,,,,,,,,,,,,,,,,,,,,,,,,,,,,
2026-03-06 07:00:00+00:00,e1108,Level 11,50.0,Maintenance Soon,50.0,50.0,50.0,50.0,50.0,,,3.093333333334158,2.715536398465096,0.3777969348690626,,,,,,,,,,,,,,,,,,,,,,,,,,,,,,,,,,,,,,,,,,,,,,,,,,,,,,,,,,,,,,,,,,,,,
2026-03-06 08:00:00+00:00,e1108,Level 11,50.0,Maintenance Soon,50.0,50.0,50.0,50.0,50.0,,,3.1199999999989814,2.2708128078823697,0.8491871921166116,,,,,,,,,,,,,,,,,,,,,,,,,,,,,,,,,,,,,,,,,,,,,,,,,,,,,,,,,,,,,,,,,,,,,
2026-03-06 09:00:00+00:00,e1108,Level 11,50.0,Maintenance Soon,50.0,50.0,50.0,50.0,50.0,,,3.1600000000034925,3.1261000170694992,0.0338999829339932,,,,,,,,,,,,,,,,,,,,,,,,,,,,,,,,,,,,,,,,,,,,,,,,,,,,,,,,,,,,,,,,,,,,,
2026-03-06 10:00:00+00:00,e1108,Level 11,50.0,Maintenance Soon,50.0,50.0,50.0,50.0,50.0,,,3.0499999999992724,2.6996341099147685,0.3503658900845039,,,,,,,,,,,,,,,,,,,,,,,,,,,,,,,,,,,,,,,,,,,,,,,,,,,,,,,,,,,,,,,,,,,,,
2026-03-06 11:00:00+00:00,e1108,Level 11,50.0,Maintenance Soon,50.0,50.0,50.0,50.0,50.0,,,3.126666666663368,2.681250000001455,0.445416666661913,,,,,,,,,,,,,,,,,,,,,,,,,,,,,,,,,,,,,,,,,,,,,,,,,,,,,,,,,,,,,,,,,,,,,
2026-03-06 12:00:00+00:00,e1108,Level 11,50.0,Maintenance Soon,50.0,50.0,50.0,50.0,50.0,,,3.106666666670208,2.7437037037028253,0.3629629629673823,,,,,,,,,,,,,,,,,,,,,,,,,,,,,,,,,,,,,,,,,,,,,,,,,,,,,,,,,,,,,,,,,,,,,
2026-03-06 13:00:00+00:00,e1108,Level 11,50.0,Maintenance Soon,50.0,50.0,50.0,50.0,50.0,,,3.1466666666674428,2.6951851851857405,0.4514814814817023,,,,,,,,,,,,,,,,,,,,,,,,,,,,,,,,,,,,,,,,,,,,,,,,,,,,,,,,,,,,,,,,,,,,,
2026-03-06 14:00:00+00:00,e1108,Level 11,50.0,Maintenance Soon,50.0,50.0,50.0,50.0,50.0,,,3.216666666667152,2.7718518518510487,0.4448148148161031,,,,,,,,,,,,,,,,,,,,,,,,,,,,,,,,,,,,,,,,,,,,,,,,,,,,,,,,,,,,,,,,,,,,,
2026-03-06 15:00:00+00:00,e1108,Level 11,50.0,Maintenance Soon,50.0,50.0,50.0,50.0,50.0,,,3.186666666664678,2.7066448801754937,0.4800217864891842,,,,,,,,,,,,,,,,,,,,,,,,,,,,,,,,,,,,,,,,,,,,,,,,,,,,,,,,,,,,,,,,,,,,,
2026-03-06 16:00:00+00:00,e1108,Level 11,50.0,Maintenance Soon,50.0,50.0,50.0,50.0,50.0,,,3.116666666668607,2.7061231510124344,0.4105435156561725,,,,,,,,,,,,,,,,,,,,,,,,,,,,,,,,,,,,,,,,,,,,,,,,,,,,,,,,,,,,,,,,,,,,,
2026-03-06 17:00:00+00:00,e1108,Level 11,50.0,Maintenance Soon,50.0,50.0,50.0,50.0,50.0,,,3.1899999999986903,2.7559356725153825,0.4340643274833078,,,,,,,,,,,,,,,,,,,,,,,,,,,,,,,,,,,,,,,,,,,,,,,,,,,,,,,,,,,,,,,,,,,,,
2026-03-06 18:00:00+00:00,e1108,Level 11,50.0,Maintenance Soon,50.0,50.0,50.0,50.0,50.0,,,3.123333333332994,2.741862745098236,0.3814705882347575,,,,,,,,,,,,,,,,,,,,,,,,,,,,,,,,,,,,,,,,,,,,,,,,,,,,,,,,,,,,,,,,,,,,,
2026-03-06 19:00:00+00:00,e1108,Level 11,50.0,Maintenance Soon,50.0,50.0,50.0,50.0,50.0,,,3.116666666668607,8.372396514162878,-5.255729847494271,,,,,,,,,,,,,,,,,,,,,,,,,,,,,,,,,,,,,,,,,,,,,,,,,,,,,,,,,,,,,,,,,,,,,
2026-03-06 20:00:00+00:00,e1108,Level 11,50.0,Maintenance Soon,50.0,50.0,50.0,50.0,50.0,,,3.2399999999979627,8.459805068224037,-5.219805068226075,,,,,,,,,,,,,,,,,,,,,,,,,,,,,,,,,,,,,,,,,,,,,,,,,,,,,,,,,,,,,,,,,,,,,
2026-03-06 21:00:00+00:00,e1108,Level 11,50.0,Maintenance Soon,50.0,50.0,50.0,50.0,50.0,,,3.126666666667006,2.757368421051069,0.369298245615937,,,,,,,,,,,,,,,,,,,,,,,,,,,,,,,,,,,,,,,,,,,,,,,,,,,,,,,,,,,,,,,,,,,,,
2026-03-06 22:00:00+00:00,e1108,Level 11,50.0,Maintenance Soon,50.0,50.0,50.0,50.0,50.0,,,3.1199999999989814,2.73912280702037,0.3808771929786112,,,,,,,,,,,,,,,,,,,,,,,,,,,,,,,,,,,,,,,,,,,,,,,,,,,,,,,,,,,,,,,,,,,,,
2026-03-06 23:00:00+00:00,e1108,Level 11,50.0,Maintenance Soon,50.0,50.0,50.0,50.0,50.0,,,3.1466666666674428,2.798333333332266,0.3483333333351766,,,,,,,,,,,,,,,,,,,,,,,,,,,,,,,,,,,,,,,,,,,,,,,,,,,,,,,,,,,,,,,,,,,,,
2026-03-07 00:00:00+00:00,e1108,Level 11,50.0,Maintenance Soon,50.0,50.0,50.0,50.0,50.0,,,3.1199999999989814,2.717244404113444,0.4027555958855373,,,,,,,,,,,,,,,,,,,,,,,,,,,,,,,,,,,,,,,,,,,,,,,,,,,,,,,,,,,,,,,,,,,,,
2026-03-07 01:00:00+00:00,e1108,Level 11,50.0,Maintenance Soon,50.0,50.0,50.0,50.0,50.0,,,3.173333333332266,2.747014855145001,0.4263184781872646,,,,,,,,,,,,,,,,,,,,,,,,,,,,,,,,,,,,,,,,,,,,,,,,,,,,,,,,,,,,,,,,,,,,,
2026-03-07 02:00:00+00:00,e1108,Level 11,50.0,Maintenance Soon,50.0,50.0,50.0,50.0,50.0,,,3.0800000000017462,2.698888888890602,0.3811111111111436,,,,,,,,,,,,,,,,,,,,,,,,,,,,,,,,,,,,,,,,,,,,,,,,,,,,,,,,,,,,,,,,,,,,,
2026-03-07 03:00:00+00:00,e1108,Level 11,50.0,Maintenance Soon,50.0,50.0,50.0,50.0,50.0,,,3.1199999999989814,2.705185185185352,0.4148148148136292,,,,,,,,,,,,,,,,,,,,,,,,,,,,,,,,,,,,,,,,,,,,,,,,,,,,,,,,,,,,,,,,,,,,,
2026-03-07 04:00:00+00:00,e1108,Level 11,50.0,Maintenance Soon,50.0,50.0,50.0,50.0,50.0,,,3.1199999999989814,2.6992156862725096,0.4207843137264717,,,,,,,,,,,,,,,,,,,,,,,,,,,,,,,,,,,,,,,,,,,,,,,,,,,,,,,,,,,,,,,,,,,,,
2026-03-07 05:00:00+00:00,e1108,Level 11,50.0,Maintenance Soon,50.0,50.0,50.0,50.0,50.0,,,3.130000000001018,2.673166553979778,0.4568334460212404,,,,,,,,,,,,,,,,,,,,,,,,,,,,,,,,,,,,,,,,,,,,,,,,,,,,,,,,,,,,,,,,,,,,,
2026-03-07 06:00:00+00:00,e1108,Level 11,50.0,Maintenance Soon,50.0,50.0,50.0,50.0,50.0,,,3.053333333333285,2.670892613548252,0.3824407197850328,,,,,,,,,,,,,,,,,,,,,,,,,,,,,,,,,,,,,,,,,,,,,,,,,,,,,,,,,,,,,,,,,,,,,
2026-03-07 07:00:00+00:00,e1108,Level 11,50.0,Maintenance Soon,50.0,50.0,50.0,50.0,50.0,,,3.163333333333867,2.728947368422572,0.4343859649112951,,,,,,,,,,,,,,,,,,,,,,,,,,,,,,,,,,,,,,,,,,,,,,,,,,,,,,,,,,,,,,,,,,,,,
2026-03-07 08:00:00+00:00,e1108,Level 11,50.0,Maintenance Soon,50.0,50.0,50.0,50.0,50.0,,,3.106666666670208,2.70111111110964,0.4055555555605679,,,,,,,,,,,,,,,,,,,,,,,,,,,,,,,,,,,,,,,,,,,,,,,,,,,,,,,,,,,,,,,,,,,,,
2026-03-07 09:00:00+00:00,e1108,Level 11,50.0,Maintenance Soon,50.0,50.0,50.0,50.0,50.0,,,3.126666666663368,2.726666666669189,0.3999999999941792,,,,,,,,,,,,,,,,,,,,,,,,,,,,,,,,,,,,,,,,,,,,,,,,,,,,,,,,,,,,,,,,,,,,,
2026-03-07 10:00:00+00:00,e1108,Level 11,50.0,Maintenance Soon,50.0,50.0,50.0,50.0,50.0,,,3.086666666666133,2.670197620485851,0.416469046180282,,,,,,,,,,,,,,,,,,,,,,,,,,,,,,,,,,,,,,,,,,,,,,,,,,,,,,,,,,,,,,,,,,,,,
2026-03-07 11:00:00+00:00,e1108,Level 11,50.0,Maintenance Soon,50.0,50.0,50.0,50.0,50.0,,,3.1666666666642413,2.740328695298861,0.4263379713653799,,,,,,,,,,,,,,,,,,,,,,,,,,,,,,,,,,,,,,,,,,,,,,,,,,,,,,,,,,,,,,,,,,,,,
2026-03-07 12:00:00+00:00,e1108,Level 11,50.0,Maintenance Soon,50.0,50.0,50.0,50.0,50.0,,,3.216666666667152,2.7607017543875068,0.455964912279645,,,,,,,,,,,,,,,,,,,,,,,,,,,,,,,,,,,,,,,,,,,,,,,,,,,,,,,,,,,,,,,,,,,,,
2026-03-07 13:00:00+00:00,e1108,Level 11,50.0,Maintenance Soon,50.0,50.0,50.0,50.0,50.0,,,3.1433333333370683,2.7600584795339578,0.3832748538031105,,,,,,,,,,,,,,,,,,,,,,,,,,,,,,,,,,,,,,,,,,,,,,,,,,,,,,,,,,,,,,,,,,,,,
2026-03-07 14:00:00+00:00,e1108,Level 11,50.0,Maintenance Soon,50.0,50.0,50.0,50.0,50.0,,,3.180000000000291,2.7779532163743474,0.4020467836259436,,,,,,,,,,,,,,,,,,,,,,,,,,,,,,,,,,,,,,,,,,,,,,,,,,,,,,,,,,,,,,,,,,,,,
2026-03-07 15:00:00+00:00,e1108,Level 11,50.0,Maintenance Soon,50.0,50.0,50.0,50.0,50.0,,,3.1133333333345945,2.794912280701586,0.3184210526330084,,,,,,,,,,,,,,,,,,,,,,,,,,,,,,,,,,,,,,,,,,,,,,,,,,,,,,,,,,,,,,,,,,,,,
2026-03-07 16:00:00+00:00,e1108,Level 11,50.0,Maintenance Soon,50.0,50.0,50.0,50.0,50.0,,,3.116666666664969,2.752397660817224,0.3642690058477456,,,,,,,,,,,,,,,,,,,,,,,,,,,,,,,,,,,,,,,,,,,,,,,,,,,,,,,,,,,,,,,,,,,,,
2026-03-07 17:00:00+00:00,e1108,Level 11,50.0,Maintenance Soon,50.0,50.0,50.0,50.0,50.0,,,3.086666666666133,2.801228070175663,0.28543859649047,,,,,,,,,,,,,,,,,,,,,,,,,,,,,,,,,,,,,,,,,,,,,,,,,,,,,,,,,,,,,,,,,,,,,
2026-03-07 18:00:00+00:00,e1108,Level 11,50.0,Maintenance Soon,50.0,50.0,50.0,50.0,50.0,,,3.1699999999982538,2.710935672515916,0.4590643274823378,,,,,,,,,,,,,,,,,,,,,,,,,,,,,,,,,,,,,,,,,,,,,,,,,,,,,,,,,,,,,,,,,,,,,
2026-03-07 19:00:00+00:00,e1108,Level 11,50.0,Maintenance Soon,50.0,50.0,50.0,50.0,50.0,,,3.126666666670644,2.779619883042566,0.3470467836280781,,,,,,,,,,,,,,,,,,,,,,,,,,,,,,,,,,,,,,,,,,,,,,,,,,,,,,,,,,,,,,,,,,,,,
2026-03-07 20:00:00+00:00,e1108,Level 11,50.0,Maintenance Soon,50.0,50.0,50.0,50.0,50.0,,,3.1933333333290648,2.8365873015864054,0.3567460317426594,,,,,,,,,,,,,,,,,,,,,,,,,,,,,,,,,,,,,,,,,,,,,,,,,,,,,,,,,,,,,,,,,,,,,
2026-03-07 21:00:00+00:00,e1108,Level 11,50.0,Maintenance Soon,50.0,50.0,50.0,50.0,50.0,,,3.1533333333318296,2.815079365078418,0.3382539682534116,,,,,,,,,,,,,,,,,,,,,,,,,,,,,,,,,,,,,,,,,,,,,,,,,,,,,,,,,,,,,,,,,,,,,
2026-03-07 22:00:00+00:00,e1108,Level 11,50.0,Maintenance Soon,50.0,50.0,50.0,50.0,50.0,,,3.233333333333576,2.821818181818041,0.4115151515155353,,,,,,,,,,,,,,,,,,,,,,,,,,,,,,,,,,,,,,,,,,,,,,,,,,,,,,,,,,,,,,,,,,,,,
2026-03-07 23:00:00+00:00,e1108,Level 11,50.0,Maintenance Soon,50.0,50.0,50.0,50.0,50.0,,,3.0600000000013097,2.844317083881227,0.2156829161200826,,,,,,,,,,,,,,,,,,,,,,,,,,,,,,,,,,,,,,,,,,,,,,,,,,,,,,,,,,,,,,,,,,,,,
2026-03-08 00:00:00+00:00,e1108,Level 11,50.0,Maintenance Soon,50.0,50.0,50.0,50.0,50.0,,,3.170000000001892,2.8944996549338007,0.275500345068091,,,,,,,,,,,,,,,,,,,,,,,,,,,,,,,,,,,,,,,,,,,,,,,,,,,,,,,,,,,,,,,,,,,,,
2026-03-08 01:00:00+00:00,e1108,Level 11,50.0,Maintenance Soon,50.0,50.0,50.0,50.0,50.0,,,3.1466666666674428,3.414628237261544,-0.267961570594101,,,,,,,,,,,,,,,,,,,,,,,,,,,,,,,,,,,,,,,,,,,,,,,,,,,,,,,,,,,,,,,,,,,,,
2026-03-08 02:00:00+00:00,e1108,Level 11,50.0,Maintenance Soon,50.0,50.0,50.0,50.0,50.0,,,3.103333333332557,13.623893930227496,-10.520560596894938,,,,,,,,,,,,,,,,,,,,,,,,,,,,,,,,,,,,,,,,,,,,,,,,,,,,,,,,,,,,,,,,,,,,,
2026-03-08 03:00:00+00:00,e1108,Level 11,50.0,Maintenance Soon,50.0,50.0,50.0,50.0,50.0,,,3.0666666666656965,2.720667473280628,0.3459991933850688,,,,,,,,,,,,,,,,,,,,,,,,,,,,,,,,,,,,,,,,,,,,,,,,,,,,,,,,,,,,,,,,,,,,,
2026-03-08 04:00:00+00:00,e1108,Level 11,50.0,Maintenance Soon,50.0,50.0,50.0,50.0,50.0,,,3.21333333333314,2.7525730994166224,0.4607602339165169,,,,,,,,,,,,,,,,,,,,,,,,,,,,,,,,,,,,,,,,,,,,,,,,,,,,,,,,,,,,,,,,,,,,,
2026-03-08 05:00:00+00:00,e1108,Level 11,50.0,Maintenance Soon,50.0,50.0,50.0,50.0,50.0,,,3.1433333333370683,2.7268421052601,0.416491228076969,,,,,,,,,,,,,,,,,,,,,,,,,,,,,,,,,,,,,,,,,,,,,,,,,,,,,,,,,,,,,,,,,,,,,
2026-03-08 06:00:00+00:00,e1108,Level 11,50.0,Maintenance Soon,50.0,50.0,50.0,50.0,50.0,,,3.0733333333300834,2.729278752438404,0.3440545808916795,,,,,,,,,,,,,,,,,,,,,,,,,,,,,,,,,,,,,,,,,,,,,,,,,,,,,,,,,,,,,,,,,,,,,
2026-03-08 07:00:00+00:00,e1108,Level 11,50.0,Maintenance Soon,50.0,50.0,50.0,50.0,50.0,,,3.1199999999989814,2.7628265107208185,0.3571734892781628,,,,,,,,,,,,,,,,,,,,,,,,,,,,,,,,,,,,,,,,,,,,,,,,,,,,,,,,,,,,,,,,,,,,,
2026-03-08 08:00:00+00:00,e1108,Level 11,50.0,Maintenance Soon,50.0,50.0,50.0,50.0,50.0,,,3.100000000002183,2.735029239767755,0.3649707602344278,,,,,,,,,,,,,,,,,,,,,,,,,,,,,,,,,,,,,,,,,,,,,,,,,,,,,,,,,,,,,,,,,,,,,
2026-03-08 09:00:00+00:00,e1108,Level 11,50.0,Maintenance Soon,50.0,50.0,50.0,50.0,50.0,,,3.1133333333309565,2.704877999596647,0.4084553337343095,,,,,,,,,,,,,,,,,,,,,,,,,,,,,,,,,,,,,,,,,,,,,,,,,,,,,,,,,,,,,,,,,,,,,
2026-03-08 10:00:00+00:00,e1108,Level 11,50.0,Maintenance Soon,50.0,50.0,50.0,50.0,50.0,,,3.126666666670644,2.6854143980635854,0.4412522686070588,,,,,,,,,,,,,,,,,,,,,,,,,,,,,,,,,,,,,,,,,,,,,,,,,,,,,,,,,,,,,,,,,,,,,
2026-03-08 11:00:00+00:00,e1108,Level 11,50.0,Maintenance Soon,50.0,50.0,50.0,50.0,50.0,,,3.123333333329356,2.762807017542704,0.3605263157866525,,,,,,,,,,,,,,,,,,,,,,,,,,,,,,,,,,,,,,,,,,,,,,,,,,,,,,,,,,,,,,,,,,,,,
2026-03-08 12:00:00+00:00,e1108,Level 11,50.0,Maintenance Soon,50.0,50.0,50.0,50.0,50.0,,,3.16666666666788,2.782573099414245,0.3840935672536338,,,,,,,,,,,,,,,,,,,,,,,,,,,,,,,,,,,,,,,,,,,,,,,,,,,,,,,,,,,,,,,,,,,,,
2026-03-08 13:00:00+00:00,e1108,Level 11,50.0,Maintenance Soon,50.0,50.0,50.0,50.0,50.0,,,3.16666666666788,2.758479532164832,0.4081871345030472,,,,,,,,,,,,,,,,,,,,,,,,,,,,,,,,,,,,,,,,,,,,,,,,,,,,,,,,,,,,,,,,,,,,,
2026-03-08 14:00:00+00:00,e1108,Level 11,50.0,Maintenance Soon,50.0,50.0,50.0,50.0,50.0,,,3.1933333333327028,2.7505847953228417,0.442748538009861,,,,,,,,,,,,,,,,,,,,,,,,,,,,,,,,,,,,,,,,,,,,,,,,,,,,,,,,,,,,,,,,,,,,,
2026-03-08 15:00:00+00:00,e1108,Level 11,50.0,Maintenance Soon,50.0,50.0,50.0,50.0,50.0,,,3.170000000001892,2.7559215242411788,0.414078475760713,,,,,,,,,,,,,,,,,,,,,,,,,,,,,,,,,,,,,,,,,,,,,,,,,,,,,,,,,,,,,,,,,,,,,
2026-03-08 16:00:00+00:00,e1108,Level 11,50.0,Maintenance Soon,50.0,50.0,50.0,50.0,50.0,,,3.1599999999962165,2.759078475759452,0.4009215242367645,,,,,,,,,,,,,,,,,,,,,,,,,,,,,,,,,,,,,,,,,,,,,,,,,,,,,,,,,,,,,,,,,,,,,
2026-03-08 17:00:00+00:00,e1108,Level 11,50.0,Maintenance Soon,50.0,50.0,50.0,50.0,50.0,,,3.130000000001018,2.7694444444423425,0.3605555555586761,,,,,,,,,,,,,,,,,,,,,,,,,,,,,,,,,,,,,,,,,,,,,,,,,,,,,,,,,,,,,,,,,,,,,
2026-03-08 18:00:00+00:00,e1108,Level 11,50.0,Maintenance Soon,50.0,50.0,50.0,50.0,50.0,,,3.126666666667006,2.809415204678468,0.3172514619885382,,,,,,,,,,,,,,,,,,,,,,,,,,,,,,,,,,,,,,,,,,,,,,,,,,,,,,,,,,,,,,,,,,,,,
2026-03-08 19:00:00+00:00,e1108,Level 11,50.0,Maintenance Soon,50.0,50.0,50.0,50.0,50.0,,,3.173333333332266,2.797251461989314,0.3760818713429521,,,,,,,,,,,,,,,,,,,,,,,,,,,,,,,,,,,,,,,,,,,,,,,,,,,,,,,,,,,,,,,,,,,,,
2026-03-08 20:00:00+00:00,e1108,Level 11,50.0,Maintenance Soon,50.0,50.0,50.0,50.0,50.0,,,3.200000000000728,2.831818181818865,0.3681818181818621,,,,,,,,,,,,,,,,,,,,,,,,,,,,,,,,,,,,,,,,,,,,,,,,,,,,,,,,,,,,,,,,,,,,,
2026-03-08 21:00:00+00:00,e1108,Level 11,50.0,Maintenance Soon,50.0,50.0,50.0,50.0,50.0,,,3.150000000001455,2.842626262622313,0.3073737373791423,,,,,,,,,,,,,,,,,,,,,,,,,,,,,,,,,,,,,,,,,,,,,,,,,,,,,,,,,,,,,,,,,,,,,
2026-03-08 22:00:00+00:00,e1108,Level 11,50.0,Maintenance Soon,50.0,50.0,50.0,50.0,50.0,,,3.1466666666674428,2.833538836643129,0.3131278300243139,,,,,,,,,,,,,,,,,,,,,,,,,,,,,,,,,,,,,,,,,,,,,,,,,,,,,,,,,,,,,,,,,,,,,
2026-03-08 23:00:00+00:00,e1108,Level 11,50.0,Maintenance Soon,50.0,50.0,50.0,50.0,50.0,,,3.173333333328628,2.839641352346613,0.3336919809820151,,,,,,,,,,,,,,,,,,,,,,,,,,,,,,,,,,,,,,,,,,,,,,,,,,,,,,,,,,,,,,,,,,,,,
2026-03-09 00:00:00+00:00,e1108,Level 11,50.0,Maintenance Soon,50.0,50.0,50.0,50.0,50.0,,,3.130000000001018,2.8569785411734,0.2730214588276189,,,,,,,,,,,,,,,,,,,,,,,,,,,,,,,,,,,,,,,,,,,,,,,,,,,,,,,,,,,,,,,,,,,,,
2026-03-09 01:00:00+00:00,e1108,Level 11,50.0,Maintenance Soon,50.0,50.0,50.0,50.0,50.0,,,3.116666666668607,5.797422969185088,-2.680756302516481,,,,,,,,,,,,,,,,,,,,,,,,,,,,,,,,,,,,,,,,,,,,,,,,,,,,,,,,,,,,,,,,,,,,,
2026-03-09 02:00:00+00:00,e1108,Level 11,50.0,Maintenance Soon,50.0,50.0,50.0,50.0,50.0,,,3.149999999997817,8.528907764256777,-5.37890776425896,,,,,,,,,,,,,,,,,,,,,,,,,,,,,,,,,,,,,,,,,,,,,,,,,,,,,,,,,,,,,,,,,,,,,
2026-03-09 03:00:00+00:00,e1108,Level 11,50.0,Maintenance Soon,50.0,50.0,50.0,50.0,50.0,,,3.07333333333736,3.0077729080124604,0.0655604253248989,,,,,,,,,,,,,,,,,,,,,,,,,,,,,,,,,,,,,,,,,,,,,,,,,,,,,,,,,,,,,,,,,,,,,
2026-03-09 04:00:00+00:00,e1108,Level 11,50.0,Maintenance Soon,50.0,50.0,50.0,50.0,50.0,,,3.1933333333327028,3.230816993464638,-0.0374836601319352,,,,,,,,,,,,,,,,,,,,,,,,,,,,,,,,,,,,,,,,,,,,,,,,,,,,,,,,,,,,,,,,,,,,,
2026-03-09 05:00:00+00:00,e1108,Level 11,50.0,Maintenance Soon,50.0,50.0,50.0,50.0,50.0,,,3.0499999999992724,3.0259959037381727,0.0240040962610996,,,,,,,,,,,,,,,,,,,,,,,,,,,,,,,,,,,,,,,,,,,,,,,,,,,,,,,,,,,,,,,,,,,,,
2026-03-09 06:00:00+00:00,e1108,Level 11,50.0,Maintenance Soon,50.0,50.0,50.0,50.0,50.0,,,3.12000000000262,3.1678136200704707,-0.0478136200678513,,,,,,,,,,,,,,,,,,,,,,,,,,,,,,,,,,,,,,,,,,,,,,,,,,,,,,,,,,,,,,,,,,,,,
2026-03-09 07:00:00+00:00,e1108,Level 11,50.0,Maintenance Soon,50.0,50.0,50.0,50.0,50.0,,,3.09333333333052,3.0664340448832568,0.0268992884472631,,,,,,,,,,,,,,,,,,,,,,,,,,,,,,,,,,,,,,,,,,,,,,,,,,,,,,,,,,,,,,,,,,,,,
2026-03-09 08:00:00+00:00,e1108,Level 11,50.0,Maintenance Soon,50.0,50.0,50.0,50.0,50.0,,,3.0966666666681704,3.030232621783701,0.0664340448844691,,,,,,,,,,,,,,,,,,,,,,,,,,,,,,,,,,,,,,,,,,,,,,,,,,,,,,,,,,,,,,,,,,,,,
2026-03-09 09:00:00+00:00,e1108,Level 11,50.0,Maintenance Soon,50.0,50.0,50.0,50.0,50.0,,,3.103333333332557,3.1621146953402786,-0.0587813620077213,,,,,,,,,,,,,,,,,,,,,,,,,,,,,,,,,,,,,,,,,,,,,,,,,,,,,,,,,,,,,,,,,,,,,
2026-03-09 10:00:00+00:00,e1108,Level 11,50.0,Maintenance Soon,50.0,50.0,50.0,50.0,50.0,,,3.156666666665842,3.1078086763094084,0.0488579903564336,,,,,,,,,,,,,,,,,,,,,,,,,,,,,,,,,,,,,,,,,,,,,,,,,,,,,,,,,,,,,,,,,,,,,
2026-03-09 11:00:00+00:00,e1108,Level 11,50.0,Maintenance Soon,50.0,50.0,50.0,50.0,50.0,,,3.110000000000582,3.0927203065111826,0.0172796934893995,,,,,,,,,,,,,,,,,,,,,,,,,,,,,,,,,,,,,,,,,,,,,,,,,,,,,,,,,,,,,,,,,,,,,
2026-03-09 12:00:00+00:00,e1108,Level 11,50.0,Maintenance Soon,50.0,50.0,50.0,50.0,50.0,,,3.2233333333315386,3.220689655172464,0.0026436781590746,,,,,,,,,,,,,,,,,,,,,,,,,,,,,,,,,,,,,,,,,,,,,,,,,,,,,,,,,,,,,,,,,,,,,
2026-03-09 13:00:00+00:00,e1108,Level 11,50.0,Maintenance Soon,50.0,50.0,50.0,50.0,50.0,,,3.173333333335904,3.154698960045304,0.0186343732906002,,,,,,,,,,,,,,,,,,,,,,,,,,,,,,,,,,,,,,,,,,,,,,,,,,,,,,,,,,,,,,,,,,,,,
2026-03-09 14:00:00+00:00,e1108,Level 11,50.0,Maintenance Soon,50.0,50.0,50.0,50.0,50.0,,,3.1533333333318296,3.1153010399551326,0.038032293376697,,,,,,,,,,,,,,,,,,,,,,,,,,,,,,,,,,,,,,,,,,,,,,,,,,,,,,,,,,,,,,,,,,,,,
2026-03-09 15:00:00+00:00,e1108,Level 11,50.0,Maintenance Soon,50.0,50.0,50.0,50.0,50.0,,,3.173333333332266,3.1997345374948054,-0.0264012041625392,,,,,,,,,,,,,,,,,,,,,,,,,,,,,,,,,,,,,,,,,,,,,,,,,,,,,,,,,,,,,,,,,,,,,
2026-03-09 16:00:00+00:00,e1108,Level 11,50.0,Maintenance Soon,50.0,50.0,50.0,50.0,50.0,,,3.116666666664969,3.1193459222740785,-0.0026792556091095,,,,,,,,,,,,,,,,,,,,,,,,,,,,,,,,,,,,,,,,,,,,,,,,,,,,,,,,,,,,,,,,,,,,,
2026-03-09 17:00:00+00:00,e1108,Level 11,50.0,Maintenance Soon,50.0,50.0,50.0,50.0,50.0,,,3.1433333333370683,3.1031417624532573,0.0401915708838109,,,,,,,,,,,,,,,,,,,,,,,,,,,,,,,,,,,,,,,,,,,,,,,,,,,,,,,,,,,,,,,,,,,,,
2026-03-09 18:00:00+00:00,e1108,Level 11,50.0,Maintenance Soon,50.0,50.0,50.0,50.0,50.0,,,3.186666666664678,3.117547892720419,0.0691187739442589,,,,,,,,,,,,,,,,,,,,,,,,,,,,,,,,,,,,,,,,,,,,,,,,,,,,,,,,,,,,,,,,,,,,,
2026-03-09 19:00:00+00:00,e1108,Level 11,50.0,Maintenance Soon,50.0,50.0,50.0,50.0,50.0,,,3.106666666670208,3.202950191570077,-0.0962835248998694,,,,,,,,,,,,,,,,,,,,,,,,,,,,,,,,,,,,,,,,,,,,,,,,,,,,,,,,,,,,,,,,,,,,,
2026-03-09 20:00:00+00:00,e1108,Level 11,50.0,Maintenance Soon,50.0,50.0,50.0,50.0,50.0,,,3.186666666664678,3.1083908045972444,0.0782758620674335,,,,,,,,,,,,,,,,,,,,,,,,,,,,,,,,,,,,,,,,,,,,,,,,,,,,,,,,,,,,,,,,,,,,,
2026-03-09 21:00:00+00:00,e1108,Level 11,50.0,Maintenance Soon,50.0,50.0,50.0,50.0,50.0,,,3.150000000001455,3.150000000001455,0.0,,,,,,,,,,,,,,,,,,,,,,,,,,,,,,,,,,,,,,,,,,,,,,,,,,,,,,,,,,,,,,,,,,,,,
2026-03-09 22:00:00+00:00,e1108,Level 11,50.0,Maintenance Soon,50.0,50.0,50.0,50.0,50.0,,,3.149999999997817,3.168888888888129,-0.0188888888903115,,,,,,,,,,,,,,,,,,,,,,,,,,,,,,,,,,,,,,,,,,,,,,,,,,,,,,,,,,,,,,,,,,,,,
2026-03-09 23:00:00+00:00,e1108,Level 11,50.0,Maintenance Soon,50.0,50.0,50.0,50.0,50.0,,,3.130000000001018,3.140613026818756,-0.0106130268177366,,,,,,,,,,,,,,,,,,,,,,,,,,,,,,,,,,,,,,,,,,,,,,,,,,,,,,,,,,,,,,,,,,,,,
2026-03-10 00:00:00+00:00,e1108,Level 11,50.0,Maintenance Soon,50.0,50.0,50.0,50.0,50.0,,,3.136666666665405,3.1060536398472323,0.0306130268181732,,,,,,,,,,,,,,,,,,,,,,,,,,,,,,,,,,,,,,,,,,,,,,,,,,,,,,,,,,,,,,,,,,,,,
2026-03-10 01:00:00+00:00,e1108,Level 11,50.0,Maintenance Soon,50.0,50.0,50.0,50.0,50.0,,,3.0966666666681704,3.0525396825408584,0.0441269841273119,,,,,,,,,,,,,,,,,,,,,,,,,,,,,,,,,,,,,,,,,,,,,,,,,,,,,,,,,,,,,,,,,,,,,
2026-03-10 02:00:00+00:00,e1108,Level 11,50.0,Maintenance Soon,50.0,50.0,50.0,50.0,50.0,,,3.1133333333309565,3.143333333332217,-0.030000000001261,,,,,,,,,,,,,,,,,,,,,,,,,,,,,,,,,,,,,,,,,,,,,,,,,,,,,,,,,,,,,,,,,,,,,
2026-03-10 03:00:00+00:00,e1108,Level 11,50.0,Maintenance Soon,50.0,50.0,50.0,50.0,50.0,,,3.093333333334158,3.062594417078799,0.030738916255359,,,,,,,,,,,,,,,,,,,,,,,,,,,,,,,,,,,,,,,,,,,,,,,,,,,,,,,,,,,,,,,,,,,,,
2026-03-10 04:00:00+00:00,e1108,Level 11,50.0,Maintenance Soon,50.0,50.0,50.0,50.0,50.0,,,1.825000000000728,3.14367542419374,-1.3186754241930123,,,,,,,,,,,,,,,,,,,,,,,,,,,,,,,,,,,,,,,,,,,,,,,,,,,,,,,,,,,,,,,,,,,,,
2026-03-10 05:00:00+00:00,e1108,Level 11,50.0,Maintenance Soon,50.0,50.0,50.0,50.0,50.0,,,0.0,3.137857142855258,-3.137857142855258,,,,,,,,,,,,,,,,,,,,,,,,,,,,,,,,,,,,,,,,,,,,,,,,,,,,,,,,,,,,,,,,,,,,,
2026-03-10 06:00:00+00:00,e1108,Level 11,50.0,Maintenance Soon,50.0,50.0,50.0,50.0,50.0,,,8.725000000002183,3.0744444444474843,5.650555555554698,,,,,,,,,,,,,,,,,,,,,,,,,,,,,,,,,,,,,,,,,,,,,,,,,,,,,,,,,,,,,,,,,,,,,
2026-03-10 07:00:00+00:00,e1108,Level 11,50.0,Maintenance Soon,50.0,50.0,50.0,50.0,50.0,,,2.0206896551717364,3.084099616856596,-1.0634099616848594,,,,,,,,,,,,,,,,,,,,,,,,,,,,,,,,,,,,,,,,,,,,,,,,,,,,,,,,,,,,,,,,,,,,,
2026-03-10 08:00:00+00:00,e1108,Level 11,50.0,Maintenance Soon,50.0,50.0,50.0,50.0,50.0,,,3.145977011492505,3.0902014584122903,0.0557755530802146,,,,,,,,,,,,,,,,,,,,,,,,,,,,,,,,,,,,,,,,,,,,,,,,,,,,,,,,,,,,,,,,,,,,,
2026-03-10 09:00:00+00:00,e1108,Level 11,50.0,Maintenance Soon,50.0,50.0,50.0,50.0,50.0,,,3.029885057469073,3.1268100358392985,-0.0969249783702252,,,,,,,,,,,,,,,,,,,,,,,,,,,,,,,,,,,,,,,,,,,,,,,,,,,,,,,,,,,,,,,,,,,,,
2026-03-10 10:00:00+00:00,e1108,Level 11,50.0,Maintenance Soon,50.0,50.0,50.0,50.0,50.0,,,3.1421579532834585,3.1328352490418183,0.0093227042416401,,,,,,,,,,,,,,,,,,,,,,,,,,,,,,,,,,,,,,,,,,,,,,,,,,,,,,,,,,,,,,,,,,,,,
2026-03-10 11:00:00+00:00,e1108,Level 11,50.0,Maintenance Soon,50.0,50.0,50.0,50.0,50.0,,,3.1946236559160752,3.1435446792735697,0.0510789766425054,,,,,,,,,,,,,,,,,,,,,,,,,,,,,,,,,,,,,,,,,,,,,,,,,,,,,,,,,,,,,,,,,,,,,
2026-03-10 12:00:00+00:00,e1108,Level 11,50.0,Maintenance Soon,50.0,50.0,50.0,50.0,50.0,,,3.163333333333867,3.174731182796677,-0.0113978494628099,,,,,,,,,,,,,,,,,,,,,,,,,,,,,,,,,,,,,,,,,,,,,,,,,,,,,,,,,,,,,,,,,,,,,
2026-03-10 13:00:00+00:00,e1108,Level 11,50.0,Maintenance Soon,50.0,50.0,50.0,50.0,50.0,,,3.09298850574487,3.1191358024686147,-0.0261472967237446,,,,,,,,,,,,,,,,,,,,,,,,,,,,,,,,,,,,,,,,,,,,,,,,,,,,,,,,,,,,,,,,,,,,,
2026-03-10 14:00:00+00:00,e1108,Level 11,50.0,Maintenance Soon,50.0,50.0,50.0,50.0,50.0,,,3.152280311460345,3.247046993230469,-0.0947666817701247,,,,,,,,,,,,,,,,,,,,,,,,,,,,,,,,,,,,,,,,,,,,,,,,,,,,,,,,,,,,,,,,,,,,,
2026-03-10 15:00:00+00:00,e1108,Level 11,50.0,Maintenance Soon,50.0,50.0,50.0,50.0,50.0,,,3.2546162402613845,3.116422568285392,0.1381936719759928,,,,,,,,,,,,,,,,,,,,,,,,,,,,,,,,,,,,,,,,,,,,,,,,,,,,,,,,,,,,,,,,,,,,,
2026-03-10 16:00:00+00:00,e1108,Level 11,50.0,Maintenance Soon,50.0,50.0,50.0,50.0,50.0,,,3.0867816091995337,3.0931971051492533,-0.0064154959497195,,,,,,,,,,,,,,,,,,,,,,,,,,,,,,,,,,,,,,,,,,,,,,,,,,,,,,,,,,,,,,,,,,,,,
2026-03-10 17:00:00+00:00,e1108,Level 11,50.0,Maintenance Soon,50.0,50.0,50.0,50.0,50.0,,,3.126666666667006,3.159430505775769,-0.0327638391087625,,,,,,,,,,,,,,,,,,,,,,,,,,,,,,,,,,,,,,,,,,,,,,,,,,,,,,,,,,,,,,,,,,,,,
2026-03-10 18:00:00+00:00,e1108,Level 11,50.0,Maintenance Soon,50.0,50.0,50.0,50.0,50.0,,,3.165862068963179,3.14350265727262,0.0223594116905587,,,,,,,,,,,,,,,,,,,,,,,,,,,,,,,,,,,,,,,,,,,,,,,,,,,,,,,,,,,,,,,,,,,,,
2026-03-10 19:00:00+00:00,e1108,Level 11,50.0,Maintenance Soon,50.0,50.0,50.0,50.0,50.0,,,3.0474712643663224,3.156819923373405,-0.1093486590070824,,,,,,,,,,,,,,,,,,,,,,,,,,,,,,,,,,,,,,,,,,,,,,,,,,,,,,,,,,,,,,,,,,,,,
2026-03-10 20:00:00+00:00,e1108,Level 11,50.0,Maintenance Soon,50.0,50.0,50.0,50.0,50.0,,,3.186666666668316,3.181111111110416,0.0055555555578998,,,,,,,,,,,,,,,,,,,,,,,,,,,,,,,,,,,,,,,,,,,,,,,,,,,,,,,,,,,,,,,,,,,,,
2026-03-10 21:00:00+00:00,e1108,Level 11,50.0,Maintenance Soon,50.0,50.0,50.0,50.0,50.0,,,3.123333333332994,3.130000000001018,-0.0066666666680248,,,,,,,,,,,,,,,,,,,,,,,,,,,,,,,,,,,,,,,,,,,,,,,,,,,,,,,,,,,,,,,,,,,,,
2026-03-10 22:00:00+00:00,e1108,Level 11,50.0,Maintenance Soon,50.0,50.0,50.0,50.0,50.0,,,3.186666666664678,3.161111111111192,0.025555555553486,,,,,,,,,,,,,,,,,,,,,,,,,,,,,,,,,,,,,,,,,,,,,,,,,,,,,,,,,,,,,,,,,,,,,
2026-03-10 23:00:00+00:00,e1108,Level 11,50.0,Maintenance Soon,50.0,50.0,50.0,50.0,50.0,,,3.1600000000034925,3.115938697318294,0.0440613026851983,,,,,,,,,,,,,,,,,,,,,,,,,,,,,,,,,,,,,,,,,,,,,,,,,,,,,,,,,,,,,,,,,,,,,
2026-03-11 00:00:00+00:00,e1108,Level 11,50.0,Maintenance Soon,50.0,50.0,50.0,50.0,50.0,,,3.116666666664969,3.0953311439504128,0.0213355227145561,,,,,,,,,,,,,,,,,,,,,,,,,,,,,,,,,,,,,,,,,,,,,,,,,,,,,,,,,,,,,,,,,,,,,
2026-03-11 01:00:00+00:00,e1108,Level 11,50.0,Maintenance Soon,50.0,50.0,50.0,50.0,50.0,,,3.1599999999998545,3.1459523809523184,0.014047619047536,,,,,,,,,,,,,,,,,,,,,,,,,,,,,,,,,,,,,,,,,,,,,,,,,,,,,,,,,,,,,,,,,,,,,
2026-03-11 02:00:00+00:00,e1108,Level 11,50.0,Maintenance Soon,50.0,50.0,50.0,50.0,50.0,,,3.123978494622861,3.0747132616476542,0.0492652329752067,,,,,,,,,,,,,,,,,,,,,,,,,,,,,,,,,,,,,,,,,,,,,,,,,,,,,,,,,,,,,,,,,,,,,
2026-03-11 03:00:00+00:00,e1108,Level 11,50.0,Maintenance Soon,50.0,50.0,50.0,50.0,50.0,,,3.136596218020713,3.138907428007466,-0.0023112099867526,,,,,,,,,,,,,,,,,,,,,,,,,,,,,,,,,,,,,,,,,,,,,,,,,,,,,,,,,,,,,,,,,,,,,
2026-03-11 04:00:00+00:00,e1108,Level 11,50.0,Maintenance Soon,50.0,50.0,50.0,50.0,50.0,,,3.096091954022995,2.669712643677485,0.42637931034551,,,,,,,,,,,,,,,,,,,,,,,,,,,,,,,,,,,,,,,,,,,,,,,,,,,,,,,,,,,,,,,,,,,,,
2026-03-11 05:00:00+00:00,e1108,Level 11,50.0,Maintenance Soon,50.0,50.0,50.0,50.0,50.0,,,3.150000000001455,2.058650793652001,1.0913492063494536,,,,,,,,,,,,,,,,,,,,,,,,,,,,,,,,,,,,,,,,,,,,,,,,,,,,,,,,,,,,,,,,,,,,,
2026-03-11 06:00:00+00:00,e1108,Level 11,50.0,Maintenance Soon,50.0,50.0,50.0,50.0,50.0,,,3.039999999997235,5.006349206349114,-1.9663492063518788,,,,,,,,,,,,,,,,,,,,,,,,,,,,,,,,,,,,,,,,,,,,,,,,,,,,,,,,,,,,,,,,,,,,,
2026-03-11 07:00:00+00:00,e1108,Level 11,50.0,Maintenance Soon,50.0,50.0,50.0,50.0,50.0,,,3.196666666670353,2.684865900383253,0.5118007662871,,,,,,,,,,,,,,,,,,,,,,,,,,,,,,,,,,,,,,,,,,,,,,,,,,,,,,,,,,,,,,,,,,,,,
2026-03-11 08:00:00+00:00,e1108,Level 11,50.0,Maintenance Soon,50.0,50.0,50.0,50.0,50.0,,,3.103448275858682,3.0940229885054578,0.0094252873532241,,,,,,,,,,,,,,,,,,,,,,,,,,,,,,,,,,,,,,,,,,,,,,,,,,,,,,,,,,,,,,,,,,,,,
2026-03-11 09:00:00+00:00,e1108,Level 11,50.0,Maintenance Soon,50.0,50.0,50.0,50.0,50.0,,,3.096551724138408,3.123653442094413,-0.0271017179560053,,,,,,,,,,,,,,,,,,,,,,,,,,,,,,,,,,,,,,,,,,,,,,,,,,,,,,,,,,,,,,,,,,,,,
2026-03-11 10:00:00+00:00,e1108,Level 11,50.0,Maintenance Soon,50.0,50.0,50.0,50.0,50.0,,,3.2366666666675883,3.148138672599695,0.0885279940678933,,,,,,,,,,,,,,,,,,,,,,,,,,,,,,,,,,,,,,,,,,,,,,,,,,,,,,,,,,,,,,,,,,,,,
2026-03-11 11:00:00+00:00,e1108,Level 11,50.0,Maintenance Soon,50.0,50.0,50.0,50.0,50.0,,,3.059885057471547,3.151196391053721,-0.091311333582174,,,,,,,,,,,,,,,,,,,,,,,,,,,,,,,,,,,,,,,,,,,,,,,,,,,,,,,,,,,,,,,,,,,,,
2026-03-11 12:00:00+00:00,e1108,Level 11,50.0,Maintenance Soon,50.0,50.0,50.0,50.0,50.0,,,3.132480533928174,3.1352193795585968,-0.0027388456304229,,,,,,,,,,,,,,,,,,,,,,,,,,,,,,,,,,,,,,,,,,,,,,,,,,,,,,,,,,,,,,,,,,,,,
2026-03-11 13:00:00+00:00,e1108,Level 11,50.0,Maintenance Soon,50.0,50.0,50.0,50.0,50.0,,,3.244301075264957,3.115010505498504,0.1292905697664537,,,,,,,,,,,,,,,,,,,,,,,,,,,,,,,,,,,,,,,,,,,,,,,,,,,,,,,,,,,,,,,,,,,,,
2026-03-11 14:00:00+00:00,e1108,Level 11,50.0,Maintenance Soon,50.0,50.0,50.0,50.0,50.0,,,3.076666666671372,3.1763156593757835,-0.0996489927044117,,,,,,,,,,,,,,,,,,,,,,,,,,,,,,,,,,,,,,,,,,,,,,,,,,,,,,,,,,,,,,,,,,,,,
2026-03-11 15:00:00+00:00,e1108,Level 11,50.0,Maintenance Soon,50.0,50.0,50.0,50.0,50.0,,,3.1433333333334303,3.169316524531799,-0.0259831911983687,,,,,,,,,,,,,,,,,,,,,,,,,,,,,,,,,,,,,,,,,,,,,,,,,,,,,,,,,,,,,,,,,,,,,
2026-03-11 16:00:00+00:00,e1108,Level 11,50.0,Maintenance Soon,50.0,50.0,50.0,50.0,50.0,,,3.139999999999418,3.1500383141768302,-0.0100383141774123,,,,,,,,,,,,,,,,,,,,,,,,,,,,,,,,,,,,,,,,,,,,,,,,,,,,,,,,,,,,,,,,,,,,,
2026-03-11 17:00:00+00:00,e1108,Level 11,50.0,Maintenance Soon,50.0,50.0,50.0,50.0,50.0,,,3.1827956989254744,3.122222222222869,0.0605734767026056,,,,,,,,,,,,,,,,,,,,,,,,,,,,,,,,,,,,,,,,,,,,,,,,,,,,,,,,,,,,,,,,,,,,,
2026-03-11 18:00:00+00:00,e1108,Level 11,50.0,Maintenance Soon,50.0,50.0,50.0,50.0,50.0,,,3.180537634405482,3.153065134099355,0.0274725003061271,,,,,,,,,,,,,,,,,,,,,,,,,,,,,,,,,,,,,,,,,,,,,,,,,,,,,,,,,,,,,,,,,,,,,
2026-03-11 19:00:00+00:00,e1108,Level 11,50.0,Maintenance Soon,50.0,50.0,50.0,50.0,50.0,,,3.156666666665842,3.1180459770099938,0.0386206896558483,,,,,,,,,,,,,,,,,,,,,,,,,,,,,,,,,,,,,,,,,,,,,,,,,,,,,,,,,,,,,,,,,,,,,
2026-03-11 20:00:00+00:00,e1108,Level 11,50.0,Maintenance Soon,50.0,50.0,50.0,50.0,50.0,,,3.1833333333343035,3.152222222222917,0.0311111111113859,,,,,,,,,,,,,,,,,,,,,,,,,,,,,,,,,,,,,,,,,,,,,,,,,,,,,,,,,,,,,,,,,,,,,
2026-03-11 21:00:00+00:00,e1108,Level 11,50.0,Maintenance Soon,50.0,50.0,50.0,50.0,50.0,,,3.0805747126432834,3.142222222222093,-0.0616475095788096,,,,,,,,,,,,,,,,,,,,,,,,,,,,,,,,,,,,,,,,,,,,,,,,,,,,,,,,,,,,,,,,,,,,,
2026-03-11 22:00:00+00:00,e1108,Level 11,50.0,Maintenance Soon,50.0,50.0,50.0,50.0,50.0,,,3.1694252873567166,3.1199999999989814,0.0494252873577352,,,,,,,,,,,,,,,,,,,,,,,,,,,,,,,,,,,,,,,,,,,,,,,,,,,,,,,,,,,,,,,,,,,,,
2026-03-11 23:00:00+00:00,e1108,Level 11,50.0,Maintenance Soon,50.0,50.0,50.0,50.0,50.0,,,3.1199999999989814,3.170000000000679,-0.0500000000016975,,,,,,,,,,,,,,,,,,,,,,,,,,,,,,,,,,,,,,,,,,,,,,,,,,,,,,,,,,,,,,,,,,,,,
2026-03-12 00:00:00+00:00,e1108,Level 11,50.0,Maintenance Soon,50.0,50.0,50.0,50.0,50.0,,,3.153333333335468,3.028974358974665,0.1243589743608026,,,,,,,,,,,,,,,,,,,,,,,,,,,,,,,,,,,,,,,,,,,,,,,,,,,,,,,,,,,,,,,,,,,,,
2026-03-12 01:00:00+00:00,e1108,Level 11,50.0,Maintenance Soon,50.0,50.0,50.0,50.0,50.0,,,3.090000000000145,3.2054700854702483,-0.1154700854701027,,,,,,,,,,,,,,,,,,,,,,,,,,,,,,,,,,,,,,,,,,,,,,,,,,,,,,,,,,,,,,,,,,,,,
2026-03-12 02:00:00+00:00,e1108,Level 11,50.0,Maintenance Soon,50.0,50.0,50.0,50.0,50.0,,,3.402631578945148,3.0812112223453973,0.32142035659975,,,,,,,,,,,,,,,,,,,,,,,,,,,,,,,,,,,,,,,,,,,,,,,,,,,,,,,,,,,,,,,,,,,,,
2026-03-12 03:00:00+00:00,e1108,Level 11,50.0,Maintenance Soon,50.0,50.0,50.0,50.0,50.0,,,2.881851179678052,3.062437138659637,-0.1805859589815859,,,,,,,,,,,,,,,,,,,,,,,,,,,,,,,,,,,,,,,,,,,,,,,,,,,,,,,,,,,,,,,,,,,,,
2026-03-12 04:00:00+00:00,e1108,Level 11,50.0,Maintenance Soon,50.0,50.0,50.0,50.0,50.0,,,3.135517241375055,3.038612175393306,0.0969050659817489,,,,,,,,,,,,,,,,,,,,,,,,,,,,,,,,,,,,,,,,,,,,,,,,,,,,,,,,,,,,,,,,,,,,,
2026-03-12 05:00:00+00:00,e1108,Level 11,50.0,Maintenance Soon,50.0,50.0,50.0,50.0,50.0,,,3.103333333332557,3.1747287109137687,-0.0713953775812115,,,,,,,,,,,,,,,,,,,,,,,,,,,,,,,,,,,,,,,,,,,,,,,,,,,,,,,,,,,,,,,,,,,,,
2026-03-12 06:00:00+00:00,e1108,Level 11,50.0,Maintenance Soon,50.0,50.0,50.0,50.0,50.0,,,3.1466666666674428,3.0645186891949074,0.0821479774725353,,,,,,,,,,,,,,,,,,,,,,,,,,,,,,,,,,,,,,,,,,,,,,,,,,,,,,,,,,,,,,,,,,,,,
2026-03-12 07:00:00+00:00,e1108,Level 11,50.0,Maintenance Soon,50.0,50.0,50.0,50.0,50.0,,,3.069999999999709,3.151574500768523,-0.0815745007688142,,,,,,,,,,,,,,,,,,,,,,,,,,,,,,,,,,,,,,,,,,,,,,,,,,,,,,,,,,,,,,,,,,,,,
2026-03-12 08:00:00+00:00,e1108,Level 11,50.0,Maintenance Soon,50.0,50.0,50.0,50.0,50.0,,,3.063333333335322,3.1025114324559886,-0.0391780991206665,,,,,,,,,,,,,,,,,,,,,,,,,,,,,,,,,,,,,,,,,,,,,,,,,,,,,,,,,,,,,,,,,,,,,
2026-03-12 09:00:00+00:00,e1108,Level 11,50.0,Maintenance Soon,50.0,50.0,50.0,50.0,50.0,,,3.1599999999998545,3.142183908045505,0.0178160919543493,,,,,,,,,,,,,,,,,,,,,,,,,,,,,,,,,,,,,,,,,,,,,,,,,,,,,,,,,,,,,,,,,,,,,
2026-03-12 10:00:00+00:00,e1108,Level 11,50.0,Maintenance Soon,50.0,50.0,50.0,50.0,50.0,,,3.0800000000017462,3.132758620689856,-0.0527586206881096,,,,,,,,,,,,,,,,,,,,,,,,,,,,,,,,,,,,,,,,,,,,,,,,,,,,,,,,,,,,,,,,,,,,,
2026-03-12 11:00:00+00:00,e1108,Level 11,50.0,Maintenance Soon,50.0,50.0,50.0,50.0,50.0,,,3.2466666666623496,3.0972030651355453,0.1494636015268042,,,,,,,,,,,,,,,,,,,,,,,,,,,,,,,,,,,,,,,,,,,,,,,,,,,,,,,,,,,,,,,,,,,,,
2026-03-12 12:00:00+00:00,e1108,Level 11,50.0,Maintenance Soon,50.0,50.0,50.0,50.0,50.0,,,3.053333333336923,3.143049066864478,-0.0897157335275551,,,,,,,,,,,,,,,,,,,,,,,,,,,,,,,,,,,,,,,,,,,,,,,,,,,,,,,,,,,,,,,,,,,,,
2026-03-12 13:00:00+00:00,e1108,Level 11,50.0,Maintenance Soon,50.0,50.0,50.0,50.0,50.0,,,3.1766666666626406,3.1469892473105574,0.0296774193520832,,,,,,,,,,,,,,,,,,,,,,,,,,,,,,,,,,,,,,,,,,,,,,,,,,,,,,,,,,,,,,,,,,,,,
2026-03-12 14:00:00+00:00,e1108,Level 11,50.0,Maintenance Soon,50.0,50.0,50.0,50.0,50.0,,,3.123333333336632,3.1301149425295685,-0.0067816091929366,,,,,,,,,,,,,,,,,,,,,,,,,,,,,,,,,,,,,,,,,,,,,,,,,,,,,,,,,,,,,,,,,,,,,
2026-03-12 15:00:00+00:00,e1108,Level 11,50.0,Maintenance Soon,50.0,50.0,50.0,50.0,50.0,,,3.1699999999982538,3.115368928438935,0.0546310715593185,,,,,,,,,,,,,,,,,,,,,,,,,,,,,,,,,,,,,,,,,,,,,,,,,,,,,,,,,,,,,,,,,,,,,
2026-03-12 16:00:00+00:00,e1108,Level 11,50.0,Maintenance Soon,50.0,50.0,50.0,50.0,50.0,,,3.163333333337505,3.1745161290309625,-0.0111827956934575,,,,,,,,,,,,,,,,,,,,,,,,,,,,,,,,,,,,,,,,,,,,,,,,,,,,,,,,,,,,,,,,,,,,,
2026-03-12 17:00:00+00:00,e1108,Level 11,50.0,Maintenance Soon,50.0,50.0,50.0,50.0,50.0,,,3.116666666664969,3.1453763440877083,-0.0287096774227393,,,,,,,,,,,,,,,,,,,,,,,,,,,,,,,,,,,,,,,,,,,,,,,,,,,,,,,,,,,,,,,,,,,,,
2026-03-12 18:00:00+00:00,e1108,Level 11,50.0,Maintenance Soon,50.0,50.0,50.0,50.0,50.0,,,3.163333333333867,3.1468458781334143,0.0164874552004525,,,,,,,,,,,,,,,,,,,,,,,,,,,,,,,,,,,,,,,,,,,,,,,,,,,,,,,,,,,,,,,,,,,,,
2026-03-12 19:00:00+00:00,e1108,Level 11,50.0,Maintenance Soon,50.0,50.0,50.0,50.0,50.0,,,3.103333333332557,3.132260536400281,-0.0289272030677238,,,,,,,,,,,,,,,,,,,,,,,,,,,,,,,,,,,,,,,,,,,,,,,,,,,,,,,,,,,,,,,,,,,,,
2026-03-12 20:00:00+00:00,e1108,Level 11,50.0,Maintenance Soon,50.0,50.0,50.0,50.0,50.0,,,3.1766666666662786,3.145409714497267,0.0312569521690115,,,,,,,,,,,,,,,,,,,,,,,,,,,,,,,,,,,,,,,,,,,,,,,,,,,,,,,,,,,,,,,,,,,,,
2026-03-12 21:00:00+00:00,e1108,Level 11,50.0,Maintenance Soon,50.0,50.0,50.0,50.0,50.0,,,3.1466666666674428,3.1514102088731306,-0.0047435422056878,,,,,,,,,,,,,,,,,,,,,,,,,,,,,,,,,,,,,,,,,,,,,,,,,,,,,,,,,,,,,,,,,,,,,
2026-03-12 22:00:00+00:00,e1108,Level 11,50.0,Maintenance Soon,50.0,50.0,50.0,50.0,50.0,,,3.1466666666674428,3.1220306513435694,0.0246360153238733,,,,,,,,,,,,,,,,,,,,,,,,,,,,,,,,,,,,,,,,,,,,,,,,,,,,,,,,,,,,,,,,,,,,,
2026-03-12 23:00:00+00:00,e1108,Level 11,50.0,Maintenance Soon,50.0,50.0,50.0,50.0,50.0,,,3.1299999999973807,3.1466666666650176,-0.0166666666676369,,,,,,,,,,,,,,,,,,,,,,,,,,,,,,,,,,,,,,,,,,,,,,,,,,,,,,,,,,,,,,,,,,,,,
2026-03-13 00:00:00+00:00,e1108,Level 11,50.0,Maintenance Soon,50.0,50.0,50.0,50.0,50.0,,,3.146666666663805,3.1233333333342066,0.0233333333295981,,,,,,,,,,,,,,,,,,,,,,,,,,,,,,,,,,,,,,,,,,,,,,,,,,,,,,,,,,,,,,,,,,,,,
2026-03-13 01:00:00+00:00,e1108,Level 11,50.0,Maintenance Soon,50.0,50.0,50.0,50.0,50.0,,,3.163333333333867,3.068007662834134,0.0953256704997329,,,,,,,,,,,,,,,,,,,,,,,,,,,,,,,,,,,,,,,,,,,,,,,,,,,,,,,,,,,,,,,,,,,,,
2026-03-13 02:00:00+00:00,e1108,Level 11,50.0,Maintenance Soon,50.0,50.0,50.0,50.0,50.0,,,3.11000000000422,3.2186759817595885,-0.1086759817553684,,,,,,,,,,,,,,,,,,,,,,,,,,,,,,,,,,,,,,,,,,,,,,,,,,,,,,,,,,,,,,,,,,,,,
2026-03-13 03:00:00+00:00,e1108,Level 11,50.0,Maintenance Soon,50.0,50.0,50.0,50.0,50.0,,,3.09333333333052,3.030366163836637,0.0629671694938829,,,,,,,,,,,,,,,,,,,,,,,,,,,,,,,,,,,,,,,,,,,,,,,,,,,,,,,,,,,,,,,,,,,,,
2026-03-13 04:00:00+00:00,e1108,Level 11,50.0,Maintenance Soon,50.0,50.0,50.0,50.0,50.0,,,3.0666666666656965,3.127394636013681,-0.0607279693479845,,,,,,,,,,,,,,,,,,,,,,,,,,,,,,,,,,,,,,,,,,,,,,,,,,,,,,,,,,,,,,,,,,,,,
2026-03-13 05:00:00+00:00,e1108,Level 11,50.0,Maintenance Soon,50.0,50.0,50.0,50.0,50.0,,,3.1133333333345945,3.120158730158437,-0.0068253968238423,,,,,,,,,,,,,,,,,,,,,,,,,,,,,,,,,,,,,,,,,,,,,,,,,,,,,,,,,,,,,,,,,,,,,
2026-03-13 06:00:00+00:00,e1108,Level 11,50.0,Maintenance Soon,50.0,50.0,50.0,50.0,50.0,,,3.2299999999995634,3.092063492063365,0.1379365079361982,,,,,,,,,,,,,,,,,,,,,,,,,,,,,,,,,,,,,,,,,,,,,,,,,,,,,,,,,,,,,,,,,,,,,
2026-03-13 07:00:00+00:00,e1108,Level 11,50.0,Maintenance Soon,50.0,50.0,50.0,50.0,50.0,,,3.0100000000020373,3.110536398466744,-0.1005363984647069,,,,,,,,,,,,,,,,,,,,,,,,,,,,,,,,,,,,,,,,,,,,,,,,,,,,,,,,,,,,,,,,,,,,,
2026-03-13 08:00:00+00:00,e1108,Level 11,50.0,Maintenance Soon,50.0,50.0,50.0,50.0,50.0,,,3.0966666666645324,2.7069239189925915,0.3897427476719408,,,,,,,,,,,,,,,,,,,,,,,,,,,,,,,,,,,,,,,,,,,,,,,,,,,,,,,,,,,,,,,,,,,,,
2026-03-13 09:00:00+00:00,e1108,Level 11,50.0,Maintenance Soon,50.0,50.0,50.0,50.0,50.0,,,3.150000000001455,3.5157296467004926,-0.3657296466990374,,,,,,,,,,,,,,,,,,,,,,,,,,,,,,,,,,,,,,,,,,,,,,,,,,,,,,,,,,,,,,,,,,,,,
2026-03-13 10:00:00+00:00,e1108,Level 11,50.0,Maintenance Soon,50.0,50.0,50.0,50.0,50.0,,,3.1366666666690435,3.1179211469522365,0.0187455197168069,,,,,,,,,,,,,,,,,,,,,,,,,,,,,,,,,,,,,,,,,,,,,,,,,,,,,,,,,,,,,,,,,,,,,
2026-03-13 11:00:00+00:00,e1108,Level 11,50.0,Maintenance Soon,50.0,50.0,50.0,50.0,50.0,,,3.0733333333300834,3.14555555555368,-0.0722222222235964,,,,,,,,,,,,,,,,,,,,,,,,,,,,,,,,,,,,,,,,,,,,,,,,,,,,,,,,,,,,,,,,,,,,,
2026-03-13 12:00:00+00:00,e1108,Level 11,50.0,Maintenance Soon,50.0,50.0,50.0,50.0,50.0,,,3.1466666666674428,3.098888888890845,0.0477777777765973,,,,,,,,,,,,,,,,,,,,,,,,,,,,,,,,,,,,,,,,,,,,,,,,,,,,,,,,,,,,,,,,,,,,,
2026-03-13 13:00:00+00:00,e1108,Level 11,50.0,Maintenance Soon,50.0,50.0,50.0,50.0,50.0,,,3.173333333332266,3.1555555555545047,0.0177777777777614,,,,,,,,,,,,,,,,,,,,,,,,,,,,,,,,,,,,,,,,,,,,,,,,,,,,,,,,,,,,,,,,,,,,,
2026-03-13 14:00:00+00:00,e1108,Level 11,50.0,Maintenance Soon,50.0,50.0,50.0,50.0,50.0,,,3.136666666665405,3.1711111111120167,-0.0344444444466112,,,,,,,,,,,,,,,,,,,,,,,,,,,,,,,,,,,,,,,,,,,,,,,,,,,,,,,,,,,,,,,,,,,,,
2026-03-13 15:00:00+00:00,e1108,Level 11,50.0,Maintenance Soon,50.0,50.0,50.0,50.0,50.0,,,3.177816091956629,3.1666666666666665,0.0111494252899624,,,,,,,,,,,,,,,,,,,,,,,,,,,,,,,,,,,,,,,,,,,,,,,,,,,,,,,,,,,,,,,,,,,,,
2026-03-13 16:00:00+00:00,e1108,Level 11,50.0,Maintenance Soon,50.0,50.0,50.0,50.0,50.0,,,3.1088505747138697,3.131111111112356,-0.0222605363984862,,,,,,,,,,,,,,,,,,,,,,,,,,,,,,,,,,,,,,,,,,,,,,,,,,,,,,,,,,,,,,,,,,,,,
2026-03-13 17:00:00+00:00,e1108,Level 11,50.0,Maintenance Soon,50.0,50.0,50.0,50.0,50.0,,,3.1299999999973807,3.1355555555552805,-0.0055555555578998,,,,,,,,,,,,,,,,,,,,,,,,,,,,,,,,,,,,,,,,,,,,,,,,,,,,,,,,,,,,,,,,,,,,,
2026-03-13 18:00:00+00:00,e1108,Level 11,50.0,Maintenance Soon,50.0,50.0,50.0,50.0,50.0,,,3.110000000000582,3.1522222222217047,-0.0422222222211225,,,,,,,,,,,,,,,,,,,,,,,,,,,,,,,,,,,,,,,,,,,,,,,,,,,,,,,,,,,,,,,,,,,,,
2026-03-13 19:00:00+00:00,e1108,Level 11,50.0,Maintenance Soon,50.0,50.0,50.0,50.0,50.0,,,3.20333333333474,3.107777777777907,0.095555555556833,,,,,,,,,,,,,,,,,,,,,,,,,,,,,,,,,,,,,,,,,,,,,,,,,,,,,,,,,,,,,,,,,,,,,
2026-03-13 20:00:00+00:00,e1108,Level 11,50.0,Maintenance Soon,50.0,50.0,50.0,50.0,50.0,,,3.126666666667006,3.199999999999515,-0.0733333333325085,,,,,,,,,,,,,,,,,,,,,,,,,,,,,,,,,,,,,,,,,,,,,,,,,,,,,,,,,,,,,,,,,,,,,
2026-03-13 21:00:00+00:00,e1108,Level 11,50.0,Maintenance Soon,50.0,50.0,50.0,50.0,50.0,,,3.200000000000728,3.1355555555552805,0.064444444445447,,,,,,,,,,,,,,,,,,,,,,,,,,,,,,,,,,,,,,,,,,,,,,,,,,,,,,,,,,,,,,,,,,,,,
2026-03-13 22:00:00+00:00,e1108,Level 11,50.0,Maintenance Soon,50.0,50.0,50.0,50.0,50.0,,,3.116666666664969,3.1111111111119194,0.0055555555530495,,,,,,,,,,,,,,,,,,,,,,,,,,,,,,,,,,,,,,,,,,,,,,,,,,,,,,,,,,,,,,,,,,,,,
2026-03-13 23:00:00+00:00,e1108,Level 11,50.0,Maintenance Soon,50.0,50.0,50.0,50.0,50.0,,,3.09333333333052,3.136666666665405,-0.0433333333348855,,,,,,,,,,,,,,,,,,,,,,,,,,,,,,,,,,,,,,,,,,,,,,,,,,,,,,,,,,,,,,,,,,,,,
2026-03-14 00:00:00+00:00,e1108,Level 11,50.0,Maintenance Soon,50.0,50.0,50.0,50.0,50.0,,,3.216666666667152,3.117624521071169,0.0990421455959826,,,,,,,,,,,,,,,,,,,,,,,,,,,,,,,,,,,,,,,,,,,,,,,,,,,,,,,,,,,,,,,,,,,,,
2026-03-14 01:00:00+00:00,e1108,Level 11,50.0,Maintenance Soon,50.0,50.0,50.0,50.0,50.0,,,3.076666666667734,3.15015325670538,-0.0734865900376462,,,,,,,,,,,,,,,,,,,,,,,,,,,,,,,,,,,,,,,,,,,,,,,,,,,,,,,,,,,,,,,,,,,,,
2026-03-14 02:00:00+00:00,e1108,Level 11,50.0,Maintenance Soon,50.0,50.0,50.0,50.0,50.0,,,3.100000000002183,3.118888888891282,-0.0188888888890992,,,,,,,,,,,,,,,,,,,,,,,,,,,,,,,,,,,,,,,,,,,,,,,,,,,,,,,,,,,,,,,,,,,,,
2026-03-14 03:00:00+00:00,e1108,Level 11,50.0,Maintenance Soon,50.0,50.0,50.0,50.0,50.0,,,3.149999999997817,3.1111111111094942,0.0388888888883229,,,,,,,,,,,,,,,,,,,,,,,,,,,,,,,,,,,,,,,,,,,,,,,,,,,,,,,,,,,,,,,,,,,,,
2026-03-14 04:00:00+00:00,e1108,Level 11,50.0,Maintenance Soon,50.0,50.0,50.0,50.0,50.0,,,3.180000000000291,3.111111111110707,0.068888888889584,,,,,,,,,,,,,,,,,,,,,,,,,,,,,,,,,,,,,,,,,,,,,,,,,,,,,,,,,,,,,,,,,,,,,
2026-03-14 05:00:00+00:00,e1108,Level 11,50.0,Maintenance Soon,50.0,50.0,50.0,50.0,50.0,,,3.0666666666693345,3.115977011494882,-0.0493103448255474,,,,,,,,,,,,,,,,,,,,,,,,,,,,,,,,,,,,,,,,,,,,,,,,,,,,,,,,,,,,,,,,,,,,,
2026-03-14 06:00:00+00:00,e1108,Level 11,50.0,Maintenance Soon,50.0,50.0,50.0,50.0,50.0,,,3.126666666663368,3.110689655171882,0.0159770114914863,,,,,,,,,,,,,,,,,,,,,,,,,,,,,,,,,,,,,,,,,,,,,,,,,,,,,,,,,,,,,,,,,,,,,
2026-03-14 07:00:00+00:00,e1108,Level 11,50.0,Maintenance Soon,50.0,50.0,50.0,50.0,50.0,,,3.116666666664969,3.1211111111127443,-0.0044444444477753,,,,,,,,,,,,,,,,,,,,,,,,,,,,,,,,,,,,,,,,,,,,,,,,,,,,,,,,,,,,,,,,,,,,,
2026-03-14 08:00:00+00:00,e1108,Level 11,50.0,Maintenance Soon,50.0,50.0,50.0,50.0,50.0,,,3.106666666670208,3.09555555555562,0.0111111111145874,,,,,,,,,,,,,,,,,,,,,,,,,,,,,,,,,,,,,,,,,,,,,,,,,,,,,,,,,,,,,,,,,,,,,
2026-03-14 09:00:00+00:00,e1108,Level 11,50.0,Maintenance Soon,50.0,50.0,50.0,50.0,50.0,,,3.116666666668607,3.148888888888905,-0.0322222222202981,,,,,,,,,,,,,,,,,,,,,,,,,,,,,,,,,,,,,,,,,,,,,,,,,,,,,,,,,,,,,,,,,,,,,
2026-03-14 10:00:00+00:00,e1108,Level 11,50.0,Maintenance Soon,50.0,50.0,50.0,50.0,50.0,,,3.1466666666674428,3.093180076627808,0.0534865900396348,,,,,,,,,,,,,,,,,,,,,,,,,,,,,,,,,,,,,,,,,,,,,,,,,,,,,,,,,,,,,,,,,,,,,
2026-03-14 11:00:00+00:00,e1108,Level 11,50.0,Maintenance Soon,50.0,50.0,50.0,50.0,50.0,,,3.2233333333315386,3.1079310344806195,0.1154022988509191,,,,,,,,,,,,,,,,,,,,,,,,,,,,,,,,,,,,,,,,,,,,,,,,,,,,,,,,,,,,,,,,,,,,,
2026-03-14 12:00:00+00:00,e1108,Level 11,50.0,Maintenance Soon,50.0,50.0,50.0,50.0,50.0,,,3.106666666662932,3.1988888888893903,-0.0922222222264586,,,,,,,,,,,,,,,,,,,,,,,,,,,,,,,,,,,,,,,,,,,,,,,,,,,,,,,,,,,,,,,,,,,,,
2026-03-14 13:00:00+00:00,e1108,Level 11,50.0,Maintenance Soon,50.0,50.0,50.0,50.0,50.0,,,3.163333333333867,3.1377777777791684,0.0255555555546984,,,,,,,,,,,,,,,,,,,,,,,,,,,,,,,,,,,,,,,,,,,,,,,,,,,,,,,,,,,,,,,,,,,,,
2026-03-14 14:00:00+00:00,e1108,Level 11,50.0,Maintenance Soon,50.0,50.0,50.0,50.0,50.0,,,3.2133333333367773,3.1411111111107552,0.072222222226022,,,,,,,,,,,,,,,,,,,,,,,,,,,,,,,,,,,,,,,,,,,,,,,,,,,,,,,,,,,,,,,,,,,,,
2026-03-14 15:00:00+00:00,e1108,Level 11,50.0,Maintenance Soon,50.0,50.0,50.0,50.0,50.0,,,3.0966666666645324,3.1648275862086543,-0.0681609195441219,,,,,,,,,,,,,,,,,,,,,,,,,,,,,,,,,,,,,,,,,,,,,,,,,,,,,,,,,,,,,,,,,,,,,
2026-03-14 16:00:00+00:00,e1108,Level 11,50.0,Maintenance Soon,50.0,50.0,50.0,50.0,50.0,,,3.19068965516999,3.1185057471254063,0.0721839080445838,,,,,,,,,,,,,,,,,,,,,,,,,,,,,,,,,,,,,,,,,,,,,,,,,,,,,,,,,,,,,,,,,,,,,
2026-03-14 17:00:00+00:00,e1108,Level 11,50.0,Maintenance Soon,50.0,50.0,50.0,50.0,50.0,,,3.1659770114965795,3.132222222221268,0.0337547892753113,,,,,,,,,,,,,,,,,,,,,,,,,,,,,,,,,,,,,,,,,,,,,,,,,,,,,,,,,,,,,,,,,,,,,
2026-03-14 18:00:00+00:00,e1108,Level 11,50.0,Maintenance Soon,50.0,50.0,50.0,50.0,50.0,,,3.1433333333334303,3.120000000000194,0.0233333333332361,,,,,,,,,,,,,,,,,,,,,,,,,,,,,,,,,,,,,,,,,,,,,,,,,,,,,,,,,,,,,,,,,,,,,
2026-03-14 19:00:00+00:00,e1108,Level 11,50.0,Maintenance Soon,50.0,50.0,50.0,50.0,50.0,,,3.156666666665842,3.1588888888909423,-0.0022222222251002,,,,,,,,,,,,,,,,,,,,,,,,,,,,,,,,,,,,,,,,,,,,,,,,,,,,,,,,,,,,,,,,,,,,,
2026-03-14 20:00:00+00:00,e1108,Level 11,50.0,Maintenance Soon,50.0,50.0,50.0,50.0,50.0,,,3.173333333335904,3.172222222220929,0.0011111111149753,,,,,,,,,,,,,,,,,,,,,,,,,,,,,,,,,,,,,,,,,,,,,,,,,,,,,,,,,,,,,,,,,,,,,
2026-03-14 21:00:00+00:00,e1108,Level 11,50.0,Maintenance Soon,50.0,50.0,50.0,50.0,50.0,,,3.133333333335031,3.156666666665842,-0.023333333330811,,,,,,,,,,,,,,,,,,,,,,,,,,,,,,,,,,,,,,,,,,,,,,,,,,,,,,,,,,,,,,,,,,,,,
2026-03-14 22:00:00+00:00,e1108,Level 11,50.0,Maintenance Soon,50.0,50.0,50.0,50.0,50.0,,,3.233333333333576,3.163333333332654,0.0700000000009217,,,,,,,,,,,,,,,,,,,,,,,,,,,,,,,,,,,,,,,,,,,,,,,,,,,,,,,,,,,,,,,,,,,,,
2026-03-14 23:00:00+00:00,e1108,Level 11,50.0,Maintenance Soon,50.0,50.0,50.0,50.0,50.0,,,3.0899999999965075,3.0877777777774704,0.0022222222190371,,,,,,,,,,,,,,,,,,,,,,,,,,,,,,,,,,,,,,,,,,,,,,,,,,,,,,,,,,,,,,,,,,,,,
2026-03-15 00:00:00+00:00,e1108,Level 11,50.0,Maintenance Soon,50.0,50.0,50.0,50.0,50.0,,,3.233333333333576,3.192222222222578,0.041111111110998,,,,,,,,,,,,,,,,,,,,,,,,,,,,,,,,,,,,,,,,,,,,,,,,,,,,,,,,,,,,,,,,,,,,,
2026-03-15 01:00:00+00:00,e1108,Level 11,50.0,Maintenance Soon,50.0,50.0,50.0,50.0,50.0,,,3.1066666666665697,3.124444444445544,-0.0177777777789742,,,,,,,,,,,,,,,,,,,,,,,,,,,,,,,,,,,,,,,,,,,,,,,,,,,,,,,,,,,,,,,,,,,,,
2026-03-15 02:00:00+00:00,e1108,Level 11,50.0,Maintenance Soon,50.0,50.0,50.0,50.0,50.0,,,3.1599999999998545,3.092490421456508,0.0675095785433463,,,,,,,,,,,,,,,,,,,,,,,,,,,,,,,,,,,,,,,,,,,,,,,,,,,,,,,,,,,,,,,,,,,,,
2026-03-15 03:00:00+00:00,e1108,Level 11,50.0,Maintenance Soon,50.0,50.0,50.0,50.0,50.0,,,3.196666666666715,3.0675095785433464,0.1291570881233688,,,,,,,,,,,,,,,,,,,,,,,,,,,,,,,,,,,,,,,,,,,,,,,,,,,,,,,,,,,,,,,,,,,,,
2026-03-15 04:00:00+00:00,e1108,Level 11,50.0,Maintenance Soon,50.0,50.0,50.0,50.0,50.0,,,3.086666666666133,3.170000000000679,-0.0833333333345458,,,,,,,,,,,,,,,,,,,,,,,,,,,,,,,,,,,,,,,,,,,,,,,,,,,,,,,,,,,,,,,,,,,,,
2026-03-15 05:00:00+00:00,e1108,Level 11,50.0,Maintenance Soon,50.0,50.0,50.0,50.0,50.0,,,3.1466666666674428,3.116666666667394,0.0300000000000486,,,,,,,,,,,,,,,,,,,,,,,,,,,,,,,,,,,,,,,,,,,,,,,,,,,,,,,,,,,,,,,,,,,,,
2026-03-15 06:00:00+00:00,e1108,Level 11,50.0,Maintenance Soon,50.0,50.0,50.0,50.0,50.0,,,3.1466666666674428,3.099999999998545,0.0466666666688979,,,,,,,,,,,,,,,,,,,,,,,,,,,,,,,,,,,,,,,,,,,,,,,,,,,,,,,,,,,,,,,,,,,,,
2026-03-15 07:00:00+00:00,e1108,Level 11,50.0,Maintenance Soon,50.0,50.0,50.0,50.0,50.0,,,3.1433333333334303,3.123333333332994,0.0200000000004365,,,,,,,,,,,,,,,,,,,,,,,,,,,,,,,,,,,,,,,,,,,,,,,,,,,,,,,,,,,,,,,,,,,,,
2026-03-15 08:00:00+00:00,e1108,Level 11,50.0,Maintenance Soon,50.0,50.0,50.0,50.0,50.0,,,3.133333333331393,3.112222222223257,0.0211111111081359,,,,,,,,,,,,,,,,,,,,,,,,,,,,,,,,,,,,,,,,,,,,,,,,,,,,,,,,,,,,,,,,,,,,,
2026-03-15 09:00:00+00:00,e1108,Level 11,50.0,Maintenance Soon,50.0,50.0,50.0,50.0,50.0,,,3.140000000003056,3.091954022989133,0.0480459770139227,,,,,,,,,,,,,,,,,,,,,,,,,,,,,,,,,,,,,,,,,,,,,,,,,,,,,,,,,,,,,,,,,,,,,
2026-03-15 10:00:00+00:00,e1108,Level 11,50.0,Maintenance Soon,50.0,50.0,50.0,50.0,50.0,,,3.139999999999418,3.100268199234657,0.0397318007647604,,,,,,,,,,,,,,,,,,,,,,,,,,,,,,,,,,,,,,,,,,,,,,,,,,,,,,,,,,,,,,,,,,,,,
2026-03-15 11:00:00+00:00,e1108,Level 11,50.0,Maintenance Soon,50.0,50.0,50.0,50.0,50.0,,,3.1599999999998545,3.1666666666642413,-0.0066666666643868,,,,,,,,,,,,,,,,,,,,,,,,,,,,,,,,,,,,,,,,,,,,,,,,,,,,,,,,,,,,,,,,,,,,,
2026-03-15 12:00:00+00:00,e1108,Level 11,50.0,Maintenance Soon,50.0,50.0,50.0,50.0,50.0,,,3.1299999999973807,3.127777777777131,0.0022222222202494,,,,,,,,,,,,,,,,,,,,,,,,,,,,,,,,,,,,,,,,,,,,,,,,,,,,,,,,,,,,,,,,,,,,,
2026-03-15 13:00:00+00:00,e1108,Level 11,50.0,Maintenance Soon,50.0,50.0,50.0,50.0,50.0,,,3.1466666666674428,3.173333333333479,-0.0266666666660362,,,,,,,,,,,,,,,,,,,,,,,,,,,,,,,,,,,,,,,,,,,,,,,,,,,,,,,,,,,,,,,,,,,,,
2026-03-15 14:00:00+00:00,e1108,Level 11,50.0,Maintenance Soon,50.0,50.0,50.0,50.0,50.0,,,3.173333333335904,3.170000000001892,0.0033333333340124,,,,,,,,,,,,,,,,,,,,,,,,,,,,,,,,,,,,,,,,,,,,,,,,,,,,,,,,,,,,,,,,,,,,,
2026-03-15 15:00:00+00:00,e1108,Level 11,50.0,Maintenance Soon,50.0,50.0,50.0,50.0,50.0,,,3.1199999999989814,3.147383512544669,-0.0273835125456876,,,,,,,,,,,,,,,,,,,,,,,,,,,,,,,,,,,,,,,,,,,,,,,,,,,,,,,,,,,,,,,,,,,,,
2026-03-15 16:00:00+00:00,e1108,Level 11,50.0,Maintenance Soon,50.0,50.0,50.0,50.0,50.0,,,3.1933333333290648,3.1750685947323896,0.0182647385966752,,,,,,,,,,,,,,,,,,,,,,,,,,,,,,,,,,,,,,,,,,,,,,,,,,,,,,,,,,,,,,,,,,,,,
2026-03-15 17:00:00+00:00,e1108,Level 11,50.0,Maintenance Soon,50.0,50.0,50.0,50.0,50.0,,,3.1466666666674428,3.15088122605448,-0.0042145593870372,,,,,,,,,,,,,,,,,,,,,,,,,,,,,,,,,,,,,,,,,,,,,,,,,,,,,,,,,,,,,,,,,,,,,
2026-03-15 18:00:00+00:00,e1108,Level 11,50.0,Maintenance Soon,50.0,50.0,50.0,50.0,50.0,,,3.163333333337505,3.142222222222093,0.0211111111154118,,,,,,,,,,,,,,,,,,,,,,,,,,,,,,,,,,,,,,,,,,,,,,,,,,,,,,,,,,,,,,,,,,,,,
2026-03-15 19:00:00+00:00,e1108,Level 11,50.0,Maintenance Soon,50.0,50.0,50.0,50.0,50.0,,,3.183333333330665,3.164444444443992,0.0188888888866736,,,,,,,,,,,,,,,,,,,,,,,,,,,,,,,,,,,,,,,,,,,,,,,,,,,,,,,,,,,,,,,,,,,,,
2026-03-15 20:00:00+00:00,e1108,Level 11,50.0,Maintenance Soon,50.0,50.0,50.0,50.0,50.0,,,3.1533333333318296,3.154444444446805,-0.0011111111149753,,,,,,,,,,,,,,,,,,,,,,,,,,,,,,,,,,,,,,,,,,,,,,,,,,,,,,,,,,,,,,,,,,,,,
2026-03-15 21:00:00+00:00,e1108,Level 11,50.0,Maintenance Soon,50.0,50.0,50.0,50.0,50.0,,,3.15666666666948,3.147777777777568,0.0088888888919123,,,,,,,,,,,,,,,,,,,,,,,,,,,,,,,,,,,,,,,,,,,,,,,,,,,,,,,,,,,,,,,,,,,,,
2026-03-15 22:00:00+00:00,e1108,Level 11,50.0,Maintenance Soon,50.0,50.0,50.0,50.0,50.0,,,3.16666666666788,3.1236398467432687,0.0430268199246106,,,,,,,,,,,,,,,,,,,,,,,,,,,,,,,,,,,,,,,,,,,,,,,,,,,,,,,,,,,,,,,,,,,,,
2026-03-15 23:00:00+00:00,e1108,Level 11,50.0,Maintenance Soon,50.0,50.0,50.0,50.0,50.0,,,3.1599999999962165,3.1377221604234364,0.02227783957278,,,,,,,,,,,,,,,,,,,,,,,,,,,,,,,,,,,,,,,,,,,,,,,,,,,,,,,,,,,,,,,,,,,,,
2026-03-16 00:00:00+00:00,e1108,Level 11,50.0,Maintenance Soon,50.0,50.0,50.0,50.0,50.0,,,3.1199999999989814,3.1730824372765105,-0.0530824372775291,,,,,,,,,,,,,,,,,,,,,,,,,,,,,,,,,,,,,,,,,,,,,,,,,,,,,,,,,,,,,,,,,,,,,
2026-03-16 01:00:00+00:00,e1108,Level 11,50.0,Maintenance Soon,50.0,50.0,50.0,50.0,50.0,,,3.150000000001455,3.1099999999993693,0.0400000000020859,,,,,,,,,,,,,,,,,,,,,,,,,,,,,,,,,,,,,,,,,,,,,,,,,,,,,,,,,,,,,,,,,,,,,
2026-03-16 02:00:00+00:00,e1108,Level 11,50.0,Maintenance Soon,50.0,50.0,50.0,50.0,50.0,,,3.130000000001018,3.122183908046281,0.0078160919547372,,,,,,,,,,,,,,,,,,,,,,,,,,,,,,,,,,,,,,,,,,,,,,,,,,,,,,,,,,,,,,,,,,,,,
2026-03-16 03:00:00+00:00,e1108,Level 11,50.0,Maintenance Soon,50.0,50.0,50.0,50.0,50.0,,,3.110000000000582,3.092339901479136,0.0176600985214463,,,,,,,,,,,,,,,,,,,,,,,,,,,,,,,,,,,,,,,,,,,,,,,,,,,,,,,,,,,,,,,,,,,,,
2026-03-16 04:00:00+00:00,e1108,Level 11,50.0,Maintenance Soon,50.0,50.0,50.0,50.0,50.0,,,3.126666666667006,3.134999999999612,-0.0083333333326058,,,,,,,,,,,,,,,,,,,,,,,,,,,,,,,,,,,,,,,,,,,,,,,,,,,,,,,,,,,,,,,,,,,,,
2026-03-16 05:00:00+00:00,e1108,Level 11,50.0,Maintenance Soon,50.0,50.0,50.0,50.0,50.0,,,3.133333333331393,3.090440348182407,0.042892985148986,,,,,,,,,,,,,,,,,,,,,,,,,,,,,,,,,,,,,,,,,,,,,,,,,,,,,,,,,,,,,,,,,,,,,
2026-03-16 06:00:00+00:00,e1108,Level 11,50.0,Maintenance Soon,50.0,50.0,50.0,50.0,50.0,,,3.130000000001018,3.154480286739272,-0.0244802867382532,,,,,,,,,,,,,,,,,,,,,,,,,,,,,,,,,,,,,,,,,,,,,,,,,,,,,,,,,,,,,,,,,,,,,
2026-03-16 07:00:00+00:00,e1108,Level 11,50.0,Maintenance Soon,50.0,50.0,50.0,50.0,50.0,,,3.123333333336632,3.094365079364555,0.0289682539720765,,,,,,,,,,,,,,,,,,,,,,,,,,,,,,,,,,,,,,,,,,,,,,,,,,,,,,,,,,,,,,,,,,,,,
2026-03-16 08:00:00+00:00,e1108,Level 11,50.0,Maintenance Soon,50.0,50.0,50.0,50.0,50.0,,,3.109999999996944,3.078968253967711,0.031031746029233,,,,,,,,,,,,,,,,,,,,,,,,,,,,,,,,,,,,,,,,,,,,,,,,,,,,,,,,,,,,,,,,,,,,,
2026-03-16 09:00:00+00:00,e1108,Level 11,50.0,Maintenance Soon,50.0,50.0,50.0,50.0,50.0,,,3.133333333331393,3.13322580645278,0.000107526878613,,,,,,,,,,,,,,,,,,,,,,,,,,,,,,,,,,,,,,,,,,,,,,,,,,,,,,,,,,,,,,,,,,,,,
2026-03-16 10:00:00+00:00,e1108,Level 11,50.0,Maintenance Soon,50.0,50.0,50.0,50.0,50.0,,,3.163333333337505,3.142789519218544,0.0205438141189611,,,,,,,,,,,,,,,,,,,,,,,,,,,,,,,,,,,,,,,,,,,,,,,,,,,,,,,,,,,,,,,,,,,,,
2026-03-16 11:00:00+00:00,e1108,Level 11,50.0,Maintenance Soon,50.0,50.0,50.0,50.0,50.0,,,3.203333333331102,3.112873563217969,0.0904597701131328,,,,,,,,,,,,,,,,,,,,,,,,,,,,,,,,,,,,,,,,,,,,,,,,,,,,,,,,,,,,,,,,,,,,,
2026-03-16 12:00:00+00:00,e1108,Level 11,50.0,Maintenance Soon,50.0,50.0,50.0,50.0,50.0,,,3.1199999999989814,3.2166666666647266,-0.0966666666657452,,,,,,,,,,,,,,,,,,,,,,,,,,,,,,,,,,,,,,,,,,,,,,,,,,,,,,,,,,,,,,,,,,,,,
2026-03-16 13:00:00+00:00,e1108,Level 11,50.0,Maintenance Soon,50.0,50.0,50.0,50.0,50.0,,,3.2502298850595253,3.123984674331344,0.126245210728181,,,,,,,,,,,,,,,,,,,,,,,,,,,,,,,,,,,,,,,,,,,,,,,,,,,,,,,,,,,,,,,,,,,,,
2026-03-16 14:00:00+00:00,e1108,Level 11,50.0,Maintenance Soon,50.0,50.0,50.0,50.0,50.0,,,3.053103448277397,3.1471264367816425,-0.0940229885042449,,,,,,,,,,,,,,,,,,,,,,,,,,,,,,,,,,,,,,,,,,,,,,,,,,,,,,,,,,,,,,,,,,,,,
2026-03-16 15:00:00+00:00,e1108,Level 11,50.0,Maintenance Soon,50.0,50.0,50.0,50.0,50.0,,,3.186666666664678,3.162988505747004,0.0236781609176737,,,,,,,,,,,,,,,,,,,,,,,,,,,,,,,,,,,,,,,,,,,,,,,,,,,,,,,,,,,,,,,,,,,,,
2026-03-16 16:00:00+00:00,e1108,Level 11,50.0,Maintenance Soon,50.0,50.0,50.0,50.0,50.0,,,3.180000000000291,3.148122605360792,0.031877394639499,,,,,,,,,,,,,,,,,,,,,,,,,,,,,,,,,,,,,,,,,,,,,,,,,,,,,,,,,,,,,,,,,,,,,
2026-03-16 17:00:00+00:00,e1108,Level 11,50.0,Maintenance Soon,50.0,50.0,50.0,50.0,50.0,,,3.1199999999989814,3.1222222222252944,-0.002222222226313,,,,,,,,,,,,,,,,,,,,,,,,,,,,,,,,,,,,,,,,,,,,,,,,,,,,,,,,,,,,,,,,,,,,,
2026-03-16 18:00:00+00:00,e1108,Level 11,50.0,Maintenance Soon,50.0,50.0,50.0,50.0,50.0,,,3.20333333333474,3.172222222222141,0.0311111111125987,,,,,,,,,,,,,,,,,,,,,,,,,,,,,,,,,,,,,,,,,,,,,,,,,,,,,,,,,,,,,,,,,,,,,
2026-03-16 19:00:00+00:00,e1108,Level 11,50.0,Maintenance Soon,50.0,50.0,50.0,50.0,50.0,,,3.1766666666662786,3.1533333333330424,0.0233333333332361,,,,,,,,,,,,,,,,,,,,,,,,,,,,,,,,,,,,,,,,,,,,,,,,,,,,,,,,,,,,,,,,,,,,,
2026-03-16 20:00:00+00:00,e1108,Level 11,50.0,Maintenance Soon,50.0,50.0,50.0,50.0,50.0,,,3.156666666665842,3.147777777776355,0.0088888888894871,,,,,,,,,,,,,,,,,,,,,,,,,,,,,,,,,,,,,,,,,,,,,,,,,,,,,,,,,,,,,,,,,,,,,
2026-03-16 21:00:00+00:00,e1108,Level 11,50.0,Maintenance Soon,50.0,50.0,50.0,50.0,50.0,,,3.110000000000582,3.150000000002668,-0.0400000000020859,,,,,,,,,,,,,,,,,,,,,,,,,,,,,,,,,,,,,,,,,,,,,,,,,,,,,,,,,,,,,,,,,,,,,
2026-03-16 22:00:00+00:00,e1108,Level 11,50.0,Maintenance Soon,50.0,50.0,50.0,50.0,50.0,,,3.146666666663805,3.164444444442779,-0.0177777777789742,,,,,,,,,,,,,,,,,,,,,,,,,,,,,,,,,,,,,,,,,,,,,,,,,,,,,,,,,,,,,,,,,,,,,
2026-03-16 23:00:00+00:00,e1108,Level 11,50.0,Maintenance Soon,50.0,50.0,50.0,50.0,50.0,,,3.15666666666948,3.129999999999806,0.0266666666696742,,,,,,,,,,,,,,,,,,,,,,,,,,,,,,,,,,,,,,,,,,,,,,,,,,,,,,,,,,,,,,,,,,,,,
2026-03-17 00:00:00+00:00,e1108,Level 11,50.0,Maintenance Soon,50.0,50.0,50.0,50.0,50.0,,,3.136666666665405,3.1166666666661818,0.0199999999992237,,,,,,,,,,,,,,,,,,,,,,,,,,,,,,,,,,,,,,,,,,,,,,,,,,,,,,,,,,,,,,,,,,,,,
2026-03-17 01:00:00+00:00,e1108,Level 11,50.0,Maintenance Soon,50.0,50.0,50.0,50.0,50.0,,,3.1066666666665697,3.10777777777912,-0.0011111111125501,,,,,,,,,,,,,,,,,,,,,,,,,,,,,,,,,,,,,,,,,,,,,,,,,,,,,,,,,,,,,,,,,,,,,
2026-03-17 02:00:00+00:00,e1108,Level 11,50.0,Maintenance Soon,50.0,50.0,50.0,50.0,50.0,,,3.1599999999998545,3.1244444444431188,0.0355555555567357,,,,,,,,,,,,,,,,,,,,,,,,,,,,,,,,,,,,,,,,,,,,,,,,,,,,,,,,,,,,,,,,,,,,,
2026-03-17 03:00:00+00:00,e1108,Level 11,50.0,Maintenance Soon,50.0,50.0,50.0,50.0,50.0,,,3.086666666666133,3.0733333333337214,0.0133333333324117,,,,,,,,,,,,,,,,,,,,,,,,,,,,,,,,,,,,,,,,,,,,,,,,,,,,,,,,,,,,,,,,,,,,,
2026-03-17 04:00:00+00:00,e1108,Level 11,50.0,Maintenance Soon,50.0,50.0,50.0,50.0,50.0,,,3.106666666670208,2.6850000000013097,0.4216666666688979,,,,,,,,,,,,,,,,,,,,,,,,,,,,,,,,,,,,,,,,,,,,,,,,,,,,,,,,,,,,,,,,,,,,,
2026-03-17 05:00:00+00:00,e1108,Level 11,50.0,Maintenance Soon,50.0,50.0,50.0,50.0,50.0,,,3.1933333333327028,2.0988888888872075,1.0944444444454953,,,,,,,,,,,,,,,,,,,,,,,,,,,,,,,,,,,,,,,,,,,,,,,,,,,,,,,,,,,,,,,,,,,,,
2026-03-17 06:00:00+00:00,e1108,Level 11,50.0,Maintenance Soon,50.0,50.0,50.0,50.0,50.0,,,3.093333333334158,4.981666666668995,-1.888333333334837,,,,,,,,,,,,,,,,,,,,,,,,,,,,,,,,,,,,,,,,,,,,,,,,,,,,,,,,,,,,,,,,,,,,,
2026-03-17 07:00:00+00:00,e1108,Level 11,50.0,Maintenance Soon,50.0,50.0,50.0,50.0,50.0,,,3.1466666666674428,2.748007662835638,0.3986590038318049,,,,,,,,,,,,,,,,,,,,,,,,,,,,,,,,,,,,,,,,,,,,,,,,,,,,,,,,,,,,,,,,,,,,,
2026-03-17 08:00:00+00:00,e1108,Level 11,50.0,Maintenance Soon,50.0,50.0,50.0,50.0,50.0,,,3.1299999999973807,3.095325670497308,0.0346743295000728,,,,,,,,,,,,,,,,,,,,,,,,,,,,,,,,,,,,,,,,,,,,,,,,,,,,,,,,,,,,,,,,,,,,,
2026-03-17 09:00:00+00:00,e1108,Level 11,50.0,Maintenance Soon,50.0,50.0,50.0,50.0,50.0,,,3.029999999998836,3.095517241376607,-0.0655172413777713,,,,,,,,,,,,,,,,,,,,,,,,,,,,,,,,,,,,,,,,,,,,,,,,,,,,,,,,,,,,,,,,,,,,,
2026-03-17 10:00:00+00:00,e1108,Level 11,50.0,Maintenance Soon,50.0,50.0,50.0,50.0,50.0,,,3.210000000002765,3.152941539984264,0.0570584600185006,,,,,,,,,,,,,,,,,,,,,,,,,,,,,,,,,,,,,,,,,,,,,,,,,,,,,,,,,,,,,,,,,,,,,
2026-03-17 11:00:00+00:00,e1108,Level 11,50.0,Maintenance Soon,50.0,50.0,50.0,50.0,50.0,,,3.126666666663368,3.182652329749544,-0.0559856630861759,,,,,,,,,,,,,,,,,,,,,,,,,,,,,,,,,,,,,,,,,,,,,,,,,,,,,,,,,,,,,,,,,,,,,
2026-03-17 12:00:00+00:00,e1108,Level 11,50.0,Maintenance Soon,50.0,50.0,50.0,50.0,50.0,,,3.130000000001018,3.126666666667006,0.0033333333340124,,,,,,,,,,,,,,,,,,,,,,,,,,,,,,,,,,,,,,,,,,,,,,,,,,,,,,,,,,,,,,,,,,,,,
2026-03-17 13:00:00+00:00,e1108,Level 11,50.0,Maintenance Soon,50.0,50.0,50.0,50.0,50.0,,,3.21333333333314,3.172183908045554,0.0411494252875854,,,,,,,,,,,,,,,,,,,,,,,,,,,,,,,,,,,,,,,,,,,,,,,,,,,,,,,,,,,,,,,,,,,,,
2026-03-17 14:00:00+00:00,e1108,Level 11,50.0,Maintenance Soon,50.0,50.0,50.0,50.0,50.0,,,3.086666666666133,3.119644048945096,-0.0329773822789625,,,,,,,,,,,,,,,,,,,,,,,,,,,,,,,,,,,,,,,,,,,,,,,,,,,,,,,,,,,,,,,,,,,,,
2026-03-17 15:00:00+00:00,e1108,Level 11,50.0,Maintenance Soon,50.0,50.0,50.0,50.0,50.0,,,3.173333333335904,3.1940724261500386,-0.0207390928141344,,,,,,,,,,,,,,,,,,,,,,,,,,,,,,,,,,,,,,,,,,,,,,,,,,,,,,,,,,,,,,,,,,,,,
2026-03-17 16:00:00+00:00,e1108,Level 11,50.0,Maintenance Soon,50.0,50.0,50.0,50.0,50.0,,,3.1133333333309565,3.1440996168591178,-0.0307662835281612,,,,,,,,,,,,,,,,,,,,,,,,,,,,,,,,,,,,,,,,,,,,,,,,,,,,,,,,,,,,,,,,,,,,,
2026-03-17 17:00:00+00:00,e1108,Level 11,50.0,Maintenance Soon,50.0,50.0,50.0,50.0,50.0,,,3.153333333335468,3.120000000000194,0.0333333333352734,,,,,,,,,,,,,,,,,,,,,,,,,,,,,,,,,,,,,,,,,,,,,,,,,,,,,,,,,,,,,,,,,,,,,
2026-03-17 18:00:00+00:00,e1108,Level 11,50.0,Maintenance Soon,50.0,50.0,50.0,50.0,50.0,,,3.1533333333318296,3.151954022988017,0.0013793103438124,,,,,,,,,,,,,,,,,,,,,,,,,,,,,,,,,,,,,,,,,,,,,,,,,,,,,,,,,,,,,,,,,,,,,
2026-03-17 19:00:00+00:00,e1108,Level 11,50.0,Maintenance Soon,50.0,50.0,50.0,50.0,50.0,,,3.1766666666662786,3.15026819923393,0.0263984674323487,,,,,,,,,,,,,,,,,,,,,,,,,,,,,,,,,,,,,,,,,,,,,,,,,,,,,,,,,,,,,,,,,,,,,
2026-03-17 20:00:00+00:00,e1108,Level 11,50.0,Maintenance Soon,50.0,50.0,50.0,50.0,50.0,,,3.223333333335177,3.158888888888517,0.0644444444466594,,,,,,,,,,,,,,,,,,,,,,,,,,,,,,,,,,,,,,,,,,,,,,,,,,,,,,,,,,,,,,,,,,,,,
2026-03-17 21:00:00+00:00,e1108,Level 11,50.0,Maintenance Soon,50.0,50.0,50.0,50.0,50.0,,,3.090000000000145,3.1066666666665697,-0.0166666666664241,,,,,,,,,,,,,,,,,,,,,,,,,,,,,,,,,,,,,,,,,,,,,,,,,,,,,,,,,,,,,,,,,,,,,
2026-03-17 22:00:00+00:00,e1108,Level 11,50.0,Maintenance Soon,50.0,50.0,50.0,50.0,50.0,,,3.123333333332994,3.173333333332266,-0.0499999999992724,,,,,,,,,,,,,,,,,,,,,,,,,,,,,,,,,,,,,,,,,,,,,,,,,,,,,,,,,,,,,,,,,,,,,
2026-03-17 23:00:00+00:00,e1108,Level 11,50.0,Maintenance Soon,50.0,50.0,50.0,50.0,50.0,,,3.196666666663077,3.1488888888913302,0.0477777777717469,,,,,,,,,,,,,,,,,,,,,,,,,,,,,,,,,,,,,,,,,,,,,,,,,,,,,,,,,,,,,,,,,,,,,
2026-03-18 00:00:00+00:00,e1108,Level 11,50.0,Maintenance Soon,50.0,50.0,50.0,50.0,50.0,,,3.116666666668607,3.0933333333317328,0.0233333333368741,,,,,,,,,,,,,,,,,,,,,,,,,,,,,,,,,,,,,,,,,,,,,,,,,,,,,,,,,,,,,,,,,,,,,
2026-03-18 01:00:00+00:00,e1108,Level 11,50.0,Maintenance Soon,50.0,50.0,50.0,50.0,50.0,,,3.12000000000262,3.14666666666623,-0.0266666666636106,,,,,,,,,,,,,,,,,,,,,,,,,,,,,,,,,,,,,,,,,,,,,,,,,,,,,,,,,,,,,,,,,,,,,
2026-03-18 02:00:00+00:00,e1108,Level 11,50.0,Maintenance Soon,50.0,50.0,50.0,50.0,50.0,,,3.1133333333309565,3.1313261648744324,-0.0179928315434758,,,,,,,,,,,,,,,,,,,,,,,,,,,,,,,,,,,,,,,,,,,,,,,,,,,,,,,,,,,,,,,,,,,,,
2026-03-18 03:00:00+00:00,e1108,Level 11,50.0,Maintenance Soon,50.0,50.0,50.0,50.0,50.0,,,3.170000000001892,3.098865406006856,0.0711345939950356,,,,,,,,,,,,,,,,,,,,,,,,,,,,,,,,,,,,,,,,,,,,,,,,,,,,,,,,,,,,,,,,,,,,,
2026-03-18 04:00:00+00:00,e1108,Level 11,50.0,Maintenance Soon,50.0,50.0,50.0,50.0,50.0,,,3.116666666668607,3.125363984675156,-0.0086973180065492,,,,,,,,,,,,,,,,,,,,,,,,,,,,,,,,,,,,,,,,,,,,,,,,,,,,,,,,,,,,,,,,,,,,,
2026-03-18 05:00:00+00:00,e1108,Level 11,50.0,Maintenance Soon,50.0,50.0,50.0,50.0,50.0,,,3.1299999999973807,3.1388888888905058,-0.0088888888931251,,,,,,,,,,,,,,,,,,,,,,,,,,,,,,,,,,,,,,,,,,,,,,,,,,,,,,,,,,,,,,,,,,,,,
2026-03-18 06:00:00+00:00,e1108,Level 11,50.0,Maintenance Soon,50.0,50.0,50.0,50.0,50.0,,,3.133333333331393,3.0988888888872075,0.0344444444441855,,,,,,,,,,,,,,,,,,,,,,,,,,,,,,,,,,,,,,,,,,,,,,,,,,,,,,,,,,,,,,,,,,,,,
2026-03-18 07:00:00+00:00,e1108,Level 11,50.0,Maintenance Soon,50.0,50.0,50.0,50.0,50.0,,,3.1000000000058208,3.126666666668219,-0.0266666666623982,,,,,,,,,,,,,,,,,,,,,,,,,,,,,,,,,,,,,,,,,,,,,,,,,,,,,,,,,,,,,,,,,,,,,
2026-03-18 08:00:00+00:00,e1108,Level 11,50.0,Maintenance Soon,50.0,50.0,50.0,50.0,50.0,,,3.109999999993306,3.107816091952069,0.0021839080412369,,,,,,,,,,,,,,,,,,,,,,,,,,,,,,,,,,,,,,,,,,,,,,,,,,,,,,,,,,,,,,,,,,,,,
2026-03-18 09:00:00+00:00,e1108,Level 11,50.0,Maintenance Soon,50.0,50.0,50.0,50.0,50.0,,,3.1600000000034925,3.087739463600883,0.0722605364026094,,,,,,,,,,,,,,,,,,,,,,,,,,,,,,,,,,,,,,,,,,,,,,,,,,,,,,,,,,,,,,,,,,,,,
2026-03-18 10:00:00+00:00,e1108,Level 11,50.0,Maintenance Soon,50.0,50.0,50.0,50.0,50.0,,,3.099999999998545,3.194444444445253,-0.094444444446708,,,,,,,,,,,,,,,,,,,,,,,,,,,,,,,,,,,,,,,,,,,,,,,,,,,,,,,,,,,,,,,,,,,,,
2026-03-18 11:00:00+00:00,e1108,Level 11,50.0,Maintenance Soon,50.0,50.0,50.0,50.0,50.0,,,3.133333333338669,3.103295019157182,0.0300383141814868,,,,,,,,,,,,,,,,,,,,,,,,,,,,,,,,,,,,,,,,,,,,,,,,,,,,,,,,,,,,,,,,,,,,,
2026-03-18 12:00:00+00:00,e1108,Level 11,50.0,Maintenance Soon,50.0,50.0,50.0,50.0,50.0,,,3.2399999999979627,3.137493511310216,0.1025064886877467,,,,,,,,,,,,,,,,,,,,,,,,,,,,,,,,,,,,,,,,,,,,,,,,,,,,,,,,,,,,,,,,,,,,,
2026-03-18 13:00:00+00:00,e1108,Level 11,50.0,Maintenance Soon,50.0,50.0,50.0,50.0,50.0,,,3.209999999999127,3.184767025087543,0.0252329749115838,,,,,,,,,,,,,,,,,,,,,,,,,,,,,,,,,,,,,,,,,,,,,,,,,,,,,,,,,,,,,,,,,,,,,
2026-03-18 14:00:00+00:00,e1108,Level 11,50.0,Maintenance Soon,50.0,50.0,50.0,50.0,50.0,,,3.0500000000029104,3.1277777777795563,-0.0777777777766459,,,,,,,,,,,,,,,,,,,,,,,,,,,,,,,,,,,,,,,,,,,,,,,,,,,,,,,,,,,,,,,,,,,,,
2026-03-18 15:00:00+00:00,e1108,Level 11,50.0,Maintenance Soon,50.0,50.0,50.0,50.0,50.0,,,3.1899999999950523,3.1500000000002424,0.0399999999948099,,,,,,,,,,,,,,,,,,,,,,,,,,,,,,,,,,,,,,,,,,,,,,,,,,,,,,,,,,,,,,,,,,,,,
2026-03-18 16:00:00+00:00,e1108,Level 11,50.0,Maintenance Soon,50.0,50.0,50.0,50.0,50.0,,,3.223333333335177,3.1522222222217047,0.0711111111134719,,,,,,,,,,,,,,,,,,,,,,,,,,,,,,,,,,,,,,,,,,,,,,,,,,,,,,,,,,,,,,,,,,,,,
2026-03-18 17:00:00+00:00,e1108,Level 11,50.0,Maintenance Soon,50.0,50.0,50.0,50.0,50.0,,,3.1466666666674428,3.134265232975546,0.0124014336918967,,,,,,,,,,,,,,,,,,,,,,,,,,,,,,,,,,,,,,,,,,,,,,,,,,,,,,,,,,,,,,,,,,,,,
2026-03-18 18:00:00+00:00,e1108,Level 11,50.0,Maintenance Soon,50.0,50.0,50.0,50.0,50.0,,,3.153333333328192,3.1646236559123886,-0.0112903225841969,,,,,,,,,,,,,,,,,,,,,,,,,,,,,,,,,,,,,,,,,,,,,,,,,,,,,,,,,,,,,,,,,,,,,
2026-03-18 19:00:00+00:00,e1108,Level 11,50.0,Maintenance Soon,50.0,50.0,50.0,50.0,50.0,,,3.1700000000055297,3.163333333332654,0.0066666666728756,,,,,,,,,,,,,,,,,,,,,,,,,,,,,,,,,,,,,,,,,,,,,,,,,,,,,,,,,,,,,,,,,,,,,
2026-03-18 20:00:00+00:00,e1108,Level 11,50.0,Maintenance Soon,50.0,50.0,50.0,50.0,50.0,,,3.126666666663368,3.173333333334692,-0.0466666666713231,,,,,,,,,,,,,,,,,,,,,,,,,,,,,,,,,,,,,,,,,,,,,,,,,,,,,,,,,,,,,,,,,,,,,
2026-03-18 21:00:00+00:00,e1108,Level 11,50.0,Maintenance Soon,50.0,50.0,50.0,50.0,50.0,,,3.2300000000032014,3.115747126436569,0.1142528735666323,,,,,,,,,,,,,,,,,,,,,,,,,,,,,,,,,,,,,,,,,,,,,,,,,,,,,,,,,,,,,,,,,,,,,
2026-03-18 22:00:00+00:00,e1108,Level 11,50.0,Maintenance Soon,50.0,50.0,50.0,50.0,50.0,,,3.126666666663368,3.112030651341532,0.0146360153218361,,,,,,,,,,,,,,,,,,,,,,,,,,,,,,,,,,,,,,,,,,,,,,,,,,,,,,,,,,,,,,,,,,,,,
2026-03-18 23:00:00+00:00,e1108,Level 11,50.0,Maintenance Soon,50.0,50.0,50.0,50.0,50.0,,,3.103333333332557,3.172222222219716,-0.0688888888871588,,,,,,,,,,,,,,,,,,,,,,,,,,,,,,,,,,,,,,,,,,,,,,,,,,,,,,,,,,,,,,,,,,,,,
2026-03-19 00:00:00+00:00,e1108,Level 11,50.0,Maintenance Soon,50.0,50.0,50.0,50.0,50.0,,,3.15666666666948,3.112222222224469,0.0444444444450105,,,,,,,,,,,,,,,,,,,,,,,,,,,,,,,,,,,,,,,,,,,,,,,,,,,,,,,,,,,,,,,,,,,,,
2026-03-19 01:00:00+00:00,e1108,Level 11,50.0,Maintenance Soon,50.0,50.0,50.0,50.0,50.0,,,3.139999999999418,3.1211111111115315,0.0188888888878864,,,,,,,,,,,,,,,,,,,,,,,,,,,,,,,,,,,,,,,,,,,,,,,,,,,,,,,,,,,,,,,,,,,,,
2026-03-19 02:00:00+00:00,e1108,Level 11,50.0,Maintenance Soon,50.0,50.0,50.0,50.0,50.0,,,3.139999999999418,3.175321637426047,-0.0353216374266289,,,,,,,,,,,,,,,,,,,,,,,,,,,,,,,,,,,,,,,,,,,,,,,,,,,,,,,,,,,,,,,,,,,,,
2026-03-19 03:00:00+00:00,e1108,Level 11,50.0,Maintenance Soon,50.0,50.0,50.0,50.0,50.0,,,3.103333333332557,3.062839282115116,0.0404940512174412,,,,,,,,,,,,,,,,,,,,,,,,,,,,,,,,,,,,,,,,,,,,,,,,,,,,,,,,,,,,,,,,,,,,,
2026-03-19 04:00:00+00:00,e1108,Level 11,50.0,Maintenance Soon,50.0,50.0,50.0,50.0,50.0,,,3.1699999999982538,3.124061302680881,0.0459386973173727,,,,,,,,,,,,,,,,,,,,,,,,,,,,,,,,,,,,,,,,,,,,,,,,,,,,,,,,,,,,,,,,,,,,,
2026-03-19 05:00:00+00:00,e1108,Level 11,50.0,Maintenance Soon,50.0,50.0,50.0,50.0,50.0,,,3.116666666668607,3.1133333333333817,0.0033333333352252,,,,,,,,,,,,,,,,,,,,,,,,,,,,,,,,,,,,,,,,,,,,,,,,,,,,,,,,,,,,,,,,,,,,,
2026-03-19 06:00:00+00:00,e1108,Level 11,50.0,Maintenance Soon,50.0,50.0,50.0,50.0,50.0,,,3.0566666666709352,3.128888888887256,-0.0722222222163204,,,,,,,,,,,,,,,,,,,,,,,,,,,,,,,,,,,,,,,,,,,,,,,,,,,,,,,,,,,,,,,,,,,,,
2026-03-19 07:00:00+00:00,e1108,Level 11,50.0,Maintenance Soon,50.0,50.0,50.0,50.0,50.0,,,3.153333333328192,3.10777777777912,0.0455555555490718,,,,,,,,,,,,,,,,,,,,,,,,,,,,,,,,,,,,,,,,,,,,,,,,,,,,,,,,,,,,,,,,,,,,,
2026-03-19 08:00:00+00:00,e1108,Level 11,50.0,Maintenance Soon,50.0,50.0,50.0,50.0,50.0,,,3.1699999999982538,3.0744444444438463,0.0955555555544074,,,,,,,,,,,,,,,,,,,,,,,,,,,,,,,,,,,,,,,,,,,,,,,,,,,,,,,,,,,,,,,,,,,,,
2026-03-19 09:00:00+00:00,e1108,Level 11,50.0,Maintenance Soon,50.0,50.0,50.0,50.0,50.0,,,3.06333333333896,3.158888888889729,-0.0955555555507694,,,,,,,,,,,,,,,,,,,,,,,,,,,,,,,,,,,,,,,,,,,,,,,,,,,,,,,,,,,,,,,,,,,,,
2026-03-19 10:00:00+00:00,e1108,Level 11,50.0,Maintenance Soon,50.0,50.0,50.0,50.0,50.0,,,3.196666666663077,3.0811111111106584,0.1155555555524188,,,,,,,,,,,,,,,,,,,,,,,,,,,,,,,,,,,,,,,,,,,,,,,,,,,,,,,,,,,,,,,,,,,,,
2026-03-19 11:00:00+00:00,e1108,Level 11,50.0,Maintenance Soon,50.0,50.0,50.0,50.0,50.0,,,3.1666666666715173,3.16666666666788,3.637978807091713e-12,,,,,,,,,,,,,,,,,,,,,,,,,,,,,,,,,,,,,,,,,,,,,,,,,,,,,,,,,,,,,,,,,,,,,
2026-03-19 12:00:00+00:00,e1108,Level 11,50.0,Maintenance Soon,50.0,50.0,50.0,50.0,50.0,,,3.229999999995925,3.14777777777878,0.0822222222171453,,,,,,,,,,,,,,,,,,,,,,,,,,,,,,,,,,,,,,,,,,,,,,,,,,,,,,,,,,,,,,,,,,,,,
2026-03-19 13:00:00+00:00,e1108,Level 11,50.0,Maintenance Soon,50.0,50.0,50.0,50.0,50.0,,,3.139999999999418,3.174444444442391,-0.0344444444429732,,,,,,,,,,,,,,,,,,,,,,,,,,,,,,,,,,,,,,,,,,,,,,,,,,,,,,,,,,,,,,,,,,,,,
2026-03-19 14:00:00+00:00,e1108,Level 11,50.0,Maintenance Soon,50.0,50.0,50.0,50.0,50.0,,,3.1133333333345945,3.114444444445932,-0.0011111111113373,,,,,,,,,,,,,,,,,,,,,,,,,,,,,,,,,,,,,,,,,,,,,,,,,,,,,,,,,,,,,,,,,,,,,
2026-03-19 15:00:00+00:00,e1108,Level 11,50.0,Maintenance Soon,50.0,50.0,50.0,50.0,50.0,,,3.2599999999947613,3.155555555553292,0.1044444444414693,,,,,,,,,,,,,,,,,,,,,,,,,,,,,,,,,,,,,,,,,,,,,,,,,,,,,,,,,,,,,,,,,,,,,
2026-03-19 16:00:00+00:00,e1108,Level 11,50.0,Maintenance Soon,50.0,50.0,50.0,50.0,50.0,,,3.0833333333357587,3.180000000001504,-0.0966666666657452,,,,,,,,,,,,,,,,,,,,,,,,,,,,,,,,,,,,,,,,,,,,,,,,,,,,,,,,,,,,,,,,,,,,,
2026-03-19 17:00:00+00:00,e1108,Level 11,50.0,Maintenance Soon,50.0,50.0,50.0,50.0,50.0,,,3.21333333333314,3.1355555555552805,0.0777777777778587,,,,,,,,,,,,,,,,,,,,,,,,,,,,,,,,,,,,,,,,,,,,,,,,,,,,,,,,,,,,,,,,,,,,,
2026-03-19 18:00:00+00:00,e1108,Level 11,50.0,Maintenance Soon,50.0,50.0,50.0,50.0,50.0,,,3.173333333339542,3.14555555555368,0.0277777777858623,,,,,,,,,,,,,,,,,,,,,,,,,,,,,,,,,,,,,,,,,,,,,,,,,,,,,,,,,,,,,,,,,,,,,
2026-03-19 19:00:00+00:00,e1108,Level 11,50.0,Maintenance Soon,50.0,50.0,50.0,50.0,50.0,,,3.109999999993306,3.132222222224906,-0.0222222222315999,,,,,,,,,,,,,,,,,,,,,,,,,,,,,,,,,,,,,,,,,,,,,,,,,,,,,,,,,,,,,,,,,,,,,
2026-03-19 20:00:00+00:00,e1108,Level 11,50.0,Maintenance Soon,50.0,50.0,50.0,50.0,50.0,,,3.2300000000032014,3.14999999999903,0.0800000000041714,,,,,,,,,,,,,,,,,,,,,,,,,,,,,,,,,,,,,,,,,,,,,,,,,,,,,,,,,,,,,,,,,,,,,
2026-03-19 21:00:00+00:00,e1108,Level 11,50.0,Maintenance Soon,50.0,50.0,50.0,50.0,50.0,,,3.1133333333345945,3.1911111111112405,-0.0777777777766459,,,,,,,,,,,,,,,,,,,,,,,,,,,,,,,,,,,,,,,,,,,,,,,,,,,,,,,,,,,,,,,,,,,,,
2026-03-19 22:00:00+00:00,e1108,Level 11,50.0,Maintenance Soon,50.0,50.0,50.0,50.0,50.0,,,3.203333333331102,3.115555555556057,0.0877777777750452,,,,,,,,,,,,,,,,,,,,,,,,,,,,,,,,,,,,,,,,,,,,,,,,,,,,,,,,,,,,,,,,,,,,,
2026-03-19 23:00:00+00:00,e1108,Level 11,50.0,Maintenance Soon,50.0,50.0,50.0,50.0,50.0,,,3.12000000000262,3.129999999998593,-0.0099999999959741,,,,,,,,,,,,,,,,,,,,,,,,,,,,,,,,,,,,,,,,,,,,,,,,,,,,,,,,,,,,,,,,,,,,,
2026-03-20 00:00:00+00:00,e1108,Level 11,50.0,Maintenance Soon,50.0,50.0,50.0,50.0,50.0,,,3.1699999999982538,3.131111111111144,0.0388888888871101,,,,,,,,,,,,,,,,,,,,,,,,,,,,,,,,,,,,,,,,,,,,,,,,,,,,,,,,,,,,,,,,,,,,,
2026-03-20 01:00:00+00:00,e1108,Level 11,50.0,Maintenance Soon,50.0,50.0,50.0,50.0,50.0,,,3.1599999999962165,3.132222222221268,0.0277777777749483,,,,,,,,,,,,,,,,,,,,,,,,,,,,,,,,,,,,,,,,,,,,,,,,,,,,,,,,,,,,,,,,,,,,,
2026-03-20 02:00:00+00:00,e1108,Level 11,50.0,Maintenance Soon,50.0,50.0,50.0,50.0,50.0,,,3.103333333332557,3.1155555555572696,-0.0122222222247123,,,,,,,,,,,,,,,,,,,,,,,,,,,,,,,,,,,,,,,,,,,,,,,,,,,,,,,,,,,,,,,,,,,,,
2026-03-20 03:00:00+00:00,e1108,Level 11,50.0,Maintenance Soon,50.0,50.0,50.0,50.0,50.0,,,3.1300000000046566,3.0955555555544074,0.0344444444502491,,,,,,,,,,,,,,,,,,,,,,,,,,,,,,,,,,,,,,,,,,,,,,,,,,,,,,,,,,,,,,,,,,,,,
2026-03-20 04:00:00+00:00,e1108,Level 11,50.0,Maintenance Soon,50.0,50.0,50.0,50.0,50.0,,,3.153333333335468,3.1177777777763063,0.0355555555591613,,,,,,,,,,,,,,,,,,,,,,,,,,,,,,,,,,,,,,,,,,,,,,,,,,,,,,,,,,,,,,,,,,,,,
2026-03-20 05:00:00+00:00,e1108,Level 11,50.0,Maintenance Soon,50.0,50.0,50.0,50.0,50.0,,,3.1499999999941792,3.118888888891282,0.0311111111028972,,,,,,,,,,,,,,,,,,,,,,,,,,,,,,,,,,,,,,,,,,,,,,,,,,,,,,,,,,,,,,,,,,,,,
2026-03-20 06:00:00+00:00,e1108,Level 11,50.0,Maintenance Soon,50.0,50.0,50.0,50.0,50.0,,,3.0800000000017462,3.131111111111144,-0.0511111111093973,,,,,,,,,,,,,,,,,,,,,,,,,,,,,,,,,,,,,,,,,,,,,,,,,,,,,,,,,,,,,,,,,,,,,
2026-03-20 07:00:00+00:00,e1108,Level 11,50.0,Maintenance Soon,50.0,50.0,50.0,50.0,50.0,,,3.1699999999982538,3.085555555554796,0.084444444443458,,,,,,,,,,,,,,,,,,,,,,,,,,,,,,,,,,,,,,,,,,,,,,,,,,,,,,,,,,,,,,,,,,,,,
2026-03-20 08:00:00+00:00,e1108,Level 11,50.0,Maintenance Soon,50.0,50.0,50.0,50.0,50.0,,,3.093333333337796,3.128888888887256,-0.0355555555494597,,,,,,,,,,,,,,,,,,,,,,,,,,,,,,,,,,,,,,,,,,,,,,,,,,,,,,,,,,,,,,,,,,,,,
2026-03-20 09:00:00+00:00,e1108,Level 11,50.0,Maintenance Soon,50.0,50.0,50.0,50.0,50.0,,,3.09333333333052,3.124444444447969,-0.0311111111174491,,,,,,,,,,,,,,,,,,,,,,,,,,,,,,,,,,,,,,,,,,,,,,,,,,,,,,,,,,,,,,,,,,,,,
2026-03-20 10:00:00+00:00,e1108,Level 11,50.0,Maintenance Soon,50.0,50.0,50.0,50.0,50.0,,,3.126666666670644,3.127777777777131,-0.0011111111064869,,,,,,,,,,,,,,,,,,,,,,,,,,,,,,,,,,,,,,,,,,,,,,,,,,,,,,,,,,,,,,,,,,,,,
2026-03-20 11:00:00+00:00,e1108,Level 11,50.0,Maintenance Soon,50.0,50.0,50.0,50.0,50.0,,,3.123333333329356,3.1222222222216565,0.0011111111076993,,,,,,,,,,,,,,,,,,,,,,,,,,,,,,,,,,,,,,,,,,,,,,,,,,,,,,,,,,,,,,,,,,,,,
2026-03-20 12:00:00+00:00,e1108,Level 11,50.0,Maintenance Soon,50.0,50.0,50.0,50.0,50.0,,,3.123333333336632,3.161111111111192,-0.03777777777456,,,,,,,,,,,,,,,,,,,,,,,,,,,,,,,,,,,,,,,,,,,,,,,,,,,,,,,,,,,,,,,,,,,,,
2026-03-20 13:00:00+00:00,e1108,Level 11,50.0,Maintenance Soon,50.0,50.0,50.0,50.0,50.0,,,3.1433333333334303,3.1533333333330424,-0.009999999999612,,,,,,,,,,,,,,,,,,,,,,,,,,,,,,,,,,,,,,,,,,,,,,,,,,,,,,,,,,,,,,,,,,,,,
2026-03-20 14:00:00+00:00,e1108,Level 11,50.0,Maintenance Soon,50.0,50.0,50.0,50.0,50.0,,,3.1933333333290648,3.155555555555717,0.0377777777733476,,,,,,,,,,,,,,,,,,,,,,,,,,,,,,,,,,,,,,,,,,,,,,,,,,,,,,,,,,,,,,,,,,,,,
2026-03-20 15:00:00+00:00,e1108,Level 11,50.0,Maintenance Soon,50.0,50.0,50.0,50.0,50.0,,,3.093333333337796,3.208160919538689,-0.1148275862008936,,,,,,,,,,,,,,,,,,,,,,,,,,,,,,,,,,,,,,,,,,,,,,,,,,,,,,,,,,,,,,,,,,,,,
2026-03-20 16:00:00+00:00,e1108,Level 11,50.0,Maintenance Soon,50.0,50.0,50.0,50.0,50.0,,,3.220000000001164,3.102950191572745,0.117049808428419,,,,,,,,,,,,,,,,,,,,,,,,,,,,,,,,,,,,,,,,,,,,,,,,,,,,,,,,,,,,,,,,,,,,,
2026-03-20 17:00:00+00:00,e1108,Level 11,50.0,Maintenance Soon,50.0,50.0,50.0,50.0,50.0,,,3.1666666666642413,3.177777777776404,-0.0111111111121622,,,,,,,,,,,,,,,,,,,,,,,,,,,,,,,,,,,,,,,,,,,,,,,,,,,,,,,,,,,,,,,,,,,,,
2026-03-20 18:00:00+00:00,e1108,Level 11,50.0,Maintenance Soon,50.0,50.0,50.0,50.0,50.0,,,3.0833333333357587,3.135555555557706,-0.0522222222219475,,,,,,,,,,,,,,,,,,,,,,,,,,,,,,,,,,,,,,,,,,,,,,,,,,,,,,,,,,,,,,,,,,,,,
2026-03-20 19:00:00+00:00,e1108,Level 11,50.0,Maintenance Soon,50.0,50.0,50.0,50.0,50.0,,,3.2233333333279006,3.143333333332217,0.079999999995683,,,,,,,,,,,,,,,,,,,,,,,,,,,,,,,,,,,,,,,,,,,,,,,,,,,,,,,,,,,,,,,,,,,,,
2026-03-20 20:00:00+00:00,e1108,Level 11,50.0,Maintenance Soon,50.0,50.0,50.0,50.0,50.0,,,3.1600000000034925,3.1988888888893903,-0.0388888888858978,,,,,,,,,,,,,,,,,,,,,,,,,,,,,,,,,,,,,,,,,,,,,,,,,,,,,,,,,,,,,,,,,,,,,
2026-03-20 21:00:00+00:00,e1108,Level 11,50.0,Maintenance Soon,50.0,50.0,50.0,50.0,50.0,,,3.0666666666656965,3.1466666666674428,-0.0800000000017462,,,,,,,,,,,,,,,,,,,,,,,,,,,,,,,,,,,,,,,,,,,,,,,,,,,,,,,,,,,,,,,,,,,,,
2026-03-20 22:00:00+00:00,e1108,Level 11,50.0,Maintenance Soon,50.0,50.0,50.0,50.0,50.0,,,3.226666666661913,3.1466666666650176,0.0799999999968954,,,,,,,,,,,,,,,,,,,,,,,,,,,,,,,,,,,,,,,,,,,,,,,,,,,,,,,,,,,,,,,,,,,,,
2026-03-20 23:00:00+00:00,e1108,Level 11,50.0,Maintenance Soon,50.0,50.0,50.0,50.0,50.0,,,3.150000000001455,3.120000000000194,0.030000000001261,,,,,,,,,,,,,,,,,,,,,,,,,,,,,,,,,,,,,,,,,,,,,,,,,,,,,,,,,,,,,,,,,,,,,
2026-03-21 00:00:00+00:00,e1108,Level 11,50.0,Maintenance Soon,50.0,50.0,50.0,50.0,50.0,,,3.133333333331393,3.168888888888129,-0.0355555555567357,,,,,,,,,,,,,,,,,,,,,,,,,,,,,,,,,,,,,,,,,,,,,,,,,,,,,,,,,,,,,,,,,,,,,
2026-03-21 01:00:00+00:00,e1108,Level 11,50.0,Maintenance Soon,50.0,50.0,50.0,50.0,50.0,,,3.126666666670644,3.136666666665405,-0.0099999999947613,,,,,,,,,,,,,,,,,,,,,,,,,,,,,,,,,,,,,,,,,,,,,,,,,,,,,,,,,,,,,,,,,,,,,
2026-03-21 02:00:00+00:00,e1108,Level 11,50.0,Maintenance Soon,50.0,50.0,50.0,50.0,50.0,,,3.163333333337505,3.094444444445496,0.0688888888920096,,,,,,,,,,,,,,,,,,,,,,,,,,,,,,,,,,,,,,,,,,,,,,,,,,,,,,,,,,,,,,,,,,,,,
2026-03-21 03:00:00+00:00,e1108,Level 11,50.0,Maintenance Soon,50.0,50.0,50.0,50.0,50.0,,,3.153333333328192,3.1333333333338182,0.0199999999943734,,,,,,,,,,,,,,,,,,,,,,,,,,,,,,,,,,,,,,,,,,,,,,,,,,,,,,,,,,,,,,,,,,,,,
2026-03-21 04:00:00+00:00,e1108,Level 11,50.0,Maintenance Soon,50.0,50.0,50.0,50.0,50.0,,,3.0900000000037835,3.15111111111158,-0.0611111111077966,,,,,,,,,,,,,,,,,,,,,,,,,,,,,,,,,,,,,,,,,,,,,,,,,,,,,,,,,,,,,,,,,,,,,
2026-03-21 05:00:00+00:00,e1108,Level 11,50.0,Maintenance Soon,50.0,50.0,50.0,50.0,50.0,,,3.076666666667734,3.115555555554844,-0.0388888888871101,,,,,,,,,,,,,,,,,,,,,,,,,,,,,,,,,,,,,,,,,,,,,,,,,,,,,,,,,,,,,,,,,,,,,
2026-03-21 06:00:00+00:00,e1108,Level 11,50.0,Maintenance Soon,50.0,50.0,50.0,50.0,50.0,,,3.1999999999970896,3.086666666666133,0.1133333333309565,,,,,,,,,,,,,,,,,,,,,,,,,,,,,,,,,,,,,,,,,,,,,,,,,,,,,,,,,,,,,,,,,,,,,
2026-03-21 07:00:00+00:00,e1108,Level 11,50.0,Maintenance Soon,50.0,50.0,50.0,50.0,50.0,,,3.043333333334885,3.14999999999903,-0.1066666666641444,,,,,,,,,,,,,,,,,,,,,,,,,,,,,,,,,,,,,,,,,,,,,,,,,,,,,,,,,,,,,,,,,,,,,
2026-03-21 08:00:00+00:00,e1108,Level 11,50.0,Maintenance Soon,50.0,50.0,50.0,50.0,50.0,,,3.1766666666662786,3.1022222222260702,0.0744444444402083,,,,,,,,,,,,,,,,,,,,,,,,,,,,,,,,,,,,,,,,,,,,,,,,,,,,,,,,,,,,,,,,,,,,,
2026-03-21 09:00:00+00:00,e1108,Level 11,50.0,Maintenance Soon,50.0,50.0,50.0,50.0,50.0,,,3.059999999997672,3.112222222220832,-0.0522222222231598,,,,,,,,,,,,,,,,,,,,,,,,,,,,,,,,,,,,,,,,,,,,,,,,,,,,,,,,,,,,,,,,,,,,,
2026-03-21 10:00:00+00:00,e1108,Level 11,50.0,Maintenance Soon,50.0,50.0,50.0,50.0,50.0,,,3.1466666666674428,3.1200000000014065,0.0266666666660362,,,,,,,,,,,,,,,,,,,,,,,,,,,,,,,,,,,,,,,,,,,,,,,,,,,,,,,,,,,,,,,,,,,,,
2026-03-21 11:00:00+00:00,e1108,Level 11,50.0,Maintenance Soon,50.0,50.0,50.0,50.0,50.0,,,3.069999999999709,3.1711111111083787,-0.1011111111086697,,,,,,,,,,,,,,,,,,,,,,,,,,,,,,,,,,,,,,,,,,,,,,,,,,,,,,,,,,,,,,,,,,,,,
2026-03-21 12:00:00+00:00,e1108,Level 11,50.0,Maintenance Soon,50.0,50.0,50.0,50.0,50.0,,,3.180000000000291,3.148888888888905,0.0311111111113859,,,,,,,,,,,,,,,,,,,,,,,,,,,,,,,,,,,,,,,,,,,,,,,,,,,,,,,,,,,,,,,,,,,,,
2026-03-21 13:00:00+00:00,e1108,Level 11,50.0,Maintenance Soon,50.0,50.0,50.0,50.0,50.0,,,3.110000000000582,3.150000000001455,-0.0400000000008731,,,,,,,,,,,,,,,,,,,,,,,,,,,,,,,,,,,,,,,,,,,,,,,,,,,,,,,,,,,,,,,,,,,,,
2026-03-21 14:00:00+00:00,e1108,Level 11,50.0,Maintenance Soon,50.0,50.0,50.0,50.0,50.0,,,3.133333333331393,3.195555555555378,-0.0622222222239847,,,,,,,,,,,,,,,,,,,,,,,,,,,,,,,,,,,,,,,,,,,,,,,,,,,,,,,,,,,,,,,,,,,,,
2026-03-21 15:00:00+00:00,e1108,Level 11,50.0,Maintenance Soon,50.0,50.0,50.0,50.0,50.0,,,3.1600000000034925,3.101111111112308,0.0588888888911847,,,,,,,,,,,,,,,,,,,,,,,,,,,,,,,,,,,,,,,,,,,,,,,,,,,,,,,,,,,,,,,,,,,,,
2026-03-21 16:00:00+00:00,e1108,Level 11,50.0,Maintenance Soon,50.0,50.0,50.0,50.0,50.0,,,3.1766666666662786,3.175785440612041,0.0008812260542376,,,,,,,,,,,,,,,,,,,,,,,,,,,,,,,,,,,,,,,,,,,,,,,,,,,,,,,,,,,,,,,,,,,,,
2026-03-21 17:00:00+00:00,e1108,Level 11,50.0,Maintenance Soon,50.0,50.0,50.0,50.0,50.0,,,3.1299999999973807,3.139770114942318,-0.0097701149449371,,,,,,,,,,,,,,,,,,,,,,,,,,,,,,,,,,,,,,,,,,,,,,,,,,,,,,,,,,,,,,,,,,,,,
2026-03-21 18:00:00+00:00,e1108,Level 11,50.0,Maintenance Soon,50.0,50.0,50.0,50.0,50.0,,,3.139999999999418,3.132222222222481,0.007777777776937,,,,,,,,,,,,,,,,,,,,,,,,,,,,,,,,,,,,,,,,,,,,,,,,,,,,,,,,,,,,,,,,,,,,,
2026-03-21 19:00:00+00:00,e1108,Level 11,50.0,Maintenance Soon,50.0,50.0,50.0,50.0,50.0,,,3.180000000000291,3.168888888888129,0.0111111111121622,,,,,,,,,,,,,,,,,,,,,,,,,,,,,,,,,,,,,,,,,,,,,,,,,,,,,,,,,,,,,,,,,,,,,
2026-03-21 20:00:00+00:00,e1108,Level 11,50.0,Maintenance Soon,50.0,50.0,50.0,50.0,50.0,,,3.21333333333314,3.1755555555561537,0.0377777777769856,,,,,,,,,,,,,,,,,,,,,,,,,,,,,,,,,,,,,,,,,,,,,,,,,,,,,,,,,,,,,,,,,,,,,
2026-03-21 21:00:00+00:00,e1108,Level 11,50.0,Maintenance Soon,50.0,50.0,50.0,50.0,50.0,,,3.0966666666718083,3.117777777777519,-0.0211111111057107,,,,,,,,,,,,,,,,,,,,,,,,,,,,,,,,,,,,,,,,,,,,,,,,,,,,,,,,,,,,,,,,,,,,,
2026-03-21 22:00:00+00:00,e1108,Level 11,50.0,Maintenance Soon,50.0,50.0,50.0,50.0,50.0,,,3.1299999999973807,3.2311111111096884,-0.1011111111123077,,,,,,,,,,,,,,,,,,,,,,,,,,,,,,,,,,,,,,,,,,,,,,,,,,,,,,,,,,,,,,,,,,,,,
2026-03-21 23:00:00+00:00,e1108,Level 11,50.0,Maintenance Soon,50.0,50.0,50.0,50.0,50.0,,,3.209999999999127,3.0999999999997576,0.1099999999993692,,,,,,,,,,,,,,,,,,,,,,,,,,,,,,,,,,,,,,,,,,,,,,,,,,,,,,,,,,,,,,,,,,,,,
2026-03-22 00:00:00+00:00,e1108,Level 11,50.0,Maintenance Soon,50.0,50.0,50.0,50.0,50.0,,,3.0833333333284827,3.1788888888889537,-0.095555555560471,,,,,,,,,,,,,,,,,,,,,,,,,,,,,,,,,,,,,,,,,,,,,,,,,,,,,,,,,,,,,,,,,,,,,
2026-03-22 01:00:00+00:00,e1108,Level 11,50.0,Maintenance Soon,50.0,50.0,50.0,50.0,50.0,,,3.186666666675592,3.126666666668219,0.0600000000073728,,,,,,,,,,,,,,,,,,,,,,,,,,,,,,,,,,,,,,,,,,,,,,,,,,,,,,,,,,,,,,,,,,,,,
2026-03-22 02:00:00+00:00,e1108,Level 11,50.0,Maintenance Soon,50.0,50.0,50.0,50.0,50.0,,,3.1933333333290648,3.1422222222233054,0.0511111111057593,,,,,,,,,,,,,,,,,,,,,,,,,,,,,,,,,,,,,,,,,,,,,,,,,,,,,,,,,,,,,,,,,,,,,
2026-03-22 03:00:00+00:00,e1108,Level 11,50.0,Maintenance Soon,50.0,50.0,50.0,50.0,50.0,,,3.133333333331393,3.138888888886868,-0.0055555555554747,,,,,,,,,,,,,,,,,,,,,,,,,,,,,,,,,,,,,,,,,,,,,,,,,,,,,,,,,,,,,,,,,,,,,
2026-03-22 04:00:00+00:00,e1108,Level 11,50.0,Maintenance Soon,50.0,50.0,50.0,50.0,50.0,,,3.140000000006694,3.130000000001018,0.0100000000056752,,,,,,,,,,,,,,,,,,,,,,,,,,,,,,,,,,,,,,,,,,,,,,,,,,,,,,,,,,,,,,,,,,,,,
2026-03-22 05:00:00+00:00,e1108,Level 11,50.0,Maintenance Soon,50.0,50.0,50.0,50.0,50.0,,,3.103333333332557,3.1222222222240816,-0.0188888888915244,,,,,,,,,,,,,,,,,,,,,,,,,,,,,,,,,,,,,,,,,,,,,,,,,,,,,,,,,,,,,,,,,,,,,
2026-03-22 06:00:00+00:00,e1108,Level 11,50.0,Maintenance Soon,50.0,50.0,50.0,50.0,50.0,,,3.133333333331393,3.139999999998205,-0.006666666666812,,,,,,,,,,,,,,,,,,,,,,,,,,,,,,,,,,,,,,,,,,,,,,,,,,,,,,,,,,,,,,,,,,,,,
2026-03-22 07:00:00+00:00,e1108,Level 11,50.0,Maintenance Soon,50.0,50.0,50.0,50.0,50.0,,,3.126666666663368,3.1022222222224323,0.0244444444409359,,,,,,,,,,,,,,,,,,,,,,,,,,,,,,,,,,,,,,,,,,,,,,,,,,,,,,,,,,,,,,,,,,,,,
2026-03-22 08:00:00+00:00,e1108,Level 11,50.0,Maintenance Soon,50.0,50.0,50.0,50.0,50.0,,,3.1433333333334303,3.1366666666666183,0.006666666666812,,,,,,,,,,,,,,,,,,,,,,,,,,,,,,,,,,,,,,,,,,,,,,,,,,,,,,,,,,,,,,,,,,,,,
2026-03-22 09:00:00+00:00,e1108,Level 11,50.0,Maintenance Soon,50.0,50.0,50.0,50.0,50.0,,,3.126666666670644,3.1044444444438946,0.0222222222267496,,,,,,,,,,,,,,,,,,,,,,,,,,,,,,,,,,,,,,,,,,,,,,,,,,,,,,,,,,,,,,,,,,,,,
2026-03-22 10:00:00+00:00,e1108,Level 11,50.0,Maintenance Soon,50.0,50.0,50.0,50.0,50.0,,,3.109999999993306,3.1377777777791684,-0.0277777777858623,,,,,,,,,,,,,,,,,,,,,,,,,,,,,,,,,,,,,,,,,,,,,,,,,,,,,,,,,,,,,,,,,,,,,
2026-03-22 11:00:00+00:00,e1108,Level 11,50.0,Maintenance Soon,50.0,50.0,50.0,50.0,50.0,,,3.173333333339542,3.1177777777763063,0.0555555555632358,,,,,,,,,,,,,,,,,,,,,,,,,,,,,,,,,,,,,,,,,,,,,,,,,,,,,,,,,,,,,,,,,,,,,
2026-03-22 12:00:00+00:00,e1108,Level 11,50.0,Maintenance Soon,50.0,50.0,50.0,50.0,50.0,,,3.1433333333334303,3.158888888888517,-0.0155555555550868,,,,,,,,,,,,,,,,,,,,,,,,,,,,,,,,,,,,,,,,,,,,,,,,,,,,,,,,,,,,,,,,,,,,,
2026-03-22 13:00:00+00:00,e1108,Level 11,50.0,Maintenance Soon,50.0,50.0,50.0,50.0,50.0,,,3.0833333333284827,3.141111111111968,-0.0577777777834853,,,,,,,,,,,,,,,,,,,,,,,,,,,,,,,,,,,,,,,,,,,,,,,,,,,,,,,,,,,,,,,,,,,,,
2026-03-22 14:00:00+00:00,e1108,Level 11,50.0,Maintenance Soon,50.0,50.0,50.0,50.0,50.0,,,3.1699999999982538,3.1666666666666665,0.0033333333315872,,,,,,,,,,,,,,,,,,,,,,,,,,,,,,,,,,,,,,,,,,,,,,,,,,,,,,,,,,,,,,,,,,,,,
2026-03-22 15:00:00+00:00,e1108,Level 11,50.0,Maintenance Soon,50.0,50.0,50.0,50.0,50.0,,,3.180000000000291,3.150000000001455,0.0299999999988358,,,,,,,,,,,,,,,,,,,,,,,,,,,,,,,,,,,,,,,,,,,,,,,,,,,,,,,,,,,,,,,,,,,,,
2026-03-22 16:00:00+00:00,e1108,Level 11,50.0,Maintenance Soon,50.0,50.0,50.0,50.0,50.0,,,3.133333333338669,3.176666666663853,-0.0433333333251844,,,,,,,,,,,,,,,,,,,,,,,,,,,,,,,,,,,,,,,,,,,,,,,,,,,,,,,,,,,,,,,,,,,,,
2026-03-22 17:00:00+00:00,e1108,Level 11,50.0,Maintenance Soon,50.0,50.0,50.0,50.0,50.0,,,3.1433333333334303,3.1355555555552805,0.0077777777781498,,,,,,,,,,,,,,,,,,,,,,,,,,,,,,,,,,,,,,,,,,,,,,,,,,,,,,,,,,,,,,,,,,,,,
2026-03-22 18:00:00+00:00,e1108,Level 11,50.0,Maintenance Soon,50.0,50.0,50.0,50.0,50.0,,,3.1899999999950523,3.143333333334643,0.0466666666604091,,,,,,,,,,,,,,,,,,,,,,,,,,,,,,,,,,,,,,,,,,,,,,,,,,,,,,,,,,,,,,,,,,,,,
2026-03-22 19:00:00+00:00,e1108,Level 11,50.0,Maintenance Soon,50.0,50.0,50.0,50.0,50.0,,,3.1666666666715173,3.178888888887741,-0.0122222222162236,,,,,,,,,,,,,,,,,,,,,,,,,,,,,,,,,,,,,,,,,,,,,,,,,,,,,,,,,,,,,,,,,,,,,
2026-03-22 20:00:00+00:00,e1108,Level 11,50.0,Maintenance Soon,50.0,50.0,50.0,50.0,50.0,,,3.1466666666674428,3.1888888888885654,-0.0422222222211225,,,,,,,,,,,,,,,,,,,,,,,,,,,,,,,,,,,,,,,,,,,,,,,,,,,,,,,,,,,,,,,,,,,,,
2026-03-22 21:00:00+00:00,e1108,Level 11,50.0,Maintenance Soon,50.0,50.0,50.0,50.0,50.0,,,3.103333333332557,3.134444444447581,-0.0311111111150239,,,,,,,,,,,,,,,,,,,,,,,,,,,,,,,,,,,,,,,,,,,,,,,,,,,,,,,,,,,,,,,,,,,,,
2026-03-22 22:00:00+00:00,e1108,Level 11,50.0,Maintenance Soon,50.0,50.0,50.0,50.0,50.0,,,3.21333333333314,3.147777777777568,0.0655555555555715,,,,,,,,,,,,,,,,,,,,,,,,,,,,,,,,,,,,,,,,,,,,,,,,,,,,,,,,,,,,,,,,,,,,,
2026-03-22 23:00:00+00:00,e1108,Level 11,50.0,Maintenance Soon,50.0,50.0,50.0,50.0,50.0,,,3.1299999999973807,3.1811111111079904,-0.0511111111106097,,,,,,,,,,,,,,,,,,,,,,,,,,,,,,,,,,,,,,,,,,,,,,,,,,,,,,,,,,,,,,,,,,,,,
2026-03-23 00:00:00+00:00,e1108,Level 11,50.0,Maintenance Soon,50.0,50.0,50.0,50.0,50.0,,,3.186666666668316,3.1111111111094942,0.0755555555588216,,,,,,,,,,,,,,,,,,,,,,,,,,,,,,,,,,,,,,,,,,,,,,,,,,,,,,,,,,,,,,,,,,,,,
2026-03-23 01:00:00+00:00,e1108,Level 11,50.0,Maintenance Soon,50.0,50.0,50.0,50.0,50.0,,,3.150000000001455,3.151111111115218,-0.0011111111137629,,,,,,,,,,,,,,,,,,,,,,,,,,,,,,,,,,,,,,,,,,,,,,,,,,,,,,,,,,,,,,,,,,,,,
2026-03-23 02:00:00+00:00,e1108,Level 11,50.0,Maintenance Soon,50.0,50.0,50.0,50.0,50.0,,,3.099999999998545,3.157777777775967,-0.0577777777774222,,,,,,,,,,,,,,,,,,,,,,,,,,,,,,,,,,,,,,,,,,,,,,,,,,,,,,,,,,,,,,,,,,,,,
2026-03-23 03:00:00+00:00,e1108,Level 11,50.0,Maintenance Soon,50.0,50.0,50.0,50.0,50.0,,,3.12000000000262,3.1055555555564447,0.0144444444461746,,,,,,,,,,,,,,,,,,,,,,,,,,,,,,,,,,,,,,,,,,,,,,,,,,,,,,,,,,,,,,,,,,,,,
2026-03-23 04:00:00+00:00,e1108,Level 11,50.0,Maintenance Soon,50.0,50.0,50.0,50.0,50.0,,,3.1433333333334303,3.153333333335468,-0.0100000000020372,,,,,,,,,,,,,,,,,,,,,,,,,,,,,,,,,,,,,,,,,,,,,,,,,,,,,,,,,,,,,,,,,,,,,
2026-03-23 05:00:00+00:00,e1108,Level 11,50.0,Maintenance Soon,50.0,50.0,50.0,50.0,50.0,,,3.1299999999973807,3.0955555555544074,0.0344444444429732,,,,,,,,,,,,,,,,,,,,,,,,,,,,,,,,,,,,,,,,,,,,,,,,,,,,,,,,,,,,,,,,,,,,,
2026-03-23 06:00:00+00:00,e1108,Level 11,50.0,Maintenance Soon,50.0,50.0,50.0,50.0,50.0,,,3.133333333331393,3.1277777777783435,0.0055555555530495,,,,,,,,,,,,,,,,,,,,,,,,,,,,,,,,,,,,,,,,,,,,,,,,,,,,,,,,,,,,,,,,,,,,,
2026-03-23 07:00:00+00:00,e1108,Level 11,50.0,Maintenance Soon,50.0,50.0,50.0,50.0,50.0,,,3.093333333337796,3.1144444444435067,-0.0211111111057107,,,,,,,,,,,,,,,,,,,,,,,,,,,,,,,,,,,,,,,,,,,,,,,,,,,,,,,,,,,,,,,,,,,,,
2026-03-23 08:00:00+00:00,e1108,Level 11,50.0,Maintenance Soon,50.0,50.0,50.0,50.0,50.0,,,3.086666666662495,3.1166666666661818,-0.0300000000036866,,,,,,,,,,,,,,,,,,,,,,,,,,,,,,,,,,,,,,,,,,,,,,,,,,,,,,,,,,,,,,,,,,,,,
2026-03-23 09:00:00+00:00,e1108,Level 11,50.0,Maintenance Soon,50.0,50.0,50.0,50.0,50.0,,,3.099999999998545,3.1211111111115315,-0.0211111111129866,,,,,,,,,,,,,,,,,,,,,,,,,,,,,,,,,,,,,,,,,,,,,,,,,,,,,,,,,,,,,,,,,,,,,
2026-03-23 10:00:00+00:00,e1108,Level 11,50.0,Maintenance Soon,50.0,50.0,50.0,50.0,50.0,,,3.126666666670644,3.143333333332217,-0.0166666666615733,,,,,,,,,,,,,,,,,,,,,,,,,,,,,,,,,,,,,,,,,,,,,,,,,,,,,,,,,,,,,,,,,,,,,
2026-03-23 11:00:00+00:00,e1108,Level 11,50.0,Maintenance Soon,50.0,50.0,50.0,50.0,50.0,,,3.136666666665405,3.162222222223742,-0.0255555555583364,,,,,,,,,,,,,,,,,,,,,,,,,,,,,,,,,,,,,,,,,,,,,,,,,,,,,,,,,,,,,,,,,,,,,
2026-03-23 12:00:00+00:00,e1108,Level 11,50.0,Maintenance Soon,50.0,50.0,50.0,50.0,50.0,,,3.126666666670644,3.1622222222213168,-0.0355555555506725,,,,,,,,,,,,,,,,,,,,,,,,,,,,,,,,,,,,,,,,,,,,,,,,,,,,,,,,,,,,,,,,,,,,,
2026-03-23 13:00:00+00:00,e1108,Level 11,50.0,Maintenance Soon,50.0,50.0,50.0,50.0,50.0,,,3.163333333330229,3.168965517241304,-0.0056321839110751,,,,,,,,,,,,,,,,,,,,,,,,,,,,,,,,,,,,,,,,,,,,,,,,,,,,,,,,,,,,,,,,,,,,,
2026-03-23 14:00:00+00:00,e1108,Level 11,50.0,Maintenance Soon,50.0,50.0,50.0,50.0,50.0,,,3.2000000000043656,3.1254789272024937,0.0745210728018719,,,,,,,,,,,,,,,,,,,,,,,,,,,,,,,,,,,,,,,,,,,,,,,,,,,,,,,,,,,,,,,,,,,,,
2026-03-23 15:00:00+00:00,e1108,Level 11,50.0,Maintenance Soon,50.0,50.0,50.0,50.0,50.0,,,3.156666666662204,3.1799999999990782,-0.0233333333368741,,,,,,,,,,,,,,,,,,,,,,,,,,,,,,,,,,,,,,,,,,,,,,,,,,,,,,,,,,,,,,,,,,,,,
2026-03-23 16:00:00+00:00,e1108,Level 11,50.0,Maintenance Soon,50.0,50.0,50.0,50.0,50.0,,,3.099999999998545,3.143333333334643,-0.0433333333360983,,,,,,,,,,,,,,,,,,,,,,,,,,,,,,,,,,,,,,,,,,,,,,,,,,,,,,,,,,,,,,,,,,,,,
2026-03-23 17:00:00+00:00,e1108,Level 11,50.0,Maintenance Soon,50.0,50.0,50.0,50.0,50.0,,,3.136666666665405,3.1355555555564933,0.0011111111089121,,,,,,,,,,,,,,,,,,,,,,,,,,,,,,,,,,,,,,,,,,,,,,,,,,,,,,,,,,,,,,,,,,,,,
2026-03-23 18:00:00+00:00,e1108,Level 11,50.0,Maintenance Soon,50.0,50.0,50.0,50.0,50.0,,,3.1600000000034925,3.19333333333149,-0.0333333333279974,,,,,,,,,,,,,,,,,,,,,,,,,,,,,,,,,,,,,,,,,,,,,,,,,,,,,,,,,,,,,,,,,,,,,
2026-03-23 19:00:00+00:00,e1108,Level 11,50.0,Maintenance Soon,50.0,50.0,50.0,50.0,50.0,,,3.186666666668316,3.150000000002668,0.0366666666656478,,,,,,,,,,,,,,,,,,,,,,,,,,,,,,,,,,,,,,,,,,,,,,,,,,,,,,,,,,,,,,,,,,,,,
2026-03-23 20:00:00+00:00,e1108,Level 11,50.0,Maintenance Soon,50.0,50.0,50.0,50.0,50.0,,,3.153333333328192,3.163333333332654,-0.0100000000044624,,,,,,,,,,,,,,,,,,,,,,,,,,,,,,,,,,,,,,,,,,,,,,,,,,,,,,,,,,,,,,,,,,,,,
2026-03-23 21:00:00+00:00,e1108,Level 11,50.0,Maintenance Soon,50.0,50.0,50.0,50.0,50.0,,,3.099999999998545,3.1211111111115315,-0.0211111111129866,,,,,,,,,,,,,,,,,,,,,,,,,,,,,,,,,,,,,,,,,,,,,,,,,,,,,,,,,,,,,,,,,,,,,
2026-03-23 22:00:00+00:00,e1108,Level 11,50.0,Maintenance Soon,50.0,50.0,50.0,50.0,50.0,,,3.110000000007858,3.1699999999982538,-0.0599999999903957,,,,,,,,,,,,,,,,,,,,,,,,,,,,,,,,,,,,,,,,,,,,,,,,,,,,,,,,,,,,,,,,,,,,,
2026-03-23 23:00:00+00:00,e1108,Level 11,50.0,Maintenance Soon,50.0,50.0,50.0,50.0,50.0,,,3.21333333333314,3.138888888889293,0.0744444444438463,,,,,,,,,,,,,,,,,,,,,,,,,,,,,,,,,,,,,,,,,,,,,,,,,,,,,,,,,,,,,,,,,,,,,
2026-03-24 00:00:00+00:00,e1108,Level 11,50.0,Maintenance Soon,50.0,50.0,50.0,50.0,50.0,,,3.073333333326445,3.1533333333330424,-0.080000000006597,,,,,,,,,,,,,,,,,,,,,,,,,,,,,,,,,,,,,,,,,,,,,,,,,,,,,,,,,,,,,,,,,,,,,
2026-03-24 01:00:00+00:00,e1108,Level 11,50.0,Maintenance Soon,50.0,50.0,50.0,50.0,50.0,,,3.06333333333896,3.117777777778732,-0.0544444444397718,,,,,,,,,,,,,,,,,,,,,,,,,,,,,,,,,,,,,,,,,,,,,,,,,,,,,,,,,,,,,,,,,,,,,
2026-03-24 02:00:00+00:00,e1108,Level 11,50.0,Maintenance Soon,50.0,50.0,50.0,50.0,50.0,,,3.203333333331102,3.1244444444431188,0.0788888888879832,,,,,,,,,,,,,,,,,,,,,,,,,,,,,,,,,,,,,,,,,,,,,,,,,,,,,,,,,,,,,,,,,,,,,
2026-03-24 03:00:00+00:00,e1108,Level 11,50.0,Maintenance Soon,50.0,50.0,50.0,50.0,50.0,,,3.009195402300975,3.10000000000097,-0.0908045976999951,,,,,,,,,,,,,,,,,,,,,,,,,,,,,,,,,,,,,,,,,,,,,,,,,,,,,,,,,,,,,,,,,,,,,
2026-03-24 04:00:00+00:00,e1108,Level 11,50.0,Maintenance Soon,50.0,50.0,50.0,50.0,50.0,,,3.088654060062254,2.6916666666681217,0.3969873933941321,,,,,,,,,,,,,,,,,,,,,,,,,,,,,,,,,,,,,,,,,,,,,,,,,,,,,,,,,,,,,,,,,,,,,
2026-03-24 05:00:00+00:00,e1108,Level 11,50.0,Maintenance Soon,50.0,50.0,50.0,50.0,50.0,,,3.228817204304505,2.1077777777766946,1.1210394265278103,,,,,,,,,,,,,,,,,,,,,,,,,,,,,,,,,,,,,,,,,,,,,,,,,,,,,,,,,,,,,,,,,,,,,
2026-03-24 06:00:00+00:00,e1108,Level 11,50.0,Maintenance Soon,50.0,50.0,50.0,50.0,50.0,,,3.0366666666668607,4.983888888889244,-1.947222222222384,,,,,,,,,,,,,,,,,,,,,,,,,,,,,,,,,,,,,,,,,,,,,,,,,,,,,,,,,,,,,,,,,,,,,
2026-03-24 07:00:00+00:00,e1108,Level 11,50.0,Maintenance Soon,50.0,50.0,50.0,50.0,50.0,,,3.136666666665405,2.753563218392325,0.3831034482730806,,,,,,,,,,,,,,,,,,,,,,,,,,,,,,,,,,,,,,,,,,,,,,,,,,,,,,,,,,,,,,,,,,,,,
2026-03-24 08:00:00+00:00,e1108,Level 11,50.0,Maintenance Soon,50.0,50.0,50.0,50.0,50.0,,,3.069999999999709,3.120881226050793,-0.0508812260510844,,,,,,,,,,,,,,,,,,,,,,,,,,,,,,,,,,,,,,,,,,,,,,,,,,,,,,,,,,,,,,,,,,,,,
2026-03-24 09:00:00+00:00,e1108,Level 11,50.0,Maintenance Soon,50.0,50.0,50.0,50.0,50.0,,,3.0833333333357587,3.0532950191554846,0.030038314180274,,,,,,,,,,,,,,,,,,,,,,,,,,,,,,,,,,,,,,,,,,,,,,,,,,,,,,,,,,,,,,,,,,,,,
2026-03-24 10:00:00+00:00,e1108,Level 11,50.0,Maintenance Soon,50.0,50.0,50.0,50.0,50.0,,,3.126666666663368,3.159608206652289,-0.0329415399889208,,,,,,,,,,,,,,,,,,,,,,,,,,,,,,,,,,,,,,,,,,,,,,,,,,,,,,,,,,,,,,,,,,,,,
2026-03-24 11:00:00+00:00,e1108,Level 11,50.0,Maintenance Soon,50.0,50.0,50.0,50.0,50.0,,,3.2066666666651145,3.152652329748283,0.0540143369168313,,,,,,,,,,,,,,,,,,,,,,,,,,,,,,,,,,,,,,,,,,,,,,,,,,,,,,,,,,,,,,,,,,,,,
2026-03-24 12:00:00+00:00,e1108,Level 11,50.0,Maintenance Soon,50.0,50.0,50.0,50.0,50.0,,,3.1066666666738456,3.140000000001843,-0.0333333333279974,,,,,,,,,,,,,,,,,,,,,,,,,,,,,,,,,,,,,,,,,,,,,,,,,,,,,,,,,,,,,,,,,,,,,
2026-03-24 13:00:00+00:00,e1108,Level 11,50.0,Maintenance Soon,50.0,50.0,50.0,50.0,50.0,,,3.156666666662204,3.1565517241360794,0.0001149425261246,,,,,,,,,,,,,,,,,,,,,,,,,,,,,,,,,,,,,,,,,,,,,,,,,,,,,,,,,,,,,,,,,,,,,
2026-03-24 14:00:00+00:00,e1108,Level 11,50.0,Maintenance Soon,50.0,50.0,50.0,50.0,50.0,,,3.1766666666662786,3.146315659376948,0.0303510072893309,,,,,,,,,,,,,,,,,,,,,,,,,,,,,,,,,,,,,,,,,,,,,,,,,,,,,,,,,,,,,,,,,,,,,
2026-03-24 15:00:00+00:00,e1108,Level 11,50.0,Maintenance Soon,50.0,50.0,50.0,50.0,50.0,,,3.1933333333290648,3.1948720800864976,-0.0015387467574328,,,,,,,,,,,,,,,,,,,,,,,,,,,,,,,,,,,,,,,,,,,,,,,,,,,,,,,,,,,,,,,,,,,,,
2026-03-24 16:00:00+00:00,e1108,Level 11,50.0,Maintenance Soon,50.0,50.0,50.0,50.0,50.0,,,3.123333333336632,3.100038314176345,0.0232950191602867,,,,,,,,,,,,,,,,,,,,,,,,,,,,,,,,,,,,,,,,,,,,,,,,,,,,,,,,,,,,,,,,,,,,,
2026-03-24 17:00:00+00:00,e1108,Level 11,50.0,Maintenance Soon,50.0,50.0,50.0,50.0,50.0,,,3.226666666669189,3.138888888889293,0.087777777779896,,,,,,,,,,,,,,,,,,,,,,,,,,,,,,,,,,,,,,,,,,,,,,,,,,,,,,,,,,,,,,,,,,,,,
2026-03-24 18:00:00+00:00,e1108,Level 11,50.0,Maintenance Soon,50.0,50.0,50.0,50.0,50.0,,,3.1066666666665697,3.159731800766167,-0.0530651340995973,,,,,,,,,,,,,,,,,,,,,,,,,,,,,,,,,,,,,,,,,,,,,,,,,,,,,,,,,,,,,,,,,,,,,
2026-03-24 19:00:00+00:00,e1108,Level 11,50.0,Maintenance Soon,50.0,50.0,50.0,50.0,50.0,,,3.136666666665405,3.136934865900306,-0.0002681992349002,,,,,,,,,,,,,,,,,,,,,,,,,,,,,,,,,,,,,,,,,,,,,,,,,,,,,,,,,,,,,,,,,,,,,
2026-03-24 20:00:00+00:00,e1108,Level 11,50.0,Maintenance Soon,50.0,50.0,50.0,50.0,50.0,,,3.123333333329356,3.187777777777228,-0.0644444444478722,,,,,,,,,,,,,,,,,,,,,,,,,,,,,,,,,,,,,,,,,,,,,,,,,,,,,,,,,,,,,,,,,,,,,
2026-03-24 21:00:00+00:00,e1108,Level 11,50.0,Maintenance Soon,50.0,50.0,50.0,50.0,50.0,,,3.1833333333343035,3.1044444444438946,0.0788888888904089,,,,,,,,,,,,,,,,,,,,,,,,,,,,,,,,,,,,,,,,,,,,,,,,,,,,,,,,,,,,,,,,,,,,,
2026-03-24 22:00:00+00:00,e1108,Level 11,50.0,Maintenance Soon,50.0,50.0,50.0,50.0,50.0,,,3.103333333332557,3.140000000001843,-0.0366666666692858,,,,,,,,,,,,,,,,,,,,,,,,,,,,,,,,,,,,,,,,,,,,,,,,,,,,,,,,,,,,,,,,,,,,,
2026-03-24 23:00:00+00:00,e1108,Level 11,50.0,Maintenance Soon,50.0,50.0,50.0,50.0,50.0,,,3.2366666666712263,3.189999999999903,0.0466666666713231,,,,,,,,,,,,,,,,,,,,,,,,,,,,,,,,,,,,,,,,,,,,,,,,,,,,,,,,,,,,,,,,,,,,,
2026-03-25 00:00:00+00:00,e1108,Level 11,50.0,Maintenance Soon,50.0,50.0,50.0,50.0,50.0,,,3.09333333333052,3.102222222220007,-0.0088888888894871,,,,,,,,,,,,,,,,,,,,,,,,,,,,,,,,,,,,,,,,,,,,,,,,,,,,,,,,,,,,,,,,,,,,,
2026-03-25 01:00:00+00:00,e1108,Level 11,50.0,Maintenance Soon,50.0,50.0,50.0,50.0,50.0,,,3.1133333333345945,3.1144444444471446,-0.0011111111125501,,,,,,,,,,,,,,,,,,,,,,,,,,,,,,,,,,,,,,,,,,,,,,,,,,,,,,,,,,,,,,,,,,,,,
2026-03-25 02:00:00+00:00,e1108,Level 11,50.0,Maintenance Soon,50.0,50.0,50.0,50.0,50.0,,,3.0899999999965075,3.1468817204283064,-0.0568817204317988,,,,,,,,,,,,,,,,,,,,,,,,,,,,,,,,,,,,,,,,,,,,,,,,,,,,,,,,,,,,,,,,,,,,,
2026-03-25 03:00:00+00:00,e1108,Level 11,50.0,Maintenance Soon,50.0,50.0,50.0,50.0,50.0,,,3.1833333333343035,3.105263873441193,0.0780694598931099,,,,,,,,,,,,,,,,,,,,,,,,,,,,,,,,,,,,,,,,,,,,,,,,,,,,,,,,,,,,,,,,,,,,,
2026-03-25 04:00:00+00:00,e1108,Level 11,50.0,Maintenance Soon,50.0,50.0,50.0,50.0,50.0,,,3.016666666670062,3.100470893584619,-0.0838042269145566,,,,,,,,,,,,,,,,,,,,,,,,,,,,,,,,,,,,,,,,,,,,,,,,,,,,,,,,,,,,,,,,,,,,,
2026-03-25 05:00:00+00:00,e1108,Level 11,50.0,Maintenance Soon,50.0,50.0,50.0,50.0,50.0,,,3.139999999999418,3.16960573476778,-0.0296057347683622,,,,,,,,,,,,,,,,,,,,,,,,,,,,,,,,,,,,,,,,,,,,,,,,,,,,,,,,,,,,,,,,,,,,,
2026-03-25 06:00:00+00:00,e1108,Level 11,50.0,Maintenance Soon,50.0,50.0,50.0,50.0,50.0,,,3.0332183908030856,3.069999999998496,-0.0367816091954105,,,,,,,,,,,,,,,,,,,,,,,,,,,,,,,,,,,,,,,,,,,,,,,,,,,,,,,,,,,,,,,,,,,,,
2026-03-25 07:00:00+00:00,e1108,Level 11,50.0,Maintenance Soon,50.0,50.0,50.0,50.0,50.0,,,3.150114942531218,3.1444444444471933,0.0056704980840245,,,,,,,,,,,,,,,,,,,,,,,,,,,,,,,,,,,,,,,,,,,,,,,,,,,,,,,,,,,,,,,,,,,,,
2026-03-25 08:00:00+00:00,e1108,Level 11,50.0,Maintenance Soon,50.0,50.0,50.0,50.0,50.0,,,3.123333333329356,3.0944827586172323,0.0288505747121234,,,,,,,,,,,,,,,,,,,,,,,,,,,,,,,,,,,,,,,,,,,,,,,,,,,,,,,,,,,,,,,,,,,,,
2026-03-25 09:00:00+00:00,e1108,Level 11,50.0,Maintenance Soon,50.0,50.0,50.0,50.0,50.0,,,3.1133333333345945,3.1132950191592195,3.831417537503157e-05,,,,,,,,,,,,,,,,,,,,,,,,,,,,,,,,,,,,,,,,,,,,,,,,,,,,,,,,,,,,,,,,,,,,,
2026-03-25 10:00:00+00:00,e1108,Level 11,50.0,Maintenance Soon,50.0,50.0,50.0,50.0,50.0,,,3.153333333335468,3.154444444443167,-0.0011111111076993,,,,,,,,,,,,,,,,,,,,,,,,,,,,,,,,,,,,,,,,,,,,,,,,,,,,,,,,,,,,,,,,,,,,,
2026-03-25 11:00:00+00:00,e1108,Level 11,50.0,Maintenance Soon,50.0,50.0,50.0,50.0,50.0,,,3.150000000001455,3.133295019158444,0.0167049808430115,,,,,,,,,,,,,,,,,,,,,,,,,,,,,,,,,,,,,,,,,,,,,,,,,,,,,,,,,,,,,,,,,,,,,
2026-03-25 12:00:00+00:00,e1108,Level 11,50.0,Maintenance Soon,50.0,50.0,50.0,50.0,50.0,,,3.123333333336632,3.1597157335333272,-0.0363824001966954,,,,,,,,,,,,,,,,,,,,,,,,,,,,,,,,,,,,,,,,,,,,,,,,,,,,,,,,,,,,,,,,,,,,,
2026-03-25 13:00:00+00:00,e1108,Level 11,50.0,Maintenance Soon,50.0,50.0,50.0,50.0,50.0,,,3.139999999992142,3.203655913975429,-0.0636559139832875,,,,,,,,,,,,,,,,,,,,,,,,,,,,,,,,,,,,,,,,,,,,,,,,,,,,,,,,,,,,,,,,,,,,,
2026-03-25 14:00:00+00:00,e1108,Level 11,50.0,Maintenance Soon,50.0,50.0,50.0,50.0,50.0,,,3.1666666666715173,3.10111111111352,0.0655555555579971,,,,,,,,,,,,,,,,,,,,,,,,,,,,,,,,,,,,,,,,,,,,,,,,,,,,,,,,,,,,,,,,,,,,,
2026-03-25 15:00:00+00:00,e1108,Level 11,50.0,Maintenance Soon,50.0,50.0,50.0,50.0,50.0,,,3.163333333330229,3.175555555552516,-0.0122222222222867,,,,,,,,,,,,,,,,,,,,,,,,,,,,,,,,,,,,,,,,,,,,,,,,,,,,,,,,,,,,,,,,,,,,,
2026-03-25 16:00:00+00:00,e1108,Level 11,50.0,Maintenance Soon,50.0,50.0,50.0,50.0,50.0,,,3.0733333333337214,3.162222222223742,-0.0888888888900205,,,,,,,,,,,,,,,,,,,,,,,,,,,,,,,,,,,,,,,,,,,,,,,,,,,,,,,,,,,,,,,,,,,,,
2026-03-25 17:00:00+00:00,e1108,Level 11,50.0,Maintenance Soon,50.0,50.0,50.0,50.0,50.0,,,3.196666666670353,3.1853763440873686,0.0112903225829845,,,,,,,,,,,,,,,,,,,,,,,,,,,,,,,,,,,,,,,,,,,,,,,,,,,,,,,,,,,,,,,,,,,,,
2026-03-25 18:00:00+00:00,e1108,Level 11,50.0,Maintenance Soon,50.0,50.0,50.0,50.0,50.0,,,3.09333333333052,3.1468458781334143,-0.0535125448028943,,,,,,,,,,,,,,,,,,,,,,,,,,,,,,,,,,,,,,,,,,,,,,,,,,,,,,,,,,,,,,,,,,,,,
2026-03-25 19:00:00+00:00,e1108,Level 11,50.0,Maintenance Soon,50.0,50.0,50.0,50.0,50.0,,,3.09333333333052,3.154444444445593,-0.0611111111150726,,,,,,,,,,,,,,,,,,,,,,,,,,,,,,,,,,,,,,,,,,,,,,,,,,,,,,,,,,,,,,,,,,,,,
2026-03-25 20:00:00+00:00,e1108,Level 11,50.0,Maintenance Soon,50.0,50.0,50.0,50.0,50.0,,,3.180000000000291,3.1444444444423425,0.0355555555579485,,,,,,,,,,,,,,,,,,,,,,,,,,,,,,,,,,,,,,,,,,,,,,,,,,,,,,,,,,,,,,,,,,,,,
2026-03-25 21:00:00+00:00,e1108,Level 11,50.0,Maintenance Soon,50.0,50.0,50.0,50.0,50.0,,,3.1433333333407063,3.1646360153269293,-0.0213026819862229,,,,,,,,,,,,,,,,,,,,,,,,,,,,,,,,,,,,,,,,,,,,,,,,,,,,,,,,,,,,,,,,,,,,,
2026-03-25 22:00:00+00:00,e1108,Level 11,50.0,Maintenance Soon,50.0,50.0,50.0,50.0,50.0,,,3.09333333333052,3.133141762450881,-0.0398084291203608,,,,,,,,,,,,,,,,,,,,,,,,,,,,,,,,,,,,,,,,,,,,,,,,,,,,,,,,,,,,,,,,,,,,,
2026-03-25 23:00:00+00:00,e1108,Level 11,50.0,Maintenance Soon,50.0,50.0,50.0,50.0,50.0,,,3.203333333331102,3.153333333334255,0.0499999999968472,,,,,,,,,,,,,,,,,,,,,,,,,,,,,,,,,,,,,,,,,,,,,,,,,,,,,,,,,,,,,,,,,,,,,
2026-03-26 00:00:00+00:00,e1108,Level 11,50.0,Maintenance Soon,50.0,50.0,50.0,50.0,50.0,,,3.133333333331393,3.134444444445156,-0.0011111111137629,,,,,,,,,,,,,,,,,,,,,,,,,,,,,,,,,,,,,,,,,,,,,,,,,,,,,,,,,,,,,,,,,,,,,
2026-03-26 01:00:00+00:00,e1108,Level 11,50.0,Maintenance Soon,50.0,50.0,50.0,50.0,50.0,,,2.1766666666662786,3.1144444444447195,-0.9377777777784408,,,,,,,,,,,,,,,,,,,,,,,,,,,,,,,,,,,,,,,,,,,,,,,,,,,,,,,,,,,,,,,,,,,,,
2026-03-26T03:00:00+00:00,,Level 1,82.5,Healthy,0.5,0.0,0.0,0.0,0.5,1.00724,10592.3,,,,0.27,5.0,4.4,3.70253,5.57,5.18,5.15,233.5,234.3,231.8,4.4,4.4,1.7,2.0,1.7,0.6,,,e0101,,0.05,,,,,,0.05,,,,,,0.008,,,,,,0.15,,,,,,0.15,,,,,,,,,,,,,,,,,0.0,,,,False,False,False,False
2026-03-26T03:00:00+00:00,,Level 1,82.5,Healthy,0.5,0.0,0.0,0.0,0.5,3.73051,20429.9,,,,0.81,23.8,2.0,4.63029,5.93,5.75,8.21,233.5,232.2,232.8,1.3,2.0,1.8,1.4,2.5,0.286,,,e0102,,0.05,,,,,,0.05,,,,,,0.008,,,,,,0.15,,,,,,0.15,,,,,,,,,,,,,,,,,0.0,,,,False,False,False,False
2026-03-26T03:00:00+00:00,,Level 1,82.5,Healthy,0.5,0.0,0.0,0.0,0.5,6.66782,37209.5,,,,0.8,16.5,12.7,8.35608,13.95,11.11,10.85,232.9,231.9,234.2,12.7,5.7,1.7,3.4,3.4,0.515,,,e0103,,0.05,,,,,,0.05,,,,,,0.008,,,,,,0.15,,,,,,0.15,,,,,,,,,,,,,,,,,0.0,,,,False,False,False,False
2026-03-26T03:00:00+00:00,,Level 1,82.5,Healthy,0.5,0.0,0.0,0.0,0.5,6.23104,33961.7,,,,0.75,0.4,8.0,8.34058,11.97,11.89,11.96,234.1,232.2,234.3,4.8,8.0,2.1,2.9,1.6,0.571,,,e0104,,0.05,,,,,,0.05,,,,,,0.008,,,,,,0.15,,,,,,0.15,,,,,,,,,,,,,,,,,0.0,,,,False,False,False,False
2026-03-26T03:00:00+00:00,,Level 1,82.5,Healthy,0.5,0.0,0.0,0.0,0.5,47.5388,1298892.7,,,,0.79,4.1,6.6,60.2127,84.72,88.22,81.99,236.7,236.2,238.1,6.6,5.0,3.2,2.6,1.5,0.464,,,e0105,,0.05,,,,,,0.05,,,,,,0.008,,,,,,0.15,,,,,,0.15,,,,,,,,,,,,,,,,,0.0,,,,False,False,False,False
2026-03-26T03:00:00+00:00,,Level 1,82.5,Healthy,0.5,0.0,0.0,0.0,0.5,2.35656,15440.1,,,,0.62,45.2,12.6,3.78109,2.95,6.55,6.66,233.2,232.1,235.0,12.6,3.1,10.8,1.8,1.6,0.671,,,e0106,,0.05,,,,,,0.05,,,,,,0.008,,,,,,0.15,,,,,,0.15,,,,,,,,,,,,,,,,,0.0,,,,False,False,False,False
2026-03-26T03:00:00+00:00,,Level 1,82.5,Healthy,0.5,0.0,0.0,0.0,0.5,2.24205,6449.9,,,,0.75,7.1,6.8,3.00052,4.59,4.0,4.26,234.6,232.8,235.2,4.5,6.8,3.3,1.5,1.5,0.598,,,e0107,,0.05,,,,,,0.05,,,,,,0.008,,,,,,0.15,,,,,,0.15,,,,,,,,,,,,,,,,,0.0,,,,False,False,False,False
2026-03-26T03:00:00+00:00,,Level 1,82.5,Healthy,0.5,0.0,0.0,0.0,0.5,5.55668,30507.8,,,,0.76,2.1,6.1,7.34735,10.2,10.41,9.98,240.0,240.0,242.0,3.0,6.1,1.8,2.1,2.7,0.554,,,e0108,,0.05,,,,,,0.05,,,,,,0.008,,,,,,0.15,,,,,,0.15,,,,,,,,,,,,,,,,,0.0,,,,False,False,False,False
2026-03-26T03:00:00+00:00,,Level 1,82.5,Healthy,0.5,0.0,0.0,0.0,0.5,1.83137,8881.1,,,,0.76,14.1,9.5,2.40534,3.14,3.92,3.25,234.7,232.7,234.9,9.5,7.6,1.2,2.8,2.4,0.598,,,e0109,,0.05,,,,,,0.05,,,,,,0.008,,,,,,0.15,,,,,,0.15,,,,,,,,,,,,,,,,,0.0,,,,False,False,False,False
2026-03-26T03:00:00+00:00,,Level 1,82.5,Healthy,0.5,0.0,0.0,0.0,0.5,11.4321,58663.0,,,,0.79,1.0,6.4,14.4068,20.81,20.43,20.57,233.5,231.8,234.0,3.1,6.4,2.3,2.4,3.0,0.558,,,e0110,,0.05,,,,,,0.05,,,,,,0.008,,,,,,0.15,,,,,,0.15,,,,,,,,,,,,,,,,,0.0,,,,False,False,False,False
2026-03-26T03:00:00+00:00,,Level 1,82.5,Healthy,0.5,0.0,0.0,0.0,0.5,1.05567,4220.6,,,,0.65,10.4,18.4,1.6174,2.55,2.15,2.21,234.4,232.8,235.0,14.4,18.4,0.7,2.2,1.4,0.541,,,e0111,,0.05,,,,,,0.05,,,,,,0.008,,,,,,0.15,,,,,,0.15,,,,,,,,,,,,,,,,,0.0,,,,False,False,False,False
2026-03-26T03:00:00+00:00,,Level 1,82.5,Healthy,0.5,0.0,0.0,0.0,0.5,2.83581,16050.4,,,,0.56,5.5,,5.06766,6.62,7.17,7.23,239.0,239.7,241.5,,,2.7,3.1,1.7,0.597,,,e0112,,0.05,,,,,,0.05,,,,,,0.008,,,,,,0.15,,,,,,0.15,,,,,,,,,,,,,,,,,0.0,,,,False,False,False,False
2026-03-26T03:00:00+00:00,,Level 1,82.5,Healthy,0.5,0.0,0.0,0.0,0.5,3.26741,18518.2,,,,0.41,2.2,3.7,8.03998,10.95,11.36,11.25,238.1,238.7,240.7,2.8,3.7,2.8,2.0,3.2,0.641,,,e0113,,0.05,,,,,,0.05,,,,,,0.008,,,,,,0.15,,,,,,0.15,,,,,,,,,,,,,,,,,0.0,,,,False,False,False,False
2026-03-26T03:00:00+00:00,,Level 1,82.5,Healthy,0.5,0.0,0.0,0.0,0.5,7.49373,41082.6,,,,0.81,2.1,8.5,9.22903,13.15,12.9,12.62,236.9,237.9,239.4,2.7,8.5,3.2,2.8,2.9,0.56,,,e0114,,0.05,,,,,,0.05,,,,,,0.008,,,,,,0.15,,,,,,0.15,,,,,,,,,,,,,,,,,0.0,,,,False,False,False,False
2026-03-26T03:00:00+00:00,,Level 1,82.5,Healthy,0.5,0.0,0.0,0.0,0.5,6.82409,36533.5,,,,0.79,5.4,4.0,8.6589,11.4,12.38,12.4,238.4,238.6,240.6,2.5,4.0,2.7,2.0,2.3,0.585,,,e0115,,0.05,,,,,,0.05,,,,,,0.008,,,,,,0.15,,,,,,0.15,,,,,,,,,,,,,,,,,0.0,,,,False,False,False,False
2026-03-26T03:00:00+00:00,,Level 1,82.5,Healthy,0.5,0.0,0.0,0.0,0.5,6.46714,35001.0,,,,0.76,2.4,9.7,8.5391,12.14,11.62,11.81,238.9,239.4,241.3,5.5,9.7,1.2,2.5,2.2,0.598,,,e0116,,0.05,,,,,,0.05,,,,,,0.008,,,,,,0.15,,,,,,0.15,,,,,,,,,,,,,,,,,0.0,,,,False,False,False,False
2026-03-26T03:00:00+00:00,,Level 1,82.5,Healthy,0.5,0.0,0.0,0.0,0.5,11.6291,60922.4,,,,0.78,6.3,6.8,14.8734,20.76,22.53,20.33,234.0,231.9,234.2,6.8,5.6,2.4,2.4,1.2,0.628,,,e0117,,0.05,,,,,,0.05,,,,,,0.008,,,,,,0.15,,,,,,0.15,,,,,,,,,,,,,,,,,0.0,,,,False,False,False,False
2026-03-26T03:00:00+00:00,,Level 1,82.5,Healthy,0.5,0.0,0.0,0.0,0.5,6.08684,33494.2,,,,0.69,2.2,5.0,8.88112,12.58,13.01,12.58,233.4,231.5,233.6,5.0,3.4,2.8,2.4,2.4,0.573,,,e0118,,0.05,,,,,,0.05,,,,,,0.008,,,,,,0.15,,,,,,0.15,,,,,,,,,,,,,,,,,0.0,,,,False,False,False,False
2026-03-26T03:00:00+00:00,,Level 1,82.5,Healthy,0.5,0.0,0.0,0.0,0.5,3.68987,16164.3,,,,0.44,70.2,4.5,8.33037,7.16,19.69,7.86,240.3,239.9,242.0,3.3,4.5,1.6,1.2,1.6,0.526,,,e0120,,0.05,,,,,,0.05,,,,,,0.008,,,,,,0.15,,,,,,0.15,,,,,,,,,,,,,,,,,0.0,,,,False,False,False,False
2026-03-26T03:00:00+00:00,,Level 1,82.5,Healthy,0.5,0.0,0.0,0.0,0.5,14.8565,85236.7,,,,0.81,5.4,10.6,18.4916,26.35,24.85,27.62,233.9,232.4,234.3,10.6,9.9,10.0,4.2,2.8,0.485,,,e0121,,0.05,,,,,,0.05,,,,,,0.008,,,,,,0.15,,,,,,0.15,,,,,,,,,,,,,,,,,0.0,,,,False,False,False,False
2026-03-26T03:00:00+00:00,,Level 2,82.5,Healthy,0.5,0.0,0.0,0.0,0.5,2.99201,17366.3,,,,0.71,63.7,51.7,4.23678,9.87,4.07,4.16,233.5,232.9,235.2,19.6,51.7,2.3,4.6,3.8,0.57,,,e0201,,0.05,,,,,,0.05,,,,,,0.008,,,,,,0.15,,,,,,0.15,,,,,,,,,,,,,,,,,0.0,,,,False,False,False,False
2026-03-26T03:00:00+00:00,,Level 2,82.5,Healthy,0.5,0.0,0.0,0.0,0.5,2.19199,8608.3,,,,0.91,23.1,65.3,2.41199,4.24,3.38,2.71,233.1,232.0,234.8,41.7,65.3,0.7,2.6,2.0,0.643,,,e0202,,0.05,,,,,,0.05,,,,,,0.008,,,,,,0.15,,,,,,0.15,,,,,,,,,,,,,,,,,0.0,,,,False,False,False,False
2026-03-26T03:00:00+00:00,,Level 2,82.5,Healthy,0.5,0.0,0.0,0.0,0.5,1.27342,5328.5,,,,0.81,7.2,92.4,1.57221,2.41,2.19,2.13,234.2,232.3,235.0,78.0,92.4,2.8,2.5,2.5,0.656,,,e0203,,0.05,,,,,,0.05,,,,,,0.008,,,,,,0.15,,,,,,0.15,,,,,,,,,,,,,,,,,0.0,,,,False,False,False,False
2026-03-26T03:00:00+00:00,,Level 2,82.5,Healthy,0.5,0.0,0.0,0.0,0.5,2.89787,13389.3,,,,0.84,6.1,71.3,3.45235,4.97,4.62,5.19,233.6,232.2,234.3,71.3,64.6,0.7,2.3,2.1,0.5,,,e0204,,0.05,,,,,,0.05,,,,,,0.008,,,,,,0.15,,,,,,0.15,,,,,,,,,,,,,,,,,0.0,,,,False,False,False,False
2026-03-26T03:00:00+00:00,,Level 2,82.5,Healthy,0.5,0.0,0.0,0.0,0.5,2.86562,11233.3,,,,0.93,14.0,47.5,3.09398,5.01,4.11,4.07,233.8,232.4,234.5,40.5,47.5,3.8,4.5,4.0,0.5,,,e0205,,0.05,,,,,,0.05,,,,,,0.008,,,,,,0.15,,,,,,0.15,,,,,,,,,,,,,,,,,0.0,,,,False,False,False,False
2026-03-26T03:00:00+00:00,,Level 2,82.5,Healthy,0.5,0.0,0.0,0.0,0.5,5.58538,12887.5,,,,0.81,23.2,7.4,6.90136,8.0,9.39,12.12,234.6,233.0,234.5,7.4,2.1,2.0,0.9,1.4,0.442,,,e0206,,0.05,,,,,,0.05,,,,,,0.008,,,,,,0.15,,,,,,0.15,,,,,,,,,,,,,,,,,0.0,,,,False,False,False,False
2026-03-26T03:00:00+00:00,,Level 2,82.5,Healthy,0.5,0.0,0.0,0.0,0.5,2.67044,11474.9,,,,0.81,12.2,6.6,3.31242,4.41,4.49,5.32,234.6,232.9,234.6,4.8,6.6,1.1,1.7,1.2,0.484,,,e0207,,0.05,,,,,,0.05,,,,,,0.008,,,,,,0.15,,,,,,0.15,,,,,,,,,,,,,,,,,0.0,,,,False,False,False,False
2026-03-26T03:00:00+00:00,,Level 2,82.5,Healthy,0.5,0.0,0.0,0.0,0.5,5.59822,31145.0,,,,0.8,4.5,4.9,6.99665,9.61,9.97,10.47,233.4,231.8,233.7,4.9,2.8,3.1,2.6,2.3,0.501,,,e0208,,0.05,,,,,,0.05,,,,,,0.008,,,,,,0.15,,,,,,0.15,,,,,,,,,,,,,,,,,0.0,,,,False,False,False,False
2026-03-26T03:00:00+00:00,,Level 2,82.5,Healthy,0.5,0.0,0.0,0.0,0.5,7.99028,41880.6,,,,0.86,2.4,8.7,9.29916,13.16,13.25,13.68,232.2,230.6,232.3,5.2,8.7,7.4,4.6,4.3,0.475,,,e0209,,0.05,,,,,,0.05,,,,,,0.008,,,,,,0.15,,,,,,0.15,,,,,,,,,,,,,,,,,0.0,,,,False,False,False,False
2026-03-26T03:00:00+00:00,,Level 2,82.5,Healthy,0.5,0.0,0.0,0.0,0.5,7.64543,24483.5,,,,0.85,1.5,7.2,8.98593,13.03,13.1,12.78,231.9,230.3,232.4,1.3,7.2,5.4,2.8,4.1,0.533,,,e0210,,0.05,,,,,,0.05,,,,,,0.008,,,,,,0.15,,,,,,0.15,,,,,,,,,,,,,,,,,0.0,,,,False,False,False,False
2026-03-26T03:00:00+00:00,,Level 2,82.5,Healthy,0.5,0.0,0.0,0.0,0.5,6.59564,36648.1,,,,0.62,13.2,4.1,10.6718,17.28,13.6,14.93,233.1,232.3,234.5,1.7,4.1,1.6,2.1,2.2,0.514,,,e0211,,0.05,,,,,,0.05,,,,,,0.008,,,,,,0.15,,,,,,0.15,,,,,,,,,,,,,,,,,0.0,,,,False,False,False,False
2026-03-26T03:00:00+00:00,,Level 2,82.5,Healthy,0.5,0.0,0.0,0.0,0.5,1.01492,8129.4,,,,0.75,3.6,86.6,1.358,1.82,1.95,1.87,239.7,240.7,242.6,86.6,,2.2,1.7,2.3,0.664,,,e0212,,0.05,,,,,,0.05,,,,,,0.008,,,,,,0.15,,,,,,0.15,,,,,,,,,,,,,,,,,0.0,,,,False,False,False,False
2026-03-26T03:00:00+00:00,,Level 2,82.5,Healthy,0.5,0.0,0.0,0.0,0.5,9.22253,50318.9,,,,0.85,7.5,3.1,10.8692,15.28,16.9,15.03,231.5,228.7,231.8,3.1,1.8,0.7,0.6,2.2,0.853,,,e0213,,0.05,,,,,,0.05,,,,,,0.008,,,,,,0.15,,,,,,0.15,,,,,,,,,,,,,,,,,0.0,,,,False,False,False,False
2026-03-26T03:00:00+00:00,,Level 2,82.5,Healthy,0.5,0.0,0.0,0.0,0.5,1.18916,6926.6,,,,0.58,3.5,9.6,2.05493,3.03,2.84,2.91,234.3,232.6,234.8,9.6,7.1,2.6,2.6,3.1,0.556,,,e0214,,0.05,,,,,,0.05,,,,,,0.008,,,,,,0.15,,,,,,0.15,,,,,,,,,,,,,,,,,0.0,,,,False,False,False,False
2026-03-26T03:00:00+00:00,,Level 2,82.5,Healthy,0.5,0.0,0.0,0.0,0.5,10.0553,46174.8,,,,0.95,45.1,17.3,10.608,17.89,19.29,8.27,234.4,232.8,235.4,14.6,17.3,2.4,1.8,2.4,0.598,,,e0215,,0.05,,,,,,0.05,,,,,,0.008,,,,,,0.15,,,,,,0.15,,,,,,,,,,,,,,,,,0.0,,,,False,False,False,False
2026-03-26T03:00:00+00:00,,Level 2,82.5,Healthy,0.5,0.0,0.0,0.0,0.5,1.3302,10326.2,,,,0.88,6.7,60.7,1.5126,2.26,2.15,2.2,234.4,232.9,235.0,55.6,60.7,1.2,2.0,2.5,0.513,,,e0216,,0.05,,,,,,0.05,,,,,,0.008,,,,,,0.15,,,,,,0.15,,,,,,,,,,,,,,,,,0.0,,,,False,False,False,False
2026-03-26T03:00:00+00:00,,Level 2,82.5,Healthy,0.5,0.0,0.0,0.0,0.5,3.02853,9331.5,,,,0.84,11.8,75.3,3.6127,5.79,4.73,4.98,233.5,232.0,234.5,64.3,75.3,4.6,4.7,4.5,0.571,,,e0217,,0.05,,,,,,0.05,,,,,,0.008,,,,,,0.15,,,,,,0.15,,,,,,,,,,,,,,,,,0.0,,,,False,False,False,False
2026-03-26T03:00:00+00:00,,Level 2,82.5,Healthy,0.5,0.0,0.0,0.0,0.5,6.46126,27312.1,,,,0.89,25.4,36.0,7.25136,10.2,8.0,13.07,232.6,232.6,232.6,36.0,26.2,3.7,3.1,2.1,0.0,,,e0218,,0.05,,,,,,0.05,,,,,,0.008,,,,,,0.15,,,,,,0.15,,,,,,,,,,,,,,,,,0.0,,,,False,False,False,False
2026-03-26T03:00:00+00:00,,Level 3,82.5,Healthy,0.5,0.0,0.0,0.0,0.5,7.44311,33983.9,,,,0.82,0.6,4.4,9.12712,13.07,12.99,13.13,233.2,231.6,234.0,3.8,4.4,3.0,1.7,2.2,0.572,,,e0301,,0.05,,,,,,0.05,,,,,,0.008,,,,,,0.15,,,,,,0.15,,,,,,,,,,,,,,,,,0.0,,,,False,False,False,False
2026-03-26T03:00:00+00:00,,Level 3,82.5,Healthy,0.5,0.0,0.0,0.0,0.5,2.97016,17068.5,,,,0.26,3.8,4.4,10.97,14.66,15.25,15.79,240.1,240.1,242.2,4.4,3.6,1.8,0.6,2.7,0.581,,,e0303,,0.05,,,,,,0.05,,,,,,0.008,,,,,,0.15,,,,,,0.15,,,,,,,,,,,,,,,,,0.0,,,,False,False,False,False
2026-03-26T03:00:00+00:00,,Level 3,82.5,Healthy,0.5,0.0,0.0,0.0,0.5,6.61874,29748.0,,,,0.77,11.3,7.6,8.67056,11.37,12.1,13.83,233.4,231.9,233.9,7.6,5.3,2.3,1.9,1.5,0.501,,,e0304,,0.05,,,,,,0.05,,,,,,0.008,,,,,,0.15,,,,,,0.15,,,,,,,,,,,,,,,,,0.0,,,,False,False,False,False
2026-03-26T03:00:00+00:00,,Level 3,82.5,Healthy,0.5,0.0,0.0,0.0,0.5,5.59086,14412.7,,,,0.79,5.6,9.4,7.05896,9.89,9.85,10.72,232.5,231.2,232.9,7.1,9.4,0.2,2.7,2.6,0.431,,,e0306,,0.05,,,,,,0.05,,,,,,0.008,,,,,,0.15,,,,,,0.15,,,,,,,,,,,,,,,,,0.0,,,,False,False,False,False
2026-03-26T03:00:00+00:00,,Level 3,82.5,Healthy,0.5,0.0,0.0,0.0,0.5,9.54014,36485.6,,,,0.78,1.7,6.8,12.1551,17.38,17.66,17.14,233.1,231.6,233.7,6.8,5.3,1.0,2.8,2.2,0.515,,,e0307,,0.05,,,,,,0.05,,,,,,0.008,,,,,,0.15,,,,,,0.15,,,,,,,,,,,,,,,,,0.0,,,,False,False,False,False
2026-03-26T03:00:00+00:00,,Level 3,82.5,Healthy,0.5,0.0,0.0,0.0,0.5,6.03052,18396.8,,,,0.81,9.9,10.9,7.44037,11.25,11.2,9.64,232.6,230.7,233.6,10.9,9.1,3.2,3.5,3.1,0.689,,,e0308,,0.05,,,,,,0.05,,,,,,0.008,,,,,,0.15,,,,,,0.15,,,,,,,,,,,,,,,,,0.0,,,,False,False,False,False
2026-03-26T03:00:00+00:00,,Level 3,82.5,Healthy,0.5,0.0,0.0,0.0,0.5,6.86911,20973.2,,,,0.7,1.7,7.6,9.73366,13.71,14.03,14.11,233.7,232.0,234.4,7.0,7.6,1.7,2.7,3.7,0.586,,,e0311,,0.05,,,,,,0.05,,,,,,0.008,,,,,,0.15,,,,,,0.15,,,,,,,,,,,,,,,,,0.0,,,,False,False,False,False
2026-03-26T03:00:00+00:00,,Level 3,82.5,Healthy,0.5,0.0,0.0,0.0,0.5,3.63579,11406.6,,,,0.62,3.6,3.9,5.90845,8.16,8.39,8.74,234.0,232.5,234.6,3.9,3.7,0.3,2.4,2.5,0.513,,,e0312,,0.05,,,,,,0.05,,,,,,0.008,,,,,,0.15,,,,,,0.15,,,,,,,,,,,,,,,,,0.0,,,,False,False,False,False
2026-03-26T03:00:00+00:00,,Level 3,82.5,Healthy,0.5,0.0,0.0,0.0,0.5,4.4013,16214.6,,,,0.66,15.2,8.4,6.65811,10.97,8.79,8.82,232.4,231.7,234.2,8.1,8.4,2.4,2.3,2.4,0.616,,,e0313,,0.05,,,,,,0.05,,,,,,0.008,,,,,,0.15,,,,,,0.15,,,,,,,,,,,,,,,,,0.0,,,,False,False,False,False
2026-03-26T03:00:00+00:00,,Level 3,82.5,Healthy,0.5,0.0,0.0,0.0,0.5,6.00357,22637.5,,,,0.78,3.9,8.4,7.69869,10.34,11.1,10.61,239.0,238.8,241.2,8.4,4.1,0.6,2.6,2.9,0.64,,,e0314,,0.05,,,,,,0.05,,,,,,0.008,,,,,,0.15,,,,,,0.15,,,,,,,,,,,,,,,,,0.0,,,,False,False,False,False
2026-03-26T03:00:00+00:00,,Level 3,82.5,Healthy,0.5,0.0,0.0,0.0,0.5,1.3915,5934.6,,,,0.61,1.1,7.2,2.28741,3.14,3.21,3.16,240.1,239.9,242.0,7.2,7.1,2.5,1.1,2.2,0.554,,,e0315,,0.05,,,,,,0.05,,,,,,0.008,,,,,,0.15,,,,,,0.15,,,,,,,,,,,,,,,,,0.0,,,,False,False,False,False
2026-03-26T03:00:00+00:00,,Level 4,82.5,Healthy,0.5,0.0,0.0,0.0,0.5,4.78379,17382.4,,,,0.53,33.5,10.5,8.99772,17.15,10.2,11.19,233.1,232.9,235.0,10.5,7.0,1.0,1.7,1.5,0.571,,,e0401,,0.05,,,,,,0.05,,,,,,0.008,,,,,,0.15,,,,,,0.15,,,,,,,,,,,,,,,,,0.0,,,,False,False,False,False
2026-03-26T03:00:00+00:00,,Level 4,82.5,Healthy,0.5,0.0,0.0,0.0,0.5,9.54286,47972.8,,,,0.65,1.7,8.3,14.815,21.54,20.88,21.34,233.0,231.5,233.9,6.8,8.3,2.2,1.1,2.0,0.558,,,e0402,,0.05,,,,,,0.05,,,,,,0.008,,,,,,0.15,,,,,,0.15,,,,,,,,,,,,,,,,,0.0,,,,False,False,False,False
2026-03-26T03:00:00+00:00,,Level 4,82.5,Healthy,0.5,0.0,0.0,0.0,0.5,1.84762,9851.0,,,,0.59,12.4,4.4,3.14712,4.24,3.95,4.9,240.0,240.2,241.7,4.4,3.7,2.0,0.6,1.9,0.443,,,e0403,,0.05,,,,,,0.05,,,,,,0.008,,,,,,0.15,,,,,,0.15,,,,,,,,,,,,,,,,,0.0,,,,False,False,False,False
2026-03-26T03:00:00+00:00,,Level 4,82.5,Healthy,0.5,0.0,0.0,0.0,0.5,4.12134,23970.5,,,,0.74,8.6,11.3,5.54608,7.25,8.22,8.32,233.5,231.4,234.0,6.8,11.3,3.5,3.8,3.1,0.672,,,e0404,,0.05,,,,,,0.05,,,,,,0.008,,,,,,0.15,,,,,,0.15,,,,,,,,,,,,,,,,,0.0,,,,False,False,False,False
2026-03-26T03:00:00+00:00,,Level 4,82.5,Healthy,0.5,0.0,0.0,0.0,0.5,41.7859,126805.6,,,,0.84,4.4,15.4,49.6515,66.99,72.01,71.25,235.4,235.1,236.9,15.4,14.8,1.9,0.5,2.2,0.466,,,e0406,,0.05,,,,,,0.05,,,,,,0.008,,,,,,0.15,,,,,,0.15,,,,,,,,,,,,,,,,,0.0,,,,False,False,False,False
2026-03-26T03:00:00+00:00,,Level 4,82.5,Healthy,0.5,0.0,0.0,0.0,0.5,4.21438,13886.1,,,,0.79,6.1,1.8,5.32104,8.02,7.11,7.59,234.2,232.8,234.7,1.8,1.5,7.0,7.4,4.3,0.47,,,e0407,,0.05,,,,,,0.05,,,,,,0.008,,,,,,0.15,,,,,,0.15,,,,,,,,,,,,,,,,,0.0,,,,False,False,False,False
2026-03-26T03:00:00+00:00,,Level 4,82.5,Healthy,0.5,0.0,0.0,0.0,0.5,3.19139,16259.6,,,,0.63,9.4,8.8,5.07476,6.8,6.99,7.91,234.8,233.0,234.9,6.8,8.8,6.5,7.1,1.3,0.527,,,e0408,,0.05,,,,,,0.05,,,,,,0.008,,,,,,0.15,,,,,,0.15,,,,,,,,,,,,,,,,,0.0,,,,False,False,False,False
2026-03-26T03:00:00+00:00,,Level 4,82.5,Healthy,0.5,0.0,0.0,0.0,0.5,6.67898,35975.1,,,,0.67,9.7,5.9,10.0836,12.78,13.75,15.31,239.7,240.2,241.7,4.7,5.9,2.2,2.1,1.4,0.485,,,e0409,,0.05,,,,,,0.05,,,,,,0.008,,,,,,0.15,,,,,,0.15,,,,,,,,,,,,,,,,,0.0,,,,False,False,False,False
2026-03-26T03:00:00+00:00,,Level 4,82.5,Healthy,0.5,0.0,0.0,0.0,0.5,24.0691,156351.3,,,,0.74,1.3,21.0,32.508,45.1,44.17,44.23,241.5,242.4,243.5,20.6,21.0,0.8,2.5,2.7,0.426,,,e0411,,0.05,,,,,,0.05,,,,,,0.008,,,,,,0.15,,,,,,0.15,,,,,,,,,,,,,,,,,0.0,,,,False,False,False,False
2026-03-26T03:00:00+00:00,,Level 4,82.5,Healthy,0.5,0.0,0.0,0.0,0.5,5.00801,47658.8,,,,0.82,0.9,6.8,6.10786,8.48,8.45,8.57,238.9,239.4,240.9,6.8,4.5,0.9,3.5,2.9,0.487,,,e0412,,0.05,,,,,,0.05,,,,,,0.008,,,,,,0.15,,,,,,0.15,,,,,,,,,,,,,,,,,0.0,,,,False,False,False,False
2026-03-26T03:00:00+00:00,,Level 4,82.5,Healthy,0.5,0.0,0.0,0.0,0.5,4.6012,30147.5,,,,0.87,2.3,67.8,5.28447,7.38,7.54,7.73,231.7,233.9,234.4,67.8,63.8,2.9,4.5,3.1,0.7,,,e0413,,0.05,,,,,,0.05,,,,,,0.008,,,,,,0.15,,,,,,0.15,,,,,,,,,,,,,,,,,0.0,,,,False,False,False,False
2026-03-26T03:00:00+00:00,,Level 4,82.5,Healthy,0.5,0.0,0.0,0.0,0.5,1.48339,10291.9,,,,0.86,16.1,93.3,1.72143,2.84,2.43,2.08,232.3,234.6,235.4,51.2,93.3,3.4,3.5,3.4,0.769,,,e0414,,0.05,,,,,,0.05,,,,,,0.008,,,,,,0.15,,,,,,0.15,,,,,,,,,,,,,,,,,0.0,,,,False,False,False,False
2026-03-26T03:00:00+00:00,,Level 4,82.5,Healthy,0.5,0.0,0.0,0.0,0.5,4.19655,24607.4,,,,0.67,17.8,7.0,6.28963,7.98,8.48,10.64,231.3,233.7,232.9,7.0,4.2,2.8,2.2,3.0,0.573,,,e0415,,0.05,,,,,,0.05,,,,,,0.008,,,,,,0.15,,,,,,0.15,,,,,,,,,,,,,,,,,0.0,,,,False,False,False,False
2026-03-26T03:00:00+00:00,,Level 4,82.5,Healthy,0.5,0.0,0.0,0.0,0.5,2.23475,16717.2,,,,0.9,8.7,61.3,2.586,4.18,4.04,3.69,232.2,234.4,235.1,45.9,61.3,4.3,3.6,2.9,0.727,,,e0416,,0.05,,,,,,0.05,,,,,,0.008,,,,,,0.15,,,,,,0.15,,,,,,,,,,,,,,,,,0.0,,,,False,False,False,False
2026-03-26T03:00:00+00:00,,Level 4,82.5,Healthy,0.5,0.0,0.0,0.0,0.5,0.892934,16337.7,,,,0.89,61.3,17.3,1.00812,0.56,1.87,1.88,234.6,233.1,234.7,7.2,17.3,1.8,2.5,2.1,0.441,,,e0419,,0.05,,,,,,0.05,,,,,,0.008,,,,,,0.15,,,,,,0.15,,,,,,,,,,,,,,,,,0.0,,,,False,False,False,False
2026-03-26T03:00:00+00:00,,Level 4,82.5,Healthy,0.5,0.0,0.0,0.0,0.5,11.0317,55764.2,,,,0.82,10.1,10.6,13.5106,17.6,21.03,20.09,231.1,227.7,230.8,10.6,9.0,1.3,2.2,2.0,0.943,,,e0423,,0.05,,,,,,0.05,,,,,,0.008,,,,,,0.15,,,,,,0.15,,,,,,,,,,,,,,,,,0.0,,,,False,False,False,False
2026-03-26T03:00:00+00:00,,Level 5,82.5,Healthy,0.5,0.0,0.0,0.0,0.5,4.54611,25680.7,,,,0.66,6.5,4.3,6.91489,9.05,10.25,9.56,238.7,238.7,241.3,3.3,4.3,2.0,2.6,2.8,0.724,,,e0501,,0.05,,,,,,0.05,,,,,,0.008,,,,,,0.15,,,,,,0.15,,,,,,,,,,,,,,,,,0.0,,,,False,False,False,False
2026-03-26T03:00:00+00:00,,Level 5,82.5,Healthy,0.5,0.0,0.0,0.0,0.5,3.53708,22422.4,,,,0.83,7.9,83.6,4.22492,5.47,6.33,5.79,239.1,239.6,241.9,75.5,83.6,3.2,2.6,3.5,0.708,,,e0502,,0.05,,,,,,0.05,,,,,,0.008,,,,,,0.15,,,,,,0.15,,,,,,,,,,,,,,,,,0.0,,,,False,False,False,False
2026-03-26T03:00:00+00:00,,Level 5,82.5,Healthy,0.5,0.0,0.0,0.0,0.5,3.28734,11974.3,,,,0.71,4.1,4.2,4.65484,6.38,6.87,6.7,234.1,232.2,234.3,4.2,3.2,1.6,2.0,2.5,0.571,,,e0503,,0.05,,,,,,0.05,,,,,,0.008,,,,,,0.15,,,,,,0.15,,,,,,,,,,,,,,,,,0.0,,,,False,False,False,False
2026-03-26T03:00:00+00:00,,Level 5,82.5,Healthy,0.5,0.0,0.0,0.0,0.5,2.76528,9974.9,,,,0.5,4.2,4.7,5.48609,7.28,7.65,7.88,239.9,240.3,242.3,4.7,4.0,1.3,2.7,2.5,0.609,,,e0504,,0.05,,,,,,0.05,,,,,,0.008,,,,,,0.15,,,,,,0.15,,,,,,,,,,,,,,,,,0.0,,,,False,False,False,False
2026-03-26T03:00:00+00:00,,Level 5,82.5,Healthy,0.5,0.0,0.0,0.0,0.5,8.84993,45614.6,,,,0.84,2.9,20.7,10.5824,14.3,15.1,14.78,238.9,239.2,241.2,11.9,20.7,2.6,3.1,2.6,0.598,,,e0505,,0.05,,,,,,0.05,,,,,,0.008,,,,,,0.15,,,,,,0.15,,,,,,,,,,,,,,,,,0.0,,,,False,False,False,False
2026-03-26T03:00:00+00:00,,Level 5,82.5,Healthy,0.5,0.0,0.0,0.0,0.5,1.57301,25034.7,,,,0.19,6.0,5.1,8.23981,10.73,11.87,11.63,240.0,240.0,242.2,5.1,4.6,3.1,2.6,1.6,0.609,,,e0506,,0.05,,,,,,0.05,,,,,,0.008,,,,,,0.15,,,,,,0.15,,,,,,,,,,,,,,,,,0.0,,,,False,False,False,False
2026-03-26T03:00:00+00:00,,Level 5,82.5,Healthy,0.5,0.0,0.0,0.0,0.5,5.05259,28975.2,,,,0.61,5.1,2.9,8.32037,10.97,11.97,11.8,239.0,238.9,241.3,1.6,2.9,1.9,0.1,1.4,0.654,,,e0507,,0.05,,,,,,0.05,,,,,,0.008,,,,,,0.15,,,,,,0.15,,,,,,,,,,,,,,,,,0.0,,,,False,False,False,False
2026-03-26T03:00:00+00:00,,Level 5,82.5,Healthy,0.5,0.0,0.0,0.0,0.5,11.5732,58268.8,,,,0.8,1.7,5.7,14.464,20.27,20.55,20.98,234.2,232.6,234.4,4.2,5.7,2.5,1.8,2.3,0.485,,,e0508,,0.05,,,,,,0.05,,,,,,0.008,,,,,,0.15,,,,,,0.15,,,,,,,,,,,,,,,,,0.0,,,,False,False,False,False
2026-03-26T03:00:00+00:00,,Level 5,82.5,Healthy,0.5,0.0,0.0,0.0,0.5,7.61304,41288.8,,,,0.79,12.8,5.5,9.68017,12.57,15.18,12.64,239.2,238.7,241.3,5.5,2.9,2.3,3.1,2.7,0.654,,,e0509,,0.05,,,,,,0.05,,,,,,0.008,,,,,,0.15,,,,,,0.15,,,,,,,,,,,,,,,,,0.0,,,,False,False,False,False
2026-03-26T03:00:00+00:00,,Level 5,82.5,Healthy,0.5,0.0,0.0,0.0,0.5,11.9503,52327.2,,,,0.86,4.1,33.9,13.8513,18.58,19.89,19.67,237.4,237.4,239.7,33.9,32.7,1.1,2.1,2.5,0.644,,,e0510,,0.05,,,,,,0.05,,,,,,0.008,,,,,,0.15,,,,,,0.15,,,,,,,,,,,,,,,,,0.0,,,,False,False,False,False
2026-03-26T03:00:00+00:00,,Level 5,82.5,Healthy,0.5,0.0,0.0,0.0,0.5,4.05569,24073.9,,,,0.54,8.8,83.8,7.47466,9.46,10.76,10.88,239.9,240.5,242.0,83.8,65.7,2.6,2.8,2.0,0.498,,,e0511,,0.05,,,,,,0.05,,,,,,0.008,,,,,,0.15,,,,,,0.15,,,,,,,,,,,,,,,,,0.0,,,,False,False,False,False
2026-03-26T03:00:00+00:00,,Level 6,82.5,Healthy,0.5,0.0,0.0,0.0,0.5,3.53536,11925.9,,,,0.66,3.5,4.5,5.33456,7.9,7.36,7.64,233.2,232.1,234.2,1.5,4.5,2.0,3.2,3.6,0.457,,,e0602,,0.05,,,,,,0.05,,,,,,0.008,,,,,,0.15,,,,,,0.15,,,,,,,,,,,,,,,,,0.0,,,,False,False,False,False
2026-03-26T03:00:00+00:00,,Level 6,82.5,Healthy,0.5,0.0,0.0,0.0,0.5,6.65962,52398.7,,,,0.8,1.6,5.4,8.29669,12.05,11.97,11.71,233.1,231.7,233.5,5.4,1.5,2.3,1.3,2.6,0.458,,,e0603,,0.05,,,,,,0.05,,,,,,0.008,,,,,,0.15,,,,,,0.15,,,,,,,,,,,,,,,,,0.0,,,,False,False,False,False
2026-03-26T03:00:00+00:00,,Level 6,82.5,Healthy,0.5,0.0,0.0,0.0,0.5,7.38412,24963.3,,,,0.82,7.4,5.7,8.95693,12.08,13.87,12.8,232.2,229.9,232.6,5.7,3.3,0.9,3.6,3.4,0.72,,,e0604,,0.05,,,,,,0.05,,,,,,0.008,,,,,,0.15,,,,,,0.15,,,,,,,,,,,,,,,,,0.0,,,,False,False,False,False
2026-03-26T03:00:00+00:00,,Level 6,82.5,Healthy,0.5,0.0,0.0,0.0,0.5,7.19513,41075.4,,,,0.73,2.5,7.5,9.87259,14.49,14.09,13.84,232.7,231.6,233.6,5.8,7.5,1.7,1.1,2.4,0.444,,,e0605,,0.05,,,,,,0.05,,,,,,0.008,,,,,,0.15,,,,,,0.15,,,,,,,,,,,,,,,,,0.0,,,,False,False,False,False
2026-03-26T03:00:00+00:00,,Level 6,82.5,Healthy,0.5,0.0,0.0,0.0,0.5,8.38702,56454.5,,,,0.55,2.0,7.2,15.1465,21.52,21.6,22.22,228.2,232.8,234.3,1.9,7.2,3.7,3.6,4.2,1.539,,,e0606,,0.05,,,,,,0.05,,,,,,0.008,,,,,,0.15,,,,,,0.15,,,,,,,,,,,,,,,,,0.0,,,,False,False,False,False
2026-03-26T03:00:00+00:00,,Level 6,82.5,Healthy,0.5,0.0,0.0,0.0,0.5,6.6925,35718.0,,,,0.93,1.9,47.6,7.18976,10.48,10.13,10.38,232.0,230.5,232.6,47.6,45.2,2.5,3.6,3.3,0.518,,,e0607,,0.05,,,,,,0.05,,,,,,0.008,,,,,,0.15,,,,,,0.15,,,,,,,,,,,,,,,,,0.0,,,,False,False,False,False
2026-03-26T03:00:00+00:00,,Level 6,82.5,Healthy,0.5,0.0,0.0,0.0,0.5,4.41909,28349.3,,,,0.79,5.6,5.0,5.59514,8.16,7.53,8.27,229.7,233.2,236.7,4.9,5.0,4.1,4.7,5.5,1.501,,,e0611,,0.05,,,,,,0.05,,,,,,0.008,,,,,,0.15,,,,,,0.15,,,,,,,,,,,,,,,,,0.0,,,,False,False,False,False
2026-03-26T03:00:00+00:00,,Level 6,82.5,Healthy,0.5,0.0,0.0,0.0,0.5,0.485658,2413.3,,,,0.88,5.6,71.4,0.551735,6.04,6.54,6.16,28.8,28.8,29.1,71.4,65.7,3.3,2.6,1.7,0.692,,,e0622,,0.05,,,,,,0.05,,,,,,0.008,,,,,,0.15,,,,,,0.15,,,,,,,,,,,,,,,,,0.0,,,,False,False,False,False
2026-03-26T03:00:00+00:00,,Level 6,82.5,Healthy,0.5,0.0,0.0,0.0,0.5,6.77385,34738.6,,,,0.8,6.5,8.7,8.5069,12.54,12.65,11.42,233.2,231.2,233.7,8.7,8.0,2.1,1.7,2.5,0.645,,,e0625,,0.05,,,,,,0.05,,,,,,0.008,,,,,,0.15,,,,,,0.15,,,,,,,,,,,,,,,,,0.0,,,,False,False,False,False
2026-03-26T03:00:00+00:00,,Level 6,82.5,Healthy,0.5,0.0,0.0,0.0,0.5,7.19922,35838.0,,,,0.8,13.1,2.6,9.01167,12.45,11.58,14.55,234.1,232.8,234.3,2.6,2.6,2.5,2.2,2.0,0.399,,,e0626,,0.05,,,,,,0.05,,,,,,0.008,,,,,,0.15,,,,,,0.15,,,,,,,,,,,,,,,,,0.0,,,,False,False,False,False
2026-03-26T03:00:00+00:00,,Level 6,82.5,Healthy,0.5,0.0,0.0,0.0,0.5,4.51021,26463.0,,,,0.89,6.8,52.8,5.03871,7.7,6.82,7.11,233.4,232.1,234.2,50.7,52.8,1.2,2.0,1.4,0.486,,,e0627,,0.05,,,,,,0.05,,,,,,0.008,,,,,,0.15,,,,,,0.15,,,,,,,,,,,,,,,,,0.0,,,,False,False,False,False
2026-03-26T03:00:00+00:00,,Level 6,82.5,Healthy,0.5,0.0,0.0,0.0,0.5,4.52935,24561.4,,,,0.82,29.5,2.7,5.48967,7.09,6.35,10.22,233.6,232.7,233.0,2.3,2.7,1.4,3.2,2.7,0.215,,,e0628,,0.05,,,,,,0.05,,,,,,0.008,,,,,,0.15,,,,,,0.15,,,,,,,,,,,,,,,,,0.0,,,,False,False,False,False
2026-03-26T03:00:00+00:00,,Level 7,82.5,Healthy,0.5,0.0,0.0,0.0,0.5,8.09605,39542.2,,,,0.89,13.1,44.8,9.0984,14.19,13.45,11.26,234.1,232.6,234.9,34.1,44.8,1.9,3.2,2.8,0.542,,,e0701,,0.05,,,,,,0.05,,,,,,0.008,,,,,,0.15,,,,,,0.15,,,,,,,,,,,,,,,,,0.0,,,,False,False,False,False
2026-03-26T03:00:00+00:00,,Level 7,82.5,Healthy,0.5,0.0,0.0,0.0,0.5,5.99907,36576.8,,,,0.93,5.6,41.9,6.46945,9.07,8.85,9.74,234.4,232.7,234.7,41.9,35.5,1.4,1.2,1.6,0.527,,,e0702,,0.05,,,,,,0.05,,,,,,0.008,,,,,,0.15,,,,,,0.15,,,,,,,,,,,,,,,,,0.0,,,,False,False,False,False
2026-03-26T03:00:00+00:00,,Level 7,82.5,Healthy,0.5,0.0,0.0,0.0,0.5,10.3953,52763.3,,,,0.92,9.6,34.1,11.3218,17.84,15.74,15.22,232.8,231.6,233.8,29.9,34.1,3.1,2.6,2.9,0.487,,,e0703,,0.05,,,,,,0.05,,,,,,0.008,,,,,,0.15,,,,,,0.15,,,,,,,,,,,,,,,,,0.0,,,,False,False,False,False
2026-03-26T03:00:00+00:00,,Level 7,82.5,Healthy,0.5,0.0,0.0,0.0,0.5,4.92316,32262.7,,,,0.93,3.4,44.0,5.29463,7.61,7.28,7.74,233.8,232.4,234.2,44.0,39.4,2.3,2.3,1.9,0.457,,,e0704,,0.05,,,,,,0.05,,,,,,0.008,,,,,,0.15,,,,,,0.15,,,,,,,,,,,,,,,,,0.0,,,,False,False,False,False
2026-03-26T03:00:00+00:00,,Level 8,82.5,Healthy,0.5,0.0,0.0,0.0,0.5,3.81589,37787.8,,,,0.89,5.7,59.1,4.24096,6.01,5.86,6.46,228.1,233.0,234.7,59.1,56.8,4.2,4.2,4.2,1.653,,,e0801,,0.05,,,,,,0.05,,,,,,0.008,,,,,,0.15,,,,,,0.15,,,,,,,,,,,,,,,,,0.0,,,,False,False,False,False
2026-03-26T03:00:00+00:00,,Level 8,82.5,Healthy,0.5,0.0,0.0,0.0,0.5,5.43749,49058.9,,,,0.92,6.5,49.8,5.84394,8.75,7.91,8.71,228.4,233.4,235.0,49.8,46.5,4.5,3.9,3.3,1.665,,,e0802,,0.05,,,,,,0.05,,,,,,0.008,,,,,,0.15,,,,,,0.15,,,,,,,,,,,,,,,,,0.0,,,,False,False,False,False
2026-03-26T03:00:00+00:00,,Level 8,82.5,Healthy,0.5,0.0,0.0,0.0,0.5,5.95395,68100.9,,,,0.9,21.6,57.5,6.57752,11.31,9.59,7.4,233.1,232.2,234.3,35.7,57.5,2.0,3.1,3.1,0.472,,,e0803,,0.05,,,,,,0.05,,,,,,0.008,,,,,,0.15,,,,,,0.15,,,,,,,,,,,,,,,,,0.0,,,,False,False,False,False
2026-03-26T03:00:00+00:00,,Level 8,82.5,Healthy,0.5,0.0,0.0,0.0,0.5,7.01961,46054.5,,,,0.71,8.4,9.5,9.8814,15.43,13.92,13.33,228.5,233.5,235.1,9.5,5.8,4.6,4.1,4.3,1.664,,,e0804,,0.05,,,,,,0.05,,,,,,0.008,,,,,,0.15,,,,,,0.15,,,,,,,,,,,,,,,,,0.0,,,,False,False,False,False
2026-03-26T03:00:00+00:00,,Level 8,82.5,Healthy,0.5,0.0,0.0,0.0,0.5,6.79044,47615.9,,,,0.71,10.4,8.7,9.58112,15.21,13.28,12.81,228.6,233.6,235.4,8.3,8.7,3.3,3.1,3.9,1.692,,,e0805,,0.05,,,,,,0.05,,,,,,0.008,,,,,,0.15,,,,,,0.15,,,,,,,,,,,,,,,,,0.0,,,,False,False,False,False
2026-03-26T03:00:00+00:00,,Level 9,82.5,Healthy,0.5,0.0,0.0,0.0,0.5,5.67051,29317.1,,,,0.75,12.1,3.2,7.49691,12.03,9.95,10.22,230.3,233.9,235.6,3.2,2.3,3.8,3.7,3.3,1.272,,,e0901,,0.05,,,,,,0.05,,,,,,0.008,,,,,,0.15,,,,,,0.15,,,,,,,,,,,,,,,,,0.0,,,,False,False,False,False
2026-03-26T03:00:00+00:00,,Level 9,82.5,Healthy,0.5,0.0,0.0,0.0,0.5,5.41116,32429.6,,,,0.81,15.6,9.1,6.69777,10.99,9.33,8.19,231.7,234.5,236.6,1.5,9.1,4.1,4.0,3.7,1.096,,,e0902,,0.05,,,,,,0.05,,,,,,0.008,,,,,,0.15,,,,,,0.15,,,,,,,,,,,,,,,,,0.0,,,,False,False,False,False
2026-03-26T03:00:00+00:00,,Level 9,82.5,Healthy,0.5,0.0,0.0,0.0,0.5,7.69563,38538.8,,,,0.82,2.7,3.6,9.3496,13.63,13.02,13.17,231.6,234.4,236.1,3.0,3.6,3.3,2.5,2.8,1.04,,,e0903,,0.05,,,,,,0.05,,,,,,0.008,,,,,,0.15,,,,,,0.15,,,,,,,,,,,,,,,,,0.0,,,,False,False,False,False
2026-03-26T03:00:00+00:00,,Level 9,82.5,Healthy,0.5,0.0,0.0,0.0,0.5,6.49452,40120.3,,,,0.91,4.8,59.2,7.1471,9.99,10.03,10.76,228.1,233.2,234.4,59.2,51.4,3.0,4.8,4.7,1.639,,,e0904,,0.05,,,,,,0.05,,,,,,0.008,,,,,,0.15,,,,,,0.15,,,,,,,,,,,,,,,,,0.0,,,,False,False,False,False
2026-03-26T03:00:00+00:00,,Level 9,82.5,Healthy,0.5,0.0,0.0,0.0,0.5,2.68777,32376.8,,,,0.46,17.4,4.8,5.87551,7.31,9.82,8.0,232.1,233.6,236.1,4.8,3.3,3.7,3.0,3.1,0.926,,,e0905,,0.05,,,,,,0.05,,,,,,0.008,,,,,,0.15,,,,,,0.15,,,,,,,,,,,,,,,,,0.0,,,,False,False,False,False
2026-03-26T03:00:00+00:00,,Level 9,82.5,Healthy,0.5,0.0,0.0,0.0,0.5,4.62921,24349.7,,,,0.63,18.7,22.3,7.31956,9.95,8.89,12.36,232.2,235.1,236.3,19.6,22.3,3.7,3.2,3.2,0.995,,,e0906,,0.05,,,,,,0.05,,,,,,0.008,,,,,,0.15,,,,,,0.15,,,,,,,,,,,,,,,,,0.0,,,,False,False,False,False
2026-03-26T03:00:00+00:00,,Level 9,82.5,Healthy,0.5,0.0,0.0,0.0,0.5,3.66308,28789.4,,,,0.56,15.1,5.4,6.53943,8.67,10.68,8.53,232.1,234.2,236.3,4.0,5.4,3.3,2.2,2.1,0.897,,,e0907,,0.05,,,,,,0.05,,,,,,0.008,,,,,,0.15,,,,,,0.15,,,,,,,,,,,,,,,,,0.0,,,,False,False,False,False
2026-03-26T03:00:00+00:00,,Level 9,82.5,Healthy,0.5,0.0,0.0,0.0,0.5,3.9086,49167.4,,,,0.9,4.5,55.0,4.32293,6.45,6.05,6.03,231.0,234.1,235.5,54.8,55.0,4.5,3.5,4.9,1.085,,,e0908,,0.05,,,,,,0.05,,,,,,0.008,,,,,,0.15,,,,,,0.15,,,,,,,,,,,,,,,,,0.0,,,,False,False,False,False
2026-03-26T03:00:00+00:00,,Level 10,82.5,Healthy,0.5,0.0,0.0,0.0,0.5,3.16176,16549.3,,,,0.95,70.4,38.3,3.34297,6.47,6.48,1.42,231.0,234.1,235.2,38.3,37.3,4.0,3.7,3.8,1.042,,,e1001,,0.05,,,,,,0.05,,,,,,0.008,,,,,,0.15,,,,,,0.15,,,,,,,,,,,,,,,,,0.0,,,,False,False,False,False
2026-03-26T03:00:00+00:00,,Level 10,82.5,Healthy,0.5,0.0,0.0,0.0,0.5,9.9664,61696.1,,,,0.93,12.0,36.4,10.7217,15.22,13.63,17.17,231.8,234.7,236.0,36.4,30.8,4.4,4.2,4.0,1.011,,,e1002,,0.05,,,,,,0.05,,,,,,0.008,,,,,,0.15,,,,,,0.15,,,,,,,,,,,,,,,,,0.0,,,,False,False,False,False
2026-03-26T03:00:00+00:00,,Level 10,82.5,Healthy,0.5,0.0,0.0,0.0,0.5,6.92355,49887.9,,,,0.93,9.9,43.1,7.42451,9.85,10.3,11.66,231.4,234.0,235.5,43.1,37.0,3.7,3.1,3.2,0.956,,,e1003,,0.05,,,,,,0.05,,,,,,0.008,,,,,,0.15,,,,,,0.15,,,,,,,,,,,,,,,,,0.0,,,,False,False,False,False
2026-03-26T03:00:00+00:00,,Level 10,82.5,Healthy,0.5,0.0,0.0,0.0,0.5,3.93529,23316.9,,,,0.96,4.6,37.1,4.10741,6.12,5.68,5.77,231.0,234.2,235.5,34.7,37.1,3.7,3.1,2.5,1.099,,,e1004,,0.05,,,,,,0.05,,,,,,0.008,,,,,,0.15,,,,,,0.15,,,,,,,,,,,,,,,,,0.0,,,,False,False,False,False
2026-03-26T03:00:00+00:00,,Level 10,82.5,Healthy,0.5,0.0,0.0,0.0,0.5,3.3793,42122.2,,,,0.94,8.4,45.3,3.61049,5.46,5.31,4.71,228.4,232.2,236.5,40.1,45.3,2.7,2.4,3.0,1.779,,,e1005,,0.05,,,,,,0.05,,,,,,0.008,,,,,,0.15,,,,,,0.15,,,,,,,,,,,,,,,,,0.0,,,,False,False,False,False
2026-03-26T03:00:00+00:00,,Level 10,82.5,Healthy,0.5,0.0,0.0,0.0,0.5,8.00758,45932.3,,,,0.93,9.1,44.1,8.61921,13.41,11.91,11.54,231.4,234.2,236.2,36.3,44.1,4.1,3.8,3.2,1.083,,,e1006,,0.05,,,,,,0.05,,,,,,0.008,,,,,,0.15,,,,,,0.15,,,,,,,,,,,,,,,,,0.0,,,,False,False,False,False
2026-03-26T03:00:00+00:00,,Level 10,82.5,Healthy,0.5,0.0,0.0,0.0,0.5,7.07904,26811.0,,,,0.93,2.3,46.4,7.6594,10.55,10.88,11.15,231.3,234.2,235.6,46.4,40.4,5.3,4.3,3.0,1.027,,,e1007,,0.05,,,,,,0.05,,,,,,0.008,,,,,,0.15,,,,,,0.15,,,,,,,,,,,,,,,,,0.0,,,,False,False,False,False
2026-03-26T03:00:00+00:00,,Level 10,82.5,Healthy,0.5,0.0,0.0,0.0,0.5,6.84609,38577.9,,,,0.96,10.7,38.6,7.1433,9.2,11.32,10.19,230.5,233.2,234.7,38.6,33.8,4.0,4.1,3.8,0.988,,,e1008,,0.05,,,,,,0.05,,,,,,0.008,,,,,,0.15,,,,,,0.15,,,,,,,,,,,,,,,,,0.0,,,,False,False,False,False
2026-03-26T03:00:00+00:00,,Level 11,82.5,Healthy,0.5,0.0,0.0,0.0,0.5,-6.1164,0.0,,,,-0.94,3.2,48.8,6.49687,9.02,9.37,9.58,231.0,233.7,235.0,48.8,39.6,3.3,2.2,2.3,0.958,,,e1101,,0.05,,,,,,0.05,,,,,,0.008,,,,,,0.15,,,,,,0.15,,,,,,,,,,,,,,,,,0.0,,,,False,False,False,False
2026-03-26T03:00:00+00:00,,Level 11,82.5,Healthy,0.5,0.0,0.0,0.0,0.5,7.6325,55835.8,,,,0.9,6.1,38.5,8.47293,12.79,11.61,11.77,232.1,234.9,236.5,35.4,38.5,3.6,3.9,3.6,1.023,,,e1102,,0.05,,,,,,0.05,,,,,,0.008,,,,,,0.15,,,,,,0.15,,,,,,,,,,,,,,,,,0.0,,,,False,False,False,False
2026-03-26T03:00:00+00:00,,Level 11,82.5,Healthy,0.5,0.0,0.0,0.0,0.5,11.486,40506.4,,,,0.95,10.8,37.0,12.05,19.03,16.64,15.93,231.7,234.6,236.3,31.3,37.0,4.0,2.7,3.4,1.067,,,e1103,,0.05,,,,,,0.05,,,,,,0.008,,,,,,0.15,,,,,,0.15,,,,,,,,,,,,,,,,,0.0,,,,False,False,False,False
2026-03-26T03:00:00+00:00,,Level 11,82.5,Healthy,0.5,0.0,0.0,0.0,0.5,4.32858,22814.5,,,,0.92,6.2,49.6,4.73201,7.13,6.33,6.79,230.9,234.1,235.8,46.2,49.6,3.1,4.0,3.9,1.156,,,e1104,,0.05,,,,,,0.05,,,,,,0.008,,,,,,0.15,,,,,,0.15,,,,,,,,,,,,,,,,,0.0,,,,False,False,False,False
2026-03-26T03:00:00+00:00,,Level 11,82.5,Healthy,0.5,0.0,0.0,0.0,0.5,2.46155,28898.8,,,,0.88,9.5,65.0,2.79534,4.39,3.83,3.82,228.2,233.1,235.1,59.1,65.0,4.6,4.5,4.4,1.694,,,e1105,,0.05,,,,,,0.05,,,,,,0.008,,,,,,0.15,,,,,,0.15,,,,,,,,,,,,,,,,,0.0,,,,False,False,False,False
2026-03-26T03:00:00+00:00,,Level 11,82.5,Healthy,0.5,0.0,0.0,0.0,0.5,8.69058,58189.8,,,,0.95,4.3,30.8,9.10715,13.44,12.51,13.28,228.5,233.4,234.9,30.8,28.9,4.7,2.7,4.2,1.622,,,e1106,,0.05,,,,,,0.05,,,,,,0.008,,,,,,0.15,,,,,,0.15,,,,,,,,,,,,,,,,,0.0,,,,False,False,False,False
2026-03-26T03:00:00+00:00,,Level 11,82.5,Healthy,0.5,0.0,0.0,0.0,0.5,8.55711,27900.8,,,,0.95,4.7,35.9,9.02145,12.59,13.57,12.72,228.9,233.5,235.2,35.9,32.4,4.3,4.0,4.6,1.562,,,e1107,,0.05,,,,,,0.05,,,,,,0.008,,,,,,0.15,,,,,,0.15,,,,,,,,,,,,,,,,,0.0,,,,False,False,False,False
2026-03-26T03:00:00+00:00,,Level 11,82.5,Healthy,0.5,0.0,0.0,0.0,0.5,3.04648,33367.7,,,,0.66,14.2,52.1,4.58947,7.06,7.1,5.67,227.7,233.3,234.2,44.8,52.1,4.2,4.2,4.3,1.741,,,e1108,,0.05,,,,,,0.05,,,,,,0.008,,,,,,0.15,,,,,,0.15,,,,,,,,,,,,,,,,,0.0,,,,False,False,False,False
2026-03-26T05:00:00+00:00,,Level 1,82.5,Healthy,0.5,0.0,0.0,0.0,0.5,0.988698,10595.7,,,,0.27,4.8,3.8,3.6572,5.5,5.17,5.09,232.0,233.0,230.3,3.8,2.4,2.4,1.5,1.2,0.633,,,e0101,,0.05,,,,,,0.05,,,,,,0.008,,,,,,0.15,,,,,,0.15,,,,,,,,,,,,,,,,,0.0,,,,False,False,False,False
2026-03-26T05:00:00+00:00,,Level 1,82.5,Healthy,0.5,0.0,0.0,0.0,0.5,3.70346,20436.6,,,,0.81,24.4,6.8,4.59286,5.9,5.7,8.22,232.3,230.9,231.7,6.8,1.1,2.3,0.8,2.5,0.317,,,e0102,,0.05,,,,,,0.05,,,,,,0.008,,,,,,0.15,,,,,,0.15,,,,,,,,,,,,,,,,,0.0,,,,False,False,False,False
2026-03-26T05:00:00+00:00,,Level 1,82.5,Healthy,0.5,0.0,0.0,0.0,0.5,6.64455,37221.6,,,,0.8,16.6,9.1,8.25338,13.82,10.98,10.8,231.6,230.4,233.1,9.1,5.9,6.1,7.4,6.5,0.604,,,e0103,,0.05,,,,,,0.05,,,,,,0.008,,,,,,0.15,,,,,,0.15,,,,,,,,,,,,,,,,,0.0,,,,False,False,False,False
2026-03-26T05:00:00+00:00,,Level 1,82.5,Healthy,0.5,0.0,0.0,0.0,0.5,6.19805,33972.8,,,,0.75,0.8,6.5,8.28488,11.9,11.78,11.96,232.6,230.6,232.9,6.4,6.5,0.5,3.0,2.8,0.618,,,e0104,,0.05,,,,,,0.05,,,,,,0.008,,,,,,0.15,,,,,,0.15,,,,,,,,,,,,,,,,,0.0,,,,False,False,False,False
2026-03-26T05:00:00+00:00,,Level 1,82.5,Healthy,0.5,0.0,0.0,0.0,0.5,47.1918,1298977.9,,,,0.79,3.8,6.6,59.4404,84.23,87.51,81.37,235.2,234.3,236.7,6.6,4.6,1.5,2.3,2.5,0.552,,,e0105,,0.05,,,,,,0.05,,,,,,0.008,,,,,,0.15,,,,,,0.15,,,,,,,,,,,,,,,,,0.0,,,,False,False,False,False
2026-03-26T05:00:00+00:00,,Level 1,82.5,Healthy,0.5,0.0,0.0,0.0,0.5,2.24318,15444.5,,,,0.66,71.8,16.6,3.39227,1.41,6.55,6.65,231.5,230.1,233.4,16.6,5.9,1.1,2.8,1.1,0.748,,,e0106,,0.05,,,,,,0.05,,,,,,0.008,,,,,,0.15,,,,,,0.15,,,,,,,,,,,,,,,,,0.0,,,,False,False,False,False
2026-03-26T05:00:00+00:00,,Level 1,82.5,Healthy,0.5,0.0,0.0,0.0,0.5,2.22811,6453.7,,,,0.75,7.0,8.6,2.96003,4.56,3.97,4.25,232.8,231.0,233.4,8.6,3.7,1.9,0.5,1.2,0.602,,,e0107,,0.05,,,,,,0.05,,,,,,0.008,,,,,,0.15,,,,,,0.15,,,,,,,,,,,,,,,,,0.0,,,,False,False,False,False
2026-03-26T05:00:00+00:00,,Level 1,82.5,Healthy,0.5,0.0,0.0,0.0,0.5,5.57174,30526.6,,,,0.74,2.1,6.2,7.50821,10.23,10.56,10.14,242.1,242.5,244.4,3.6,6.2,2.8,3.6,2.2,0.576,,,e0108,,0.05,,,,,,0.05,,,,,,0.008,,,,,,0.15,,,,,,0.15,,,,,,,,,,,,,,,,,0.0,,,,False,False,False,False
2026-03-26T05:00:00+00:00,,Level 1,82.5,Healthy,0.5,0.0,0.0,0.0,0.5,1.81185,8884.2,,,,0.76,13.8,1.5,2.37047,3.11,3.88,3.24,233.2,230.9,233.2,1.5,1.5,0.5,2.5,2.9,0.66,,,e0109,,0.05,,,,,,0.05,,,,,,0.008,,,,,,0.15,,,,,,0.15,,,,,,,,,,,,,,,,,0.0,,,,False,False,False,False
2026-03-26T05:00:00+00:00,,Level 1,82.5,Healthy,0.5,0.0,0.0,0.0,0.5,11.4102,58676.1,,,,0.8,1.4,8.5,14.3636,20.87,20.45,20.86,231.8,229.8,232.3,8.5,2.7,1.9,3.1,2.0,0.649,,,e0110,,0.05,,,,,,0.05,,,,,,0.008,,,,,,0.15,,,,,,0.15,,,,,,,,,,,,,,,,,0.0,,,,False,False,False,False
2026-03-26T05:00:00+00:00,,Level 1,82.5,Healthy,0.5,0.0,0.0,0.0,0.5,1.0512,4222.3,,,,0.66,11.0,18.8,1.5943,2.54,2.12,2.21,232.5,230.7,233.1,16.1,18.8,1.1,2.7,2.6,0.603,,,e0111,,0.05,,,,,,0.05,,,,,,0.008,,,,,,0.15,,,,,,0.15,,,,,,,,,,,,,,,,,0.0,,,,False,False,False,False
2026-03-26T05:00:00+00:00,,Level 1,82.5,Healthy,0.5,0.0,0.0,0.0,0.5,2.82893,16060.8,,,,0.57,5.4,,5.01293,6.52,7.05,7.06,241.3,242.0,243.7,,,2.6,2.9,2.9,0.564,,,e0112,,0.05,,,,,,0.05,,,,,,0.008,,,,,,0.15,,,,,,0.15,,,,,,,,,,,,,,,,,0.0,,,,False,False,False,False
2026-03-26T05:00:00+00:00,,Level 1,82.5,Healthy,0.5,0.0,0.0,0.0,0.5,3.21951,18530.1,,,,0.39,2.8,5.8,8.24765,11.06,11.62,11.45,240.6,241.1,243.3,5.8,3.6,0.9,2.5,2.9,0.676,,,e0113,,0.05,,,,,,0.05,,,,,,0.008,,,,,,0.15,,,,,,0.15,,,,,,,,,,,,,,,,,0.0,,,,False,False,False,False
2026-03-26T05:00:00+00:00,,Level 1,82.5,Healthy,0.5,0.0,0.0,0.0,0.5,7.49741,41109.9,,,,0.81,1.8,4.3,9.31407,13.08,13.01,12.69,239.3,240.2,241.8,4.3,2.5,2.4,1.1,2.3,0.568,,,e0114,,0.05,,,,,,0.05,,,,,,0.008,,,,,,0.15,,,,,,0.15,,,,,,,,,,,,,,,,,0.0,,,,False,False,False,False
2026-03-26T05:00:00+00:00,,Level 1,82.5,Healthy,0.5,0.0,0.0,0.0,0.5,6.83929,36559.0,,,,0.78,5.4,3.0,8.76363,11.48,12.44,12.47,240.8,240.9,242.9,3.0,3.0,1.9,1.3,2.9,0.566,,,e0115,,0.05,,,,,,0.05,,,,,,0.008,,,,,,0.15,,,,,,0.15,,,,,,,,,,,,,,,,,0.0,,,,False,False,False,False
2026-03-26T05:00:00+00:00,,Level 1,82.5,Healthy,0.5,0.0,0.0,0.0,0.5,6.48915,35024.6,,,,0.75,1.6,11.3,8.64275,12.14,11.71,11.94,241.4,241.6,243.6,11.3,11.3,1.1,2.6,3.0,0.578,,,e0116,,0.05,,,,,,0.05,,,,,,0.008,,,,,,0.15,,,,,,0.15,,,,,,,,,,,,,,,,,0.0,,,,False,False,False,False
2026-03-26T05:00:00+00:00,,Level 1,82.5,Healthy,0.5,0.0,0.0,0.0,0.5,11.4779,60944.5,,,,0.79,7.2,6.9,14.538,20.11,22.53,20.33,232.6,230.2,232.8,6.9,3.8,2.9,3.1,2.5,0.719,,,e0117,,0.05,,,,,,0.05,,,,,,0.008,,,,,,0.15,,,,,,0.15,,,,,,,,,,,,,,,,,0.0,,,,False,False,False,False
2026-03-26T05:00:00+00:00,,Level 1,82.5,Healthy,0.5,0.0,0.0,0.0,0.5,6.07342,33505.9,,,,0.69,1.8,5.6,8.77946,12.39,12.86,12.62,231.8,229.8,232.1,5.6,2.9,1.3,0.8,1.1,0.62,,,e0118,,0.05,,,,,,0.05,,,,,,0.008,,,,,,0.15,,,,,,0.15,,,,,,,,,,,,,,,,,0.0,,,,False,False,False,False
2026-03-26T05:00:00+00:00,,Level 1,82.5,Healthy,0.5,0.0,0.0,0.0,0.5,1.65893,16169.4,,,,0.29,7.4,5.3,5.63132,7.18,7.95,8.11,242.5,242.6,244.3,2.4,5.3,2.9,2.5,2.7,0.48,,,e0120,,0.05,,,,,,0.05,,,,,,0.008,,,,,,0.15,,,,,,0.15,,,,,,,,,,,,,,,,,0.0,,,,False,False,False,False
2026-03-26T05:00:00+00:00,,Level 1,82.5,Healthy,0.5,0.0,0.0,0.0,0.5,15.0048,85262.4,,,,0.82,5.4,13.3,18.1854,26.35,24.84,27.53,232.3,230.7,232.8,13.3,5.6,0.2,3.4,1.2,0.532,,,e0121,,0.05,,,,,,0.05,,,,,,0.008,,,,,,0.15,,,,,,0.15,,,,,,,,,,,,,,,,,0.0,,,,False,False,False,False
2026-03-26T05:00:00+00:00,,Level 2,82.5,Healthy,0.5,0.0,0.0,0.0,0.5,2.96508,17371.1,,,,0.71,63.5,52.9,4.17869,9.84,3.99,4.18,231.9,231.0,233.7,19.7,52.9,2.6,2.4,2.2,0.646,,,e0201,,0.05,,,,,,0.05,,,,,,0.008,,,,,,0.15,,,,,,0.15,,,,,,,,,,,,,,,,,0.0,,,,False,False,False,False
2026-03-26T05:00:00+00:00,,Level 2,82.5,Healthy,0.5,0.0,0.0,0.0,0.5,2.21548,8610.3,,,,0.91,21.9,66.7,2.42863,4.26,3.46,2.79,231.3,229.9,233.1,40.5,66.7,1.5,3.3,3.1,0.72,,,e0202,,0.05,,,,,,0.05,,,,,,0.008,,,,,,0.15,,,,,,0.15,,,,,,,,,,,,,,,,,0.0,,,,False,False,False,False
2026-03-26T05:00:00+00:00,,Level 2,82.5,Healthy,0.5,0.0,0.0,0.0,0.5,1.29721,5329.6,,,,0.81,7.6,91.3,1.60573,2.49,2.23,2.23,232.0,229.8,232.9,79.8,91.3,2.1,2.1,1.7,0.763,,,e0203,,0.05,,,,,,0.05,,,,,,0.008,,,,,,0.15,,,,,,0.15,,,,,,,,,,,,,,,,,0.0,,,,False,False,False,False
2026-03-26T05:00:00+00:00,,Level 2,82.5,Healthy,0.5,0.0,0.0,0.0,0.5,3.60096,13392.4,,,,0.87,5.9,62.8,4.07094,5.93,5.55,6.21,231.6,229.9,232.2,62.8,56.4,2.2,3.7,2.7,0.577,,,e0204,,0.05,,,,,,0.05,,,,,,0.008,,,,,,0.15,,,,,,0.15,,,,,,,,,,,,,,,,,0.0,,,,False,False,False,False
2026-03-26T05:00:00+00:00,,Level 2,82.5,Healthy,0.5,0.0,0.0,0.0,0.5,2.84231,11238.6,,,,0.93,13.4,46.9,3.06392,5.0,4.13,4.11,232.2,230.6,233.1,41.4,46.9,8.1,9.8,9.7,0.589,,,e0205,,0.05,,,,,,0.05,,,,,,0.008,,,,,,0.15,,,,,,0.15,,,,,,,,,,,,,,,,,0.0,,,,False,False,False,False
2026-03-26T05:00:00+00:00,,Level 2,82.5,Healthy,0.5,0.0,0.0,0.0,0.5,5.70341,12897.9,,,,0.82,20.5,5.4,6.97244,7.97,10.05,12.04,232.8,231.0,233.0,5.4,1.3,1.3,0.3,1.9,0.545,,,e0206,,0.05,,,,,,0.05,,,,,,0.008,,,,,,0.15,,,,,,0.15,,,,,,,,,,,,,,,,,0.0,,,,False,False,False,False
2026-03-26T05:00:00+00:00,,Level 2,82.5,Healthy,0.5,0.0,0.0,0.0,0.5,2.64726,11479.6,,,,0.81,12.1,8.3,3.27417,4.38,4.45,5.27,232.6,230.8,232.9,8.3,4.6,2.3,2.1,1.5,0.56,,,e0207,,0.05,,,,,,0.05,,,,,,0.008,,,,,,0.15,,,,,,0.15,,,,,,,,,,,,,,,,,0.0,,,,False,False,False,False
2026-03-26T05:00:00+00:00,,Level 2,82.5,Healthy,0.5,0.0,0.0,0.0,0.5,5.52991,31155.6,,,,0.8,5.2,7.1,6.93519,9.6,9.94,10.56,231.3,229.5,231.8,5.5,7.1,0.9,1.6,2.5,0.592,,,e0208,,0.05,,,,,,0.05,,,,,,0.008,,,,,,0.15,,,,,,0.15,,,,,,,,,,,,,,,,,0.0,,,,False,False,False,False
2026-03-26T05:00:00+00:00,,Level 2,82.5,Healthy,0.5,0.0,0.0,0.0,0.5,7.99829,41895.1,,,,0.86,2.8,7.7,9.26547,13.23,13.29,13.79,230.5,229.0,231.0,7.7,5.0,2.2,2.3,1.3,0.507,,,e0209,,0.05,,,,,,0.05,,,,,,0.008,,,,,,0.15,,,,,,0.15,,,,,,,,,,,,,,,,,0.0,,,,False,False,False,False
2026-03-26T05:00:00+00:00,,Level 2,82.5,Healthy,0.5,0.0,0.0,0.0,0.5,7.58094,24497.6,,,,0.85,1.1,10.8,8.96099,13.02,13.06,12.84,230.1,228.4,230.8,10.6,10.8,3.4,4.3,2.5,0.595,,,e0210,,0.05,,,,,,0.05,,,,,,0.008,,,,,,0.15,,,,,,0.15,,,,,,,,,,,,,,,,,0.0,,,,False,False,False,False
2026-03-26T05:00:00+00:00,,Level 2,82.5,Healthy,0.5,0.0,0.0,0.0,0.5,5.79958,36658.8,,,,0.63,14.7,5.4,9.23921,15.26,11.63,12.99,231.9,231.0,233.3,5.0,5.4,1.2,1.1,2.7,0.531,,,e0211,,0.05,,,,,,0.05,,,,,,0.008,,,,,,0.15,,,,,,0.15,,,,,,,,,,,,,,,,,0.0,,,,False,False,False,False
2026-03-26T05:00:00+00:00,,Level 2,82.5,Healthy,0.5,0.0,0.0,0.0,0.5,1.02457,8131.9,,,,0.74,5.5,87.6,1.38208,1.85,2.01,1.82,242.2,243.0,245.0,87.6,,1.9,2.8,1.9,0.657,,,e0212,,0.05,,,,,,0.05,,,,,,0.008,,,,,,0.15,,,,,,0.15,,,,,,,,,,,,,,,,,0.0,,,,False,False,False,False
2026-03-26T05:00:00+00:00,,Level 2,82.5,Healthy,0.5,0.0,0.0,0.0,0.5,9.18936,50335.9,,,,0.85,7.3,3.8,10.8678,15.31,16.95,15.12,230.2,227.3,230.6,3.6,3.8,0.6,2.8,2.3,0.901,,,e0213,,0.05,,,,,,0.05,,,,,,0.008,,,,,,0.15,,,,,,0.15,,,,,,,,,,,,,,,,,0.0,,,,False,False,False,False
2026-03-26T05:00:00+00:00,,Level 2,82.5,Healthy,0.5,0.0,0.0,0.0,0.5,1.17804,6928.8,,,,0.58,3.7,7.7,2.01626,3.0,2.79,2.89,232.9,231.1,233.6,7.7,4.5,2.3,3.0,2.4,0.616,,,e0214,,0.05,,,,,,0.05,,,,,,0.008,,,,,,0.15,,,,,,0.15,,,,,,,,,,,,,,,,,0.0,,,,False,False,False,False
2026-03-26T05:00:00+00:00,,Level 2,82.5,Healthy,0.5,0.0,0.0,0.0,0.5,10.1839,46193.4,,,,0.95,45.6,23.4,10.7397,18.44,19.25,8.32,232.5,230.7,233.5,7.1,23.4,2.5,3.7,2.2,0.66,,,e0215,,0.05,,,,,,0.05,,,,,,0.008,,,,,,0.15,,,,,,0.15,,,,,,,,,,,,,,,,,0.0,,,,False,False,False,False
2026-03-26T05:00:00+00:00,,Level 2,82.5,Healthy,0.5,0.0,0.0,0.0,0.5,1.32741,10327.5,,,,0.9,12.2,61.9,1.66919,2.26,2.05,2.24,232.8,231.0,233.4,55.0,61.9,2.1,2.3,1.5,0.602,,,e0216,,0.05,,,,,,0.05,,,,,,0.008,,,,,,0.15,,,,,,0.15,,,,,,,,,,,,,,,,,0.0,,,,False,False,False,False
2026-03-26T05:00:00+00:00,,Level 2,82.5,Healthy,0.5,0.0,0.0,0.0,0.5,2.89906,9337.0,,,,0.83,8.0,75.1,3.47819,5.46,4.69,4.91,231.4,229.2,232.1,71.1,75.1,2.8,2.8,1.3,0.736,,,e0217,,0.05,,,,,,0.05,,,,,,0.008,,,,,,0.15,,,,,,0.15,,,,,,,,,,,,,,,,,0.0,,,,False,False,False,False
2026-03-26T05:00:00+00:00,,Level 2,82.5,Healthy,0.5,0.0,0.0,0.0,0.5,6.42766,27321.2,,,,0.89,26.2,35.8,7.19062,10.17,7.94,13.12,230.4,230.3,230.6,35.8,26.7,1.0,2.1,2.2,0.072,,,e0218,,0.05,,,,,,0.05,,,,,,0.008,,,,,,0.15,,,,,,0.15,,,,,,,,,,,,,,,,,0.0,,,,False,False,False,False
2026-03-26T05:00:00+00:00,,Level 3,82.5,Healthy,0.5,0.0,0.0,0.0,0.5,7.38861,33997.5,,,,0.82,0.9,5.0,8.99417,13.01,12.91,13.1,231.7,229.8,232.6,3.9,5.0,2.0,3.2,1.9,0.677,,,e0301,,0.05,,,,,,0.05,,,,,,0.008,,,,,,0.15,,,,,,0.15,,,,,,,,,,,,,,,,,0.0,,,,False,False,False,False
2026-03-26T05:00:00+00:00,,Level 3,82.5,Healthy,0.5,0.0,0.0,0.0,0.5,2.90644,17078.7,,,,0.25,3.5,5.6,11.4818,15.25,15.7,16.29,242.5,242.6,244.7,2.5,5.6,1.1,2.2,2.7,0.589,,,e0303,,0.05,,,,,,0.05,,,,,,0.008,,,,,,0.15,,,,,,0.15,,,,,,,,,,,,,,,,,0.0,,,,False,False,False,False
2026-03-26T05:00:00+00:00,,Level 3,82.5,Healthy,0.5,0.0,0.0,0.0,0.5,6.61942,29759.9,,,,0.77,11.5,5.3,8.62587,11.46,11.98,13.84,232.3,230.6,232.9,2.8,5.3,2.0,3.2,1.9,0.575,,,e0304,,0.05,,,,,,0.05,,,,,,0.008,,,,,,0.15,,,,,,0.15,,,,,,,,,,,,,,,,,0.0,,,,False,False,False,False
2026-03-26T05:00:00+00:00,,Level 3,82.5,Healthy,0.5,0.0,0.0,0.0,0.5,5.54231,14423.0,,,,0.79,6.2,6.6,6.97448,9.79,9.79,10.74,231.3,229.8,231.8,6.6,6.0,2.4,2.4,2.8,0.505,,,e0306,,0.05,,,,,,0.05,,,,,,0.008,,,,,,0.15,,,,,,0.15,,,,,,,,,,,,,,,,,0.0,,,,False,False,False,False
2026-03-26T05:00:00+00:00,,Level 3,82.5,Healthy,0.5,0.0,0.0,0.0,0.5,9.51306,36502.8,,,,0.79,3.5,5.8,12.1029,17.89,17.62,16.84,231.8,230.2,232.7,3.0,5.8,2.6,3.6,2.3,0.59,,,e0307,,0.05,,,,,,0.05,,,,,,0.008,,,,,,0.15,,,,,,0.15,,,,,,,,,,,,,,,,,0.0,,,,False,False,False,False
2026-03-26T05:00:00+00:00,,Level 3,82.5,Healthy,0.5,0.0,0.0,0.0,0.5,5.963,18407.1,,,,0.81,9.3,6.9,7.38236,11.22,11.12,9.67,231.3,229.3,232.5,5.1,6.9,1.3,2.7,1.9,0.75,,,e0308,,0.05,,,,,,0.05,,,,,,0.008,,,,,,0.15,,,,,,0.15,,,,,,,,,,,,,,,,,0.0,,,,False,False,False,False
2026-03-26T05:00:00+00:00,,Level 3,82.5,Healthy,0.5,0.0,0.0,0.0,0.5,6.86583,20986.0,,,,0.71,1.8,5.7,9.69727,13.65,13.9,14.16,232.4,230.6,233.2,2.5,5.7,2.5,2.1,1.3,0.632,,,e0311,,0.05,,,,,,0.05,,,,,,0.008,,,,,,0.15,,,,,,0.15,,,,,,,,,,,,,,,,,0.0,,,,False,False,False,False
2026-03-26T05:00:00+00:00,,Level 3,82.5,Healthy,0.5,0.0,0.0,0.0,0.5,3.60383,11413.1,,,,0.62,4.0,6.7,5.83843,8.11,8.34,8.71,232.6,231.0,233.3,6.7,2.6,2.8,3.7,3.6,0.56,,,e0312,,0.05,,,,,,0.05,,,,,,0.008,,,,,,0.15,,,,,,0.15,,,,,,,,,,,,,,,,,0.0,,,,False,False,False,False
2026-03-26T05:00:00+00:00,,Level 3,82.5,Healthy,0.5,0.0,0.0,0.0,0.5,4.36202,16221.7,,,,0.66,15.1,11.9,6.5877,10.92,8.7,8.82,231.3,230.4,233.3,11.2,11.9,1.4,2.2,1.7,0.705,,,e0313,,0.05,,,,,,0.05,,,,,,0.008,,,,,,0.15,,,,,,0.15,,,,,,,,,,,,,,,,,0.0,,,,False,False,False,False
2026-03-26T05:00:00+00:00,,Level 3,82.5,Healthy,0.5,0.0,0.0,0.0,0.5,6.01,22659.5,,,,0.76,4.1,11.1,7.85388,10.47,11.28,10.77,241.3,241.2,243.6,2.3,11.1,2.0,2.7,2.1,0.647,,,e0314,,0.05,,,,,,0.05,,,,,,0.008,,,,,,0.15,,,,,,0.15,,,,,,,,,,,,,,,,,0.0,,,,False,False,False,False
2026-03-26T05:00:00+00:00,,Level 3,82.5,Healthy,0.5,0.0,0.0,0.0,0.5,1.41968,5939.6,,,,0.62,1.3,10.6,2.28641,3.14,3.21,3.15,242.4,242.2,244.5,10.6,8.7,2.8,2.6,3.4,0.603,,,e0315,,0.05,,,,,,0.05,,,,,,0.008,,,,,,0.15,,,,,,0.15,,,,,,,,,,,,,,,,,0.0,,,,False,False,False,False
2026-03-26T05:00:00+00:00,,Level 4,82.5,Healthy,0.5,0.0,0.0,0.0,0.5,4.43853,17389.5,,,,0.53,21.5,11.7,8.29651,14.51,10.02,11.28,231.8,231.3,233.4,11.7,7.5,1.2,2.1,1.9,0.531,,,e0401,,0.05,,,,,,0.05,,,,,,0.008,,,,,,0.15,,,,,,0.15,,,,,,,,,,,,,,,,,0.0,,,,False,False,False,False
2026-03-26T05:00:00+00:00,,Level 4,82.5,Healthy,0.5,0.0,0.0,0.0,0.5,9.59144,47987.3,,,,0.65,2.3,14.9,14.7722,21.38,20.68,21.36,231.8,230.2,232.8,14.9,13.2,3.5,0.0,1.0,0.604,,,e0402,,0.05,,,,,,0.05,,,,,,0.008,,,,,,0.15,,,,,,0.15,,,,,,,,,,,,,,,,,0.0,,,,False,False,False,False
2026-03-26T05:00:00+00:00,,Level 4,82.5,Healthy,0.5,0.0,0.0,0.0,0.5,1.86158,9857.5,,,,0.57,12.3,5.8,3.24415,4.34,4.02,5.0,242.4,242.7,244.2,5.8,3.2,2.4,1.3,2.5,0.452,,,e0403,,0.05,,,,,,0.05,,,,,,0.008,,,,,,0.15,,,,,,0.15,,,,,,,,,,,,,,,,,0.0,,,,False,False,False,False
2026-03-26T05:00:00+00:00,,Level 4,82.5,Healthy,0.5,0.0,0.0,0.0,0.5,4.08109,23977.6,,,,0.75,8.2,9.5,5.50519,7.25,8.15,8.3,232.3,230.1,232.9,3.6,9.5,2.7,2.3,1.8,0.719,,,e0404,,0.05,,,,,,0.05,,,,,,0.008,,,,,,0.15,,,,,,0.15,,,,,,,,,,,,,,,,,0.0,,,,False,False,False,False
2026-03-26T05:00:00+00:00,,Level 4,82.5,Healthy,0.5,0.0,0.0,0.0,0.5,42.2822,126954.5,,,,0.84,4.5,16.3,50.4183,67.34,72.34,71.8,237.8,237.6,239.4,15.0,16.3,2.6,2.5,2.7,0.476,,,e0406,,0.05,,,,,,0.05,,,,,,0.008,,,,,,0.15,,,,,,0.15,,,,,,,,,,,,,,,,,0.0,,,,False,False,False,False
2026-03-26T05:00:00+00:00,,Level 4,82.5,Healthy,0.5,0.0,0.0,0.0,0.5,4.13504,13893.8,,,,0.79,6.6,7.4,5.20571,7.92,6.96,7.52,232.5,230.6,232.9,7.4,6.1,1.9,2.5,1.5,0.603,,,e0407,,0.05,,,,,,0.05,,,,,,0.008,,,,,,0.15,,,,,,0.15,,,,,,,,,,,,,,,,,0.0,,,,False,False,False,False
2026-03-26T05:00:00+00:00,,Level 4,82.5,Healthy,0.5,0.0,0.0,0.0,0.5,3.13115,16265.3,,,,0.63,10.1,5.6,5.02334,6.74,6.95,7.94,232.9,230.9,233.1,5.6,3.0,1.9,2.4,2.2,0.603,,,e0408,,0.05,,,,,,0.05,,,,,,0.008,,,,,,0.15,,,,,,0.15,,,,,,,,,,,,,,,,,0.0,,,,False,False,False,False
2026-03-26T05:00:00+00:00,,Level 4,82.5,Healthy,0.5,0.0,0.0,0.0,0.5,6.7003,35999.8,,,,0.65,9.6,9.2,10.2216,12.85,13.87,15.39,242.1,242.7,244.1,9.2,7.2,2.1,3.2,2.5,0.466,,,e0409,,0.05,,,,,,0.05,,,,,,0.008,,,,,,0.15,,,,,,0.15,,,,,,,,,,,,,,,,,0.0,,,,False,False,False,False
2026-03-26T05:00:00+00:00,,Level 4,82.5,Healthy,0.5,0.0,0.0,0.0,0.5,30.2106,156441.7,,,,0.72,0.9,25.4,41.6591,57.61,56.77,56.8,243.4,244.3,245.5,25.4,25.1,4.2,3.8,3.0,0.45,,,e0411,,0.05,,,,,,0.05,,,,,,0.008,,,,,,0.15,,,,,,0.15,,,,,,,,,,,,,,,,,0.0,,,,False,False,False,False
2026-03-26T05:00:00+00:00,,Level 4,82.5,Healthy,0.5,0.0,0.0,0.0,0.5,5.00864,47677.2,,,,0.8,2.9,6.2,6.21548,8.45,8.49,8.84,241.2,241.6,243.1,4.9,6.2,1.7,1.0,2.0,0.468,,,e0412,,0.05,,,,,,0.05,,,,,,0.008,,,,,,0.15,,,,,,0.15,,,,,,,,,,,,,,,,,0.0,,,,False,False,False,False
2026-03-26T05:00:00+00:00,,Level 4,82.5,Healthy,0.5,0.0,0.0,0.0,0.5,4.71343,30157.1,,,,0.84,3.7,80.4,5.59255,7.51,7.64,8.0,241.1,241.8,243.4,80.4,71.2,1.7,1.1,2.0,0.537,,,e0413,,0.05,,,,,,0.05,,,,,,0.008,,,,,,0.15,,,,,,0.15,,,,,,,,,,,,,,,,,0.0,,,,False,False,False,False
2026-03-26T05:00:00+00:00,,Level 4,82.5,Healthy,0.5,0.0,0.0,0.0,0.5,1.72435,10295.3,,,,0.89,9.1,76.5,1.93879,2.85,2.73,2.44,241.7,242.4,244.3,51.6,76.5,1.0,3.4,3.6,0.618,,,e0414,,0.05,,,,,,0.05,,,,,,0.008,,,,,,0.15,,,,,,0.15,,,,,,,,,,,,,,,,,0.0,,,,False,False,False,False
2026-03-26T05:00:00+00:00,,Level 4,82.5,Healthy,0.5,0.0,0.0,0.0,0.5,4.34142,24616.6,,,,0.62,18.3,4.4,6.95617,8.51,8.94,11.33,240.7,241.6,241.7,2.5,4.4,2.0,0.7,1.9,0.262,,,e0415,,0.05,,,,,,0.05,,,,,,0.008,,,,,,0.15,,,,,,0.15,,,,,,,,,,,,,,,,,0.0,,,,False,False,False,False
2026-03-26T05:00:00+00:00,,Level 4,82.5,Healthy,0.5,0.0,0.0,0.0,0.5,2.46378,16722.5,,,,0.89,7.2,79.8,3.03796,3.71,3.62,3.3,241.6,242.3,244.2,50.2,79.8,0.6,0.8,0.8,0.618,,,e0416,,0.05,,,,,,0.05,,,,,,0.008,,,,,,0.15,,,,,,0.15,,,,,,,,,,,,,,,,,0.0,,,,False,False,False,False
2026-03-26T05:00:00+00:00,,Level 4,82.5,Healthy,0.5,0.0,0.0,0.0,0.5,0.890006,16339.4,,,,0.88,64.7,11.1,1.00667,0.51,1.92,1.91,232.9,231.4,233.3,6.1,11.1,0.2,2.2,1.7,0.487,,,e0419,,0.05,,,,,,0.05,,,,,,0.008,,,,,,0.15,,,,,,0.15,,,,,,,,,,,,,,,,,0.0,,,,False,False,False,False
2026-03-26T05:00:00+00:00,,Level 4,82.5,Healthy,0.5,0.0,0.0,0.0,0.5,11.1409,55784.7,,,,0.82,11.1,5.8,13.5098,17.52,20.92,20.73,229.6,225.9,228.9,5.8,3.7,1.4,3.2,3.2,0.979,,,e0423,,0.05,,,,,,0.05,,,,,,0.008,,,,,,0.15,,,,,,0.15,,,,,,,,,,,,,,,,,0.0,,,,False,False,False,False
2026-03-26T05:00:00+00:00,,Level 5,82.5,Healthy,0.5,0.0,0.0,0.0,0.5,4.54543,25697.2,,,,0.65,6.1,6.2,7.05202,9.17,10.33,9.68,240.9,240.7,243.3,2.6,6.2,2.2,2.4,2.1,0.69,,,e0501,,0.05,,,,,,0.05,,,,,,0.008,,,,,,0.15,,,,,,0.15,,,,,,,,,,,,,,,,,0.0,,,,False,False,False,False
2026-03-26T05:00:00+00:00,,Level 5,82.5,Healthy,0.5,0.0,0.0,0.0,0.5,3.9669,22433.8,,,,0.82,8.3,86.8,4.82041,6.17,7.19,6.55,241.2,241.6,244.1,77.4,86.8,2.3,2.1,2.8,0.743,,,e0502,,0.05,,,,,,0.05,,,,,,0.008,,,,,,0.15,,,,,,0.15,,,,,,,,,,,,,,,,,0.0,,,,False,False,False,False
2026-03-26T05:00:00+00:00,,Level 5,82.5,Healthy,0.5,0.0,0.0,0.0,0.5,3.24274,11980.3,,,,0.71,4.3,8.5,4.55426,6.27,6.76,6.65,232.3,230.3,232.5,7.8,8.5,2.0,3.3,3.0,0.604,,,e0503,,0.05,,,,,,0.05,,,,,,0.008,,,,,,0.15,,,,,,0.15,,,,,,,,,,,,,,,,,0.0,,,,False,False,False,False
2026-03-26T05:00:00+00:00,,Level 5,82.5,Healthy,0.5,0.0,0.0,0.0,0.5,2.79602,9984.9,,,,0.49,4.2,6.1,5.67649,7.46,7.82,8.08,242.2,242.5,244.6,6.1,3.3,2.7,3.1,2.6,0.617,,,e0504,,0.05,,,,,,0.05,,,,,,0.008,,,,,,0.15,,,,,,0.15,,,,,,,,,,,,,,,,,0.0,,,,False,False,False,False
2026-03-26T05:00:00+00:00,,Level 5,82.5,Healthy,0.5,0.0,0.0,0.0,0.5,8.73831,45642.9,,,,0.83,3.6,16.5,10.5587,14.0,14.98,14.68,241.0,241.5,243.4,16.4,16.5,1.8,2.1,2.3,0.592,,,e0505,,0.05,,,,,,0.05,,,,,,0.008,,,,,,0.15,,,,,,0.15,,,,,,,,,,,,,,,,,0.0,,,,False,False,False,False
2026-03-26T05:00:00+00:00,,Level 5,82.5,Healthy,0.5,0.0,0.0,0.0,0.5,1.5438,25045.4,,,,0.18,6.0,7.4,8.47554,10.95,12.01,11.87,242.1,242.0,244.3,7.4,2.6,3.3,3.8,3.2,0.618,,,e0506,,0.05,,,,,,0.05,,,,,,0.008,,,,,,0.15,,,,,,0.15,,,,,,,,,,,,,,,,,0.0,,,,False,False,False,False
2026-03-26T05:00:00+00:00,,Level 5,82.5,Healthy,0.5,0.0,0.0,0.0,0.5,5.07725,28993.6,,,,0.6,5.5,2.5,8.51404,11.13,12.12,12.01,241.2,241.2,243.6,2.5,1.6,1.8,2.9,2.9,0.661,,,e0507,,0.05,,,,,,0.05,,,,,,0.008,,,,,,0.15,,,,,,0.15,,,,,,,,,,,,,,,,,0.0,,,,False,False,False,False
2026-03-26T05:00:00+00:00,,Level 5,82.5,Healthy,0.5,0.0,0.0,0.0,0.5,11.1561,58290.1,,,,0.8,3.1,6.9,13.9894,19.62,19.94,20.73,232.3,230.6,232.7,4.1,6.9,1.9,1.5,1.7,0.546,,,e0508,,0.05,,,,,,0.05,,,,,,0.008,,,,,,0.15,,,,,,0.15,,,,,,,,,,,,,,,,,0.0,,,,False,False,False,False
2026-03-26T05:00:00+00:00,,Level 5,82.5,Healthy,0.5,0.0,0.0,0.0,0.5,7.57238,41316.8,,,,0.78,12.6,7.1,9.78169,12.58,15.16,12.65,241.2,241.0,243.5,7.1,6.3,0.5,2.3,2.8,0.661,,,e0509,,0.05,,,,,,0.05,,,,,,0.008,,,,,,0.15,,,,,,0.15,,,,,,,,,,,,,,,,,0.0,,,,False,False,False,False
2026-03-26T05:00:00+00:00,,Level 5,82.5,Healthy,0.5,0.0,0.0,0.0,0.5,11.9504,52370.0,,,,0.86,4.4,32.8,13.863,18.39,19.77,19.61,239.3,239.5,241.7,31.8,32.8,3.3,3.4,4.0,0.638,,,e0510,,0.05,,,,,,0.05,,,,,,0.008,,,,,,0.15,,,,,,0.15,,,,,,,,,,,,,,,,,0.0,,,,False,False,False,False
2026-03-26T05:00:00+00:00,,Level 5,82.5,Healthy,0.5,0.0,0.0,0.0,0.5,4.02728,24088.9,,,,0.54,8.3,83.9,7.44031,9.36,10.56,10.73,242.0,242.8,244.4,83.9,66.1,2.4,2.3,2.0,0.549,,,e0511,,0.05,,,,,,0.05,,,,,,0.008,,,,,,0.15,,,,,,0.15,,,,,,,,,,,,,,,,,0.0,,,,False,False,False,False
2026-03-26T05:00:00+00:00,,Level 6,82.5,Healthy,0.5,0.0,0.0,0.0,0.5,3.50724,11928.7,,,,0.66,3.6,5.2,5.31297,7.85,7.36,7.68,232.2,230.9,233.2,5.2,4.3,2.4,1.8,1.9,0.517,,,e0602,,0.05,,,,,,0.05,,,,,,0.008,,,,,,0.15,,,,,,0.15,,,,,,,,,,,,,,,,,0.0,,,,False,False,False,False
2026-03-26T05:00:00+00:00,,Level 6,82.5,Healthy,0.5,0.0,0.0,0.0,0.5,6.74676,52405.0,,,,0.81,1.0,9.3,8.33182,12.16,12.09,11.94,231.4,229.9,232.1,5.2,9.3,1.6,3.2,3.1,0.534,,,e0603,,0.05,,,,,,0.05,,,,,,0.008,,,,,,0.15,,,,,,0.15,,,,,,,,,,,,,,,,,0.0,,,,False,False,False,False
2026-03-26T05:00:00+00:00,,Level 6,82.5,Healthy,0.5,0.0,0.0,0.0,0.5,7.24619,24970.2,,,,0.82,6.0,7.7,8.79989,11.94,13.42,12.81,230.5,228.2,231.0,7.7,6.1,1.6,1.7,2.4,0.739,,,e0604,,0.05,,,,,,0.05,,,,,,0.008,,,,,,0.15,,,,,,0.15,,,,,,,,,,,,,,,,,0.0,,,,False,False,False,False
2026-03-26T05:00:00+00:00,,Level 6,82.5,Healthy,0.5,0.0,0.0,0.0,0.5,7.18389,41082.2,,,,0.73,2.4,2.5,9.7645,14.45,13.97,13.89,230.9,229.6,231.9,2.2,2.5,1.8,2.5,3.1,0.52,,,e0605,,0.05,,,,,,0.05,,,,,,0.008,,,,,,0.15,,,,,,0.15,,,,,,,,,,,,,,,,,0.0,,,,False,False,False,False
2026-03-26T05:00:00+00:00,,Level 6,82.5,Healthy,0.5,0.0,0.0,0.0,0.5,8.33317,56472.1,,,,0.53,5.3,4.7,15.6838,21.92,21.48,23.41,231.7,235.0,238.8,4.7,0.9,2.2,3.0,2.4,1.545,,,e0606,,0.05,,,,,,0.05,,,,,,0.008,,,,,,0.15,,,,,,0.15,,,,,,,,,,,,,,,,,0.0,,,,False,False,False,False
2026-03-26T05:00:00+00:00,,Level 6,82.5,Healthy,0.5,0.0,0.0,0.0,0.5,6.82084,35723.6,,,,0.93,2.1,48.8,7.30485,10.65,10.32,10.62,230.7,229.2,231.5,48.8,45.1,1.6,2.3,2.7,0.55,,,e0607,,0.05,,,,,,0.05,,,,,,0.008,,,,,,0.15,,,,,,0.15,,,,,,,,,,,,,,,,,0.0,,,,False,False,False,False
2026-03-26T05:00:00+00:00,,Level 6,82.5,Healthy,0.5,0.0,0.0,0.0,0.5,4.43324,28365.4,,,,0.78,5.5,8.9,5.63946,8.11,7.55,8.31,232.3,235.9,239.3,1.9,8.9,1.5,3.1,2.4,1.498,,,e0611,,0.05,,,,,,0.05,,,,,,0.008,,,,,,0.15,,,,,,0.15,,,,,,,,,,,,,,,,,0.0,,,,False,False,False,False
2026-03-26T05:00:00+00:00,,Level 6,82.5,Healthy,0.5,0.0,0.0,0.0,0.5,0.485063,2414.9,,,,0.88,8.2,71.0,0.543285,5.8,6.6,6.2,29.0,29.1,29.4,71.0,67.5,1.3,3.0,3.1,0.8,,,e0622,,0.05,,,,,,0.05,,,,,,0.008,,,,,,0.15,,,,,,0.15,,,,,,,,,,,,,,,,,0.0,,,,False,False,False,False
2026-03-26T05:00:00+00:00,,Level 6,82.5,Healthy,0.5,0.0,0.0,0.0,0.5,6.74531,34745.0,,,,0.8,6.0,9.8,8.43205,12.46,12.67,11.48,231.4,228.0,232.2,4.5,9.8,1.8,2.7,2.8,1.099,,,e0625,,0.05,,,,,,0.05,,,,,,0.008,,,,,,0.15,,,,,,0.15,,,,,,,,,,,,,,,,,0.0,,,,False,False,False,False
2026-03-26T05:00:00+00:00,,Level 6,82.5,Healthy,0.5,0.0,0.0,0.0,0.5,7.18217,35844.8,,,,0.81,14.4,6.5,8.94085,12.22,11.57,14.68,232.4,230.7,232.6,5.0,6.5,2.3,3.3,2.5,0.517,,,e0626,,0.05,,,,,,0.05,,,,,,0.008,,,,,,0.15,,,,,,0.15,,,,,,,,,,,,,,,,,0.0,,,,False,False,False,False
2026-03-26T05:00:00+00:00,,Level 6,82.5,Healthy,0.5,0.0,0.0,0.0,0.5,4.8867,26466.9,,,,0.9,12.6,53.3,5.45266,7.75,6.86,8.79,232.1,230.8,232.7,53.3,41.6,1.1,0.7,2.4,0.46,,,e0627,,0.05,,,,,,0.05,,,,,,0.008,,,,,,0.15,,,,,,0.15,,,,,,,,,,,,,,,,,0.0,,,,False,False,False,False
2026-03-26T05:00:00+00:00,,Level 6,82.5,Healthy,0.5,0.0,0.0,0.0,0.5,4.28898,24565.4,,,,0.82,25.7,4.6,5.25439,7.09,6.1,9.51,231.9,230.9,231.9,4.6,4.1,0.8,2.8,2.9,0.288,,,e0628,,0.05,,,,,,0.05,,,,,,0.008,,,,,,0.15,,,,,,0.15,,,,,,,,,,,,,,,,,0.0,,,,False,False,False,False
2026-03-26T05:00:00+00:00,,Level 7,82.5,Healthy,0.5,0.0,0.0,0.0,0.5,8.13685,39554.7,,,,0.89,13.4,47.4,9.12827,14.34,13.67,11.37,232.7,231.2,233.8,35.8,47.4,3.0,2.9,1.9,0.588,,,e0701,,0.05,,,,,,0.05,,,,,,0.008,,,,,,0.15,,,,,,0.15,,,,,,,,,,,,,,,,,0.0,,,,False,False,False,False
2026-03-26T05:00:00+00:00,,Level 7,82.5,Healthy,0.5,0.0,0.0,0.0,0.5,10.0667,36589.6,,,,0.94,7.8,40.2,10.6001,15.83,14.1,15.91,232.5,231.1,233.3,40.2,36.1,2.4,2.9,1.6,0.517,,,e0702,,0.05,,,,,,0.05,,,,,,0.008,,,,,,0.15,,,,,,0.15,,,,,,,,,,,,,,,,,0.0,,,,False,False,False,False
2026-03-26T05:00:00+00:00,,Level 7,82.5,Healthy,0.5,0.0,0.0,0.0,0.5,11.2639,52782.5,,,,0.92,10.2,37.7,12.2786,19.5,16.87,16.7,231.3,230.1,232.7,31.1,37.7,2.1,2.8,3.0,0.576,,,e0703,,0.05,,,,,,0.05,,,,,,0.008,,,,,,0.15,,,,,,0.15,,,,,,,,,,,,,,,,,0.0,,,,False,False,False,False
2026-03-26T05:00:00+00:00,,Level 7,82.5,Healthy,0.5,0.0,0.0,0.0,0.5,5.92517,32272.2,,,,0.92,4.8,51.3,6.45214,9.5,8.84,9.51,232.2,230.7,233.0,51.3,47.5,2.4,2.6,2.7,0.546,,,e0704,,0.05,,,,,,0.05,,,,,,0.008,,,,,,0.15,,,,,,0.15,,,,,,,,,,,,,,,,,0.0,,,,False,False,False,False
2026-03-26T05:00:00+00:00,,Level 8,82.5,Healthy,0.5,0.0,0.0,0.0,0.5,4.6125,37796.6,,,,0.87,6.5,69.2,5.29061,7.04,7.92,7.63,231.3,234.5,238.9,69.2,67.8,2.2,2.4,2.6,1.703,,,e0801,,0.05,,,,,,0.05,,,,,,0.008,,,,,,0.15,,,,,,0.15,,,,,,,,,,,,,,,,,0.0,,,,False,False,False,False
2026-03-26T05:00:00+00:00,,Level 8,82.5,Healthy,0.5,0.0,0.0,0.0,0.5,5.70892,49070.3,,,,0.9,5.8,58.2,6.32542,9.45,8.45,9.02,231.8,235.5,239.3,58.2,52.5,3.1,3.8,3.0,1.599,,,e0802,,0.05,,,,,,0.05,,,,,,0.008,,,,,,0.15,,,,,,0.15,,,,,,,,,,,,,,,,,0.0,,,,False,False,False,False
2026-03-26T05:00:00+00:00,,Level 8,82.5,Healthy,0.5,0.0,0.0,0.0,0.5,3.38505,68107.0,,,,0.94,51.4,8.7,3.5983,7.35,5.66,2.51,232.2,231.1,233.5,7.8,8.7,3.4,2.7,2.3,0.531,,,e0803,,0.05,,,,,,0.05,,,,,,0.008,,,,,,0.15,,,,,,0.15,,,,,,,,,,,,,,,,,0.0,,,,False,False,False,False
2026-03-26T05:00:00+00:00,,Level 8,82.5,Healthy,0.5,0.0,0.0,0.0,0.5,8.7753,46070.1,,,,0.74,12.4,19.5,11.8879,18.93,15.46,16.06,231.8,235.9,239.5,14.5,19.5,3.9,3.3,2.5,1.669,,,e0804,,0.05,,,,,,0.05,,,,,,0.008,,,,,,0.15,,,,,,0.15,,,,,,,,,,,,,,,,,0.0,,,,False,False,False,False
2026-03-26T05:00:00+00:00,,Level 8,82.5,Healthy,0.5,0.0,0.0,0.0,0.5,8.94118,47631.4,,,,0.75,8.2,38.4,11.8299,18.1,15.97,16.18,232.1,235.8,239.5,30.5,38.4,2.6,3.2,3.4,1.569,,,e0805,,0.05,,,,,,0.05,,,,,,0.008,,,,,,0.15,,,,,,0.15,,,,,,,,,,,,,,,,,0.0,,,,False,False,False,False
2026-03-26T05:00:00+00:00,,Level 9,82.5,Healthy,0.5,0.0,0.0,0.0,0.5,5.60306,29327.6,,,,0.76,12.2,6.6,7.38859,12.01,9.94,10.16,228.5,231.6,233.8,3.9,6.6,2.8,2.5,3.2,1.211,,,e0901,,0.05,,,,,,0.05,,,,,,0.008,,,,,,0.15,,,,,,0.15,,,,,,,,,,,,,,,,,0.0,,,,False,False,False,False
2026-03-26T05:00:00+00:00,,Level 9,82.5,Healthy,0.5,0.0,0.0,0.0,0.5,4.93222,32438.7,,,,0.82,8.0,10.7,6.04615,8.39,9.34,8.21,230.0,232.0,234.2,10.7,9.7,4.3,3.1,3.3,0.919,,,e0902,,0.05,,,,,,0.05,,,,,,0.008,,,,,,0.15,,,,,,0.15,,,,,,,,,,,,,,,,,0.0,,,,False,False,False,False
2026-03-26T05:00:00+00:00,,Level 9,82.5,Healthy,0.5,0.0,0.0,0.0,0.5,6.84055,38552.2,,,,0.68,17.3,30.3,10.1476,13.71,13.01,17.15,230.1,232.4,234.4,1.2,30.3,3.2,2.5,3.6,0.947,,,e0903,,0.05,,,,,,0.05,,,,,,0.008,,,,,,0.15,,,,,,0.15,,,,,,,,,,,,,,,,,0.0,,,,False,False,False,False
2026-03-26T05:00:00+00:00,,Level 9,82.5,Healthy,0.5,0.0,0.0,0.0,0.5,6.5175,40134.3,,,,0.87,4.9,73.5,7.48842,10.51,10.19,11.11,231.8,235.1,238.9,73.5,59.3,2.7,3.7,2.6,1.544,,,e0904,,0.05,,,,,,0.05,,,,,,0.008,,,,,,0.15,,,,,,0.15,,,,,,,,,,,,,,,,,0.0,,,,False,False,False,False
2026-03-26T05:00:00+00:00,,Level 9,82.5,Healthy,0.5,0.0,0.0,0.0,0.5,2.45091,32381.6,,,,0.43,18.5,5.0,5.69539,7.22,9.71,7.65,230.3,231.4,234.6,5.0,3.1,3.4,3.0,3.0,1.077,,,e0905,,0.05,,,,,,0.05,,,,,,0.008,,,,,,0.15,,,,,,0.15,,,,,,,,,,,,,,,,,0.0,,,,False,False,False,False
2026-03-26T05:00:00+00:00,,Level 9,82.5,Healthy,0.5,0.0,0.0,0.0,0.5,4.65389,24358.1,,,,0.65,18.2,22.4,7.21543,9.99,8.75,12.23,230.7,233.2,234.7,20.0,22.4,3.6,3.2,3.0,0.93,,,e0906,,0.05,,,,,,0.05,,,,,,0.008,,,,,,0.15,,,,,,0.15,,,,,,,,,,,,,,,,,0.0,,,,False,False,False,False
2026-03-26T05:00:00+00:00,,Level 9,82.5,Healthy,0.5,0.0,0.0,0.0,0.5,3.45897,28795.6,,,,0.55,16.5,9.3,6.32094,8.66,10.55,7.98,230.5,232.4,234.9,9.3,4.6,1.0,1.5,2.5,0.989,,,e0907,,0.05,,,,,,0.05,,,,,,0.008,,,,,,0.15,,,,,,0.15,,,,,,,,,,,,,,,,,0.0,,,,False,False,False,False
2026-03-26T05:00:00+00:00,,Level 9,82.5,Healthy,0.5,0.0,0.0,0.0,0.5,3.87615,49174.7,,,,0.9,4.7,54.7,4.30559,6.49,6.0,6.11,229.6,232.5,234.3,54.7,54.6,4.5,3.3,2.8,1.091,,,e0908,,0.05,,,,,,0.05,,,,,,0.008,,,,,,0.15,,,,,,0.15,,,,,,,,,,,,,,,,,0.0,,,,False,False,False,False
2026-03-26T05:00:00+00:00,,Level 10,82.5,Healthy,0.5,0.0,0.0,0.0,0.5,3.17334,16555.1,,,,0.95,70.0,38.7,3.33032,6.46,6.55,1.44,229.3,232.0,233.4,38.7,35.5,3.8,3.4,3.3,0.979,,,e1001,,0.05,,,,,,0.05,,,,,,0.008,,,,,,0.15,,,,,,0.15,,,,,,,,,,,,,,,,,0.0,,,,False,False,False,False
2026-03-26T05:00:00+00:00,,Level 10,82.5,Healthy,0.5,0.0,0.0,0.0,0.5,9.79277,61712.2,,,,0.92,13.7,36.5,10.6265,15.31,13.14,17.18,230.1,232.6,234.2,36.5,29.5,3.2,3.6,3.4,0.947,,,e1002,,0.05,,,,,,0.05,,,,,,0.008,,,,,,0.15,,,,,,0.15,,,,,,,,,,,,,,,,,0.0,,,,False,False,False,False
2026-03-26T05:00:00+00:00,,Level 10,82.5,Healthy,0.5,0.0,0.0,0.0,0.5,6.88973,49897.8,,,,0.93,10.0,43.1,7.39393,9.98,10.22,11.7,230.4,232.8,234.5,43.1,36.1,1.4,3.3,2.1,0.932,,,e1003,,0.05,,,,,,0.05,,,,,,0.008,,,,,,0.15,,,,,,0.15,,,,,,,,,,,,,,,,,0.0,,,,False,False,False,False
2026-03-26T05:00:00+00:00,,Level 10,82.5,Healthy,0.5,0.0,0.0,0.0,0.5,3.89716,23323.6,,,,0.96,4.0,35.3,4.0766,6.09,5.66,5.83,229.6,232.4,234.1,35.2,35.3,3.8,3.4,3.1,1.049,,,e1004,,0.05,,,,,,0.05,,,,,,0.008,,,,,,0.15,,,,,,0.15,,,,,,,,,,,,,,,,,0.0,,,,False,False,False,False
2026-03-26T05:00:00+00:00,,Level 10,82.5,Healthy,0.5,0.0,0.0,0.0,0.5,3.34538,42125.4,,,,0.94,8.4,44.6,3.56757,5.3,5.25,4.63,231.0,235.0,239.2,42.1,44.6,3.5,3.1,3.0,1.758,,,e1005,,0.05,,,,,,0.05,,,,,,0.008,,,,,,0.15,,,,,,0.15,,,,,,,,,,,,,,,,,0.0,,,,False,False,False,False
2026-03-26T05:00:00+00:00,,Level 10,82.5,Healthy,0.5,0.0,0.0,0.0,0.5,7.92788,45944.6,,,,0.93,11.2,46.8,8.50109,13.59,11.88,11.17,230.0,232.5,234.7,36.4,46.8,3.8,3.1,3.8,1.033,,,e1006,,0.05,,,,,,0.05,,,,,,0.008,,,,,,0.15,,,,,,0.15,,,,,,,,,,,,,,,,,0.0,,,,False,False,False,False
2026-03-26T05:00:00+00:00,,Level 10,82.5,Healthy,0.5,0.0,0.0,0.0,0.5,7.12233,26821.7,,,,0.93,2.6,46.6,7.60463,10.76,10.84,11.22,229.6,232.0,234.0,46.6,40.1,4.1,3.0,2.5,0.978,,,e1007,,0.05,,,,,,0.05,,,,,,0.008,,,,,,0.15,,,,,,0.15,,,,,,,,,,,,,,,,,0.0,,,,False,False,False,False
2026-03-26T05:00:00+00:00,,Level 10,82.5,Healthy,0.5,0.0,0.0,0.0,0.5,6.58175,38590.0,,,,0.96,11.9,34.6,6.8772,8.87,11.08,9.81,228.7,231.0,232.8,34.1,34.6,4.3,3.4,3.8,0.924,,,e1008,,0.05,,,,,,0.05,,,,,,0.008,,,,,,0.15,,,,,,0.15,,,,,,,,,,,,,,,,,0.0,,,,False,False,False,False
2026-03-26T05:00:00+00:00,,Level 11,82.5,Healthy,0.5,0.0,0.0,0.0,0.5,-0.676033,0.0,,,,-0.99,16.1,23.9,0.686425,0.9,0.91,1.14,230.9,233.4,235.2,23.9,3.1,2.4,3.4,3.3,0.972,,,e1101,,0.05,,,,,,0.05,,,,,,0.008,,,,,,0.15,,,,,,0.15,,,,,,,,,,,,,,,,,0.0,,,,False,False,False,False
2026-03-26T05:00:00+00:00,,Level 11,82.5,Healthy,0.5,0.0,0.0,0.0,0.5,7.62249,55849.9,,,,0.9,6.3,40.0,8.45789,12.89,11.61,11.91,230.6,233.0,235.0,39.9,40.0,3.4,3.1,3.4,0.973,,,e1102,,0.05,,,,,,0.05,,,,,,0.008,,,,,,0.15,,,,,,0.15,,,,,,,,,,,,,,,,,0.0,,,,False,False,False,False
2026-03-26T05:00:00+00:00,,Level 11,82.5,Healthy,0.5,0.0,0.0,0.0,0.5,11.522,40526.1,,,,0.95,11.1,38.8,12.1002,19.23,16.66,16.04,230.1,232.7,234.7,32.5,38.8,3.9,3.0,3.5,1.032,,,e1103,,0.05,,,,,,0.05,,,,,,0.008,,,,,,0.15,,,,,,0.15,,,,,,,,,,,,,,,,,0.0,,,,False,False,False,False
2026-03-26T05:00:00+00:00,,Level 11,82.5,Healthy,0.5,0.0,0.0,0.0,0.5,4.33146,22822.3,,,,0.91,6.7,49.8,4.73427,7.2,6.34,6.86,229.6,232.3,234.4,48.0,49.8,3.5,3.0,3.4,1.077,,,e1104,,0.05,,,,,,0.05,,,,,,0.008,,,,,,0.15,,,,,,0.15,,,,,,,,,,,,,,,,,0.0,,,,False,False,False,False
2026-03-26T05:00:00+00:00,,Level 11,82.5,Healthy,0.5,0.0,0.0,0.0,0.5,2.58475,28904.1,,,,0.86,12.6,80.2,2.99106,4.76,4.07,3.86,231.6,235.5,239.6,57.3,80.2,2.4,2.8,2.3,1.712,,,e1105,,0.05,,,,,,0.05,,,,,,0.008,,,,,,0.15,,,,,,0.15,,,,,,,,,,,,,,,,,0.0,,,,False,False,False,False
2026-03-26T05:00:00+00:00,,Level 11,82.5,Healthy,0.5,0.0,0.0,0.0,0.5,9.77922,58208.9,,,,0.95,6.3,34.6,10.3607,15.44,13.73,14.78,232.0,235.8,239.4,34.1,34.6,2.8,3.9,3.8,1.584,,,e1106,,0.05,,,,,,0.05,,,,,,0.008,,,,,,0.15,,,,,,0.15,,,,,,,,,,,,,,,,,0.0,,,,False,False,False,False
2026-03-26T05:00:00+00:00,,Level 11,82.5,Healthy,0.5,0.0,0.0,0.0,0.5,8.57783,27918.8,,,,0.93,4.2,43.4,9.22638,12.51,13.48,13.23,232.2,235.7,239.5,43.4,37.5,3.7,2.6,3.0,1.569,,,e1107,,0.05,,,,,,0.05,,,,,,0.008,,,,,,0.15,,,,,,0.15,,,,,,,,,,,,,,,,,0.0,,,,False,False,False,False
2026-03-26T05:00:00+00:00,,Level 11,82.5,Healthy,0.5,0.0,0.0,0.0,0.5,3.10705,33374.2,,,,0.64,14.7,70.7,4.85019,7.36,7.47,5.87,231.1,235.5,238.5,57.2,70.7,3.0,3.2,3.1,1.674,,,e1108,,0.05,,,,,,0.05,,,,,,0.008,,,,,,0.15,,,,,,0.15,,,,,,,,,,,,,,,,,0.0,,,,False,False,False,False
2026-03-26T07:00:00+00:00,,Level 1,82.5,Healthy,0.5,0.0,0.0,0.0,0.5,0.916513,10598.9,,,,0.24,5.2,4.5,3.77787,5.53,5.56,5.13,233.2,233.7,231.4,1.3,4.5,0.9,0.4,2.3,0.587,,,e0101,,0.05,,,,,,0.05,,,,,,0.008,,,,,,0.15,,,,,,0.15,,,,,,,,,,,,,,,,,0.0,,,,False,False,False,False
2026-03-26T07:00:00+00:00,,Level 1,82.5,Healthy,0.5,0.0,0.0,0.0,0.5,3.69529,20442.7,,,,0.8,24.2,4.9,4.62987,5.92,5.72,8.22,233.4,231.9,232.7,4.9,1.3,3.0,2.8,2.3,0.33,,,e0102,,0.05,,,,,,0.05,,,,,,0.008,,,,,,0.15,,,,,,0.15,,,,,,,,,,,,,,,,,0.0,,,,False,False,False,False
2026-03-26T07:00:00+00:00,,Level 1,82.5,Healthy,0.5,0.0,0.0,0.0,0.5,6.67288,37232.7,,,,0.8,16.8,8.6,8.37827,13.98,11.06,10.85,232.9,231.7,234.2,8.6,4.0,0.9,3.0,2.4,0.544,,,e0103,,0.05,,,,,,0.05,,,,,,0.008,,,,,,0.15,,,,,,0.15,,,,,,,,,,,,,,,,,0.0,,,,False,False,False,False
2026-03-26T07:00:00+00:00,,Level 1,82.5,Healthy,0.5,0.0,0.0,0.0,0.5,6.20944,33983.2,,,,0.75,0.6,5.2,8.32315,11.93,11.83,11.95,233.8,231.7,233.9,2.7,5.2,2.4,2.3,1.2,0.615,,,e0104,,0.05,,,,,,0.05,,,,,,0.008,,,,,,0.15,,,,,,0.15,,,,,,,,,,,,,,,,,0.0,,,,False,False,False,False
2026-03-26T07:00:00+00:00,,Level 1,82.5,Healthy,0.5,0.0,0.0,0.0,0.5,47.0109,1299056.8,,,,0.79,3.9,7.3,59.8157,84.01,87.49,80.87,236.6,236.0,238.1,3.1,7.3,1.5,2.7,1.4,0.507,,,e0105,,0.05,,,,,,0.05,,,,,,0.008,,,,,,0.15,,,,,,0.15,,,,,,,,,,,,,,,,,0.0,,,,False,False,False,False
2026-03-26T07:00:00+00:00,,Level 1,82.5,Healthy,0.5,0.0,0.0,0.0,0.5,2.23917,15448.2,,,,0.65,68.5,19.2,3.44079,1.64,6.57,6.65,233.1,231.8,234.9,19.2,3.8,2.2,2.0,1.6,0.7,,,e0106,,0.05,,,,,,0.05,,,,,,0.008,,,,,,0.15,,,,,,0.15,,,,,,,,,,,,,,,,,0.0,,,,False,False,False,False
2026-03-26T07:00:00+00:00,,Level 1,82.5,Healthy,0.5,0.0,0.0,0.0,0.5,2.22725,6457.3,,,,0.75,7.2,7.5,2.99871,4.58,3.97,4.26,234.3,232.5,234.8,4.3,7.5,2.6,0.7,0.8,0.584,,,e0107,,0.05,,,,,,0.05,,,,,,0.008,,,,,,0.15,,,,,,0.15,,,,,,,,,,,,,,,,,0.0,,,,False,False,False,False
2026-03-26T07:00:00+00:00,,Level 1,82.5,Healthy,0.5,0.0,0.0,0.0,0.5,5.62813,30536.1,,,,0.74,2.1,6.1,7.54027,10.29,10.57,10.19,242.4,242.6,244.5,3.4,6.1,3.4,3.0,2.7,0.548,,,e0108,,0.05,,,,,,0.05,,,,,,0.008,,,,,,0.15,,,,,,0.15,,,,,,,,,,,,,,,,,0.0,,,,False,False,False,False
2026-03-26T07:00:00+00:00,,Level 1,82.5,Healthy,0.5,0.0,0.0,0.0,0.5,1.82142,8887.2,,,,0.76,13.9,6.1,2.39131,3.12,3.9,3.24,234.8,232.8,235.0,6.1,2.7,2.2,2.8,3.1,0.598,,,e0109,,0.05,,,,,,0.05,,,,,,0.008,,,,,,0.15,,,,,,0.15,,,,,,,,,,,,,,,,,0.0,,,,False,False,False,False
2026-03-26T07:00:00+00:00,,Level 1,82.5,Healthy,0.5,0.0,0.0,0.0,0.5,11.3903,58695.1,,,,0.79,1.5,8.7,14.3923,20.78,20.28,20.77,233.7,232.0,234.2,3.1,8.7,1.8,2.4,3.1,0.557,,,e0110,,0.05,,,,,,0.05,,,,,,0.008,,,,,,0.15,,,,,,0.15,,,,,,,,,,,,,,,,,0.0,,,,False,False,False,False
2026-03-26T07:00:00+00:00,,Level 1,82.5,Healthy,0.5,0.0,0.0,0.0,0.5,1.05567,4224.1,,,,0.65,11.0,17.3,1.62008,2.57,2.15,2.23,234.2,232.5,234.8,12.8,17.3,0.7,2.3,1.8,0.57,,,e0111,,0.05,,,,,,0.05,,,,,,0.008,,,,,,0.15,,,,,,0.15,,,,,,,,,,,,,,,,,0.0,,,,False,False,False,False
2026-03-26T07:00:00+00:00,,Level 1,82.5,Healthy,0.5,0.0,0.0,0.0,0.5,2.81146,16065.3,,,,0.56,5.4,,5.02866,6.47,7.03,7.09,241.7,242.4,244.1,,,2.4,3.9,3.4,0.563,,,e0112,,0.05,,,,,,0.05,,,,,,0.008,,,,,,0.15,,,,,,0.15,,,,,,,,,,,,,,,,,0.0,,,,False,False,False,False
2026-03-26T07:00:00+00:00,,Level 1,82.5,Healthy,0.5,0.0,0.0,0.0,0.5,3.22834,18535.1,,,,0.39,2.8,6.0,8.29605,11.09,11.65,11.5,240.9,241.4,243.6,6.0,3.1,2.8,1.8,2.2,0.675,,,e0113,,0.05,,,,,,0.05,,,,,,0.008,,,,,,0.15,,,,,,0.15,,,,,,,,,,,,,,,,,0.0,,,,False,False,False,False
2026-03-26T07:00:00+00:00,,Level 1,82.5,Healthy,0.5,0.0,0.0,0.0,0.5,7.51008,41121.6,,,,0.8,1.7,6.1,9.36572,13.1,13.02,12.72,239.6,240.5,242.1,6.1,2.2,2.5,1.7,2.5,0.568,,,e0114,,0.05,,,,,,0.05,,,,,,0.008,,,,,,0.15,,,,,,0.15,,,,,,,,,,,,,,,,,0.0,,,,False,False,False,False
2026-03-26T07:00:00+00:00,,Level 1,82.5,Healthy,0.5,0.0,0.0,0.0,0.5,6.83019,36569.7,,,,0.78,5.4,3.3,8.79305,11.46,12.41,12.47,241.3,241.3,243.4,3.3,0.8,1.0,2.3,2.9,0.579,,,e0115,,0.05,,,,,,0.05,,,,,,0.008,,,,,,0.15,,,,,,0.15,,,,,,,,,,,,,,,,,0.0,,,,False,False,False,False
2026-03-26T07:00:00+00:00,,Level 1,82.5,Healthy,0.5,0.0,0.0,0.0,0.5,6.47379,35034.7,,,,0.75,1.7,10.9,8.68053,12.11,11.7,11.95,241.7,242.0,244.0,10.4,10.9,2.8,3.6,3.8,0.591,,,e0116,,0.05,,,,,,0.05,,,,,,0.008,,,,,,0.15,,,,,,0.15,,,,,,,,,,,,,,,,,0.0,,,,False,False,False,False
2026-03-26T07:00:00+00:00,,Level 1,82.5,Healthy,0.5,0.0,0.0,0.0,0.5,11.4337,60962.4,,,,0.78,7.0,6.8,14.6929,20.24,22.51,20.3,233.9,231.4,233.9,5.3,6.8,1.1,1.2,2.4,0.715,,,e0117,,0.05,,,,,,0.05,,,,,,0.008,,,,,,0.15,,,,,,0.15,,,,,,,,,,,,,,,,,0.0,,,,False,False,False,False
2026-03-26T07:00:00+00:00,,Level 1,82.5,Healthy,0.5,0.0,0.0,0.0,0.5,6.05171,33515.3,,,,0.69,1.9,4.6,8.83472,12.45,12.89,12.64,233.1,231.0,233.3,4.6,4.3,1.4,2.3,2.2,0.631,,,e0118,,0.05,,,,,,0.05,,,,,,0.008,,,,,,0.15,,,,,,0.15,,,,,,,,,,,,,,,,,0.0,,,,False,False,False,False
2026-03-26T07:00:00+00:00,,Level 1,82.5,Healthy,0.5,0.0,0.0,0.0,0.5,1.65294,16172.3,,,,0.29,6.8,4.0,5.68359,7.25,7.94,8.16,242.8,242.7,244.5,4.0,0.7,2.7,2.5,2.4,0.479,,,e0120,,0.05,,,,,,0.05,,,,,,0.008,,,,,,0.15,,,,,,0.15,,,,,,,,,,,,,,,,,0.0,,,,False,False,False,False
2026-03-26T07:00:00+00:00,,Level 1,82.5,Healthy,0.5,0.0,0.0,0.0,0.5,14.8722,85288.0,,,,0.81,5.5,13.1,18.2598,26.28,24.76,27.48,233.7,232.2,234.1,13.1,11.7,2.3,3.3,2.4,0.486,,,e0121,,0.05,,,,,,0.05,,,,,,0.008,,,,,,0.15,,,,,,0.15,,,,,,,,,,,,,,,,,0.0,,,,False,False,False,False
2026-03-26T07:00:00+00:00,,Level 2,82.5,Healthy,0.5,0.0,0.0,0.0,0.5,3.00151,17376.2,,,,0.71,64.4,52.5,4.23112,9.96,4.02,4.18,233.5,232.8,235.3,18.4,52.5,1.5,3.1,3.3,0.613,,,e0201,,0.05,,,,,,0.05,,,,,,0.008,,,,,,0.15,,,,,,0.15,,,,,,,,,,,,,,,,,0.0,,,,False,False,False,False
2026-03-26T07:00:00+00:00,,Level 2,82.5,Healthy,0.5,0.0,0.0,0.0,0.5,2.18482,8614.0,,,,0.91,22.8,64.1,2.40639,4.21,3.37,2.73,233.2,231.9,235.1,43.0,64.1,3.7,3.4,3.6,0.728,,,e0202,,0.05,,,,,,0.05,,,,,,0.008,,,,,,0.15,,,,,,0.15,,,,,,,,,,,,,,,,,0.0,,,,False,False,False,False
2026-03-26T07:00:00+00:00,,Level 2,82.5,Healthy,0.5,0.0,0.0,0.0,0.5,1.27758,5331.7,,,,0.81,8.1,94.0,1.58449,2.45,2.2,2.15,234.1,232.1,235.1,78.9,94.0,3.1,2.6,2.0,0.713,,,e0203,,0.05,,,,,,0.05,,,,,,0.008,,,,,,0.15,,,,,,0.15,,,,,,,,,,,,,,,,,0.0,,,,False,False,False,False
2026-03-26T07:00:00+00:00,,Level 2,82.5,Healthy,0.5,0.0,0.0,0.0,0.5,3.60225,13398.5,,,,0.88,6.0,63.1,4.14949,5.95,5.57,6.21,233.2,231.8,234.0,63.1,55.5,1.8,2.0,2.4,0.515,,,e0204,,0.05,,,,,,0.05,,,,,,0.008,,,,,,0.15,,,,,,0.15,,,,,,,,,,,,,,,,,0.0,,,,False,False,False,False
2026-03-26T07:00:00+00:00,,Level 2,82.5,Healthy,0.5,0.0,0.0,0.0,0.5,2.83781,11243.3,,,,0.93,14.1,47.5,3.06077,4.99,4.08,4.06,233.6,232.1,234.6,40.2,47.5,1.9,2.9,2.9,0.571,,,e0205,,0.05,,,,,,0.05,,,,,,0.008,,,,,,0.15,,,,,,0.15,,,,,,,,,,,,,,,,,0.0,,,,False,False,False,False
2026-03-26T07:00:00+00:00,,Level 2,82.5,Healthy,0.5,0.0,0.0,0.0,0.5,5.72305,12907.5,,,,0.81,20.3,5.2,7.0467,8.01,10.07,12.09,234.3,232.6,234.4,4.4,5.2,1.0,1.9,2.2,0.499,,,e0206,,0.05,,,,,,0.05,,,,,,0.008,,,,,,0.15,,,,,,0.15,,,,,,,,,,,,,,,,,0.0,,,,False,False,False,False
2026-03-26T07:00:00+00:00,,Level 2,82.5,Healthy,0.5,0.0,0.0,0.0,0.5,2.64541,11484.1,,,,0.8,11.8,5.5,3.29872,4.41,4.45,5.26,234.1,232.4,234.3,5.5,2.2,0.0,1.9,1.7,0.514,,,e0207,,0.05,,,,,,0.05,,,,,,0.008,,,,,,0.15,,,,,,0.15,,,,,,,,,,,,,,,,,0.0,,,,False,False,False,False
2026-03-26T07:00:00+00:00,,Level 2,82.5,Healthy,0.5,0.0,0.0,0.0,0.5,5.55881,31164.3,,,,0.8,5.1,8.4,7.0051,9.63,9.93,10.54,232.8,231.0,233.1,8.4,3.6,1.5,2.2,2.3,0.56,,,e0208,,0.05,,,,,,0.05,,,,,,0.008,,,,,,0.15,,,,,,0.15,,,,,,,,,,,,,,,,,0.0,,,,False,False,False,False
2026-03-26T07:00:00+00:00,,Level 2,82.5,Healthy,0.5,0.0,0.0,0.0,0.5,7.92663,41908.3,,,,0.86,3.1,10.7,9.20915,13.12,12.99,13.68,231.8,230.2,232.1,3.7,10.7,3.1,2.6,2.7,0.504,,,e0209,,0.05,,,,,,0.05,,,,,,0.008,,,,,,0.15,,,,,,0.15,,,,,,,,,,,,,,,,,0.0,,,,False,False,False,False
2026-03-26T07:00:00+00:00,,Level 2,82.5,Healthy,0.5,0.0,0.0,0.0,0.5,7.63483,24510.4,,,,0.85,1.2,5.5,8.96278,13.02,13.03,12.79,231.5,229.7,232.0,4.9,5.5,1.8,2.7,2.7,0.591,,,e0210,,0.05,,,,,,0.05,,,,,,0.008,,,,,,0.15,,,,,,0.15,,,,,,,,,,,,,,,,,0.0,,,,False,False,False,False
2026-03-26T07:00:00+00:00,,Level 2,82.5,Healthy,0.5,0.0,0.0,0.0,0.5,5.90112,36668.6,,,,0.63,15.5,5.8,9.40765,15.58,11.78,13.11,232.9,232.0,234.3,4.2,5.8,0.8,2.2,2.2,0.529,,,e0211,,0.05,,,,,,0.05,,,,,,0.008,,,,,,0.15,,,,,,0.15,,,,,,,,,,,,,,,,,0.0,,,,False,False,False,False
2026-03-26T07:00:00+00:00,,Level 2,82.5,Healthy,0.5,0.0,0.0,0.0,0.5,1.02248,8133.6,,,,0.75,6.3,86.2,1.36283,1.8,1.99,1.83,242.4,243.3,245.3,86.2,,1.6,1.0,1.5,0.67,,,e0212,,0.05,,,,,,0.05,,,,,,0.008,,,,,,0.15,,,,,,0.15,,,,,,,,,,,,,,,,,0.0,,,,False,False,False,False
2026-03-26T07:00:00+00:00,,Level 2,82.5,Healthy,0.5,0.0,0.0,0.0,0.5,9.17294,50351.2,,,,0.85,7.4,8.0,10.8738,15.28,16.92,15.03,231.5,228.5,231.6,8.0,3.3,1.1,1.3,1.9,0.882,,,e0213,,0.05,,,,,,0.05,,,,,,0.008,,,,,,0.15,,,,,,0.15,,,,,,,,,,,,,,,,,0.0,,,,False,False,False,False
2026-03-26T07:00:00+00:00,,Level 2,82.5,Healthy,0.5,0.0,0.0,0.0,0.5,1.18133,6930.7,,,,0.58,3.9,8.4,2.04299,3.03,2.82,2.91,234.1,232.3,234.6,8.4,6.7,2.5,2.3,2.3,0.585,,,e0214,,0.05,,,,,,0.05,,,,,,0.008,,,,,,0.15,,,,,,0.15,,,,,,,,,,,,,,,,,0.0,,,,False,False,False,False
2026-03-26T07:00:00+00:00,,Level 2,82.5,Healthy,0.5,0.0,0.0,0.0,0.5,10.0504,46209.0,,,,0.95,44.9,23.6,10.5971,17.8,19.2,8.29,234.2,232.4,235.2,11.6,23.6,3.2,2.9,1.8,0.655,,,e0215,,0.05,,,,,,0.05,,,,,,0.008,,,,,,0.15,,,,,,0.15,,,,,,,,,,,,,,,,,0.0,,,,False,False,False,False
2026-03-26T07:00:00+00:00,,Level 2,82.5,Healthy,0.5,0.0,0.0,0.0,0.5,1.49908,10329.7,,,,0.9,11.8,61.3,1.66805,2.29,2.67,2.2,234.3,232.4,235.0,54.9,61.3,0.8,1.8,1.0,0.641,,,e0216,,0.05,,,,,,0.05,,,,,,0.008,,,,,,0.15,,,,,,0.15,,,,,,,,,,,,,,,,,0.0,,,,False,False,False,False
2026-03-26T07:00:00+00:00,,Level 2,82.5,Healthy,0.5,0.0,0.0,0.0,0.5,3.00981,9341.6,,,,0.84,13.3,76.1,3.59885,5.83,4.6,4.96,233.1,231.5,234.3,65.2,76.1,2.2,2.9,2.4,0.63,,,e0217,,0.05,,,,,,0.05,,,,,,0.008,,,,,,0.15,,,,,,0.15,,,,,,,,,,,,,,,,,0.0,,,,False,False,False,False
2026-03-26T07:00:00+00:00,,Level 2,82.5,Healthy,0.5,0.0,0.0,0.0,0.5,6.37703,27331.0,,,,0.89,26.0,36.3,7.17448,10.1,7.88,13.01,231.8,231.7,231.9,36.3,24.9,2.9,3.6,2.8,0.043,,,e0218,,0.05,,,,,,0.05,,,,,,0.008,,,,,,0.15,,,,,,0.15,,,,,,,,,,,,,,,,,0.0,,,,False,False,False,False
2026-03-26T07:00:00+00:00,,Level 3,82.5,Healthy,0.5,0.0,0.0,0.0,0.5,7.35744,34009.9,,,,0.81,0.8,4.3,9.04529,13.01,12.87,13.05,232.9,231.1,233.7,3.6,4.3,2.4,3.4,3.1,0.631,,,e0301,,0.05,,,,,,0.05,,,,,,0.008,,,,,,0.15,,,,,,0.15,,,,,,,,,,,,,,,,,0.0,,,,False,False,False,False
2026-03-26T07:00:00+00:00,,Level 3,82.5,Healthy,0.5,0.0,0.0,0.0,0.5,2.89124,17083.6,,,,0.25,3.2,3.8,11.5235,15.3,15.76,16.31,242.7,242.7,244.7,3.8,3.2,3.2,3.0,2.4,0.548,,,e0303,,0.05,,,,,,0.05,,,,,,0.008,,,,,,0.15,,,,,,0.15,,,,,,,,,,,,,,,,,0.0,,,,False,False,False,False
2026-03-26T07:00:00+00:00,,Level 3,82.5,Healthy,0.5,0.0,0.0,0.0,0.5,6.6472,29771.0,,,,0.76,11.2,6.1,8.68186,11.47,12.0,13.82,233.2,231.6,233.6,4.9,6.1,1.9,3.2,2.4,0.515,,,e0304,,0.05,,,,,,0.05,,,,,,0.008,,,,,,0.15,,,,,,0.15,,,,,,,,,,,,,,,,,0.0,,,,False,False,False,False
2026-03-26T07:00:00+00:00,,Level 3,82.5,Healthy,0.5,0.0,0.0,0.0,0.5,5.50487,14432.1,,,,0.79,6.2,7.2,6.98529,9.74,9.74,10.68,232.4,230.9,232.8,5.3,7.2,2.1,2.5,2.5,0.488,,,e0306,,0.05,,,,,,0.05,,,,,,0.008,,,,,,0.15,,,,,,0.15,,,,,,,,,,,,,,,,,0.0,,,,False,False,False,False
2026-03-26T07:00:00+00:00,,Level 3,82.5,Healthy,0.5,0.0,0.0,0.0,0.5,9.51856,36518.7,,,,0.79,3.5,10.7,12.0604,17.75,17.61,16.76,233.0,231.4,233.8,10.7,2.0,3.1,4.2,6.9,0.573,,,e0307,,0.05,,,,,,0.05,,,,,,0.008,,,,,,0.15,,,,,,0.15,,,,,,,,,,,,,,,,,0.0,,,,False,False,False,False
2026-03-26T07:00:00+00:00,,Level 3,82.5,Healthy,0.5,0.0,0.0,0.0,0.5,5.94775,18417.2,,,,0.8,9.2,11.1,7.387,11.24,11.11,9.72,232.3,230.2,233.2,9.9,11.1,2.7,0.1,1.4,0.733,,,e0308,,0.05,,,,,,0.05,,,,,,0.008,,,,,,0.15,,,,,,0.15,,,,,,,,,,,,,,,,,0.0,,,,False,False,False,False
2026-03-26T07:00:00+00:00,,Level 3,82.5,Healthy,0.5,0.0,0.0,0.0,0.5,6.87787,20997.3,,,,0.71,1.8,5.7,9.72525,13.66,13.86,14.14,233.4,231.5,234.1,5.7,4.8,2.6,3.1,2.3,0.644,,,e0311,,0.05,,,,,,0.05,,,,,,0.008,,,,,,0.15,,,,,,0.15,,,,,,,,,,,,,,,,,0.0,,,,False,False,False,False
2026-03-26T07:00:00+00:00,,Level 3,82.5,Healthy,0.5,0.0,0.0,0.0,0.5,3.59489,11419.1,,,,0.61,3.7,7.0,5.88416,8.16,8.31,8.71,233.2,231.3,233.7,7.0,4.0,1.9,2.3,3.0,0.616,,,e0312,,0.05,,,,,,0.05,,,,,,0.008,,,,,,0.15,,,,,,0.15,,,,,,,,,,,,,,,,,0.0,,,,False,False,False,False
2026-03-26T07:00:00+00:00,,Level 3,82.5,Healthy,0.5,0.0,0.0,0.0,0.5,4.36696,16229.1,,,,0.66,15.3,7.1,6.64332,10.96,8.74,8.83,232.1,231.2,233.9,6.4,7.1,2.4,3.5,1.7,0.645,,,e0313,,0.05,,,,,,0.05,,,,,,0.008,,,,,,0.15,,,,,,0.15,,,,,,,,,,,,,,,,,0.0,,,,False,False,False,False
2026-03-26T07:00:00+00:00,,Level 3,82.5,Healthy,0.5,0.0,0.0,0.0,0.5,5.99432,22669.4,,,,0.76,4.1,10.8,7.80545,10.45,11.26,10.75,241.5,241.3,243.7,9.9,10.8,1.3,1.9,2.9,0.633,,,e0314,,0.05,,,,,,0.05,,,,,,0.008,,,,,,0.15,,,,,,0.15,,,,,,,,,,,,,,,,,0.0,,,,False,False,False,False
2026-03-26T07:00:00+00:00,,Level 3,82.5,Healthy,0.5,0.0,0.0,0.0,0.5,1.42952,5942.0,,,,0.62,1.3,10.2,2.31094,3.14,3.2,3.15,242.6,242.3,244.5,10.2,6.0,2.1,1.5,1.7,0.562,,,e0315,,0.05,,,,,,0.05,,,,,,0.008,,,,,,0.15,,,,,,0.15,,,,,,,,,,,,,,,,,0.0,,,,False,False,False,False
2026-03-26T07:00:00+00:00,,Level 4,82.5,Healthy,0.5,0.0,0.0,0.0,0.5,5.43568,17397.1,,,,0.57,40.8,8.6,9.4409,19.17,10.13,11.37,232.5,232.6,234.7,8.6,1.8,1.8,2.9,2.4,0.614,,,e0401,,0.05,,,,,,0.05,,,,,,0.008,,,,,,0.15,,,,,,0.15,,,,,,,,,,,,,,,,,0.0,,,,False,False,False,False
2026-03-26T07:00:00+00:00,,Level 4,82.5,Healthy,0.5,0.0,0.0,0.0,0.5,9.50991,48003.6,,,,0.65,2.2,14.1,14.6332,21.47,20.76,21.45,233.0,231.6,233.9,14.1,9.9,3.5,3.1,2.3,0.53,,,e0402,,0.05,,,,,,0.05,,,,,,0.008,,,,,,0.15,,,,,,0.15,,,,,,,,,,,,,,,,,0.0,,,,False,False,False,False
2026-03-26T07:00:00+00:00,,Level 4,82.5,Healthy,0.5,0.0,0.0,0.0,0.5,1.87131,9860.7,,,,0.57,12.1,7.0,3.26097,4.36,4.03,5.0,242.6,242.9,244.3,6.3,7.0,2.3,2.3,1.8,0.425,,,e0403,,0.05,,,,,,0.05,,,,,,0.008,,,,,,0.15,,,,,,0.15,,,,,,,,,,,,,,,,,0.0,,,,False,False,False,False
2026-03-26T07:00:00+00:00,,Level 4,82.5,Healthy,0.5,0.0,0.0,0.0,0.5,4.01445,23984.5,,,,0.73,8.1,4.0,5.50319,7.22,8.1,8.25,233.5,231.4,234.0,1.8,4.0,1.9,3.2,2.1,0.672,,,e0404,,0.05,,,,,,0.05,,,,,,0.008,,,,,,0.15,,,,,,0.15,,,,,,,,,,,,,,,,,0.0,,,,False,False,False,False
2026-03-26T07:00:00+00:00,,Level 4,82.5,Healthy,0.5,0.0,0.0,0.0,0.5,42.2323,127024.4,,,,0.84,4.5,15.5,50.3862,67.38,72.29,71.96,238.4,238.1,240.0,14.0,15.5,2.0,1.7,3.0,0.488,,,e0406,,0.05,,,,,,0.05,,,,,,0.008,,,,,,0.15,,,,,,0.15,,,,,,,,,,,,,,,,,0.0,,,,False,False,False,False
2026-03-26T07:00:00+00:00,,Level 4,82.5,Healthy,0.5,0.0,0.0,0.0,0.5,4.17447,13900.4,,,,0.79,6.6,2.3,5.28078,7.99,7.05,7.6,234.0,232.6,234.7,2.3,1.9,1.3,0.6,2.3,0.499,,,e0407,,0.05,,,,,,0.05,,,,,,0.008,,,,,,0.15,,,,,,0.15,,,,,,,,,,,,,,,,,0.0,,,,False,False,False,False
2026-03-26T07:00:00+00:00,,Level 4,82.5,Healthy,0.5,0.0,0.0,0.0,0.5,3.14125,16270.2,,,,0.62,9.9,9.1,5.13212,6.84,7.03,8.02,234.5,232.5,234.6,9.1,8.9,2.7,2.4,2.5,0.584,,,e0408,,0.05,,,,,,0.05,,,,,,0.008,,,,,,0.15,,,,,,0.15,,,,,,,,,,,,,,,,,0.0,,,,False,False,False,False
2026-03-26T07:00:00+00:00,,Level 4,82.5,Healthy,0.5,0.0,0.0,0.0,0.5,6.72429,36010.2,,,,0.65,10.0,7.1,10.2612,12.92,13.8,15.45,242.8,243.1,244.7,7.1,7.1,3.4,1.7,1.8,0.479,,,e0409,,0.05,,,,,,0.05,,,,,,0.008,,,,,,0.15,,,,,,0.15,,,,,,,,,,,,,,,,,0.0,,,,False,False,False,False
2026-03-26T07:00:00+00:00,,Level 4,82.5,Healthy,0.5,0.0,0.0,0.0,0.5,26.1881,156473.9,,,,0.75,1.3,24.6,34.8494,47.54,46.54,46.68,244.7,245.4,246.7,24.6,24.3,2.4,2.9,2.7,0.448,,,e0411,,0.05,,,,,,0.05,,,,,,0.008,,,,,,0.15,,,,,,0.15,,,,,,,,,,,,,,,,,0.0,,,,False,False,False,False
2026-03-26T07:00:00+00:00,,Level 4,82.5,Healthy,0.5,0.0,0.0,0.0,0.5,5.00689,47684.9,,,,0.8,3.1,9.6,6.26511,8.47,8.49,8.88,241.9,242.2,243.8,9.6,7.6,3.3,3.5,3.2,0.481,,,e0412,,0.05,,,,,,0.05,,,,,,0.008,,,,,,0.15,,,,,,0.15,,,,,,,,,,,,,,,,,0.0,,,,False,False,False,False
2026-03-26T07:00:00+00:00,,Level 4,82.5,Healthy,0.5,0.0,0.0,0.0,0.5,4.72331,30165.0,,,,0.85,3.6,79.9,5.6184,7.5,7.6,7.99,241.5,242.3,243.8,79.9,69.7,0.5,1.5,3.2,0.522,,,e0413,,0.05,,,,,,0.05,,,,,,0.008,,,,,,0.15,,,,,,0.15,,,,,,,,,,,,,,,,,0.0,,,,False,False,False,False
2026-03-26T07:00:00+00:00,,Level 4,82.5,Healthy,0.5,0.0,0.0,0.0,0.5,1.71946,10298.0,,,,0.89,7.5,72.6,1.93989,2.82,2.7,2.44,242.4,242.8,244.8,53.1,72.6,2.9,2.5,2.1,0.603,,,e0414,,0.05,,,,,,0.05,,,,,,0.008,,,,,,0.15,,,,,,0.15,,,,,,,,,,,,,,,,,0.0,,,,False,False,False,False
2026-03-26T07:00:00+00:00,,Level 4,82.5,Healthy,0.5,0.0,0.0,0.0,0.5,4.33816,24623.7,,,,0.62,18.2,4.0,6.97889,8.55,8.95,11.37,241.2,242.0,242.2,2.2,4.0,2.8,2.2,2.9,0.248,,,e0415,,0.05,,,,,,0.05,,,,,,0.008,,,,,,0.15,,,,,,0.15,,,,,,,,,,,,,,,,,0.0,,,,False,False,False,False
2026-03-26T07:00:00+00:00,,Level 4,82.5,Healthy,0.5,0.0,0.0,0.0,0.5,2.26472,16726.7,,,,0.89,6.1,63.4,3.00747,3.9,3.83,3.52,241.8,242.4,244.3,52.1,63.4,2.3,0.0,2.3,0.604,,,e0416,,0.05,,,,,,0.05,,,,,,0.008,,,,,,0.15,,,,,,0.15,,,,,,,,,,,,,,,,,0.0,,,,False,False,False,False
2026-03-26T07:00:00+00:00,,Level 4,82.5,Healthy,0.5,0.0,0.0,0.0,0.5,0.898185,16340.9,,,,0.88,64.7,16.7,1.01557,0.51,1.93,1.92,234.3,232.8,234.5,4.1,16.7,2.8,3.3,3.2,0.456,,,e0419,,0.05,,,,,,0.05,,,,,,0.008,,,,,,0.15,,,,,,0.15,,,,,,,,,,,,,,,,,0.0,,,,False,False,False,False
2026-03-26T07:00:00+00:00,,Level 4,82.5,Healthy,0.5,0.0,0.0,0.0,0.5,11.1156,55802.7,,,,0.82,11.1,8.7,13.5666,17.54,20.92,20.67,231.3,227.7,230.5,3.1,8.7,2.5,2.9,1.9,0.928,,,e0423,,0.05,,,,,,0.05,,,,,,0.008,,,,,,0.15,,,,,,0.15,,,,,,,,,,,,,,,,,0.0,,,,False,False,False,False
2026-03-26T07:00:00+00:00,,Level 5,82.5,Healthy,0.5,0.0,0.0,0.0,0.5,4.53006,25704.1,,,,0.64,6.0,5.2,7.07418,9.2,10.33,9.72,241.5,241.3,244.0,4.5,5.2,1.0,2.0,2.8,0.715,,,e0501,,0.05,,,,,,0.05,,,,,,0.008,,,,,,0.15,,,,,,0.15,,,,,,,,,,,,,,,,,0.0,,,,False,False,False,False
2026-03-26T07:00:00+00:00,,Level 5,82.5,Healthy,0.5,0.0,0.0,0.0,0.5,3.98512,22439.9,,,,0.83,8.0,87.5,4.79859,6.12,7.12,6.54,241.9,242.2,244.7,76.8,87.5,3.0,1.8,1.7,0.727,,,e0502,,0.05,,,,,,0.05,,,,,,0.008,,,,,,0.15,,,,,,0.15,,,,,,,,,,,,,,,,,0.0,,,,False,False,False,False
2026-03-26T07:00:00+00:00,,Level 5,82.5,Healthy,0.5,0.0,0.0,0.0,0.5,3.23045,11985.3,,,,0.7,3.5,4.0,4.61783,6.35,6.79,6.6,234.0,232.1,234.4,4.0,1.9,0.7,2.8,3.2,0.6,,,e0503,,0.05,,,,,,0.05,,,,,,0.008,,,,,,0.15,,,,,,0.15,,,,,,,,,,,,,,,,,0.0,,,,False,False,False,False
2026-03-26T07:00:00+00:00,,Level 5,82.5,Healthy,0.5,0.0,0.0,0.0,0.5,2.80561,9989.3,,,,0.49,4.2,6.5,5.69858,7.49,7.83,8.12,242.5,242.8,245.0,1.9,6.5,2.2,0.6,2.8,0.644,,,e0504,,0.05,,,,,,0.05,,,,,,0.008,,,,,,0.15,,,,,,0.15,,,,,,,,,,,,,,,,,0.0,,,,False,False,False,False
2026-03-26T07:00:00+00:00,,Level 5,82.5,Healthy,0.5,0.0,0.0,0.0,0.5,8.82036,45656.5,,,,0.83,3.7,17.4,10.7103,14.11,15.03,14.81,241.5,241.9,244.0,14.8,17.4,2.2,1.0,1.3,0.632,,,e0505,,0.05,,,,,,0.05,,,,,,0.008,,,,,,0.15,,,,,,0.15,,,,,,,,,,,,,,,,,0.0,,,,False,False,False,False
2026-03-26T07:00:00+00:00,,Level 5,82.5,Healthy,0.5,0.0,0.0,0.0,0.5,1.609,25049.8,,,,0.19,6.1,7.1,8.51437,10.94,12.09,11.94,242.4,242.6,244.8,7.1,4.7,1.0,1.5,2.2,0.63,,,e0506,,0.05,,,,,,0.05,,,,,,0.008,,,,,,0.15,,,,,,0.15,,,,,,,,,,,,,,,,,0.0,,,,False,False,False,False
2026-03-26T07:00:00+00:00,,Level 5,82.5,Healthy,0.5,0.0,0.0,0.0,0.5,5.05902,29001.4,,,,0.59,5.3,6.8,8.54305,11.12,12.14,12.05,241.5,241.5,244.0,6.8,4.6,2.9,3.1,2.9,0.688,,,e0507,,0.05,,,,,,0.05,,,,,,0.008,,,,,,0.15,,,,,,0.15,,,,,,,,,,,,,,,,,0.0,,,,False,False,False,False
2026-03-26T07:00:00+00:00,,Level 5,82.5,Healthy,0.5,0.0,0.0,0.0,0.5,11.12,58307.2,,,,0.79,3.0,3.6,14.0513,19.6,19.9,20.67,233.8,232.0,234.0,3.2,3.6,3.7,2.3,2.5,0.543,,,e0508,,0.05,,,,,,0.05,,,,,,0.008,,,,,,0.15,,,,,,0.15,,,,,,,,,,,,,,,,,0.0,,,,False,False,False,False
2026-03-26T07:00:00+00:00,,Level 5,82.5,Healthy,0.5,0.0,0.0,0.0,0.5,7.58568,41328.4,,,,0.77,12.4,6.1,9.79829,12.59,15.16,12.7,241.8,241.5,244.1,5.5,6.1,0.6,0.6,1.4,0.674,,,e0509,,0.05,,,,,,0.05,,,,,,0.008,,,,,,0.15,,,,,,0.15,,,,,,,,,,,,,,,,,0.0,,,,False,False,False,False
2026-03-26T07:00:00+00:00,,Level 5,82.5,Healthy,0.5,0.0,0.0,0.0,0.5,11.9328,52388.5,,,,0.86,4.4,32.9,13.8563,18.35,19.6,19.61,239.8,240.0,242.3,32.9,31.3,2.0,2.0,1.8,0.665,,,e0510,,0.05,,,,,,0.05,,,,,,0.008,,,,,,0.15,,,,,,0.15,,,,,,,,,,,,,,,,,0.0,,,,False,False,False,False
2026-03-26T07:00:00+00:00,,Level 5,82.5,Healthy,0.5,0.0,0.0,0.0,0.5,4.02532,24095.0,,,,0.54,9.0,83.8,7.41153,9.24,10.54,10.68,242.4,243.2,244.8,83.8,64.2,2.7,3.0,3.7,0.548,,,e0511,,0.05,,,,,,0.05,,,,,,0.008,,,,,,0.15,,,,,,0.15,,,,,,,,,,,,,,,,,0.0,,,,False,False,False,False
2026-03-26T07:00:00+00:00,,Level 6,82.5,Healthy,0.5,0.0,0.0,0.0,0.5,3.56648,11934.8,,,,0.66,3.6,5.3,5.38732,7.92,7.43,7.76,233.0,231.8,234.1,2.2,5.3,2.6,2.3,1.2,0.501,,,e0602,,0.05,,,,,,0.05,,,,,,0.008,,,,,,0.15,,,,,,0.15,,,,,,,,,,,,,,,,,0.0,,,,False,False,False,False
2026-03-26T07:00:00+00:00,,Level 6,82.5,Healthy,0.5,0.0,0.0,0.0,0.5,6.65397,52415.8,,,,0.8,1.1,6.1,8.28061,12.05,11.93,11.79,232.8,231.4,233.4,2.6,6.1,1.6,2.9,2.0,0.487,,,e0603,,0.05,,,,,,0.05,,,,,,0.008,,,,,,0.15,,,,,,0.15,,,,,,,,,,,,,,,,,0.0,,,,False,False,False,False
2026-03-26T07:00:00+00:00,,Level 6,82.5,Healthy,0.5,0.0,0.0,0.0,0.5,7.18454,24981.8,,,,0.82,6.0,10.5,8.80482,11.92,13.38,12.76,231.9,229.7,232.4,10.5,5.2,2.1,1.6,1.9,0.706,,,e0604,,0.05,,,,,,0.05,,,,,,0.008,,,,,,0.15,,,,,,0.15,,,,,,,,,,,,,,,,,0.0,,,,False,False,False,False
2026-03-26T07:00:00+00:00,,Level 6,82.5,Healthy,0.5,0.0,0.0,0.0,0.5,7.13142,41093.7,,,,0.73,2.6,8.9,9.80706,14.44,13.93,13.87,232.7,231.3,233.4,8.9,3.5,2.2,2.5,2.0,0.502,,,e0605,,0.05,,,,,,0.05,,,,,,0.008,,,,,,0.15,,,,,,0.15,,,,,,,,,,,,,,,,,0.0,,,,False,False,False,False
2026-03-26T07:00:00+00:00,,Level 6,82.5,Healthy,0.5,0.0,0.0,0.0,0.5,8.3794,56485.5,,,,0.52,4.7,7.1,15.9694,22.19,21.68,23.58,233.3,236.2,240.1,0.7,7.1,3.6,3.3,3.0,1.508,,,e0606,,0.05,,,,,,0.05,,,,,,0.008,,,,,,0.15,,,,,,0.15,,,,,,,,,,,,,,,,,0.0,,,,False,False,False,False
2026-03-26T07:00:00+00:00,,Level 6,82.5,Healthy,0.5,0.0,0.0,0.0,0.5,6.74009,35735.3,,,,0.93,2.1,46.9,7.26825,10.57,10.18,10.5,232.1,230.6,232.7,46.9,44.6,1.5,2.4,2.6,0.518,,,e0607,,0.05,,,,,,0.05,,,,,,0.008,,,,,,0.15,,,,,,0.15,,,,,,,,,,,,,,,,,0.0,,,,False,False,False,False
2026-03-26T07:00:00+00:00,,Level 6,82.5,Healthy,0.5,0.0,0.0,0.0,0.5,4.41265,28372.6,,,,0.78,5.8,5.0,5.66663,8.14,7.53,8.3,233.5,237.0,240.7,5.0,4.2,1.4,2.6,3.0,1.533,,,e0611,,0.05,,,,,,0.05,,,,,,0.008,,,,,,0.15,,,,,,0.15,,,,,,,,,,,,,,,,,0.0,,,,False,False,False,False
2026-03-26T07:00:00+00:00,,Level 6,82.5,Healthy,0.5,0.0,0.0,0.0,0.5,0.471331,2415.6,,,,0.87,7.4,67.0,0.522031,5.67,6.44,6.09,29.1,29.1,29.4,67.0,64.3,1.1,2.6,3.9,0.685,,,e0622,,0.05,,,,,,0.05,,,,,,0.008,,,,,,0.15,,,,,,0.15,,,,,,,,,,,,,,,,,0.0,,,,False,False,False,False
2026-03-26T07:00:00+00:00,,Level 6,82.5,Healthy,0.5,0.0,0.0,0.0,0.5,6.70269,34755.9,,,,0.79,5.9,7.6,8.45763,12.45,12.62,11.44,233.0,229.6,233.7,7.1,7.6,2.5,3.2,3.3,1.077,,,e0625,,0.05,,,,,,0.05,,,,,,0.008,,,,,,0.15,,,,,,0.15,,,,,,,,,,,,,,,,,0.0,,,,False,False,False,False
2026-03-26T07:00:00+00:00,,Level 6,82.5,Healthy,0.5,0.0,0.0,0.0,0.5,7.12093,35856.3,,,,0.8,14.1,8.2,8.91675,12.21,11.44,14.54,233.6,231.9,233.8,4.1,8.2,2.8,3.2,2.8,0.515,,,e0626,,0.05,,,,,,0.05,,,,,,0.008,,,,,,0.15,,,,,,0.15,,,,,,,,,,,,,,,,,0.0,,,,False,False,False,False
2026-03-26T07:00:00+00:00,,Level 6,82.5,Healthy,0.5,0.0,0.0,0.0,0.5,4.89896,26474.9,,,,0.9,11.9,51.8,5.41512,7.72,6.82,8.64,233.5,232.2,233.9,51.8,41.9,1.3,2.9,3.2,0.429,,,e0627,,0.05,,,,,,0.05,,,,,,0.008,,,,,,0.15,,,,,,0.15,,,,,,,,,,,,,,,,,0.0,,,,False,False,False,False
2026-03-26T07:00:00+00:00,,Level 6,82.5,Healthy,0.5,0.0,0.0,0.0,0.5,4.55213,24572.6,,,,0.82,30.1,7.3,5.52334,7.13,6.31,10.28,233.6,232.4,233.1,4.3,7.3,2.7,1.2,2.1,0.272,,,e0628,,0.05,,,,,,0.05,,,,,,0.008,,,,,,0.15,,,,,,0.15,,,,,,,,,,,,,,,,,0.0,,,,False,False,False,False
2026-03-26T07:00:00+00:00,,Level 7,82.5,Healthy,0.5,0.0,0.0,0.0,0.5,8.13191,39568.1,,,,0.89,13.8,46.7,9.15248,14.3,13.71,11.29,233.7,232.0,234.6,35.4,46.7,2.8,2.4,2.2,0.614,,,e0701,,0.05,,,,,,0.05,,,,,,0.008,,,,,,0.15,,,,,,0.15,,,,,,,,,,,,,,,,,0.0,,,,False,False,False,False
2026-03-26T07:00:00+00:00,,Level 7,82.5,Healthy,0.5,0.0,0.0,0.0,0.5,9.87965,36606.1,,,,0.94,6.4,39.6,10.4861,15.22,14.07,15.8,233.7,232.1,234.2,39.6,37.4,1.7,2.8,3.1,0.529,,,e0702,,0.05,,,,,,0.05,,,,,,0.008,,,,,,0.15,,,,,,0.15,,,,,,,,,,,,,,,,,0.0,,,,False,False,False,False
2026-03-26T07:00:00+00:00,,Level 7,82.5,Healthy,0.5,0.0,0.0,0.0,0.5,11.2472,52801.3,,,,0.92,10.2,34.5,12.2608,19.35,16.82,16.57,232.7,231.4,233.8,31.9,34.5,5.3,6.7,5.5,0.53,,,e0703,,0.05,,,,,,0.05,,,,,,0.008,,,,,,0.15,,,,,,0.15,,,,,,,,,,,,,,,,,0.0,,,,False,False,False,False
2026-03-26T07:00:00+00:00,,Level 7,82.5,Healthy,0.5,0.0,0.0,0.0,0.5,5.94778,32282.2,,,,0.92,4.6,49.0,6.45323,9.49,8.87,9.38,232.8,230.9,233.2,49.0,46.8,2.5,3.7,2.6,0.603,,,e0704,,0.05,,,,,,0.05,,,,,,0.008,,,,,,0.15,,,,,,0.15,,,,,,,,,,,,,,,,,0.0,,,,False,False,False,False
2026-03-26T07:00:00+00:00,,Level 8,82.5,Healthy,0.5,0.0,0.0,0.0,0.5,4.6153,37804.1,,,,0.87,6.4,70.3,5.29704,6.99,7.85,7.56,233.0,235.7,240.2,70.3,66.4,3.1,3.5,3.1,1.65,,,e0801,,0.05,,,,,,0.05,,,,,,0.008,,,,,,0.15,,,,,,0.15,,,,,,,,,,,,,,,,,0.0,,,,False,False,False,False
2026-03-26T07:00:00+00:00,,Level 8,82.5,Healthy,0.5,0.0,0.0,0.0,0.5,5.67723,49079.8,,,,0.9,5.8,55.2,6.27933,9.39,8.35,8.86,233.3,236.8,240.8,55.2,53.1,2.5,2.2,2.1,1.618,,,e0802,,0.05,,,,,,0.05,,,,,,0.008,,,,,,0.15,,,,,,0.15,,,,,,,,,,,,,,,,,0.0,,,,False,False,False,False
2026-03-26T07:00:00+00:00,,Level 8,82.5,Healthy,0.5,0.0,0.0,0.0,0.5,3.40572,68112.6,,,,0.94,51.4,7.8,3.62294,7.37,5.67,2.52,233.4,232.1,234.5,4.2,7.8,1.7,3.8,2.5,0.529,,,e0803,,0.05,,,,,,0.05,,,,,,0.008,,,,,,0.15,,,,,,0.15,,,,,,,,,,,,,,,,,0.0,,,,False,False,False,False
2026-03-26T07:00:00+00:00,,Level 8,82.5,Healthy,0.5,0.0,0.0,0.0,0.5,8.78593,46084.8,,,,0.73,12.8,20.2,12.0105,19.05,15.51,16.09,233.1,237.0,240.8,13.6,20.2,2.9,2.0,3.2,1.632,,,e0804,,0.05,,,,,,0.05,,,,,,0.008,,,,,,0.15,,,,,,0.15,,,,,,,,,,,,,,,,,0.0,,,,False,False,False,False
2026-03-26T07:00:00+00:00,,Level 8,82.5,Healthy,0.5,0.0,0.0,0.0,0.5,8.93771,47646.3,,,,0.75,8.9,37.3,11.9101,18.23,16.0,16.04,233.4,236.9,240.9,30.3,37.3,3.3,3.3,3.5,1.617,,,e0805,,0.05,,,,,,0.05,,,,,,0.008,,,,,,0.15,,,,,,0.15,,,,,,,,,,,,,,,,,0.0,,,,False,False,False,False
2026-03-26T07:00:00+00:00,,Level 9,82.5,Healthy,0.5,0.0,0.0,0.0,0.5,5.6096,29336.8,,,,0.75,12.3,4.6,7.48846,12.05,9.93,10.19,230.2,233.3,235.4,4.3,4.6,3.2,3.0,3.1,1.188,,,e0901,,0.05,,,,,,0.05,,,,,,0.008,,,,,,0.15,,,,,,0.15,,,,,,,,,,,,,,,,,0.0,,,,False,False,False,False
2026-03-26T07:00:00+00:00,,Level 9,82.5,Healthy,0.5,0.0,0.0,0.0,0.5,5.04441,32447.0,,,,0.82,8.2,8.0,6.14723,8.44,9.44,8.31,232.0,234.0,236.1,8.0,4.8,2.3,3.6,3.7,0.883,,,e0902,,0.05,,,,,,0.05,,,,,,0.008,,,,,,0.15,,,,,,0.15,,,,,,,,,,,,,,,,,0.0,,,,False,False,False,False
2026-03-26T07:00:00+00:00,,Level 9,82.5,Healthy,0.5,0.0,0.0,0.0,0.5,6.72433,38562.8,,,,0.67,19.4,29.7,10.0763,12.85,13.03,17.15,231.5,233.6,235.6,3.4,29.7,3.9,2.1,1.6,0.885,,,e0903,,0.05,,,,,,0.05,,,,,,0.008,,,,,,0.15,,,,,,0.15,,,,,,,,,,,,,,,,,0.0,,,,False,False,False,False
2026-03-26T07:00:00+00:00,,Level 9,82.5,Healthy,0.5,0.0,0.0,0.0,0.5,6.48866,40144.5,,,,0.87,5.1,72.9,7.47499,10.42,10.08,11.05,233.3,236.7,240.3,72.9,59.6,2.7,2.8,3.1,1.492,,,e0904,,0.05,,,,,,0.05,,,,,,0.008,,,,,,0.15,,,,,,0.15,,,,,,,,,,,,,,,,,0.0,,,,False,False,False,False
2026-03-26T07:00:00+00:00,,Level 9,82.5,Healthy,0.5,0.0,0.0,0.0,0.5,2.49095,32385.6,,,,0.43,18.0,5.0,5.79063,7.34,9.76,7.7,231.9,232.9,236.1,5.0,3.1,3.4,3.0,3.0,1.056,,,e0905,,0.05,,,,,,0.05,,,,,,0.008,,,,,,0.15,,,,,,0.15,,,,,,,,,,,,,,,,,0.0,,,,False,False,False,False
2026-03-26T07:00:00+00:00,,Level 9,82.5,Healthy,0.5,0.0,0.0,0.0,0.5,4.66697,24365.4,,,,0.64,18.2,22.3,7.32031,10.13,8.78,12.3,232.0,234.4,236.0,19.6,22.3,3.4,3.2,3.1,0.911,,,e0906,,0.05,,,,,,0.05,,,,,,0.008,,,,,,0.15,,,,,,0.15,,,,,,,,,,,,,,,,,0.0,,,,False,False,False,False
2026-03-26T07:00:00+00:00,,Level 9,82.5,Healthy,0.5,0.0,0.0,0.0,0.5,3.48354,28801.4,,,,0.54,16.3,5.4,6.43329,8.77,10.66,8.05,231.8,233.7,236.1,2.6,5.4,2.9,2.6,2.8,0.955,,,e0907,,0.05,,,,,,0.05,,,,,,0.008,,,,,,0.15,,,,,,0.15,,,,,,,,,,,,,,,,,0.0,,,,False,False,False,False
2026-03-26T07:00:00+00:00,,Level 9,82.5,Healthy,0.5,0.0,0.0,0.0,0.5,3.86474,49181.3,,,,0.9,5.3,56.5,4.29938,6.46,5.97,5.98,231.1,233.6,235.5,56.5,54.6,4.2,3.6,3.3,0.985,,,e0908,,0.05,,,,,,0.05,,,,,,0.008,,,,,,0.15,,,,,,0.15,,,,,,,,,,,,,,,,,0.0,,,,False,False,False,False
2026-03-26T07:00:00+00:00,,Level 10,82.5,Healthy,0.5,0.0,0.0,0.0,0.5,3.19935,16560.2,,,,0.95,70.2,39.0,3.35136,6.48,6.53,1.43,230.7,233.6,234.9,39.0,34.2,4.2,2.9,3.5,1.015,,,e1001,,0.05,,,,,,0.05,,,,,,0.008,,,,,,0.15,,,,,,0.15,,,,,,,,,,,,,,,,,0.0,,,,False,False,False,False
2026-03-26T07:00:00+00:00,,Level 10,82.5,Healthy,0.5,0.0,0.0,0.0,0.5,9.79399,61728.2,,,,0.92,13.4,37.5,10.6217,15.18,13.09,17.06,231.8,234.5,236.0,37.5,28.6,3.8,3.9,4.1,0.982,,,e1002,,0.05,,,,,,0.05,,,,,,0.008,,,,,,0.15,,,,,,0.15,,,,,,,,,,,,,,,,,0.0,,,,False,False,False,False
2026-03-26T07:00:00+00:00,,Level 10,82.5,Healthy,0.5,0.0,0.0,0.0,0.5,6.91841,49909.6,,,,0.93,10.2,41.4,7.4202,9.91,10.19,11.63,231.9,234.1,235.8,41.4,37.1,4.2,4.8,4.0,0.869,,,e1003,,0.05,,,,,,0.05,,,,,,0.008,,,,,,0.15,,,,,,0.15,,,,,,,,,,,,,,,,,0.0,,,,False,False,False,False
2026-03-26T07:00:00+00:00,,Level 10,82.5,Healthy,0.5,0.0,0.0,0.0,0.5,3.91278,23330.2,,,,0.96,4.3,37.7,4.08721,6.1,5.66,5.76,231.1,233.9,235.5,35.8,37.7,4.5,3.6,3.2,1.028,,,e1004,,0.05,,,,,,0.05,,,,,,0.008,,,,,,0.15,,,,,,0.15,,,,,,,,,,,,,,,,,0.0,,,,False,False,False,False
2026-03-26T07:00:00+00:00,,Level 10,82.5,Healthy,0.5,0.0,0.0,0.0,0.5,3.37017,42131.0,,,,0.94,8.9,44.7,3.57721,5.33,5.24,4.62,232.6,236.2,240.8,41.1,44.7,3.6,2.6,2.9,1.804,,,e1005,,0.05,,,,,,0.05,,,,,,0.008,,,,,,0.15,,,,,,0.15,,,,,,,,,,,,,,,,,0.0,,,,False,False,False,False
2026-03-26T07:00:00+00:00,,Level 10,82.5,Healthy,0.5,0.0,0.0,0.0,0.5,7.8947,45957.7,,,,0.93,11.3,45.2,8.50403,13.51,11.8,11.09,231.4,233.9,236.1,36.2,45.2,3.3,2.2,2.3,1.027,,,e1006,,0.05,,,,,,0.05,,,,,,0.008,,,,,,0.15,,,,,,0.15,,,,,,,,,,,,,,,,,0.0,,,,False,False,False,False
2026-03-26T07:00:00+00:00,,Level 10,82.5,Healthy,0.5,0.0,0.0,0.0,0.5,7.11349,26833.1,,,,0.93,2.3,45.6,7.58343,10.73,10.83,11.15,231.0,233.4,235.3,45.6,42.6,3.4,3.7,3.9,0.958,,,e1007,,0.05,,,,,,0.05,,,,,,0.008,,,,,,0.15,,,,,,0.15,,,,,,,,,,,,,,,,,0.0,,,,False,False,False,False
2026-03-26T07:00:00+00:00,,Level 10,82.5,Healthy,0.5,0.0,0.0,0.0,0.5,6.58377,38600.9,,,,0.96,11.7,35.7,6.86168,8.8,11.02,9.78,230.2,232.4,234.3,33.6,35.7,5.2,4.0,3.4,0.904,,,e1008,,0.05,,,,,,0.05,,,,,,0.008,,,,,,0.15,,,,,,0.15,,,,,,,,,,,,,,,,,0.0,,,,False,False,False,False
2026-03-26T07:00:00+00:00,,Level 11,82.5,Healthy,0.5,0.0,0.0,0.0,0.5,-0.673611,0.0,,,,-0.99,16.0,22.8,0.686286,0.89,0.91,1.13,232.4,234.6,236.5,22.8,4.1,3.3,3.9,3.5,0.896,,,e1101,,0.05,,,,,,0.05,,,,,,0.008,,,,,,0.15,,,,,,0.15,,,,,,,,,,,,,,,,,0.0,,,,False,False,False,False
2026-03-26T07:00:00+00:00,,Level 11,82.5,Healthy,0.5,0.0,0.0,0.0,0.5,7.58848,55862.2,,,,0.9,6.7,38.1,8.45395,12.82,11.48,11.81,232.0,234.3,236.3,36.6,38.1,4.0,2.7,2.2,0.939,,,e1102,,0.05,,,,,,0.05,,,,,,0.008,,,,,,0.15,,,,,,0.15,,,,,,,,,,,,,,,,,0.0,,,,False,False,False,False
2026-03-26T07:00:00+00:00,,Level 11,82.5,Healthy,0.5,0.0,0.0,0.0,0.5,11.5303,40544.9,,,,0.95,11.3,37.2,12.0588,19.16,16.56,15.96,231.8,234.2,236.3,30.4,37.2,4.0,2.6,2.0,0.982,,,e1103,,0.05,,,,,,0.05,,,,,,0.008,,,,,,0.15,,,,,,0.15,,,,,,,,,,,,,,,,,0.0,,,,False,False,False,False
2026-03-26T07:00:00+00:00,,Level 11,82.5,Healthy,0.5,0.0,0.0,0.0,0.5,4.32741,22829.4,,,,0.91,6.6,49.6,4.73896,7.18,6.31,6.81,230.9,233.7,235.7,47.5,49.6,3.5,3.5,3.6,1.085,,,e1104,,0.05,,,,,,0.05,,,,,,0.008,,,,,,0.15,,,,,,0.15,,,,,,,,,,,,,,,,,0.0,,,,False,False,False,False
2026-03-26T07:00:00+00:00,,Level 11,82.5,Healthy,0.5,0.0,0.0,0.0,0.5,2.5716,28908.3,,,,0.86,12.7,78.5,2.98947,4.73,4.04,3.81,233.2,236.7,240.9,55.7,78.5,2.8,3.3,3.0,1.674,,,e1105,,0.05,,,,,,0.05,,,,,,0.008,,,,,,0.15,,,,,,0.15,,,,,,,,,,,,,,,,,0.0,,,,False,False,False,False
2026-03-26T07:00:00+00:00,,Level 11,82.5,Healthy,0.5,0.0,0.0,0.0,0.5,10.8081,58226.2,,,,0.95,5.7,34.0,11.408,16.95,15.23,16.25,233.3,236.7,240.5,34.0,33.5,2.6,3.3,3.4,1.548,,,e1106,,0.05,,,,,,0.05,,,,,,0.008,,,,,,0.15,,,,,,0.15,,,,,,,,,,,,,,,,,0.0,,,,False,False,False,False
2026-03-26T07:00:00+00:00,,Level 11,82.5,Healthy,0.5,0.0,0.0,0.0,0.5,8.54238,27932.9,,,,0.93,4.5,45.2,9.2551,12.46,13.43,13.09,233.9,237.1,240.9,45.2,36.1,1.9,2.8,2.1,1.517,,,e1107,,0.05,,,,,,0.05,,,,,,0.008,,,,,,0.15,,,,,,0.15,,,,,,,,,,,,,,,,,0.0,,,,False,False,False,False
2026-03-26T07:00:00+00:00,,Level 11,82.5,Healthy,0.5,0.0,0.0,0.0,0.5,3.10893,33379.3,,,,0.64,14.9,69.5,4.84094,7.29,7.38,5.82,232.4,236.6,239.7,56.7,69.5,3.1,3.2,3.3,1.623,,,e1108,,0.05,,,,,,0.05,,,,,,0.008,,,,,,0.15,,,,,,0.15,,,,,,,,,,,,,,,,,0.0,,,,False,False,False,False
2026-03-26T08:00:00+00:00,,Level 1,82.5,Healthy,0.5,0.0,0.0,0.0,0.5,0.907626,10600.4,,,,0.24,5.2,5.8,3.7783,5.53,5.56,5.12,232.8,234.3,231.8,5.8,2.6,2.2,2.9,0.9,0.572,,,e0101,,0.05,,,,,,0.05,,,,,,0.008,,,,,,0.15,,,,,,0.15,,,,,,,,,,,,,,,,,0.0,,,,False,False,False,False
2026-03-26T08:00:00+00:00,,Level 1,82.5,Healthy,0.5,0.0,0.0,0.0,0.5,3.6948,20445.8,,,,0.8,24.3,6.5,4.61409,5.9,5.7,8.21,233.2,231.8,232.6,3.3,6.5,2.5,2.9,1.3,0.315,,,e0102,,0.05,,,,,,0.05,,,,,,0.008,,,,,,0.15,,,,,,0.15,,,,,,,,,,,,,,,,,0.0,,,,False,False,False,False
2026-03-26T08:00:00+00:00,,Level 1,82.5,Healthy,0.5,0.0,0.0,0.0,0.5,6.66088,37238.0,,,,0.8,17.1,10.2,8.34745,14.01,11.04,10.85,232.6,231.5,234.2,10.2,3.4,1.2,1.7,5.4,0.616,,,e0103,,0.05,,,,,,0.05,,,,,,0.008,,,,,,0.15,,,,,,0.15,,,,,,,,,,,,,,,,,0.0,,,,False,False,False,False
2026-03-26T08:00:00+00:00,,Level 1,82.5,Healthy,0.5,0.0,0.0,0.0,0.5,6.2156,33988.3,,,,0.75,0.6,10.5,8.30181,11.91,11.81,11.97,233.5,231.4,233.9,8.6,10.5,10.0,12.9,10.3,0.658,,,e0104,,0.05,,,,,,0.05,,,,,,0.008,,,,,,0.15,,,,,,0.15,,,,,,,,,,,,,,,,,0.0,,,,False,False,False,False
2026-03-26T08:00:00+00:00,,Level 1,82.5,Healthy,0.5,0.0,0.0,0.0,0.5,47.2057,1299094.7,,,,0.79,3.5,8.1,59.8693,84.0,87.56,82.14,236.2,235.3,237.6,6.6,8.1,2.2,3.3,3.6,0.522,,,e0105,,0.05,,,,,,0.05,,,,,,0.008,,,,,,0.15,,,,,,0.15,,,,,,,,,,,,,,,,,0.0,,,,False,False,False,False
2026-03-26T08:00:00+00:00,,Level 1,82.5,Healthy,0.5,0.0,0.0,0.0,0.5,2.26288,15450.0,,,,0.65,63.7,38.1,3.49737,1.69,6.55,6.64,232.6,231.1,234.3,38.1,5.5,2.7,3.4,2.7,0.702,,,e0106,,0.05,,,,,,0.05,,,,,,0.008,,,,,,0.15,,,,,,0.15,,,,,,,,,,,,,,,,,0.0,,,,False,False,False,False
2026-03-26T08:00:00+00:00,,Level 1,82.5,Healthy,0.5,0.0,0.0,0.0,0.5,2.22109,6459.1,,,,0.75,7.2,7.8,2.97614,4.56,3.96,4.24,233.7,231.6,234.1,1.6,7.8,1.0,1.6,2.5,0.658,,,e0107,,0.05,,,,,,0.05,,,,,,0.008,,,,,,0.15,,,,,,0.15,,,,,,,,,,,,,,,,,0.0,,,,False,False,False,False
2026-03-26T08:00:00+00:00,,Level 1,82.5,Healthy,0.5,0.0,0.0,0.0,0.5,5.67381,30540.5,,,,0.75,2.2,6.2,7.52244,10.27,10.57,10.18,241.9,242.2,244.1,6.2,5.8,3.2,1.1,1.3,0.563,,,e0108,,0.05,,,,,,0.05,,,,,,0.008,,,,,,0.15,,,,,,0.15,,,,,,,,,,,,,,,,,0.0,,,,False,False,False,False
2026-03-26T08:00:00+00:00,,Level 1,82.5,Healthy,0.5,0.0,0.0,0.0,0.5,1.81182,8888.8,,,,0.76,14.0,6.7,2.38469,3.11,3.89,3.23,233.9,231.8,234.1,5.4,6.7,2.9,3.3,2.5,0.629,,,e0109,,0.05,,,,,,0.05,,,,,,0.008,,,,,,0.15,,,,,,0.15,,,,,,,,,,,,,,,,,0.0,,,,False,False,False,False
2026-03-26T08:00:00+00:00,,Level 1,82.5,Healthy,0.5,0.0,0.0,0.0,0.5,11.4666,58704.3,,,,0.79,1.5,7.2,14.4117,20.85,20.4,20.86,233.2,231.4,233.6,7.2,5.0,2.3,2.5,1.9,0.573,,,e0110,,0.05,,,,,,0.05,,,,,,0.008,,,,,,0.15,,,,,,0.15,,,,,,,,,,,,,,,,,0.0,,,,False,False,False,False
2026-03-26T08:00:00+00:00,,Level 1,82.5,Healthy,0.5,0.0,0.0,0.0,0.5,1.0512,4225.0,,,,0.65,10.9,17.8,1.60791,2.55,2.14,2.22,233.8,232.0,234.4,15.0,17.8,2.8,4.4,4.4,0.6,,,e0111,,0.05,,,,,,0.05,,,,,,0.008,,,,,,0.15,,,,,,0.15,,,,,,,,,,,,,,,,,0.0,,,,False,False,False,False
2026-03-26T08:00:00+00:00,,Level 1,82.5,Healthy,0.5,0.0,0.0,0.0,0.5,2.8373,16067.9,,,,0.57,5.7,,4.98039,6.49,7.05,7.03,241.3,242.0,243.7,,,2.1,3.2,3.5,0.564,,,e0112,,0.05,,,,,,0.05,,,,,,0.008,,,,,,0.15,,,,,,0.15,,,,,,,,,,,,,,,,,0.0,,,,False,False,False,False
2026-03-26T08:00:00+00:00,,Level 1,82.5,Healthy,0.5,0.0,0.0,0.0,0.5,3.19214,18538.1,,,,0.39,2.8,3.7,8.22582,11.03,11.59,11.44,240.6,241.1,243.2,3.7,2.8,2.3,2.8,3.2,0.648,,,e0113,,0.05,,,,,,0.05,,,,,,0.008,,,,,,0.15,,,,,,0.15,,,,,,,,,,,,,,,,,0.0,,,,False,False,False,False
2026-03-26T08:00:00+00:00,,Level 1,82.5,Healthy,0.5,0.0,0.0,0.0,0.5,7.50777,41128.5,,,,0.81,1.8,6.5,9.32389,13.05,12.98,12.68,239.3,240.2,241.8,3.9,6.5,1.9,2.8,2.0,0.568,,,e0114,,0.05,,,,,,0.05,,,,,,0.008,,,,,,0.15,,,,,,0.15,,,,,,,,,,,,,,,,,0.0,,,,False,False,False,False
2026-03-26T08:00:00+00:00,,Level 1,82.5,Healthy,0.5,0.0,0.0,0.0,0.5,6.84008,36576.0,,,,0.78,5.4,2.4,8.77766,11.47,12.43,12.47,240.7,240.7,242.7,2.4,1.2,1.9,2.1,2.7,0.552,,,e0115,,0.05,,,,,,0.05,,,,,,0.008,,,,,,0.15,,,,,,0.15,,,,,,,,,,,,,,,,,0.0,,,,False,False,False,False
2026-03-26T08:00:00+00:00,,Level 1,82.5,Healthy,0.5,0.0,0.0,0.0,0.5,6.46155,35040.6,,,,0.75,1.8,8.6,8.62964,12.1,11.7,11.92,241.2,241.5,243.5,8.6,7.7,2.9,2.6,2.8,0.592,,,e0116,,0.05,,,,,,0.05,,,,,,0.008,,,,,,0.15,,,,,,0.15,,,,,,,,,,,,,,,,,0.0,,,,False,False,False,False
2026-03-26T08:00:00+00:00,,Level 1,82.5,Healthy,0.5,0.0,0.0,0.0,0.5,11.4597,60972.8,,,,0.78,7.0,4.1,14.6094,20.06,22.4,20.25,234.6,232.1,234.7,3.6,4.1,3.5,3.2,3.0,0.727,,,e0117,,0.05,,,,,,0.05,,,,,,0.008,,,,,,0.15,,,,,,0.15,,,,,,,,,,,,,,,,,0.0,,,,False,False,False,False
2026-03-26T08:00:00+00:00,,Level 1,82.5,Healthy,0.5,0.0,0.0,0.0,0.5,6.0588,33520.9,,,,0.69,1.7,6.9,8.84935,12.47,12.89,12.68,233.5,231.4,233.7,6.9,4.5,3.4,3.9,3.4,0.63,,,e0118,,0.05,,,,,,0.05,,,,,,0.008,,,,,,0.15,,,,,,0.15,,,,,,,,,,,,,,,,,0.0,,,,False,False,False,False
2026-03-26T08:00:00+00:00,,Level 1,82.5,Healthy,0.5,0.0,0.0,0.0,0.5,1.63879,16173.7,,,,0.29,6.9,6.9,5.63739,7.21,7.89,8.12,242.4,242.2,244.1,6.9,4.8,1.2,1.5,1.7,0.494,,,e0120,,0.05,,,,,,0.05,,,,,,0.008,,,,,,0.15,,,,,,0.15,,,,,,,,,,,,,,,,,0.0,,,,False,False,False,False
2026-03-26T08:00:00+00:00,,Level 1,82.5,Healthy,0.5,0.0,0.0,0.0,0.5,14.9675,85300.0,,,,0.82,5.4,12.1,18.2948,26.28,24.77,27.46,233.2,231.5,233.5,3.2,12.1,1.3,2.7,2.2,0.53,,,e0121,,0.05,,,,,,0.05,,,,,,0.008,,,,,,0.15,,,,,,0.15,,,,,,,,,,,,,,,,,0.0,,,,False,False,False,False
2026-03-26T08:00:00+00:00,,Level 2,82.5,Healthy,0.5,0.0,0.0,0.0,0.5,2.97148,17379.0,,,,0.71,63.8,52.6,4.22005,9.88,4.03,4.17,233.1,232.3,235.0,17.3,52.6,1.0,2.7,3.1,0.657,,,e0201,,0.05,,,,,,0.05,,,,,,0.008,,,,,,0.15,,,,,,0.15,,,,,,,,,,,,,,,,,0.0,,,,False,False,False,False
2026-03-26T08:00:00+00:00,,Level 2,82.5,Healthy,0.5,0.0,0.0,0.0,0.5,2.1977,8615.7,,,,0.91,22.5,65.1,2.41105,4.24,3.37,2.75,233.2,231.8,235.1,42.7,65.1,1.0,2.1,2.5,0.743,,,e0202,,0.05,,,,,,0.05,,,,,,0.008,,,,,,0.15,,,,,,0.15,,,,,,,,,,,,,,,,,0.0,,,,False,False,False,False
2026-03-26T08:00:00+00:00,,Level 2,82.5,Healthy,0.5,0.0,0.0,0.0,0.5,1.26299,5332.7,,,,0.81,8.2,93.9,1.56724,2.43,2.18,2.13,233.6,231.5,234.7,79.4,93.9,3.1,0.5,1.7,0.757,,,e0203,,0.05,,,,,,0.05,,,,,,0.008,,,,,,0.15,,,,,,0.15,,,,,,,,,,,,,,,,,0.0,,,,False,False,False,False
2026-03-26T08:00:00+00:00,,Level 2,82.5,Healthy,0.5,0.0,0.0,0.0,0.5,3.60627,13401.3,,,,0.87,6.0,62.6,4.09936,5.94,5.53,6.16,232.9,231.3,233.8,62.6,55.7,1.5,2.5,2.9,0.587,,,e0204,,0.05,,,,,,0.05,,,,,,0.008,,,,,,0.15,,,,,,0.15,,,,,,,,,,,,,,,,,0.0,,,,False,False,False,False
2026-03-26T08:00:00+00:00,,Level 2,82.5,Healthy,0.5,0.0,0.0,0.0,0.5,2.83296,11245.5,,,,0.93,14.1,47.4,3.05279,4.97,4.04,4.06,234.0,232.4,235.0,40.6,47.4,2.6,1.8,2.1,0.599,,,e0205,,0.05,,,,,,0.05,,,,,,0.008,,,,,,0.15,,,,,,0.15,,,,,,,,,,,,,,,,,0.0,,,,False,False,False,False
2026-03-26T08:00:00+00:00,,Level 2,82.5,Healthy,0.5,0.0,0.0,0.0,0.5,5.71004,12911.9,,,,0.81,20.4,6.0,7.03803,8.0,10.0,12.07,234.3,232.4,234.6,6.0,4.0,0.3,1.9,2.2,0.585,,,e0206,,0.05,,,,,,0.05,,,,,,0.008,,,,,,0.15,,,,,,0.15,,,,,,,,,,,,,,,,,0.0,,,,False,False,False,False
2026-03-26T08:00:00+00:00,,Level 2,82.5,Healthy,0.5,0.0,0.0,0.0,0.5,2.61675,11486.1,,,,0.8,11.9,5.2,3.27414,4.37,4.41,5.22,234.3,232.4,234.6,5.2,4.0,2.4,1.9,2.2,0.585,,,e0207,,0.05,,,,,,0.05,,,,,,0.008,,,,,,0.15,,,,,,0.15,,,,,,,,,,,,,,,,,0.0,,,,False,False,False,False
2026-03-26T08:00:00+00:00,,Level 2,82.5,Healthy,0.5,0.0,0.0,0.0,0.5,5.56446,31169.3,,,,0.8,5.2,9.4,6.99584,9.62,9.94,10.56,232.7,231.0,233.1,9.4,7.6,0.7,3.5,2.9,0.545,,,e0208,,0.05,,,,,,0.05,,,,,,0.008,,,,,,0.15,,,,,,0.15,,,,,,,,,,,,,,,,,0.0,,,,False,False,False,False
2026-03-26T08:00:00+00:00,,Level 2,82.5,Healthy,0.5,0.0,0.0,0.0,0.5,7.96885,41915.3,,,,0.86,3.2,4.7,9.22973,13.13,13.03,13.73,231.7,230.2,232.2,4.7,0.2,2.0,3.4,2.5,0.504,,,e0209,,0.05,,,,,,0.05,,,,,,0.008,,,,,,0.15,,,,,,0.15,,,,,,,,,,,,,,,,,0.0,,,,False,False,False,False
2026-03-26T08:00:00+00:00,,Level 2,82.5,Healthy,0.5,0.0,0.0,0.0,0.5,7.6209,24517.2,,,,0.85,1.1,10.9,8.96462,13.0,13.03,12.8,231.2,229.7,231.8,10.9,6.2,3.3,4.0,3.6,0.52,,,e0210,,0.05,,,,,,0.05,,,,,,0.008,,,,,,0.15,,,,,,0.15,,,,,,,,,,,,,,,,,0.0,,,,False,False,False,False
2026-03-26T08:00:00+00:00,,Level 2,82.5,Healthy,0.5,0.0,0.0,0.0,0.5,5.80998,36673.8,,,,0.62,15.6,6.3,9.42404,15.55,11.71,13.1,233.2,232.4,234.7,6.3,5.1,2.0,2.9,3.2,0.543,,,e0211,,0.05,,,,,,0.05,,,,,,0.008,,,,,,0.15,,,,,,0.15,,,,,,,,,,,,,,,,,0.0,,,,False,False,False,False
2026-03-26T08:00:00+00:00,,Level 2,82.5,Healthy,0.5,0.0,0.0,0.0,0.5,1.01423,8134.5,,,,0.75,6.6,85.5,1.35954,1.79,1.99,1.81,242.1,242.8,244.8,85.5,,1.7,2.1,2.6,0.644,,,e0212,,0.05,,,,,,0.05,,,,,,0.008,,,,,,0.15,,,,,,0.15,,,,,,,,,,,,,,,,,0.0,,,,False,False,False,False
2026-03-26T08:00:00+00:00,,Level 2,82.5,Healthy,0.5,0.0,0.0,0.0,0.5,9.20461,50359.4,,,,0.85,7.3,4.0,10.8822,15.26,16.87,15.06,231.7,228.6,231.9,4.0,2.7,2.1,3.0,2.2,0.925,,,e0213,,0.05,,,,,,0.05,,,,,,0.008,,,,,,0.15,,,,,,0.15,,,,,,,,,,,,,,,,,0.0,,,,False,False,False,False
2026-03-26T08:00:00+00:00,,Level 2,82.5,Healthy,0.5,0.0,0.0,0.0,0.5,1.18245,6931.8,,,,0.57,4.0,6.9,2.05076,3.04,2.82,2.92,234.4,232.5,235.0,6.1,6.9,1.9,2.1,2.4,0.627,,,e0214,,0.05,,,,,,0.05,,,,,,0.008,,,,,,0.15,,,,,,0.15,,,,,,,,,,,,,,,,,0.0,,,,False,False,False,False
2026-03-26T08:00:00+00:00,,Level 2,82.5,Healthy,0.5,0.0,0.0,0.0,0.5,10.0521,46217.9,,,,0.95,44.9,22.5,10.6534,17.86,19.22,8.33,233.7,231.9,234.7,9.7,22.5,1.0,2.0,1.4,0.657,,,e0215,,0.05,,,,,,0.05,,,,,,0.008,,,,,,0.15,,,,,,0.15,,,,,,,,,,,,,,,,,0.0,,,,False,False,False,False
2026-03-26T08:00:00+00:00,,Level 2,82.5,Healthy,0.5,0.0,0.0,0.0,0.5,1.33172,10331.0,,,,0.88,6.7,62.5,1.51381,2.26,2.02,2.21,233.8,231.9,234.4,56.7,62.5,1.9,2.5,2.7,0.628,,,e0216,,0.05,,,,,,0.05,,,,,,0.008,,,,,,0.15,,,,,,0.15,,,,,,,,,,,,,,,,,0.0,,,,False,False,False,False
2026-03-26T08:00:00+00:00,,Level 2,82.5,Healthy,0.5,0.0,0.0,0.0,0.5,2.86773,9344.2,,,,0.83,8.2,76.3,3.45327,5.36,4.63,4.87,233.3,231.5,234.1,72.1,76.3,2.3,2.7,2.5,0.63,,,e0217,,0.05,,,,,,0.05,,,,,,0.008,,,,,,0.15,,,,,,0.15,,,,,,,,,,,,,,,,,0.0,,,,False,False,False,False
2026-03-26T08:00:00+00:00,,Level 2,82.5,Healthy,0.5,0.0,0.0,0.0,0.5,6.36773,27336.8,,,,0.89,26.3,37.0,7.17945,10.1,7.84,13.0,231.9,231.8,231.9,37.0,25.7,1.8,2.7,2.6,0.029,,,e0218,,0.05,,,,,,0.05,,,,,,0.008,,,,,,0.15,,,,,,0.15,,,,,,,,,,,,,,,,,0.0,,,,False,False,False,False
2026-03-26T08:00:00+00:00,,Level 3,82.5,Healthy,0.5,0.0,0.0,0.0,0.5,7.36121,34015.7,,,,0.81,1.0,7.1,9.07797,13.0,12.85,13.08,232.9,231.2,234.0,4.6,7.1,1.2,1.0,2.1,0.645,,,e0301,,0.05,,,,,,0.05,,,,,,0.008,,,,,,0.15,,,,,,0.15,,,,,,,,,,,,,,,,,0.0,,,,False,False,False,False
2026-03-26T08:00:00+00:00,,Level 3,82.5,Healthy,0.5,0.0,0.0,0.0,0.5,2.91554,17085.8,,,,0.25,3.4,3.7,11.4315,15.23,15.66,16.24,242.2,242.2,244.2,2.2,3.7,1.0,2.5,1.8,0.549,,,e0303,,0.05,,,,,,0.05,,,,,,0.008,,,,,,0.15,,,,,,0.15,,,,,,,,,,,,,,,,,0.0,,,,False,False,False,False
2026-03-26T08:00:00+00:00,,Level 3,82.5,Healthy,0.5,0.0,0.0,0.0,0.5,6.65341,29776.1,,,,0.77,12.8,6.6,8.7191,11.45,11.9,14.08,233.3,231.6,233.9,6.6,4.1,2.5,3.2,2.7,0.572,,,e0304,,0.05,,,,,,0.05,,,,,,0.008,,,,,,0.15,,,,,,0.15,,,,,,,,,,,,,,,,,0.0,,,,False,False,False,False
2026-03-26T08:00:00+00:00,,Level 3,82.5,Healthy,0.5,0.0,0.0,0.0,0.5,5.54731,14436.4,,,,0.79,6.4,2.8,7.00686,9.76,9.74,10.71,232.2,230.7,232.9,2.4,2.8,1.1,3.4,3.4,0.532,,,e0306,,0.05,,,,,,0.05,,,,,,0.008,,,,,,0.15,,,,,,0.15,,,,,,,,,,,,,,,,,0.0,,,,False,False,False,False
2026-03-26T08:00:00+00:00,,Level 3,82.5,Healthy,0.5,0.0,0.0,0.0,0.5,9.37123,36526.1,,,,0.78,2.5,9.5,11.9716,17.3,17.51,16.79,232.9,231.1,233.8,6.3,9.5,0.9,1.8,2.0,0.645,,,e0307,,0.05,,,,,,0.05,,,,,,0.008,,,,,,0.15,,,,,,0.15,,,,,,,,,,,,,,,,,0.0,,,,False,False,False,False
2026-03-26T08:00:00+00:00,,Level 3,82.5,Healthy,0.5,0.0,0.0,0.0,0.5,5.88854,18422.3,,,,0.8,9.0,6.6,7.38882,11.16,11.02,9.61,232.7,230.7,233.9,3.9,6.6,2.0,1.5,2.3,0.746,,,e0308,,0.05,,,,,,0.05,,,,,,0.008,,,,,,0.15,,,,,,0.15,,,,,,,,,,,,,,,,,0.0,,,,False,False,False,False
2026-03-26T08:00:00+00:00,,Level 3,82.5,Healthy,0.5,0.0,0.0,0.0,0.5,6.7687,21002.7,,,,0.7,2.1,3.3,9.65008,13.58,13.77,14.1,233.5,231.6,234.4,2.9,3.3,1.3,7.1,6.5,0.672,,,e0311,,0.05,,,,,,0.05,,,,,,0.008,,,,,,0.15,,,,,,0.15,,,,,,,,,,,,,,,,,0.0,,,,False,False,False,False
2026-03-26T08:00:00+00:00,,Level 3,82.5,Healthy,0.5,0.0,0.0,0.0,0.5,3.57914,11422.0,,,,0.61,4.0,4.3,5.91964,8.17,8.35,8.77,233.8,232.2,234.6,4.3,2.6,1.6,1.9,1.9,0.571,,,e0312,,0.05,,,,,,0.05,,,,,,0.008,,,,,,0.15,,,,,,0.15,,,,,,,,,,,,,,,,,0.0,,,,False,False,False,False
2026-03-26T08:00:00+00:00,,Level 3,82.5,Healthy,0.5,0.0,0.0,0.0,0.5,4.3641,16232.4,,,,0.66,15.1,7.8,6.61612,10.98,8.72,8.87,232.3,231.4,234.3,7.7,7.8,3.1,2.2,1.7,0.702,,,e0313,,0.05,,,,,,0.05,,,,,,0.008,,,,,,0.15,,,,,,0.15,,,,,,,,,,,,,,,,,0.0,,,,False,False,False,False
2026-03-26T08:00:00+00:00,,Level 3,82.5,Healthy,0.5,0.0,0.0,0.0,0.5,5.98279,22674.1,,,,0.76,4.2,11.6,7.81672,10.43,11.25,10.72,241.1,240.9,243.3,10.3,11.6,1.1,1.9,2.6,0.634,,,e0314,,0.05,,,,,,0.05,,,,,,0.008,,,,,,0.15,,,,,,0.15,,,,,,,,,,,,,,,,,0.0,,,,False,False,False,False
2026-03-26T08:00:00+00:00,,Level 3,82.5,Healthy,0.5,0.0,0.0,0.0,0.5,1.41478,5943.1,,,,0.62,1.4,9.9,2.2957,3.13,3.2,3.14,242.2,242.0,244.2,5.6,9.9,2.6,3.2,2.3,0.577,,,e0315,,0.05,,,,,,0.05,,,,,,0.008,,,,,,0.15,,,,,,0.15,,,,,,,,,,,,,,,,,0.0,,,,False,False,False,False
2026-03-26T08:00:00+00:00,,Level 4,82.5,Healthy,0.5,0.0,0.0,0.0,0.5,4.29765,17400.6,,,,0.52,22.4,6.9,8.29532,14.54,9.73,11.37,233.0,232.5,234.7,6.9,0.8,1.9,3.0,3.1,0.557,,,e0401,,0.05,,,,,,0.05,,,,,,0.008,,,,,,0.15,,,,,,0.15,,,,,,,,,,,,,,,,,0.0,,,,False,False,False,False
2026-03-26T08:00:00+00:00,,Level 4,82.5,Healthy,0.5,0.0,0.0,0.0,0.5,9.52233,48010.8,,,,0.64,2.5,4.4,14.7455,21.46,20.67,21.44,233.2,231.6,234.1,4.4,4.1,1.2,2.8,2.7,0.587,,,e0402,,0.05,,,,,,0.05,,,,,,0.008,,,,,,0.15,,,,,,0.15,,,,,,,,,,,,,,,,,0.0,,,,False,False,False,False
2026-03-26T08:00:00+00:00,,Level 4,82.5,Healthy,0.5,0.0,0.0,0.0,0.5,1.85998,9862.1,,,,0.58,12.2,5.6,3.2357,4.33,4.02,4.99,242.2,242.5,244.0,4.3,5.6,2.1,2.5,1.9,0.453,,,e0403,,0.05,,,,,,0.05,,,,,,0.008,,,,,,0.15,,,,,,0.15,,,,,,,,,,,,,,,,,0.0,,,,False,False,False,False
2026-03-26T08:00:00+00:00,,Level 4,82.5,Healthy,0.5,0.0,0.0,0.0,0.5,4.05229,23987.6,,,,0.73,8.1,5.1,5.51714,7.27,8.14,8.31,233.7,231.5,234.2,5.1,3.7,1.7,2.2,2.6,0.701,,,e0404,,0.05,,,,,,0.05,,,,,,0.008,,,,,,0.15,,,,,,0.15,,,,,,,,,,,,,,,,,0.0,,,,False,False,False,False
2026-03-26T08:00:00+00:00,,Level 4,82.5,Healthy,0.5,0.0,0.0,0.0,0.5,42.3846,127063.0,,,,0.84,4.4,15.0,50.3207,67.32,72.16,71.87,237.8,237.5,239.4,15.0,14.4,2.9,1.1,0.9,0.49,,,e0406,,0.05,,,,,,0.05,,,,,,0.008,,,,,,0.15,,,,,,0.15,,,,,,,,,,,,,,,,,0.0,,,,False,False,False,False
2026-03-26T08:00:00+00:00,,Level 4,82.5,Healthy,0.5,0.0,0.0,0.0,0.5,4.17664,13904.2,,,,0.79,6.8,6.1,5.29356,7.98,7.04,7.62,234.2,232.7,235.0,3.1,6.1,1.7,3.5,3.0,0.541,,,e0407,,0.05,,,,,,0.05,,,,,,0.008,,,,,,0.15,,,,,,0.15,,,,,,,,,,,,,,,,,0.0,,,,False,False,False,False
2026-03-26T08:00:00+00:00,,Level 4,82.5,Healthy,0.5,0.0,0.0,0.0,0.5,3.15233,16273.2,,,,0.62,10.0,7.8,5.1029,6.82,6.99,8.0,233.6,231.7,233.9,7.8,2.8,6.3,6.5,4.3,0.586,,,e0408,,0.05,,,,,,0.05,,,,,,0.008,,,,,,0.15,,,,,,0.15,,,,,,,,,,,,,,,,,0.0,,,,False,False,False,False
2026-03-26T08:00:00+00:00,,Level 4,82.5,Healthy,0.5,0.0,0.0,0.0,0.5,6.6697,36016.4,,,,0.65,9.7,12.3,10.2255,12.89,13.81,15.4,241.9,242.3,243.7,12.3,9.9,2.0,1.4,2.7,0.44,,,e0409,,0.05,,,,,,0.05,,,,,,0.008,,,,,,0.15,,,,,,0.15,,,,,,,,,,,,,,,,,0.0,,,,False,False,False,False
2026-03-26T08:00:00+00:00,,Level 4,82.5,Healthy,0.5,0.0,0.0,0.0,0.5,22.6564,156493.9,,,,0.76,1.3,25.7,29.6093,40.88,40.05,40.08,244.1,244.9,246.1,25.1,25.7,2.9,3.7,2.6,0.435,,,e0411,,0.05,,,,,,0.05,,,,,,0.008,,,,,,0.15,,,,,,0.15,,,,,,,,,,,,,,,,,0.0,,,,False,False,False,False
2026-03-26T08:00:00+00:00,,Level 4,82.5,Healthy,0.5,0.0,0.0,0.0,0.5,5.05413,47689.4,,,,0.8,2.9,8.3,6.23419,8.45,8.48,8.84,241.3,241.6,243.2,4.0,8.3,0.8,1.6,2.1,0.482,,,e0412,,0.05,,,,,,0.05,,,,,,0.008,,,,,,0.15,,,,,,0.15,,,,,,,,,,,,,,,,,0.0,,,,False,False,False,False
2026-03-26T08:00:00+00:00,,Level 4,82.5,Healthy,0.5,0.0,0.0,0.0,0.5,4.72586,30169.2,,,,0.85,3.7,77.6,5.57632,7.5,7.63,7.98,241.0,241.5,243.2,77.6,69.9,1.7,2.0,2.4,0.537,,,e0413,,0.05,,,,,,0.05,,,,,,0.008,,,,,,0.15,,,,,,0.15,,,,,,,,,,,,,,,,,0.0,,,,False,False,False,False
2026-03-26T08:00:00+00:00,,Level 4,82.5,Healthy,0.5,0.0,0.0,0.0,0.5,1.65876,10299.4,,,,0.88,8.4,75.0,1.89027,2.76,2.63,2.37,241.9,242.5,244.4,52.6,75.0,2.7,3.6,3.3,0.604,,,e0414,,0.05,,,,,,0.05,,,,,,0.008,,,,,,0.15,,,,,,0.15,,,,,,,,,,,,,,,,,0.0,,,,False,False,False,False
2026-03-26T08:00:00+00:00,,Level 4,82.5,Healthy,0.5,0.0,0.0,0.0,0.5,4.32408,24627.3,,,,0.62,18.2,2.5,6.93207,8.49,8.93,11.33,240.8,241.7,241.8,2.0,2.5,3.2,1.0,2.0,0.262,,,e0415,,0.05,,,,,,0.05,,,,,,0.008,,,,,,0.15,,,,,,0.15,,,,,,,,,,,,,,,,,0.0,,,,False,False,False,False
2026-03-26T08:00:00+00:00,,Level 4,82.5,Healthy,0.5,0.0,0.0,0.0,0.5,2.22877,16728.7,,,,0.9,5.5,66.2,2.45005,3.74,3.79,3.48,241.6,242.3,244.1,34.4,66.2,5.5,6.3,4.3,0.591,,,e0416,,0.05,,,,,,0.05,,,,,,0.008,,,,,,0.15,,,,,,0.15,,,,,,,,,,,,,,,,,0.0,,,,False,False,False,False
2026-03-26T08:00:00+00:00,,Level 4,82.5,Healthy,0.5,0.0,0.0,0.0,0.5,0.902314,16341.6,,,,0.88,64.8,16.8,1.02085,0.51,1.93,1.92,234.1,232.6,234.4,5.4,16.8,2.2,2.2,1.9,0.471,,,e0419,,0.05,,,,,,0.05,,,,,,0.008,,,,,,0.15,,,,,,0.15,,,,,,,,,,,,,,,,,0.0,,,,False,False,False,False
2026-03-26T08:00:00+00:00,,Level 4,82.5,Healthy,0.5,0.0,0.0,0.0,0.5,11.0903,55812.2,,,,0.82,10.6,5.7,13.5183,17.47,20.85,20.36,231.2,227.5,230.7,5.7,3.3,1.8,2.2,2.8,1.001,,,e0423,,0.05,,,,,,0.05,,,,,,0.008,,,,,,0.15,,,,,,0.15,,,,,,,,,,,,,,,,,0.0,,,,False,False,False,False
2026-03-26T08:00:00+00:00,,Level 5,82.5,Healthy,0.5,0.0,0.0,0.0,0.5,4.52274,25708.4,,,,0.64,6.2,6.0,7.04063,9.16,10.32,9.68,241.0,240.8,243.4,6.0,4.0,2.7,3.0,2.6,0.689,,,e0501,,0.05,,,,,,0.05,,,,,,0.008,,,,,,0.15,,,,,,0.15,,,,,,,,,,,,,,,,,0.0,,,,False,False,False,False
2026-03-26T08:00:00+00:00,,Level 5,82.5,Healthy,0.5,0.0,0.0,0.0,0.5,3.95573,22443.4,,,,0.82,8.6,86.4,4.79023,6.09,7.17,6.55,241.3,241.6,244.1,78.1,86.4,2.7,2.9,2.3,0.729,,,e0502,,0.05,,,,,,0.05,,,,,,0.008,,,,,,0.15,,,,,,0.15,,,,,,,,,,,,,,,,,0.0,,,,False,False,False,False
2026-03-26T08:00:00+00:00,,Level 5,82.5,Healthy,0.5,0.0,0.0,0.0,0.5,3.19779,11988.3,,,,0.7,3.8,4.3,4.55703,6.3,6.76,6.56,233.3,231.1,233.4,4.3,2.1,1.4,2.1,2.0,0.645,,,e0503,,0.05,,,,,,0.05,,,,,,0.008,,,,,,0.15,,,,,,0.15,,,,,,,,,,,,,,,,,0.0,,,,False,False,False,False
2026-03-26T08:00:00+00:00,,Level 5,82.5,Healthy,0.5,0.0,0.0,0.0,0.5,2.78857,9991.8,,,,0.49,4.3,10.3,5.65549,7.43,7.8,8.06,242.0,242.4,244.4,4.7,10.3,2.2,1.9,3.3,0.604,,,e0504,,0.05,,,,,,0.05,,,,,,0.008,,,,,,0.15,,,,,,0.15,,,,,,,,,,,,,,,,,0.0,,,,False,False,False,False
2026-03-26T08:00:00+00:00,,Level 5,82.5,Healthy,0.5,0.0,0.0,0.0,0.5,8.82523,45664.5,,,,0.83,3.9,17.4,10.6112,14.03,15.01,14.75,241.1,241.5,243.5,8.4,17.4,3.0,2.9,3.7,0.606,,,e0505,,0.05,,,,,,0.05,,,,,,0.008,,,,,,0.15,,,,,,0.15,,,,,,,,,,,,,,,,,0.0,,,,False,False,False,False
2026-03-26T08:00:00+00:00,,Level 5,82.5,Healthy,0.5,0.0,0.0,0.0,0.5,1.56151,25052.5,,,,0.18,6.2,6.2,8.43641,10.89,12.07,11.87,242.0,242.1,244.2,6.2,2.9,2.5,1.6,2.0,0.59,,,e0506,,0.05,,,,,,0.05,,,,,,0.008,,,,,,0.15,,,,,,0.15,,,,,,,,,,,,,,,,,0.0,,,,False,False,False,False
2026-03-26T08:00:00+00:00,,Level 5,82.5,Healthy,0.5,0.0,0.0,0.0,0.5,5.07232,29006.1,,,,0.6,5.4,6.2,8.51541,11.07,12.1,12.02,241.1,241.1,243.6,0.8,6.2,1.5,2.1,1.8,0.689,,,e0507,,0.05,,,,,,0.05,,,,,,0.008,,,,,,0.15,,,,,,0.15,,,,,,,,,,,,,,,,,0.0,,,,False,False,False,False
2026-03-26T08:00:00+00:00,,Level 5,82.5,Healthy,0.5,0.0,0.0,0.0,0.5,11.0846,58317.4,,,,0.79,3.1,4.4,14.0328,19.6,19.93,20.71,233.7,232.0,234.0,4.4,4.4,2.7,2.1,1.6,0.529,,,e0508,,0.05,,,,,,0.05,,,,,,0.008,,,,,,0.15,,,,,,0.15,,,,,,,,,,,,,,,,,0.0,,,,False,False,False,False
2026-03-26T08:00:00+00:00,,Level 5,82.5,Healthy,0.5,0.0,0.0,0.0,0.5,7.56831,41335.4,,,,0.78,12.5,5.3,9.78185,12.57,15.13,12.67,241.4,241.0,243.6,4.6,5.3,1.8,2.2,2.3,0.661,,,e0509,,0.05,,,,,,0.05,,,,,,0.008,,,,,,0.15,,,,,,0.15,,,,,,,,,,,,,,,,,0.0,,,,False,False,False,False
2026-03-26T08:00:00+00:00,,Level 5,82.5,Healthy,0.5,0.0,0.0,0.0,0.5,11.9004,52399.4,,,,0.86,4.5,33.2,13.8167,18.33,19.64,19.62,239.4,239.5,241.8,33.2,32.6,2.6,2.9,1.8,0.652,,,e0510,,0.05,,,,,,0.05,,,,,,0.008,,,,,,0.15,,,,,,0.15,,,,,,,,,,,,,,,,,0.0,,,,False,False,False,False
2026-03-26T08:00:00+00:00,,Level 5,82.5,Healthy,0.5,0.0,0.0,0.0,0.5,4.01608,24098.7,,,,0.54,8.6,83.4,7.41421,9.34,10.55,10.73,241.9,242.6,244.2,83.4,64.4,2.0,2.3,2.8,0.535,,,e0511,,0.05,,,,,,0.05,,,,,,0.008,,,,,,0.15,,,,,,0.15,,,,,,,,,,,,,,,,,0.0,,,,False,False,False,False
2026-03-26T08:00:00+00:00,,Level 6,82.5,Healthy,0.5,0.0,0.0,0.0,0.5,3.55413,11937.6,,,,0.67,3.5,6.1,5.35966,7.9,7.4,7.73,232.6,231.2,233.6,5.4,6.1,2.4,0.9,1.9,0.545,,,e0602,,0.05,,,,,,0.05,,,,,,0.008,,,,,,0.15,,,,,,0.15,,,,,,,,,,,,,,,,,0.0,,,,False,False,False,False
2026-03-26T08:00:00+00:00,,Level 6,82.5,Healthy,0.5,0.0,0.0,0.0,0.5,6.68682,52421.1,,,,0.8,0.9,8.5,8.33452,12.01,11.91,11.8,233.1,231.6,233.8,7.5,8.5,2.0,1.8,2.5,0.53,,,e0603,,0.05,,,,,,0.05,,,,,,0.008,,,,,,0.15,,,,,,0.15,,,,,,,,,,,,,,,,,0.0,,,,False,False,False,False
2026-03-26T08:00:00+00:00,,Level 6,82.5,Healthy,0.5,0.0,0.0,0.0,0.5,7.2118,24987.6,,,,0.82,6.0,8.5,8.77265,11.91,13.34,12.78,232.3,230.1,232.9,8.5,4.9,2.2,1.2,1.5,0.719,,,e0604,,0.05,,,,,,0.05,,,,,,0.008,,,,,,0.15,,,,,,0.15,,,,,,,,,,,,,,,,,0.0,,,,False,False,False,False
2026-03-26T08:00:00+00:00,,Level 6,82.5,Healthy,0.5,0.0,0.0,0.0,0.5,7.13078,41099.4,,,,0.73,2.5,5.7,9.8289,14.42,13.91,13.86,232.6,231.3,233.6,3.9,5.7,0.7,2.1,1.8,0.516,,,e0605,,0.05,,,,,,0.05,,,,,,0.008,,,,,,0.15,,,,,,0.15,,,,,,,,,,,,,,,,,0.0,,,,False,False,False,False
2026-03-26T08:00:00+00:00,,Level 6,82.5,Healthy,0.5,0.0,0.0,0.0,0.5,8.29502,56492.3,,,,0.52,5.1,4.5,15.9263,22.13,21.62,23.56,233.3,236.1,240.0,2.9,4.5,1.1,2.6,3.1,1.494,,,e0606,,0.05,,,,,,0.05,,,,,,0.008,,,,,,0.15,,,,,,0.15,,,,,,,,,,,,,,,,,0.0,,,,False,False,False,False
2026-03-26T08:00:00+00:00,,Level 6,82.5,Healthy,0.5,0.0,0.0,0.0,0.5,6.75945,35740.8,,,,0.93,2.0,49.3,7.22163,10.57,10.23,10.5,231.6,230.1,232.3,49.3,44.1,2.2,3.0,2.4,0.533,,,e0607,,0.05,,,,,,0.05,,,,,,0.008,,,,,,0.15,,,,,,0.15,,,,,,,,,,,,,,,,,0.0,,,,False,False,False,False
2026-03-26T08:00:00+00:00,,Level 6,82.5,Healthy,0.5,0.0,0.0,0.0,0.5,4.4302,28376.7,,,,0.78,5.9,4.2,5.704,8.16,7.53,8.33,234.0,237.3,240.9,4.1,4.2,2.1,1.6,2.3,1.474,,,e0611,,0.05,,,,,,0.05,,,,,,0.008,,,,,,0.15,,,,,,0.15,,,,,,,,,,,,,,,,,0.0,,,,False,False,False,False
2026-03-26T08:00:00+00:00,,Level 6,82.5,Healthy,0.5,0.0,0.0,0.0,0.5,0.474959,2416.0,,,,0.88,7.9,64.6,0.536567,5.84,6.76,6.18,29.0,29.1,29.3,64.6,59.4,2.8,3.1,2.6,0.572,,,e0622,,0.05,,,,,,0.05,,,,,,0.008,,,,,,0.15,,,,,,0.15,,,,,,,,,,,,,,,,,0.0,,,,False,False,False,False
2026-03-26T08:00:00+00:00,,Level 6,82.5,Healthy,0.5,0.0,0.0,0.0,0.5,6.72734,34761.3,,,,0.79,5.7,6.3,8.46047,12.45,12.59,11.47,233.1,229.5,233.9,4.6,6.3,1.3,2.3,2.1,1.149,,,e0625,,0.05,,,,,,0.05,,,,,,0.008,,,,,,0.15,,,,,,0.15,,,,,,,,,,,,,,,,,0.0,,,,False,False,False,False
2026-03-26T08:00:00+00:00,,Level 6,82.5,Healthy,0.5,0.0,0.0,0.0,0.5,7.19221,35862.0,,,,0.8,14.3,3.9,8.95536,12.25,11.49,14.63,234.2,232.5,234.4,2.2,3.9,1.8,2.6,1.8,0.513,,,e0626,,0.05,,,,,,0.05,,,,,,0.008,,,,,,0.15,,,,,,0.15,,,,,,,,,,,,,,,,,0.0,,,,False,False,False,False
2026-03-26T08:00:00+00:00,,Level 6,82.5,Healthy,0.5,0.0,0.0,0.0,0.5,4.86967,26478.6,,,,0.9,12.1,52.5,5.38611,7.72,6.85,8.7,232.6,231.3,233.2,52.5,43.2,2.1,2.5,2.9,0.459,,,e0627,,0.05,,,,,,0.05,,,,,,0.008,,,,,,0.15,,,,,,0.15,,,,,,,,,,,,,,,,,0.0,,,,False,False,False,False
2026-03-26T08:00:00+00:00,,Level 6,82.5,Healthy,0.5,0.0,0.0,0.0,0.5,4.55036,24576.3,,,,0.82,30.2,5.7,5.53867,7.13,6.3,10.3,233.6,232.6,233.4,3.4,5.7,2.2,1.4,1.5,0.257,,,e0628,,0.05,,,,,,0.05,,,,,,0.008,,,,,,0.15,,,,,,0.15,,,,,,,,,,,,,,,,,0.0,,,,False,False,False,False
2026-03-26T08:00:00+00:00,,Level 7,82.5,Healthy,0.5,0.0,0.0,0.0,0.5,8.11281,39574.8,,,,0.89,13.7,45.8,9.14145,14.28,13.69,11.29,233.9,232.2,234.9,37.7,45.8,3.8,3.1,2.6,0.628,,,e0701,,0.05,,,,,,0.05,,,,,,0.008,,,,,,0.15,,,,,,0.15,,,,,,,,,,,,,,,,,0.0,,,,False,False,False,False
2026-03-26T08:00:00+00:00,,Level 7,82.5,Healthy,0.5,0.0,0.0,0.0,0.5,9.90792,36614.1,,,,0.94,6.4,37.3,10.466,15.19,14.02,15.75,233.8,232.2,234.5,35.4,37.3,3.0,4.1,2.8,0.557,,,e0702,,0.05,,,,,,0.05,,,,,,0.008,,,,,,0.15,,,,,,0.15,,,,,,,,,,,,,,,,,0.0,,,,False,False,False,False
2026-03-26T08:00:00+00:00,,Level 7,82.5,Healthy,0.5,0.0,0.0,0.0,0.5,11.263,52810.4,,,,0.92,10.2,37.3,12.2986,19.41,16.84,16.59,232.7,231.4,234.0,30.8,37.3,3.0,3.6,2.7,0.559,,,e0703,,0.05,,,,,,0.05,,,,,,0.008,,,,,,0.15,,,,,,0.15,,,,,,,,,,,,,,,,,0.0,,,,False,False,False,False
2026-03-26T08:00:00+00:00,,Level 7,82.5,Healthy,0.5,0.0,0.0,0.0,0.5,5.95199,32286.9,,,,0.92,4.5,50.2,6.46867,9.47,8.82,9.44,233.7,232.2,234.4,50.2,46.4,2.7,3.3,1.6,0.528,,,e0704,,0.05,,,,,,0.05,,,,,,0.008,,,,,,0.15,,,,,,0.15,,,,,,,,,,,,,,,,,0.0,,,,False,False,False,False
2026-03-26T08:00:00+00:00,,Level 8,82.5,Healthy,0.5,0.0,0.0,0.0,0.5,4.60935,37808.0,,,,0.87,6.4,69.9,5.29035,6.98,7.85,7.56,233.2,236.4,240.5,69.9,68.1,3.7,1.6,3.4,1.605,,,e0801,,0.05,,,,,,0.05,,,,,,0.008,,,,,,0.15,,,,,,0.15,,,,,,,,,,,,,,,,,0.0,,,,False,False,False,False
2026-03-26T08:00:00+00:00,,Level 8,82.5,Healthy,0.5,0.0,0.0,0.0,0.5,5.6938,49084.4,,,,0.9,5.7,56.4,6.3065,9.37,8.38,8.88,233.4,236.7,240.6,56.4,54.4,3.1,3.8,4.0,1.562,,,e0802,,0.05,,,,,,0.05,,,,,,0.008,,,,,,0.15,,,,,,0.15,,,,,,,,,,,,,,,,,0.0,,,,False,False,False,False
2026-03-26T08:00:00+00:00,,Level 8,82.5,Healthy,0.5,0.0,0.0,0.0,0.5,3.41903,68115.2,,,,0.94,51.6,6.3,3.63403,7.37,5.73,2.52,233.4,232.2,234.8,1.9,6.3,1.4,2.6,3.0,0.571,,,e0803,,0.05,,,,,,0.05,,,,,,0.008,,,,,,0.15,,,,,,0.15,,,,,,,,,,,,,,,,,0.0,,,,False,False,False,False
2026-03-26T08:00:00+00:00,,Level 8,82.5,Healthy,0.5,0.0,0.0,0.0,0.5,8.78404,46091.8,,,,0.73,12.6,19.9,11.9527,19.02,15.48,16.14,233.4,237.0,240.8,14.1,19.9,2.9,3.9,3.5,1.575,,,e0804,,0.05,,,,,,0.05,,,,,,0.008,,,,,,0.15,,,,,,0.15,,,,,,,,,,,,,,,,,0.0,,,,False,False,False,False
2026-03-26T08:00:00+00:00,,Level 8,82.5,Healthy,0.5,0.0,0.0,0.0,0.5,8.90244,47653.5,,,,0.75,8.7,37.4,11.9089,18.17,15.94,16.06,233.5,236.8,240.9,30.5,37.4,3.3,2.3,2.6,1.617,,,e0805,,0.05,,,,,,0.05,,,,,,0.008,,,,,,0.15,,,,,,0.15,,,,,,,,,,,,,,,,,0.0,,,,False,False,False,False
2026-03-26T08:00:00+00:00,,Level 9,82.5,Healthy,0.5,0.0,0.0,0.0,0.5,5.60241,29341.4,,,,0.75,12.3,6.2,7.44374,12.02,9.94,10.15,229.7,232.9,235.2,6.2,2.8,2.6,2.0,2.1,1.247,,,e0901,,0.05,,,,,,0.05,,,,,,0.008,,,,,,0.15,,,,,,0.15,,,,,,,,,,,,,,,,,0.0,,,,False,False,False,False
2026-03-26T08:00:00+00:00,,Level 9,82.5,Healthy,0.5,0.0,0.0,0.0,0.5,5.23677,32451.4,,,,0.79,11.6,10.9,6.59082,10.52,9.38,8.37,231.1,233.2,235.9,10.9,6.8,3.1,2.7,3.0,1.071,,,e0902,,0.05,,,,,,0.05,,,,,,0.008,,,,,,0.15,,,,,,0.15,,,,,,,,,,,,,,,,,0.0,,,,False,False,False,False
2026-03-26T08:00:00+00:00,,Level 9,82.5,Healthy,0.5,0.0,0.0,0.0,0.5,6.73087,38569.1,,,,0.67,17.7,30.1,10.0965,12.82,13.02,17.27,231.8,234.2,236.3,5.6,30.1,3.2,3.2,2.5,0.982,,,e0903,,0.05,,,,,,0.05,,,,,,0.008,,,,,,0.15,,,,,,0.15,,,,,,,,,,,,,,,,,0.0,,,,False,False,False,False
2026-03-26T08:00:00+00:00,,Level 9,82.5,Healthy,0.5,0.0,0.0,0.0,0.5,6.48007,40149.7,,,,0.87,4.7,73.2,7.45043,10.41,10.06,10.98,233.3,236.5,240.2,73.2,59.2,3.9,3.9,3.4,1.493,,,e0904,,0.05,,,,,,0.05,,,,,,0.008,,,,,,0.15,,,,,,0.15,,,,,,,,,,,,,,,,,0.0,,,,False,False,False,False
2026-03-26T08:00:00+00:00,,Level 9,82.5,Healthy,0.5,0.0,0.0,0.0,0.5,2.49941,32387.6,,,,0.43,17.4,5.1,5.81693,7.38,9.76,7.79,231.9,233.1,236.4,5.1,3.2,3.5,2.9,3.0,1.112,,,e0905,,0.05,,,,,,0.05,,,,,,0.008,,,,,,0.15,,,,,,0.15,,,,,,,,,,,,,,,,,0.0,,,,False,False,False,False
2026-03-26T08:00:00+00:00,,Level 9,82.5,Healthy,0.5,0.0,0.0,0.0,0.5,4.65604,24369.2,,,,0.64,18.5,21.5,7.31232,10.04,8.79,12.33,231.7,234.3,236.1,19.7,21.5,3.6,3.2,3.1,0.997,,,e0906,,0.05,,,,,,0.05,,,,,,0.008,,,,,,0.15,,,,,,0.15,,,,,,,,,,,,,,,,,0.0,,,,False,False,False,False
2026-03-26T08:00:00+00:00,,Level 9,82.5,Healthy,0.5,0.0,0.0,0.0,0.5,3.49662,28804.3,,,,0.54,16.1,8.7,6.44357,8.78,10.66,8.1,231.9,234.0,236.5,1.9,8.7,3.9,3.4,3.7,1.011,,,e0907,,0.05,,,,,,0.05,,,,,,0.008,,,,,,0.15,,,,,,0.15,,,,,,,,,,,,,,,,,0.0,,,,False,False,False,False
2026-03-26T08:00:00+00:00,,Level 9,82.5,Healthy,0.5,0.0,0.0,0.0,0.5,3.85102,49184.6,,,,0.9,5.6,54.9,4.26429,6.44,5.95,5.92,231.0,233.8,235.7,54.9,54.8,3.5,3.6,3.3,1.071,,,e0908,,0.05,,,,,,0.05,,,,,,0.008,,,,,,0.15,,,,,,0.15,,,,,,,,,,,,,,,,,0.0,,,,False,False,False,False
2026-03-26T08:00:00+00:00,,Level 10,82.5,Healthy,0.5,0.0,0.0,0.0,0.5,3.22643,16563.0,,,,0.95,70.2,37.2,3.37481,6.54,6.57,1.45,231.2,233.9,235.5,37.2,35.9,8.3,10.1,6.4,0.999,,,e1001,,0.05,,,,,,0.05,,,,,,0.008,,,,,,0.15,,,,,,0.15,,,,,,,,,,,,,,,,,0.0,,,,False,False,False,False
2026-03-26T08:00:00+00:00,,Level 10,82.5,Healthy,0.5,0.0,0.0,0.0,0.5,9.81513,61736.4,,,,0.92,13.4,37.0,10.5821,15.2,13.07,17.09,231.9,234.3,236.1,37.0,30.8,3.3,1.7,3.2,0.94,,,e1002,,0.05,,,,,,0.05,,,,,,0.008,,,,,,0.15,,,,,,0.15,,,,,,,,,,,,,,,,,0.0,,,,False,False,False,False
2026-03-26T08:00:00+00:00,,Level 10,82.5,Healthy,0.5,0.0,0.0,0.0,0.5,6.88979,49915.3,,,,0.93,10.0,43.5,7.40216,9.91,10.21,11.65,231.7,234.0,235.9,43.5,34.6,2.8,4.4,4.1,0.926,,,e1003,,0.05,,,,,,0.05,,,,,,0.008,,,,,,0.15,,,,,,0.15,,,,,,,,,,,,,,,,,0.0,,,,False,False,False,False
2026-03-26T08:00:00+00:00,,Level 10,82.5,Healthy,0.5,0.0,0.0,0.0,0.5,3.90537,23333.2,,,,0.96,4.4,37.4,4.07352,6.06,5.63,5.75,231.2,234.2,235.9,34.5,37.4,3.3,3.3,3.6,1.098,,,e1004,,0.05,,,,,,0.05,,,,,,0.008,,,,,,0.15,,,,,,0.15,,,,,,,,,,,,,,,,,0.0,,,,False,False,False,False
2026-03-26T08:00:00+00:00,,Level 10,82.5,Healthy,0.5,0.0,0.0,0.0,0.5,3.38306,42133.7,,,,0.94,8.8,45.3,3.57949,5.34,5.23,4.61,232.6,236.0,240.6,40.9,45.3,2.5,2.5,3.4,1.777,,,e1005,,0.05,,,,,,0.05,,,,,,0.008,,,,,,0.15,,,,,,0.15,,,,,,,,,,,,,,,,,0.0,,,,False,False,False,False
2026-03-26T08:00:00+00:00,,Level 10,82.5,Healthy,0.5,0.0,0.0,0.0,0.5,8.23475,45964.5,,,,0.93,6.6,40.2,8.8718,13.48,11.86,12.58,231.1,233.7,235.7,36.3,40.2,3.5,2.7,3.5,1.028,,,e1006,,0.05,,,,,,0.05,,,,,,0.008,,,,,,0.15,,,,,,0.15,,,,,,,,,,,,,,,,,0.0,,,,False,False,False,False
2026-03-26T08:00:00+00:00,,Level 10,82.5,Healthy,0.5,0.0,0.0,0.0,0.5,7.07728,26839.1,,,,0.93,2.2,47.9,7.61523,10.68,10.82,11.1,230.7,233.1,235.2,47.9,42.6,3.1,3.6,3.9,0.987,,,e1007,,0.05,,,,,,0.05,,,,,,0.008,,,,,,0.15,,,,,,0.15,,,,,,,,,,,,,,,,,0.0,,,,False,False,False,False
2026-03-26T08:00:00+00:00,,Level 10,82.5,Healthy,0.5,0.0,0.0,0.0,0.5,6.55188,38606.3,,,,0.96,11.9,35.1,6.8329,8.71,11.03,9.74,229.9,232.3,234.2,35.1,33.1,4.1,4.2,4.2,0.962,,,e1008,,0.05,,,,,,0.05,,,,,,0.008,,,,,,0.15,,,,,,0.15,,,,,,,,,,,,,,,,,0.0,,,,False,False,False,False
2026-03-26T08:00:00+00:00,,Level 11,82.5,Healthy,0.5,0.0,0.0,0.0,0.5,-0.675576,0.0,,,,-0.99,16.5,24.3,0.685234,0.88,0.91,1.14,231.7,233.9,235.9,24.3,2.3,3.1,3.3,2.2,0.912,,,e1101,,0.05,,,,,,0.05,,,,,,0.008,,,,,,0.15,,,,,,0.15,,,,,,,,,,,,,,,,,0.0,,,,False,False,False,False
2026-03-26T08:00:00+00:00,,Level 11,82.5,Healthy,0.5,0.0,0.0,0.0,0.5,7.59471,55868.6,,,,0.9,6.2,39.8,8.44766,12.81,11.55,11.82,231.4,233.7,235.9,35.9,39.8,3.3,3.2,3.7,0.97,,,e1102,,0.05,,,,,,0.05,,,,,,0.008,,,,,,0.15,,,,,,0.15,,,,,,,,,,,,,,,,,0.0,,,,False,False,False,False
2026-03-26T08:00:00+00:00,,Level 11,82.5,Healthy,0.5,0.0,0.0,0.0,0.5,11.4704,40554.4,,,,0.95,11.1,38.3,12.0523,19.11,16.56,15.94,231.3,233.9,236.0,35.3,38.3,3.4,4.3,4.1,1.041,,,e1103,,0.05,,,,,,0.05,,,,,,0.008,,,,,,0.15,,,,,,0.15,,,,,,,,,,,,,,,,,0.0,,,,False,False,False,False
2026-03-26T08:00:00+00:00,,Level 11,82.5,Healthy,0.5,0.0,0.0,0.0,0.5,4.34463,22832.9,,,,0.91,6.6,49.6,4.72668,7.16,6.32,6.82,230.5,233.4,235.5,47.6,49.6,3.3,3.9,4.2,1.13,,,e1104,,0.05,,,,,,0.05,,,,,,0.008,,,,,,0.15,,,,,,0.15,,,,,,,,,,,,,,,,,0.0,,,,False,False,False,False
2026-03-26T08:00:00+00:00,,Level 11,82.5,Healthy,0.5,0.0,0.0,0.0,0.5,2.57887,28910.4,,,,0.86,12.6,77.6,2.96107,4.72,4.04,3.82,233.5,236.9,241.0,57.8,77.6,2.8,3.3,3.5,1.631,,,e1105,,0.05,,,,,,0.05,,,,,,0.008,,,,,,0.15,,,,,,0.15,,,,,,,,,,,,,,,,,0.0,,,,False,False,False,False
2026-03-26T08:00:00+00:00,,Level 11,82.5,Healthy,0.5,0.0,0.0,0.0,0.5,10.8528,58235.4,,,,0.95,5.9,36.7,11.4865,16.92,15.17,16.24,233.8,237.1,240.8,36.7,32.5,0.5,2.5,3.3,1.503,,,e1106,,0.05,,,,,,0.05,,,,,,0.008,,,,,,0.15,,,,,,0.15,,,,,,,,,,,,,,,,,0.0,,,,False,False,False,False
2026-03-26T08:00:00+00:00,,Level 11,82.5,Healthy,0.5,0.0,0.0,0.0,0.5,8.55777,27940.0,,,,0.93,4.1,44.7,9.26508,12.44,13.34,13.11,234.1,237.4,241.1,44.7,36.7,3.2,2.8,2.4,1.502,,,e1107,,0.05,,,,,,0.05,,,,,,0.008,,,,,,0.15,,,,,,0.15,,,,,,,,,,,,,,,,,0.0,,,,False,False,False,False
2026-03-26T08:00:00+00:00,,Level 11,82.5,Healthy,0.5,0.0,0.0,0.0,0.5,3.10339,33381.8,,,,0.64,14.9,70.5,4.83858,7.28,7.37,5.81,232.8,237.1,239.9,56.7,70.5,2.8,3.3,3.2,1.606,,,e1108,,0.05,,,,,,0.05,,,,,,0.008,,,,,,0.15,,,,,,0.15,,,,,,,,,,,,,,,,,0.0,,,,False,False,False,False
2026-03-26T11:00:00+00:00,,Level 1,82.5,Healthy,0.5,0.0,0.0,0.0,0.5,0.367419,10605.9,,,,0.36,22.6,14.7,1.018,1.78,1.35,1.23,235.1,236.2,233.4,5.0,14.7,2.8,2.9,2.1,0.639,,,e0101,,0.05,,,,,,0.05,,,,,,0.008,,,,,,0.15,,,,,,0.15,,,,,,,,,,,,,,,,,0.0,,,,False,False,False,False
2026-03-26T11:00:00+00:00,,Level 1,82.5,Healthy,0.5,0.0,0.0,0.0,0.5,3.71866,20456.4,,,,0.8,24.8,3.5,4.64874,5.9,5.71,8.28,234.6,233.1,234.1,2.7,3.5,0.9,2.1,2.5,0.356,,,e0102,,0.05,,,,,,0.05,,,,,,0.008,,,,,,0.15,,,,,,0.15,,,,,,,,,,,,,,,,,0.0,,,,False,False,False,False
2026-03-26T11:00:00+00:00,,Level 1,82.5,Healthy,0.5,0.0,0.0,0.0,0.5,6.74102,37257.2,,,,0.8,16.3,10.6,8.4486,13.94,11.07,10.96,234.0,232.9,235.6,10.6,3.8,1.6,1.7,1.4,0.612,,,e0103,,0.05,,,,,,0.05,,,,,,0.008,,,,,,0.15,,,,,,0.15,,,,,,,,,,,,,,,,,0.0,,,,False,False,False,False
2026-03-26T11:00:00+00:00,,Level 1,82.5,Healthy,0.5,0.0,0.0,0.0,0.5,6.22722,34006.0,,,,0.74,1.0,5.0,8.39162,11.93,11.82,12.06,234.9,233.0,235.5,1.4,5.0,0.9,2.6,2.7,0.626,,,e0104,,0.05,,,,,,0.05,,,,,,0.008,,,,,,0.15,,,,,,0.15,,,,,,,,,,,,,,,,,0.0,,,,False,False,False,False
2026-03-26T11:00:00+00:00,,Level 1,82.5,Healthy,0.5,0.0,0.0,0.0,0.5,44.95,1299230.5,,,,0.8,3.7,9.5,56.2445,78.12,81.82,76.66,237.3,236.5,238.9,9.5,5.7,0.3,1.9,0.7,0.561,,,e0105,,0.05,,,,,,0.05,,,,,,0.008,,,,,,0.15,,,,,,0.15,,,,,,,,,,,,,,,,,0.0,,,,False,False,False,False
2026-03-26T11:00:00+00:00,,Level 1,82.5,Healthy,0.5,0.0,0.0,0.0,0.5,1.21585,15456.4,,,,0.84,99.1,8.0,1.43885,4.07,1.05,1.01,234.9,233.8,237.2,8.0,3.7,2.5,3.0,2.2,0.807,,,e0106,,0.05,,,,,,0.05,,,,,,0.008,,,,,,0.15,,,,,,0.15,,,,,,,,,,,,,,,,,0.0,,,,False,False,False,False
2026-03-26T11:00:00+00:00,,Level 1,82.5,Healthy,0.5,0.0,0.0,0.0,0.5,0.233912,6465.3,,,,0.9,78.4,8.5,0.25981,0.66,0.19,0.26,235.8,234.0,236.8,7.4,8.5,1.7,1.5,2.1,0.651,,,e0107,,0.05,,,,,,0.05,,,,,,0.008,,,,,,0.15,,,,,,0.15,,,,,,,,,,,,,,,,,0.0,,,,False,False,False,False
2026-03-26T11:00:00+00:00,,Level 1,82.5,Healthy,0.5,0.0,0.0,0.0,0.5,5.67424,30556.8,,,,0.74,1.9,8.6,7.67889,10.41,10.67,10.35,243.9,244.2,246.2,8.6,7.8,1.3,1.5,2.2,0.586,,,e0108,,0.05,,,,,,0.05,,,,,,0.008,,,,,,0.15,,,,,,0.15,,,,,,,,,,,,,,,,,0.0,,,,False,False,False,False
2026-03-26T11:00:00+00:00,,Level 1,82.5,Healthy,0.5,0.0,0.0,0.0,0.5,1.82645,8894.1,,,,0.76,13.9,7.1,2.41908,3.13,3.92,3.27,235.8,233.8,236.4,3.3,7.1,2.7,3.2,3.6,0.652,,,e0109,,0.05,,,,,,0.05,,,,,,0.008,,,,,,0.15,,,,,,0.15,,,,,,,,,,,,,,,,,0.0,,,,False,False,False,False
2026-03-26T11:00:00+00:00,,Level 1,82.5,Healthy,0.5,0.0,0.0,0.0,0.5,11.4213,58736.9,,,,0.79,1.5,7.6,14.4382,20.7,20.32,20.93,234.8,233.1,235.6,7.1,7.6,2.4,0.5,0.7,0.597,,,e0110,,0.05,,,,,,0.05,,,,,,0.008,,,,,,0.15,,,,,,0.15,,,,,,,,,,,,,,,,,0.0,,,,False,False,False,False
2026-03-26T11:00:00+00:00,,Level 1,82.5,Healthy,0.5,0.0,0.0,0.0,0.5,0.245984,4228.0,,,,0.69,9.8,99.2,0.356846,0.55,0.47,0.53,235.6,233.7,236.4,99.2,18.5,1.7,1.4,1.4,0.652,,,e0111,,0.05,,,,,,0.05,,,,,,0.008,,,,,,0.15,,,,,,0.15,,,,,,,,,,,,,,,,,0.0,,,,False,False,False,False
2026-03-26T11:00:00+00:00,,Level 1,82.5,Healthy,0.5,0.0,0.0,0.0,0.5,2.81723,16076.0,,,,0.56,5.5,,5.10537,6.55,7.08,7.18,243.1,243.9,245.7,,,1.9,2.3,2.5,0.601,,,e0112,,0.05,,,,,,0.05,,,,,,0.008,,,,,,0.15,,,,,,0.15,,,,,,,,,,,,,,,,,0.0,,,,False,False,False,False
2026-03-26T11:00:00+00:00,,Level 1,82.5,Healthy,0.5,0.0,0.0,0.0,0.5,3.24036,18547.3,,,,0.38,2.7,3.6,8.45958,11.24,11.75,11.68,242.3,242.9,245.1,3.6,2.4,2.6,3.2,3.5,0.685,,,e0113,,0.05,,,,,,0.05,,,,,,0.008,,,,,,0.15,,,,,,0.15,,,,,,,,,,,,,,,,,0.0,,,,False,False,False,False
2026-03-26T11:00:00+00:00,,Level 1,82.5,Healthy,0.5,0.0,0.0,0.0,0.5,7.51065,41149.1,,,,0.8,1.6,3.8,9.42721,13.1,13.01,12.77,241.0,242.0,243.6,3.8,3.2,2.6,3.3,2.5,0.578,,,e0114,,0.05,,,,,,0.05,,,,,,0.008,,,,,,0.15,,,,,,0.15,,,,,,,,,,,,,,,,,0.0,,,,False,False,False,False
2026-03-26T11:00:00+00:00,,Level 1,82.5,Healthy,0.5,0.0,0.0,0.0,0.5,6.82507,36594.9,,,,0.77,5.3,6.8,8.84165,11.47,12.37,12.48,242.9,243.1,245.0,6.8,2.0,2.1,2.7,2.0,0.547,,,e0115,,0.05,,,,,,0.05,,,,,,0.008,,,,,,0.15,,,,,,0.15,,,,,,,,,,,,,,,,,0.0,,,,False,False,False,False
2026-03-26T11:00:00+00:00,,Level 1,82.5,Healthy,0.5,0.0,0.0,0.0,0.5,6.50332,35058.4,,,,0.74,5.1,12.1,8.80087,12.59,11.37,12.06,243.2,244.1,245.9,12.1,9.6,0.5,2.5,1.6,0.614,,,e0116,,0.05,,,,,,0.05,,,,,,0.008,,,,,,0.15,,,,,,0.15,,,,,,,,,,,,,,,,,0.0,,,,False,False,False,False
2026-03-26T11:00:00+00:00,,Level 1,82.5,Healthy,0.5,0.0,0.0,0.0,0.5,11.4848,61004.3,,,,0.78,6.9,7.9,14.7447,20.08,22.44,20.4,235.2,233.0,235.7,7.9,6.7,3.2,3.7,2.0,0.696,,,e0117,,0.05,,,,,,0.05,,,,,,0.008,,,,,,0.15,,,,,,0.15,,,,,,,,,,,,,,,,,0.0,,,,False,False,False,False
2026-03-26T11:00:00+00:00,,Level 1,82.5,Healthy,0.5,0.0,0.0,0.0,0.5,6.09077,33537.6,,,,0.68,2.2,6.8,8.96833,12.45,12.94,12.81,234.8,232.8,235.3,6.8,6.6,4.2,3.9,1.8,0.64,,,e0118,,0.05,,,,,,0.05,,,,,,0.008,,,,,,0.15,,,,,,0.15,,,,,,,,,,,,,,,,,0.0,,,,False,False,False,False
2026-03-26T11:00:00+00:00,,Level 1,82.5,Healthy,0.5,0.0,0.0,0.0,0.5,3.95557,16184.6,,,,0.45,67.0,4.6,8.70074,7.42,19.8,8.35,244.3,244.2,246.2,1.2,4.6,2.9,1.3,1.0,0.531,,,e0120,,0.05,,,,,,0.05,,,,,,0.008,,,,,,0.15,,,,,,0.15,,,,,,,,,,,,,,,,,0.0,,,,False,False,False,False
2026-03-26T11:00:00+00:00,,Level 1,82.5,Healthy,0.5,0.0,0.0,0.0,0.5,15.0155,85342.9,,,,0.81,5.6,9.8,18.521,26.11,24.71,27.6,234.7,233.2,235.5,9.8,5.2,2.9,2.5,2.4,0.54,,,e0121,,0.05,,,,,,0.05,,,,,,0.008,,,,,,0.15,,,,,,0.15,,,,,,,,,,,,,,,,,0.0,,,,False,False,False,False
2026-03-26T11:00:00+00:00,,Level 2,82.5,Healthy,0.5,0.0,0.0,0.0,0.5,2.7119,17387.7,,,,0.65,50.4,4.4,4.19224,8.71,2.94,6.18,235.2,234.5,236.5,4.4,4.0,1.7,1.3,1.4,0.467,,,e0201,,0.05,,,,,,0.05,,,,,,0.008,,,,,,0.15,,,,,,0.15,,,,,,,,,,,,,,,,,0.0,,,,False,False,False,False
2026-03-26T11:00:00+00:00,,Level 2,82.5,Healthy,0.5,0.0,0.0,0.0,0.5,2.18781,8622.1,,,,0.9,17.4,70.7,2.43904,4.07,3.49,2.87,234.1,232.7,236.2,49.3,70.7,2.8,3.4,2.4,0.797,,,e0202,,0.05,,,,,,0.05,,,,,,0.008,,,,,,0.15,,,,,,0.15,,,,,,,,,,,,,,,,,0.0,,,,False,False,False,False
2026-03-26T11:00:00+00:00,,Level 2,82.5,Healthy,0.5,0.0,0.0,0.0,0.5,1.25025,5336.3,,,,0.8,6.1,94.8,1.56386,2.35,2.14,2.18,235.1,233.0,236.3,84.7,94.8,2.0,0.9,1.3,0.767,,,e0203,,0.05,,,,,,0.05,,,,,,0.008,,,,,,0.15,,,,,,0.15,,,,,,,,,,,,,,,,,0.0,,,,False,False,False,False
2026-03-26T11:00:00+00:00,,Level 2,82.5,Healthy,0.5,0.0,0.0,0.0,0.5,0.240178,13409.8,,,,0.59,85.9,39.3,0.409517,0.97,0.08,0.69,235.8,234.1,236.6,39.3,16.5,2.1,2.4,2.7,0.594,,,e0204,,0.05,,,,,,0.05,,,,,,0.008,,,,,,0.15,,,,,,0.15,,,,,,,,,,,,,,,,,0.0,,,,False,False,False,False
2026-03-26T11:00:00+00:00,,Level 2,82.5,Healthy,0.5,0.0,0.0,0.0,0.5,0.32094,11252.4,,,,0.78,11.9,17.2,0.412095,1.38,0.04,0.33,235.4,234.0,236.7,17.2,9.7,1.9,0.9,1.5,0.581,,,e0205,,0.05,,,,,,0.05,,,,,,0.008,,,,,,0.15,,,,,,0.15,,,,,,,,,,,,,,,,,0.0,,,,False,False,False,False
2026-03-26T11:00:00+00:00,,Level 2,82.5,Healthy,0.5,0.0,0.0,0.0,0.5,4.72964,12928.5,,,,0.9,26.7,8.2,5.23146,5.44,7.63,9.2,235.5,233.6,236.0,8.2,3.9,2.7,3.6,2.9,0.61,,,e0206,,0.05,,,,,,0.05,,,,,,0.008,,,,,,0.15,,,,,,0.15,,,,,,,,,,,,,,,,,0.0,,,,False,False,False,False
2026-03-26T11:00:00+00:00,,Level 2,82.5,Healthy,0.5,0.0,0.0,0.0,0.5,0.761809,11493.5,,,,0.96,49.3,5.5,0.797263,0.7,1.01,1.69,235.3,233.5,235.8,5.5,2.4,2.4,2.2,2.4,0.582,,,e0207,,0.05,,,,,,0.05,,,,,,0.008,,,,,,0.15,,,,,,0.15,,,,,,,,,,,,,,,,,0.0,,,,False,False,False,False
2026-03-26T11:00:00+00:00,,Level 2,82.5,Healthy,0.5,0.0,0.0,0.0,0.5,5.59547,31184.9,,,,0.79,5.8,3.9,7.06572,9.64,9.95,10.66,234.8,233.1,235.1,2.2,3.9,1.8,1.1,2.0,0.526,,,e0208,,0.05,,,,,,0.05,,,,,,0.008,,,,,,0.15,,,,,,0.15,,,,,,,,,,,,,,,,,0.0,,,,False,False,False,False
2026-03-26T11:00:00+00:00,,Level 2,82.5,Healthy,0.5,0.0,0.0,0.0,0.5,7.83009,41937.0,,,,0.86,3.7,8.2,9.14905,12.89,12.82,13.6,233.2,231.7,233.8,5.8,8.2,1.2,1.6,1.2,0.515,,,e0209,,0.05,,,,,,0.05,,,,,,0.008,,,,,,0.15,,,,,,0.15,,,,,,,,,,,,,,,,,0.0,,,,False,False,False,False
2026-03-26T11:00:00+00:00,,Level 2,82.5,Healthy,0.5,0.0,0.0,0.0,0.5,0.0,24522.9,,,,0.0,0.0,0.0,0.0,0.0,0.0,0.0,235.8,234.3,236.7,0.0,0.0,1.7,2.0,1.6,0.552,,,e0210,,0.05,,,,,,0.05,,,,,,0.008,,,,,,0.15,,,,,,0.15,,,,,,,,,,,,,,,,,0.0,,,,False,False,False,False
2026-03-26T11:00:00+00:00,,Level 2,82.5,Healthy,0.5,0.0,0.0,0.0,0.5,4.01651,36686.5,,,,0.69,24.0,7.6,5.82922,10.25,6.63,7.9,234.5,233.6,236.2,7.6,4.4,1.9,1.0,1.7,0.611,,,e0211,,0.05,,,,,,0.05,,,,,,0.008,,,,,,0.15,,,,,,0.15,,,,,,,,,,,,,,,,,0.0,,,,False,False,False,False
2026-03-26T11:00:00+00:00,,Level 2,82.5,Healthy,0.5,0.0,0.0,0.0,0.5,1.01209,8137.3,,,,0.74,6.3,88.2,1.37097,1.79,1.98,1.83,243.9,244.7,246.7,88.2,,2.0,2.6,1.5,0.653,,,e0212,,0.05,,,,,,0.05,,,,,,0.008,,,,,,0.15,,,,,,0.15,,,,,,,,,,,,,,,,,0.0,,,,False,False,False,False
2026-03-26T11:00:00+00:00,,Level 2,82.5,Healthy,0.5,0.0,0.0,0.0,0.5,9.18899,50385.1,,,,0.84,7.3,7.3,10.9096,15.19,16.85,15.1,232.7,229.6,233.1,3.1,7.3,2.3,2.6,2.6,0.949,,,e0213,,0.05,,,,,,0.05,,,,,,0.008,,,,,,0.15,,,,,,0.15,,,,,,,,,,,,,,,,,0.0,,,,False,False,False,False
2026-03-26T11:00:00+00:00,,Level 2,82.5,Healthy,0.5,0.0,0.0,0.0,0.5,1.18254,6935.1,,,,0.57,4.1,7.6,2.07165,3.05,2.83,2.96,235.2,233.2,235.9,7.6,5.1,3.4,2.4,2.1,0.667,,,e0214,,0.05,,,,,,0.05,,,,,,0.008,,,,,,0.15,,,,,,0.15,,,,,,,,,,,,,,,,,0.0,,,,False,False,False,False
2026-03-26T11:00:00+00:00,,Level 2,82.5,Healthy,0.5,0.0,0.0,0.0,0.5,10.0677,46246.0,,,,0.95,44.3,23.6,10.6718,17.7,19.21,8.41,235.5,233.8,236.7,14.0,23.6,0.6,1.9,1.5,0.652,,,e0215,,0.05,,,,,,0.05,,,,,,0.008,,,,,,0.15,,,,,,0.15,,,,,,,,,,,,,,,,,0.0,,,,False,False,False,False
2026-03-26T11:00:00+00:00,,Level 2,82.5,Healthy,0.5,0.0,0.0,0.0,0.5,1.33644,10334.7,,,,0.87,7.5,63.8,1.53637,2.25,2.01,2.27,235.7,234.0,236.6,58.0,63.8,1.8,1.7,2.0,0.609,,,e0216,,0.05,,,,,,0.05,,,,,,0.008,,,,,,0.15,,,,,,0.15,,,,,,,,,,,,,,,,,0.0,,,,False,False,False,False
2026-03-26T11:00:00+00:00,,Level 2,82.5,Healthy,0.5,0.0,0.0,0.0,0.5,0.398448,9351.7,,,,0.78,8.1,25.7,0.513474,1.66,0.23,0.3,235.9,234.4,237.4,25.7,14.3,2.0,0.5,1.8,0.636,,,e0217,,0.05,,,,,,0.05,,,,,,0.008,,,,,,0.15,,,,,,0.15,,,,,,,,,,,,,,,,,0.0,,,,False,False,False,False
2026-03-26T11:00:00+00:00,,Level 2,82.5,Healthy,0.5,0.0,0.0,0.0,0.5,6.26192,27354.3,,,,0.88,28.2,42.1,7.16542,9.91,7.62,13.12,233.9,233.7,234.2,42.1,29.2,1.9,2.7,2.7,0.114,,,e0218,,0.05,,,,,,0.05,,,,,,0.008,,,,,,0.15,,,,,,0.15,,,,,,,,,,,,,,,,,0.0,,,,False,False,False,False
2026-03-26T11:00:00+00:00,,Level 3,82.5,Healthy,0.5,0.0,0.0,0.0,0.5,7.40651,34037.3,,,,0.81,1.2,4.1,9.14721,13.03,12.91,13.2,234.3,232.5,235.5,3.1,4.1,1.7,2.5,0.6,0.683,,,e0301,,0.05,,,,,,0.05,,,,,,0.008,,,,,,0.15,,,,,,0.15,,,,,,,,,,,,,,,,,0.0,,,,False,False,False,False
2026-03-26T11:00:00+00:00,,Level 3,82.5,Healthy,0.5,0.0,0.0,0.0,0.5,2.92426,17094.1,,,,0.25,3.4,4.2,11.7825,15.57,15.88,16.55,244.1,244.3,246.3,4.0,4.2,2.7,1.8,2.1,0.572,,,e0303,,0.05,,,,,,0.05,,,,,,0.008,,,,,,0.15,,,,,,0.15,,,,,,,,,,,,,,,,,0.0,,,,False,False,False,False
2026-03-26T11:00:00+00:00,,Level 3,82.5,Healthy,0.5,0.0,0.0,0.0,0.5,1.4553,29792.6,,,,0.87,42.7,7.9,1.6688,1.39,2.32,3.37,235.8,234.1,236.3,7.9,4.2,1.1,1.6,2.1,0.552,,,e0304,,0.05,,,,,,0.05,,,,,,0.008,,,,,,0.15,,,,,,0.15,,,,,,,,,,,,,,,,,0.0,,,,False,False,False,False
2026-03-26T11:00:00+00:00,,Level 3,82.5,Healthy,0.5,0.0,0.0,0.0,0.5,0.2783,14449.7,,,,0.83,90.0,14.4,0.336473,0.21,0.31,0.9,235.3,233.7,236.0,14.4,8.8,3.0,3.8,2.7,0.553,,,e0306,,0.05,,,,,,0.05,,,,,,0.008,,,,,,0.15,,,,,,0.15,,,,,,,,,,,,,,,,,0.0,,,,False,False,False,False
2026-03-26T11:00:00+00:00,,Level 3,82.5,Healthy,0.5,0.0,0.0,0.0,0.5,9.40294,36553.2,,,,0.78,2.1,11.3,12.1041,17.24,17.59,16.87,234.2,232.4,235.1,6.0,11.3,3.0,3.9,2.7,0.641,,,e0307,,0.05,,,,,,0.05,,,,,,0.008,,,,,,0.15,,,,,,0.15,,,,,,,,,,,,,,,,,0.0,,,,False,False,False,False
2026-03-26T11:00:00+00:00,,Level 3,82.5,Healthy,0.5,0.0,0.0,0.0,0.5,0.824657,18436.4,,,,0.94,74.8,11.6,0.873957,1.75,1.66,0.31,235.3,233.3,236.7,3.6,11.6,1.8,2.5,1.3,0.766,,,e0308,,0.05,,,,,,0.05,,,,,,0.008,,,,,,0.15,,,,,,0.15,,,,,,,,,,,,,,,,,0.0,,,,False,False,False,False
2026-03-26T11:00:00+00:00,,Level 3,82.5,Healthy,0.5,0.0,0.0,0.0,0.5,1.51676,21019.7,,,,0.97,31.9,9.6,1.56965,1.96,2.95,1.8,235.4,233.4,236.4,9.6,9.3,1.7,0.8,1.7,0.709,,,e0311,,0.05,,,,,,0.05,,,,,,0.008,,,,,,0.15,,,,,,0.15,,,,,,,,,,,,,,,,,0.0,,,,False,False,False,False
2026-03-26T11:00:00+00:00,,Level 3,82.5,Healthy,0.5,0.0,0.0,0.0,0.5,0.0629969,11430.4,,,,0.85,4.2,49.4,0.0741531,0.25,0.04,0.03,235.5,233.9,236.5,3.8,49.4,2.6,3.7,3.0,0.595,,,e0312,,0.05,,,,,,0.05,,,,,,0.008,,,,,,0.15,,,,,,0.15,,,,,,,,,,,,,,,,,0.0,,,,False,False,False,False
2026-03-26T11:00:00+00:00,,Level 3,82.5,Healthy,0.5,0.0,0.0,0.0,0.5,1.4773,16243.6,,,,0.95,73.0,6.1,1.54983,3.8,1.58,1.21,234.6,233.8,236.8,6.1,4.0,1.2,1.1,2.7,0.737,,,e0313,,0.05,,,,,,0.05,,,,,,0.008,,,,,,0.15,,,,,,0.15,,,,,,,,,,,,,,,,,0.0,,,,False,False,False,False
2026-03-26T11:00:00+00:00,,Level 3,82.5,Healthy,0.5,0.0,0.0,0.0,0.5,6.01763,22691.4,,,,0.76,3.7,10.0,7.9399,10.51,11.29,10.85,243.0,242.9,245.3,10.0,9.5,1.1,2.5,1.3,0.643,,,e0314,,0.05,,,,,,0.05,,,,,,0.008,,,,,,0.15,,,,,,0.15,,,,,,,,,,,,,,,,,0.0,,,,False,False,False,False
2026-03-26T11:00:00+00:00,,Level 3,82.5,Healthy,0.5,0.0,0.0,0.0,0.5,1.44416,5947.2,,,,0.62,1.6,13.7,2.32339,3.15,3.23,3.15,243.8,243.7,246.0,4.7,13.7,2.1,2.9,3.4,0.613,,,e0315,,0.05,,,,,,0.05,,,,,,0.008,,,,,,0.15,,,,,,0.15,,,,,,,,,,,,,,,,,0.0,,,,False,False,False,False
2026-03-26T11:00:00+00:00,,Level 4,82.5,Healthy,0.5,0.0,0.0,0.0,0.5,4.43956,17413.4,,,,0.52,21.9,3.4,8.45822,14.63,9.82,11.57,234.5,233.9,236.2,3.4,3.3,0.8,1.3,1.6,0.568,,,e0401,,0.05,,,,,,0.05,,,,,,0.008,,,,,,0.15,,,,,,0.15,,,,,,,,,,,,,,,,,0.0,,,,False,False,False,False
2026-03-26T11:00:00+00:00,,Level 4,82.5,Healthy,0.5,0.0,0.0,0.0,0.5,9.70596,48038.0,,,,0.64,2.5,11.2,15.1129,21.51,20.78,21.72,234.7,233.0,235.7,11.2,9.2,1.5,1.8,1.0,0.626,,,e0402,,0.05,,,,,,0.05,,,,,,0.008,,,,,,0.15,,,,,,0.15,,,,,,,,,,,,,,,,,0.0,,,,False,False,False,False
2026-03-26T11:00:00+00:00,,Level 4,82.5,Healthy,0.5,0.0,0.0,0.0,0.5,1.88792,9867.4,,,,0.57,12.1,6.0,3.33142,4.43,4.09,5.08,244.4,245.0,246.3,6.0,1.5,2.2,3.1,2.9,0.435,,,e0403,,0.05,,,,,,0.05,,,,,,0.008,,,,,,0.15,,,,,,0.15,,,,,,,,,,,,,,,,,0.0,,,,False,False,False,False
2026-03-26T11:00:00+00:00,,Level 4,82.5,Healthy,0.5,0.0,0.0,0.0,0.5,4.03627,23998.9,,,,0.72,8.4,6.7,5.58044,7.26,8.13,8.38,235.6,233.5,236.4,3.5,6.7,2.5,1.1,1.8,0.709,,,e0404,,0.05,,,,,,0.05,,,,,,0.008,,,,,,0.15,,,,,,0.15,,,,,,,,,,,,,,,,,0.0,,,,False,False,False,False
2026-03-26T11:00:00+00:00,,Level 4,82.5,Healthy,0.5,0.0,0.0,0.0,0.5,0.0481204,127160.0,,,,0.41,4.6,68.7,0.092101,0.0,0.38,0.1,244.7,244.8,246.8,0.0,68.7,2.5,2.5,2.0,0.557,,,e0406,,0.05,,,,,,0.05,,,,,,0.008,,,,,,0.15,,,,,,0.15,,,,,,,,,,,,,,,,,0.0,,,,False,False,False,False
2026-03-26T11:00:00+00:00,,Level 4,82.5,Healthy,0.5,0.0,0.0,0.0,0.5,0.554585,13914.2,,,,0.95,29.3,10.7,0.582932,1.07,0.63,0.78,236.3,234.7,237.2,5.5,10.7,1.1,2.4,1.1,0.579,,,e0407,,0.05,,,,,,0.05,,,,,,0.008,,,,,,0.15,,,,,,0.15,,,,,,,,,,,,,,,,,0.0,,,,False,False,False,False
2026-03-26T11:00:00+00:00,,Level 4,82.5,Healthy,0.5,0.0,0.0,0.0,0.5,3.16868,16282.0,,,,0.61,10.6,10.2,5.21694,6.93,7.09,8.18,236.3,234.4,236.8,10.2,6.5,1.9,0.3,2.2,0.608,,,e0408,,0.05,,,,,,0.05,,,,,,0.008,,,,,,0.15,,,,,,0.15,,,,,,,,,,,,,,,,,0.0,,,,False,False,False,False
2026-03-26T11:00:00+00:00,,Level 4,82.5,Healthy,0.5,0.0,0.0,0.0,0.5,6.72767,36035.3,,,,0.65,10.2,9.9,10.4167,13.02,13.8,15.59,243.9,244.3,245.9,9.9,5.2,3.0,2.8,2.3,0.49,,,e0409,,0.05,,,,,,0.05,,,,,,0.008,,,,,,0.15,,,,,,0.15,,,,,,,,,,,,,,,,,0.0,,,,False,False,False,False
2026-03-26T11:00:00+00:00,,Level 4,82.5,Healthy,0.5,0.0,0.0,0.0,0.5,19.1358,156551.4,,,,0.74,1.7,22.8,25.9871,35.65,34.6,34.92,245.7,246.5,248.0,22.4,22.8,2.8,2.8,2.6,0.513,,,e0411,,0.05,,,,,,0.05,,,,,,0.008,,,,,,0.15,,,,,,0.15,,,,,,,,,,,,,,,,,0.0,,,,False,False,False,False
2026-03-26T11:00:00+00:00,,Level 4,82.5,Healthy,0.5,0.0,0.0,0.0,0.5,5.06638,47703.7,,,,0.8,3.3,6.7,6.32255,8.5,8.49,8.93,243.3,243.6,245.3,6.7,3.9,2.4,1.5,1.2,0.505,,,e0412,,0.05,,,,,,0.05,,,,,,0.008,,,,,,0.15,,,,,,0.15,,,,,,,,,,,,,,,,,0.0,,,,False,False,False,False
2026-03-26T11:00:00+00:00,,Level 4,82.5,Healthy,0.5,0.0,0.0,0.0,0.5,4.72327,30181.9,,,,0.84,4.2,81.9,5.67117,7.53,7.57,8.07,243.1,243.8,245.5,81.9,71.2,2.6,2.4,2.8,0.56,,,e0413,,0.05,,,,,,0.05,,,,,,0.008,,,,,,0.15,,,,,,0.15,,,,,,,,,,,,,,,,,0.0,,,,False,False,False,False
2026-03-26T11:00:00+00:00,,Level 4,82.5,Healthy,0.5,0.0,0.0,0.0,0.5,1.72946,10304.3,,,,0.88,6.5,74.4,1.97058,2.78,2.64,2.45,244.0,244.5,246.4,54.5,74.4,1.5,2.1,2.8,0.585,,,e0414,,0.05,,,,,,0.05,,,,,,0.008,,,,,,0.15,,,,,,0.15,,,,,,,,,,,,,,,,,0.0,,,,False,False,False,False
2026-03-26T11:00:00+00:00,,Level 4,82.5,Healthy,0.5,0.0,0.0,0.0,0.5,4.38729,24639.5,,,,0.62,18.5,5.4,7.11284,8.68,9.06,11.58,242.8,243.8,244.0,5.4,4.6,2.4,2.4,2.3,0.301,,,e0415,,0.05,,,,,,0.05,,,,,,0.008,,,,,,0.15,,,,,,0.15,,,,,,,,,,,,,,,,,0.0,,,,False,False,False,False
2026-03-26T11:00:00+00:00,,Level 4,82.5,Healthy,0.5,0.0,0.0,0.0,0.5,2.18782,16735.4,,,,0.88,4.0,67.7,2.76189,3.77,3.86,3.5,243.7,244.4,246.1,53.6,67.7,3.4,2.8,1.4,0.558,,,e0416,,0.05,,,,,,0.05,,,,,,0.008,,,,,,0.15,,,,,,0.15,,,,,,,,,,,,,,,,,0.0,,,,False,False,False,False
2026-03-26T11:00:00+00:00,,Level 4,82.5,Healthy,0.5,0.0,0.0,0.0,0.5,0.909083,16344.2,,,,0.88,64.8,13.7,1.02993,0.51,1.94,1.93,235.4,233.8,235.9,2.9,13.7,1.3,1.5,1.4,0.525,,,e0419,,0.05,,,,,,0.05,,,,,,0.008,,,,,,0.15,,,,,,0.15,,,,,,,,,,,,,,,,,0.0,,,,False,False,False,False
2026-03-26T11:00:00+00:00,,Level 4,82.5,Healthy,0.5,0.0,0.0,0.0,0.5,11.1496,55843.4,,,,0.82,11.1,10.5,13.6309,17.48,20.95,20.54,232.2,228.5,232.0,10.5,9.3,2.7,2.0,2.1,1.039,,,e0423,,0.05,,,,,,0.05,,,,,,0.008,,,,,,0.15,,,,,,0.15,,,,,,,,,,,,,,,,,0.0,,,,False,False,False,False
2026-03-26T11:00:00+00:00,,Level 5,82.5,Healthy,0.5,0.0,0.0,0.0,0.5,4.57129,25721.1,,,,0.63,5.6,1.6,7.18098,9.3,10.39,9.84,242.8,242.6,245.3,0.5,1.6,2.4,2.1,2.2,0.712,,,e0501,,0.05,,,,,,0.05,,,,,,0.008,,,,,,0.15,,,,,,0.15,,,,,,,,,,,,,,,,,0.0,,,,False,False,False,False
2026-03-26T11:00:00+00:00,,Level 5,82.5,Healthy,0.5,0.0,0.0,0.0,0.5,3.99669,22454.7,,,,0.82,8.1,87.4,4.85501,6.14,7.18,6.62,243.2,243.6,246.1,80.1,87.4,1.7,3.0,3.4,0.737,,,e0502,,0.05,,,,,,0.05,,,,,,0.008,,,,,,0.15,,,,,,0.15,,,,,,,,,,,,,,,,,0.0,,,,False,False,False,False
2026-03-26T11:00:00+00:00,,Level 5,82.5,Healthy,0.5,0.0,0.0,0.0,0.5,0.714405,11997.2,,,,0.96,32.9,4.9,0.742365,0.89,1.4,0.87,235.5,233.5,236.0,4.9,3.6,0.5,0.8,1.7,0.638,,,e0503,,0.05,,,,,,0.05,,,,,,0.008,,,,,,0.15,,,,,,0.15,,,,,,,,,,,,,,,,,0.0,,,,False,False,False,False
2026-03-26T11:00:00+00:00,,Level 5,82.5,Healthy,0.5,0.0,0.0,0.0,0.5,0.488978,9999.5,,,,0.94,5.4,10.6,0.52061,0.7,0.75,0.68,244.5,245.0,247.0,10.6,6.8,2.7,2.3,2.7,0.611,,,e0504,,0.05,,,,,,0.05,,,,,,0.008,,,,,,0.15,,,,,,0.15,,,,,,,,,,,,,,,,,0.0,,,,False,False,False,False
2026-03-26T11:00:00+00:00,,Level 5,82.5,Healthy,0.5,0.0,0.0,0.0,0.5,8.76441,45689.4,,,,0.82,3.8,18.2,10.633,14.0,14.89,14.78,243.1,243.5,245.6,18.2,13.8,2.7,1.9,1.2,0.628,,,e0505,,0.05,,,,,,0.05,,,,,,0.008,,,,,,0.15,,,,,,0.15,,,,,,,,,,,,,,,,,0.0,,,,False,False,False,False
2026-03-26T11:00:00+00:00,,Level 5,82.5,Healthy,0.5,0.0,0.0,0.0,0.5,1.52145,25060.7,,,,0.18,5.8,7.6,8.66479,11.11,12.15,12.12,244.1,244.2,246.5,7.6,2.1,2.7,3.3,2.9,0.64,,,e0506,,0.05,,,,,,0.05,,,,,,0.008,,,,,,0.15,,,,,,0.15,,,,,,,,,,,,,,,,,0.0,,,,False,False,False,False
2026-03-26T11:00:00+00:00,,Level 5,82.5,Healthy,0.5,0.0,0.0,0.0,0.5,5.11631,29020.3,,,,0.59,5.1,3.1,8.70213,11.27,12.2,12.22,243.0,243.0,245.5,2.2,3.1,2.3,1.5,2.4,0.684,,,e0507,,0.05,,,,,,0.05,,,,,,0.008,,,,,,0.15,,,,,,0.15,,,,,,,,,,,,,,,,,0.0,,,,False,False,False,False
2026-03-26T11:00:00+00:00,,Level 5,82.5,Healthy,0.5,0.0,0.0,0.0,0.5,11.1483,58348.8,,,,0.79,3.6,9.1,14.1412,19.51,19.89,20.79,235.0,233.3,235.6,9.1,8.9,2.9,2.4,2.6,0.568,,,e0508,,0.05,,,,,,0.05,,,,,,0.008,,,,,,0.15,,,,,,0.15,,,,,,,,,,,,,,,,,0.0,,,,False,False,False,False
2026-03-26T11:00:00+00:00,,Level 5,82.5,Healthy,0.5,0.0,0.0,0.0,0.5,7.64559,41356.9,,,,0.77,12.2,7.6,9.94737,12.65,15.2,12.81,243.2,242.9,245.5,7.6,4.4,1.2,1.3,2.3,0.67,,,e0509,,0.05,,,,,,0.05,,,,,,0.008,,,,,,0.15,,,,,,0.15,,,,,,,,,,,,,,,,,0.0,,,,False,False,False,False
2026-03-26T11:00:00+00:00,,Level 5,82.5,Healthy,0.5,0.0,0.0,0.0,0.5,11.9172,52433.0,,,,0.86,4.4,32.9,13.9531,18.38,19.61,19.76,241.3,241.5,243.8,32.9,32.4,2.7,3.2,2.9,0.661,,,e0510,,0.05,,,,,,0.05,,,,,,0.008,,,,,,0.15,,,,,,0.15,,,,,,,,,,,,,,,,,0.0,,,,False,False,False,False
2026-03-26T11:00:00+00:00,,Level 5,82.5,Healthy,0.5,0.0,0.0,0.0,0.5,4.03585,24110.0,,,,0.54,9.2,85.7,7.50062,9.25,10.62,10.75,243.8,244.6,246.3,85.7,66.6,2.5,2.8,2.3,0.572,,,e0511,,0.05,,,,,,0.05,,,,,,0.008,,,,,,0.15,,,,,,0.15,,,,,,,,,,,,,,,,,0.0,,,,False,False,False,False
2026-03-26T11:00:00+00:00,,Level 6,82.5,Healthy,0.5,0.0,0.0,0.0,0.5,0.509345,11947.2,,,,0.97,83.5,4.1,0.523062,1.36,0.47,0.4,235.0,233.9,236.5,3.5,4.1,1.7,0.8,2.3,0.581,,,e0602,,0.05,,,,,,0.05,,,,,,0.008,,,,,,0.15,,,,,,0.15,,,,,,,,,,,,,,,,,0.0,,,,False,False,False,False
2026-03-26T11:00:00+00:00,,Level 6,82.5,Healthy,0.5,0.0,0.0,0.0,0.5,6.63632,52440.2,,,,0.8,0.5,5.3,8.31391,11.91,11.85,11.79,234.1,232.5,234.9,3.1,5.3,2.3,3.0,2.7,0.57,,,e0603,,0.05,,,,,,0.05,,,,,,0.008,,,,,,0.15,,,,,,0.15,,,,,,,,,,,,,,,,,0.0,,,,False,False,False,False
2026-03-26T11:00:00+00:00,,Level 6,82.5,Healthy,0.5,0.0,0.0,0.0,0.5,7.26449,25008.4,,,,0.82,6.4,4.7,8.88907,11.92,13.39,12.87,233.3,231.1,234.0,1.7,4.7,2.7,1.3,1.1,0.73,,,e0604,,0.05,,,,,,0.05,,,,,,0.008,,,,,,0.15,,,,,,0.15,,,,,,,,,,,,,,,,,0.0,,,,False,False,False,False
2026-03-26T11:00:00+00:00,,Level 6,82.5,Healthy,0.5,0.0,0.0,0.0,0.5,7.13942,41120.0,,,,0.72,1.9,4.9,9.91944,14.4,13.99,14.02,233.7,232.4,234.9,4.9,4.4,2.0,3.3,1.7,0.542,,,e0605,,0.05,,,,,,0.05,,,,,,0.008,,,,,,0.15,,,,,,0.15,,,,,,,,,,,,,,,,,0.0,,,,False,False,False,False
2026-03-26T11:00:00+00:00,,Level 6,82.5,Healthy,0.5,0.0,0.0,0.0,0.5,8.30231,56516.2,,,,0.54,5.9,5.0,15.5218,21.82,21.2,23.44,230.7,233.8,237.5,5.0,3.4,2.7,3.4,3.4,1.496,,,e0606,,0.05,,,,,,0.05,,,,,,0.008,,,,,,0.15,,,,,,0.15,,,,,,,,,,,,,,,,,0.0,,,,False,False,False,False
2026-03-26T11:00:00+00:00,,Level 6,82.5,Healthy,0.5,0.0,0.0,0.0,0.5,6.7182,35760.1,,,,0.93,2.3,50.9,7.26323,10.35,10.16,10.6,233.1,231.4,234.0,50.9,47.1,1.5,2.9,2.7,0.616,,,e0607,,0.05,,,,,,0.05,,,,,,0.008,,,,,,0.15,,,,,,0.15,,,,,,,,,,,,,,,,,0.0,,,,False,False,False,False
2026-03-26T11:00:00+00:00,,Level 6,82.5,Healthy,0.5,0.0,0.0,0.0,0.5,4.43036,28388.8,,,,0.79,5.8,8.4,5.6158,8.11,7.51,8.3,231.4,234.7,238.5,6.4,8.4,2.1,2.9,2.8,1.547,,,e0611,,0.05,,,,,,0.05,,,,,,0.008,,,,,,0.15,,,,,,0.15,,,,,,,,,,,,,,,,,0.0,,,,False,False,False,False
2026-03-26T11:00:00+00:00,,Level 6,82.5,Healthy,0.5,0.0,0.0,0.0,0.5,0.46176,2417.3,,,,0.86,8.1,81.4,0.53057,5.77,6.52,6.18,29.3,29.3,29.6,81.4,69.9,2.7,2.9,1.9,0.68,,,e0622,,0.05,,,,,,0.05,,,,,,0.008,,,,,,0.15,,,,,,0.15,,,,,,,,,,,,,,,,,0.0,,,,False,False,False,False
2026-03-26T11:00:00+00:00,,Level 6,82.5,Healthy,0.5,0.0,0.0,0.0,0.5,6.69154,34780.6,,,,0.79,5.3,6.9,8.47615,12.34,12.57,11.48,233.9,230.5,234.8,5.5,6.9,2.0,0.3,1.3,1.101,,,e0625,,0.05,,,,,,0.05,,,,,,0.008,,,,,,0.15,,,,,,0.15,,,,,,,,,,,,,,,,,0.0,,,,False,False,False,False
2026-03-26T11:00:00+00:00,,Level 6,82.5,Healthy,0.5,0.0,0.0,0.0,0.5,7.17943,35882.7,,,,0.79,14.8,6.7,9.05946,12.24,11.48,14.7,235.8,234.3,236.3,4.8,6.7,1.6,1.5,1.8,0.495,,,e0626,,0.05,,,,,,0.05,,,,,,0.008,,,,,,0.15,,,,,,0.15,,,,,,,,,,,,,,,,,0.0,,,,False,False,False,False
2026-03-26T11:00:00+00:00,,Level 6,82.5,Healthy,0.5,0.0,0.0,0.0,0.5,4.53443,26492.1,,,,0.88,7.3,59.1,5.18639,7.64,6.82,7.58,234.5,233.0,235.6,59.1,56.3,2.6,1.3,1.2,0.583,,,e0627,,0.05,,,,,,0.05,,,,,,0.008,,,,,,0.15,,,,,,0.15,,,,,,,,,,,,,,,,,0.0,,,,False,False,False,False
2026-03-26T11:00:00+00:00,,Level 6,82.5,Healthy,0.5,0.0,0.0,0.0,0.5,4.55375,24589.4,,,,0.82,30.4,5.9,5.56904,7.12,6.3,10.33,234.6,233.4,234.4,5.9,1.7,2.2,1.0,3.0,0.313,,,e0628,,0.05,,,,,,0.05,,,,,,0.008,,,,,,0.15,,,,,,0.15,,,,,,,,,,,,,,,,,0.0,,,,False,False,False,False
2026-03-26T11:00:00+00:00,,Level 7,82.5,Healthy,0.5,0.0,0.0,0.0,0.5,8.1949,39598.1,,,,0.88,11.9,48.3,9.26882,14.32,13.69,11.62,234.9,233.3,236.0,39.3,48.3,1.8,2.7,2.2,0.611,,,e0701,,0.05,,,,,,0.05,,,,,,0.008,,,,,,0.15,,,,,,0.15,,,,,,,,,,,,,,,,,0.0,,,,False,False,False,False
2026-03-26T11:00:00+00:00,,Level 7,82.5,Healthy,0.5,0.0,0.0,0.0,0.5,9.90816,36642.5,,,,0.94,6.8,41.6,10.5822,15.12,14.05,16.02,234.8,233.2,235.6,41.6,38.0,1.8,1.4,1.8,0.569,,,e0702,,0.05,,,,,,0.05,,,,,,0.008,,,,,,0.15,,,,,,0.15,,,,,,,,,,,,,,,,,0.0,,,,False,False,False,False
2026-03-26T11:00:00+00:00,,Level 7,82.5,Healthy,0.5,0.0,0.0,0.0,0.5,11.3116,52842.6,,,,0.91,9.3,37.7,12.4155,19.37,16.82,16.98,233.5,232.2,234.9,32.2,37.7,2.2,3.2,2.4,0.585,,,e0703,,0.05,,,,,,0.05,,,,,,0.008,,,,,,0.15,,,,,,0.15,,,,,,,,,,,,,,,,,0.0,,,,False,False,False,False
2026-03-26T11:00:00+00:00,,Level 7,82.5,Healthy,0.5,0.0,0.0,0.0,0.5,5.9602,32303.9,,,,0.91,4.9,52.8,6.5529,9.45,8.86,9.64,234.3,232.7,235.2,52.8,49.1,0.9,2.4,2.1,0.584,,,e0704,,0.05,,,,,,0.05,,,,,,0.008,,,,,,0.15,,,,,,0.15,,,,,,,,,,,,,,,,,0.0,,,,False,False,False,False
2026-03-26T11:00:00+00:00,,Level 8,82.5,Healthy,0.5,0.0,0.0,0.0,0.5,4.64938,37821.2,,,,0.87,7.1,72.5,5.35559,7.07,7.97,7.79,230.5,233.5,237.8,72.5,68.2,2.6,2.8,2.2,1.653,,,e0801,,0.05,,,,,,0.05,,,,,,0.008,,,,,,0.15,,,,,,0.15,,,,,,,,,,,,,,,,,0.0,,,,False,False,False,False
2026-03-26T11:00:00+00:00,,Level 8,82.5,Healthy,0.5,0.0,0.0,0.0,0.5,5.65198,49100.7,,,,0.89,6.8,60.1,6.3481,9.58,8.41,9.13,230.8,234.4,238.3,60.1,53.5,0.6,3.9,3.4,1.62,,,e0802,,0.05,,,,,,0.05,,,,,,0.008,,,,,,0.15,,,,,,0.15,,,,,,,,,,,,,,,,,0.0,,,,False,False,False,False
2026-03-26T11:00:00+00:00,,Level 8,82.5,Healthy,0.5,0.0,0.0,0.0,0.5,3.30511,68124.9,,,,0.94,50.2,9.8,3.54004,6.88,5.76,2.52,235.0,233.7,236.3,4.6,9.8,1.2,1.9,1.8,0.553,,,e0803,,0.05,,,,,,0.05,,,,,,0.008,,,,,,0.15,,,,,,0.15,,,,,,,,,,,,,,,,,0.0,,,,False,False,False,False
2026-03-26T11:00:00+00:00,,Level 8,82.5,Healthy,0.5,0.0,0.0,0.0,0.5,8.71641,46117.0,,,,0.74,12.9,20.5,11.7262,18.84,15.21,16.02,230.7,234.5,238.4,15.4,20.5,4.0,3.7,3.3,1.649,,,e0804,,0.05,,,,,,0.05,,,,,,0.008,,,,,,0.15,,,,,,0.15,,,,,,,,,,,,,,,,,0.0,,,,False,False,False,False
2026-03-26T11:00:00+00:00,,Level 8,82.5,Healthy,0.5,0.0,0.0,0.0,0.5,8.86177,47679.0,,,,0.76,8.7,39.0,11.7019,18.1,15.76,16.09,231.0,234.5,238.5,30.5,39.0,3.2,2.8,2.9,1.634,,,e0805,,0.05,,,,,,0.05,,,,,,0.008,,,,,,0.15,,,,,,0.15,,,,,,,,,,,,,,,,,0.0,,,,False,False,False,False
2026-03-26T11:00:00+00:00,,Level 9,82.5,Healthy,0.5,0.0,0.0,0.0,0.5,5.63409,29357.5,,,,0.75,12.0,2.7,7.54089,12.05,9.96,10.27,230.7,233.7,236.1,1.8,2.7,2.8,1.0,1.9,1.199,,,e0901,,0.05,,,,,,0.05,,,,,,0.008,,,,,,0.15,,,,,,0.15,,,,,,,,,,,,,,,,,0.0,,,,False,False,False,False
2026-03-26T11:00:00+00:00,,Level 9,82.5,Healthy,0.5,0.0,0.0,0.0,0.5,5.24615,32466.4,,,,0.79,11.4,5.3,6.60987,10.48,9.32,8.42,232.2,234.3,237.0,2.9,5.3,3.6,3.3,2.9,1.066,,,e0902,,0.05,,,,,,0.05,,,,,,0.008,,,,,,0.15,,,,,,0.15,,,,,,,,,,,,,,,,,0.0,,,,False,False,False,False
2026-03-26T11:00:00+00:00,,Level 9,82.5,Healthy,0.5,0.0,0.0,0.0,0.5,7.64363,38586.7,,,,0.82,3.0,9.1,9.29286,13.57,12.96,13.02,232.8,235.3,237.5,3.7,9.1,2.7,2.6,2.6,1.02,,,e0903,,0.05,,,,,,0.05,,,,,,0.008,,,,,,0.15,,,,,,0.15,,,,,,,,,,,,,,,,,0.0,,,,False,False,False,False
2026-03-26T11:00:00+00:00,,Level 9,82.5,Healthy,0.5,0.0,0.0,0.0,0.5,6.52189,40168.4,,,,0.86,5.6,76.9,7.55254,10.66,10.18,11.32,231.0,234.4,238.1,76.9,58.9,3.4,3.4,2.0,1.535,,,e0904,,0.05,,,,,,0.05,,,,,,0.008,,,,,,0.15,,,,,,0.15,,,,,,,,,,,,,,,,,0.0,,,,False,False,False,False
2026-03-26T11:00:00+00:00,,Level 9,82.5,Healthy,0.5,0.0,0.0,0.0,0.5,2.5085,32394.9,,,,0.43,17.2,5.0,5.91798,7.42,9.81,7.88,233.2,234.4,237.9,5.0,2.8,3.0,2.6,2.6,1.162,,,e0905,,0.05,,,,,,0.05,,,,,,0.008,,,,,,0.15,,,,,,0.15,,,,,,,,,,,,,,,,,0.0,,,,False,False,False,False
2026-03-26T11:00:00+00:00,,Level 9,82.5,Healthy,0.5,0.0,0.0,0.0,0.5,4.70627,24382.5,,,,0.63,19.9,23.2,7.42416,10.09,8.85,12.62,233.3,235.9,237.7,18.8,23.2,3.0,2.6,2.6,0.99,,,e0906,,0.05,,,,,,0.05,,,,,,0.008,,,,,,0.15,,,,,,0.15,,,,,,,,,,,,,,,,,0.0,,,,False,False,False,False
2026-03-26T11:00:00+00:00,,Level 9,82.5,Healthy,0.5,0.0,0.0,0.0,0.5,3.53641,28814.3,,,,0.54,15.6,7.6,6.53559,8.86,10.73,8.24,233.3,235.3,238.0,7.1,7.6,3.3,3.4,3.1,1.047,,,e0907,,0.05,,,,,,0.05,,,,,,0.008,,,,,,0.15,,,,,,0.15,,,,,,,,,,,,,,,,,0.0,,,,False,False,False,False
2026-03-26T11:00:00+00:00,,Level 9,82.5,Healthy,0.5,0.0,0.0,0.0,0.5,3.85595,49195.9,,,,0.89,5.2,59.4,4.33549,6.5,5.99,6.04,232.5,235.1,237.2,59.4,58.1,2.7,2.0,2.5,1.036,,,e0908,,0.05,,,,,,0.05,,,,,,0.008,,,,,,0.15,,,,,,0.15,,,,,,,,,,,,,,,,,0.0,,,,False,False,False,False
2026-03-26T11:00:00+00:00,,Level 10,82.5,Healthy,0.5,0.0,0.0,0.0,0.5,3.17904,16572.1,,,,0.95,69.8,38.5,3.35393,6.36,6.56,1.45,231.6,234.1,235.7,38.5,35.3,3.3,2.4,3.1,0.941,,,e1001,,0.05,,,,,,0.05,,,,,,0.008,,,,,,0.15,,,,,,0.15,,,,,,,,,,,,,,,,,0.0,,,,False,False,False,False
2026-03-26T11:00:00+00:00,,Level 10,82.5,Healthy,0.5,0.0,0.0,0.0,0.5,9.87959,61764.2,,,,0.92,14.2,41.2,10.766,15.23,13.21,17.49,232.5,234.8,236.5,41.2,33.6,2.5,0.9,1.7,0.895,,,e1002,,0.05,,,,,,0.05,,,,,,0.008,,,,,,0.15,,,,,,0.15,,,,,,,,,,,,,,,,,0.0,,,,False,False,False,False
2026-03-26T11:00:00+00:00,,Level 10,82.5,Healthy,0.5,0.0,0.0,0.0,0.5,6.94479,49935.0,,,,0.92,10.9,46.6,7.51646,9.9,10.34,11.87,232.3,234.5,236.3,46.6,39.9,2.9,2.3,1.6,0.882,,,e1003,,0.05,,,,,,0.05,,,,,,0.008,,,,,,0.15,,,,,,0.15,,,,,,,,,,,,,,,,,0.0,,,,False,False,False,False
2026-03-26T11:00:00+00:00,,Level 10,82.5,Healthy,0.5,0.0,0.0,0.0,0.5,3.92504,23344.4,,,,0.95,2.2,39.9,4.10868,5.99,5.76,5.84,231.6,234.3,236.1,37.4,39.9,2.0,2.0,2.3,1.026,,,e1004,,0.05,,,,,,0.05,,,,,,0.008,,,,,,0.15,,,,,,0.15,,,,,,,,,,,,,,,,,0.0,,,,False,False,False,False
2026-03-26T11:00:00+00:00,,Level 10,82.5,Healthy,0.5,0.0,0.0,0.0,0.5,3.37945,42143.3,,,,0.94,7.4,45.6,3.60417,5.32,5.35,4.76,230.0,233.6,238.1,43.8,45.6,3.5,3.3,3.5,1.796,,,e1005,,0.05,,,,,,0.05,,,,,,0.008,,,,,,0.15,,,,,,0.15,,,,,,,,,,,,,,,,,0.0,,,,False,False,False,False
2026-03-26T11:00:00+00:00,,Level 10,82.5,Healthy,0.5,0.0,0.0,0.0,0.5,7.85585,45987.1,,,,0.92,10.2,49.0,8.59836,13.45,11.79,11.28,232.2,234.7,237.1,38.0,49.0,3.8,0.5,1.1,1.051,,,e1006,,0.05,,,,,,0.05,,,,,,0.008,,,,,,0.15,,,,,,0.15,,,,,,,,,,,,,,,,,0.0,,,,False,False,False,False
2026-03-26T11:00:00+00:00,,Level 10,82.5,Healthy,0.5,0.0,0.0,0.0,0.5,7.05696,26859.2,,,,0.92,3.5,47.5,7.64261,10.65,10.85,11.33,231.7,234.1,236.2,47.5,45.4,3.1,2.5,2.9,0.983,,,e1007,,0.05,,,,,,0.05,,,,,,0.008,,,,,,0.15,,,,,,0.15,,,,,,,,,,,,,,,,,0.0,,,,False,False,False,False
2026-03-26T11:00:00+00:00,,Level 10,82.5,Healthy,0.5,0.0,0.0,0.0,0.5,6.644,38625.0,,,,0.96,11.7,37.2,6.96759,8.82,11.16,9.97,230.8,233.1,235.1,37.2,34.0,3.3,1.8,2.5,0.944,,,e1008,,0.05,,,,,,0.05,,,,,,0.008,,,,,,0.15,,,,,,0.15,,,,,,,,,,,,,,,,,0.0,,,,False,False,False,False
2026-03-26T11:00:00+00:00,,Level 11,82.5,Healthy,0.5,0.0,0.0,0.0,0.5,-0.684043,0.0,,,,-0.99,16.5,23.0,0.693522,0.89,0.91,1.14,233.2,235.4,237.4,23.0,6.3,3.0,2.7,2.2,0.907,,,e1101,,0.05,,,,,,0.05,,,,,,0.008,,,,,,0.15,,,,,,0.15,,,,,,,,,,,,,,,,,0.0,,,,False,False,False,False
2026-03-26T11:00:00+00:00,,Level 11,82.5,Healthy,0.5,0.0,0.0,0.0,0.5,7.5236,55890.1,,,,0.89,4.5,41.8,8.45405,12.49,11.44,12.07,232.9,235.2,237.3,39.9,41.8,3.5,2.9,3.4,0.95,,,e1102,,0.05,,,,,,0.05,,,,,,0.008,,,,,,0.15,,,,,,0.15,,,,,,,,,,,,,,,,,0.0,,,,False,False,False,False
2026-03-26T11:00:00+00:00,,Level 11,82.5,Healthy,0.5,0.0,0.0,0.0,0.5,11.509,40587.1,,,,0.95,10.2,36.6,12.1604,18.95,16.55,16.09,232.5,234.9,237.1,34.4,36.6,3.4,2.9,3.1,0.994,,,e1103,,0.05,,,,,,0.05,,,,,,0.008,,,,,,0.15,,,,,,0.15,,,,,,,,,,,,,,,,,0.0,,,,False,False,False,False
2026-03-26T11:00:00+00:00,,Level 11,82.5,Healthy,0.5,0.0,0.0,0.0,0.5,4.3737,22845.3,,,,0.91,7.4,51.0,4.81444,7.21,6.35,6.99,231.8,234.5,236.7,49.5,51.0,3.3,3.3,3.0,1.081,,,e1104,,0.05,,,,,,0.05,,,,,,0.008,,,,,,0.15,,,,,,0.15,,,,,,,,,,,,,,,,,0.0,,,,False,False,False,False
2026-03-26T11:00:00+00:00,,Level 11,82.5,Healthy,0.5,0.0,0.0,0.0,0.5,2.56969,28917.7,,,,0.86,12.8,78.3,2.98775,4.8,4.07,3.9,230.5,234.2,238.3,59.4,78.3,2.5,2.8,2.7,1.693,,,e1105,,0.05,,,,,,0.05,,,,,,0.008,,,,,,0.15,,,,,,0.15,,,,,,,,,,,,,,,,,0.0,,,,False,False,False,False
2026-03-26T11:00:00+00:00,,Level 11,82.5,Healthy,0.5,0.0,0.0,0.0,0.5,10.8735,58266.2,,,,0.95,6.2,33.6,11.4332,17.04,15.26,16.51,231.0,234.5,238.2,33.6,31.0,2.6,3.1,2.0,1.549,,,e1106,,0.05,,,,,,0.05,,,,,,0.008,,,,,,0.15,,,,,,0.15,,,,,,,,,,,,,,,,,0.0,,,,False,False,False,False
2026-03-26T11:00:00+00:00,,Level 11,82.5,Healthy,0.5,0.0,0.0,0.0,0.5,8.56809,27964.3,,,,0.92,5.0,48.0,9.30609,12.58,13.49,13.53,231.5,234.7,238.5,48.0,38.1,2.1,2.7,3.0,1.533,,,e1107,,0.05,,,,,,0.05,,,,,,0.008,,,,,,0.15,,,,,,0.15,,,,,,,,,,,,,,,,,0.0,,,,False,False,False,False
2026-03-26T11:00:00+00:00,,Level 11,82.5,Healthy,0.5,0.0,0.0,0.0,0.5,3.13732,33390.7,,,,0.64,15.2,72.9,4.87282,7.44,7.61,5.93,230.2,234.4,237.4,60.4,72.9,3.0,2.9,3.1,1.624,,,e1108,,0.05,,,,,,0.05,,,,,,0.008,,,,,,0.15,,,,,,0.15,,,,,,,,,,,,,,,,,0.0,,,,False,False,False,False
2026-03-26T12:00:00+00:00,,Level 1,82.5,Healthy,0.5,0.0,0.0,0.0,0.5,0.367991,10606.6,,,,0.36,22.3,14.8,1.01955,1.77,1.35,1.23,235.3,236.7,233.8,14.8,9.7,2.5,2.5,1.5,0.623,,,e0101,,0.05,,,,,,0.05,,,,,,0.008,,,,,,0.15,,,,,,0.15,,,,,,,,,,,,,,,,,0.0,,,,False,False,False,False
2026-03-26T12:00:00+00:00,,Level 1,82.5,Healthy,0.5,0.0,0.0,0.0,0.5,3.71629,20460.5,,,,0.8,25.2,7.0,4.66543,5.9,5.7,8.31,234.5,233.2,234.3,7.0,6.6,1.5,1.9,1.3,0.342,,,e0102,,0.05,,,,,,0.05,,,,,,0.008,,,,,,0.15,,,,,,0.15,,,,,,,,,,,,,,,,,0.0,,,,False,False,False,False
2026-03-26T12:00:00+00:00,,Level 1,82.5,Healthy,0.5,0.0,0.0,0.0,0.5,6.72745,37264.3,,,,0.8,16.1,6.2,8.47852,13.98,11.1,11.05,234.1,233.0,235.8,5.0,6.2,2.5,2.2,1.9,0.64,,,e0103,,0.05,,,,,,0.05,,,,,,0.008,,,,,,0.15,,,,,,0.15,,,,,,,,,,,,,,,,,0.0,,,,False,False,False,False
2026-03-26T12:00:00+00:00,,Level 1,82.5,Healthy,0.5,0.0,0.0,0.0,0.5,6.22138,34012.6,,,,0.74,1.4,6.0,8.3799,11.91,11.79,12.09,235.0,233.2,235.8,6.0,5.0,2.0,2.1,1.5,0.625,,,e0104,,0.05,,,,,,0.05,,,,,,0.008,,,,,,0.15,,,,,,0.15,,,,,,,,,,,,,,,,,0.0,,,,False,False,False,False
2026-03-26T12:00:00+00:00,,Level 1,82.5,Healthy,0.5,0.0,0.0,0.0,0.5,8.03011,1299241.2,,,,0.73,34.2,9.7,10.9945,16.79,19.44,10.18,237.5,236.6,239.3,8.5,9.7,2.3,1.2,1.9,0.631,,,e0105,,0.05,,,,,,0.05,,,,,,0.008,,,,,,0.15,,,,,,0.15,,,,,,,,,,,,,,,,,0.0,,,,False,False,False,False
2026-03-26T12:00:00+00:00,,Level 1,82.5,Healthy,0.5,0.0,0.0,0.0,0.5,1.22311,15457.7,,,,0.85,99.1,11.4,1.44561,4.08,1.06,1.01,234.8,233.7,237.3,11.4,3.3,1.7,1.1,1.4,0.864,,,e0106,,0.05,,,,,,0.05,,,,,,0.008,,,,,,0.15,,,,,,0.15,,,,,,,,,,,,,,,,,0.0,,,,False,False,False,False
2026-03-26T12:00:00+00:00,,Level 1,82.5,Healthy,0.5,0.0,0.0,0.0,0.5,0.233498,6465.7,,,,0.9,78.0,5.6,0.260158,0.66,0.19,0.26,235.7,234.0,236.8,2.1,5.6,1.1,0.1,1.3,0.637,,,e0107,,0.05,,,,,,0.05,,,,,,0.008,,,,,,0.15,,,,,,0.15,,,,,,,,,,,,,,,,,0.0,,,,False,False,False,False
2026-03-26T12:00:00+00:00,,Level 1,82.5,Healthy,0.5,0.0,0.0,0.0,0.5,5.6727,30562.9,,,,0.74,1.9,3.1,7.65177,10.35,10.63,10.32,243.7,244.1,246.1,2.2,3.1,1.6,2.2,2.6,0.6,,,e0108,,0.05,,,,,,0.05,,,,,,0.008,,,,,,0.15,,,,,,0.15,,,,,,,,,,,,,,,,,0.0,,,,False,False,False,False
2026-03-26T12:00:00+00:00,,Level 1,82.5,Healthy,0.5,0.0,0.0,0.0,0.5,1.8351,8896.0,,,,0.76,13.4,5.9,2.41551,3.13,3.9,3.27,235.5,233.4,236.3,5.8,5.9,2.0,0.5,2.0,0.709,,,e0109,,0.05,,,,,,0.05,,,,,,0.008,,,,,,0.15,,,,,,0.15,,,,,,,,,,,,,,,,,0.0,,,,False,False,False,False
2026-03-26T12:00:00+00:00,,Level 1,82.5,Healthy,0.5,0.0,0.0,0.0,0.5,11.2026,58749.0,,,,0.79,1.8,8.5,14.3741,20.45,20.07,20.79,234.3,232.4,235.3,8.5,6.8,0.7,1.7,2.4,0.684,,,e0110,,0.05,,,,,,0.05,,,,,,0.008,,,,,,0.15,,,,,,0.15,,,,,,,,,,,,,,,,,0.0,,,,False,False,False,False
2026-03-26T12:00:00+00:00,,Level 1,82.5,Healthy,0.5,0.0,0.0,0.0,0.5,0.246298,4228.2,,,,0.69,10.3,98.9,0.361598,0.54,0.46,0.53,235.5,233.5,236.4,98.9,18.5,2.3,1.8,1.3,0.695,,,e0111,,0.05,,,,,,0.05,,,,,,0.008,,,,,,0.15,,,,,,0.15,,,,,,,,,,,,,,,,,0.0,,,,False,False,False,False
2026-03-26T12:00:00+00:00,,Level 1,82.5,Healthy,0.5,0.0,0.0,0.0,0.5,2.85719,16078.9,,,,0.55,5.7,,5.17977,6.64,7.21,7.3,242.8,243.6,245.4,,,3.1,3.4,3.4,0.601,,,e0112,,0.05,,,,,,0.05,,,,,,0.008,,,,,,0.15,,,,,,0.15,,,,,,,,,,,,,,,,,0.0,,,,False,False,False,False
2026-03-26T12:00:00+00:00,,Level 1,82.5,Healthy,0.5,0.0,0.0,0.0,0.5,3.22275,18550.7,,,,0.38,2.9,4.6,8.42516,11.22,11.76,11.66,242.1,242.8,244.9,2.5,4.6,3.0,2.8,2.9,0.671,,,e0113,,0.05,,,,,,0.05,,,,,,0.008,,,,,,0.15,,,,,,0.15,,,,,,,,,,,,,,,,,0.0,,,,False,False,False,False
2026-03-26T12:00:00+00:00,,Level 1,82.5,Healthy,0.5,0.0,0.0,0.0,0.5,7.52336,41157.9,,,,0.8,1.8,7.6,9.40183,13.08,13.03,12.74,240.8,241.9,243.4,7.6,4.9,0.9,1.4,1.9,0.565,,,e0114,,0.05,,,,,,0.05,,,,,,0.008,,,,,,0.15,,,,,,0.15,,,,,,,,,,,,,,,,,0.0,,,,False,False,False,False
2026-03-26T12:00:00+00:00,,Level 1,82.5,Healthy,0.5,0.0,0.0,0.0,0.5,6.79534,36602.8,,,,0.77,5.7,6.3,8.78883,11.38,12.39,12.41,242.2,242.7,244.5,4.0,6.3,0.3,1.8,1.1,0.562,,,e0115,,0.05,,,,,,0.05,,,,,,0.008,,,,,,0.15,,,,,,0.15,,,,,,,,,,,,,,,,,0.0,,,,False,False,False,False
2026-03-26T12:00:00+00:00,,Level 1,82.5,Healthy,0.5,0.0,0.0,0.0,0.5,6.60532,35066.1,,,,0.74,3.4,10.9,8.86679,12.52,11.77,12.06,242.6,243.4,245.2,10.9,8.8,0.3,2.2,2.0,0.602,,,e0116,,0.05,,,,,,0.05,,,,,,0.008,,,,,,0.15,,,,,,0.15,,,,,,,,,,,,,,,,,0.0,,,,False,False,False,False
2026-03-26T12:00:00+00:00,,Level 1,82.5,Healthy,0.5,0.0,0.0,0.0,0.5,11.5094,61017.7,,,,0.78,6.6,5.8,14.759,20.12,22.35,20.47,234.9,232.6,235.6,2.1,5.8,0.3,1.9,2.2,0.754,,,e0117,,0.05,,,,,,0.05,,,,,,0.008,,,,,,0.15,,,,,,0.15,,,,,,,,,,,,,,,,,0.0,,,,False,False,False,False
2026-03-26T12:00:00+00:00,,Level 1,82.5,Healthy,0.5,0.0,0.0,0.0,0.5,6.07512,33544.7,,,,0.68,2.4,4.4,8.9373,12.43,12.92,12.88,234.2,232.3,235.1,4.4,2.8,2.4,1.5,1.6,0.67,,,e0118,,0.05,,,,,,0.05,,,,,,0.008,,,,,,0.15,,,,,,0.15,,,,,,,,,,,,,,,,,0.0,,,,False,False,False,False
2026-03-26T12:00:00+00:00,,Level 1,82.5,Healthy,0.5,0.0,0.0,0.0,0.5,3.96571,16188.7,,,,0.45,69.3,5.7,8.82787,7.36,20.38,8.34,243.9,244.1,245.9,5.7,5.2,2.5,2.4,1.9,0.518,,,e0120,,0.05,,,,,,0.05,,,,,,0.008,,,,,,0.15,,,,,,0.15,,,,,,,,,,,,,,,,,0.0,,,,False,False,False,False
2026-03-26T12:00:00+00:00,,Level 1,82.5,Healthy,0.5,0.0,0.0,0.0,0.5,14.8669,85358.3,,,,0.81,5.9,12.0,18.4779,26.2,24.81,27.82,234.8,233.3,235.7,8.7,12.0,1.6,2.6,2.8,0.554,,,e0121,,0.05,,,,,,0.05,,,,,,0.008,,,,,,0.15,,,,,,0.15,,,,,,,,,,,,,,,,,0.0,,,,False,False,False,False
2026-03-26T12:00:00+00:00,,Level 2,82.5,Healthy,0.5,0.0,0.0,0.0,0.5,2.69365,17390.3,,,,0.65,79.6,8.3,4.1304,8.69,2.93,5.99,234.8,234.2,236.4,8.3,2.0,1.7,1.7,1.0,0.539,,,e0201,,0.05,,,,,,0.05,,,,,,0.008,,,,,,0.15,,,,,,0.15,,,,,,,,,,,,,,,,,0.0,,,,False,False,False,False
2026-03-26T12:00:00+00:00,,Level 2,82.5,Healthy,0.5,0.0,0.0,0.0,0.5,2.19949,8624.3,,,,0.89,16.6,70.9,2.45975,4.06,3.51,2.91,234.3,232.9,236.5,50.8,70.9,1.5,2.4,1.8,0.824,,,e0202,,0.05,,,,,,0.05,,,,,,0.008,,,,,,0.15,,,,,,0.15,,,,,,,,,,,,,,,,,0.0,,,,False,False,False,False
2026-03-26T12:00:00+00:00,,Level 2,82.5,Healthy,0.5,0.0,0.0,0.0,0.5,1.28493,5337.7,,,,0.8,6.1,95.7,1.60037,2.41,2.18,2.24,235.1,233.1,236.5,84.6,95.7,2.1,1.5,1.4,0.766,,,e0203,,0.05,,,,,,0.05,,,,,,0.008,,,,,,0.15,,,,,,0.15,,,,,,,,,,,,,,,,,0.0,,,,False,False,False,False
2026-03-26T12:00:00+00:00,,Level 2,82.5,Healthy,0.5,0.0,0.0,0.0,0.5,0.239642,13410.1,,,,0.59,85.9,39.8,0.409119,0.96,0.08,0.69,235.6,234.1,236.7,39.8,13.8,3.4,3.0,2.7,0.58,,,e0204,,0.05,,,,,,0.05,,,,,,0.008,,,,,,0.15,,,,,,0.15,,,,,,,,,,,,,,,,,0.0,,,,False,False,False,False
2026-03-26T12:00:00+00:00,,Level 2,82.5,Healthy,0.5,0.0,0.0,0.0,0.5,0.32087,11252.8,,,,0.78,11.9,16.8,0.413157,1.38,0.04,0.33,235.3,233.8,236.6,16.8,11.0,2.0,2.6,1.7,0.609,,,e0205,,0.05,,,,,,0.05,,,,,,0.008,,,,,,0.15,,,,,,0.15,,,,,,,,,,,,,,,,,0.0,,,,False,False,False,False
2026-03-26T12:00:00+00:00,,Level 2,82.5,Healthy,0.5,0.0,0.0,0.0,0.5,4.72396,12933.3,,,,0.91,26.8,7.0,5.22614,5.43,7.63,9.2,235.5,233.6,236.0,7.0,3.6,1.5,3.4,2.2,0.61,,,e0206,,0.05,,,,,,0.05,,,,,,0.008,,,,,,0.15,,,,,,0.15,,,,,,,,,,,,,,,,,0.0,,,,False,False,False,False
2026-03-26T12:00:00+00:00,,Level 2,82.5,Healthy,0.5,0.0,0.0,0.0,0.5,0.762593,11494.3,,,,0.96,49.4,8.0,0.795714,0.69,1.01,1.69,235.7,233.7,236.2,2.2,8.0,1.9,1.2,1.0,0.638,,,e0207,,0.05,,,,,,0.05,,,,,,0.008,,,,,,0.15,,,,,,0.15,,,,,,,,,,,,,,,,,0.0,,,,False,False,False,False
2026-03-26T12:00:00+00:00,,Level 2,82.5,Healthy,0.5,0.0,0.0,0.0,0.5,5.60026,31191.0,,,,0.79,6.2,8.2,7.05217,9.58,9.92,10.68,233.6,231.9,234.7,3.5,8.2,2.3,2.5,1.8,0.643,,,e0208,,0.05,,,,,,0.05,,,,,,0.008,,,,,,0.15,,,,,,0.15,,,,,,,,,,,,,,,,,0.0,,,,False,False,False,False
2026-03-26T12:00:00+00:00,,Level 2,82.5,Healthy,0.5,0.0,0.0,0.0,0.5,7.78046,41945.9,,,,0.86,4.0,6.4,9.10365,12.84,12.79,13.61,232.7,231.2,233.7,6.4,5.9,1.7,1.4,1.7,0.573,,,e0209,,0.05,,,,,,0.05,,,,,,0.008,,,,,,0.15,,,,,,0.15,,,,,,,,,,,,,,,,,0.0,,,,False,False,False,False
2026-03-26T12:00:00+00:00,,Level 2,82.5,Healthy,0.5,0.0,0.0,0.0,0.5,0.0,24522.9,,,,0.0,0.0,0.0,0.0,0.0,0.0,0.0,235.1,233.5,236.3,0.0,0.0,0.4,2.9,2.3,0.624,,,e0210,,0.05,,,,,,0.05,,,,,,0.008,,,,,,0.15,,,,,,0.15,,,,,,,,,,,,,,,,,0.0,,,,False,False,False,False
2026-03-26T12:00:00+00:00,,Level 2,82.5,Healthy,0.5,0.0,0.0,0.0,0.5,4.02237,36691.0,,,,0.69,24.0,5.9,5.8222,10.27,6.65,7.94,234.3,233.4,236.3,5.9,3.5,2.4,2.4,2.5,0.696,,,e0211,,0.05,,,,,,0.05,,,,,,0.008,,,,,,0.15,,,,,,0.15,,,,,,,,,,,,,,,,,0.0,,,,False,False,False,False
2026-03-26T12:00:00+00:00,,Level 2,82.5,Healthy,0.5,0.0,0.0,0.0,0.5,1.01808,8138.5,,,,0.74,7.1,87.5,1.37631,1.78,2.0,1.85,243.6,244.6,246.6,87.5,,3.7,1.6,2.7,0.68,,,e0212,,0.05,,,,,,0.05,,,,,,0.008,,,,,,0.15,,,,,,0.15,,,,,,,,,,,,,,,,,0.0,,,,False,False,False,False
2026-03-26T12:00:00+00:00,,Level 2,82.5,Healthy,0.5,0.0,0.0,0.0,0.5,9.21126,50395.5,,,,0.84,7.1,7.4,10.9011,15.17,16.85,15.16,232.6,229.6,233.4,2.9,7.4,1.3,2.3,2.3,0.978,,,e0213,,0.05,,,,,,0.05,,,,,,0.008,,,,,,0.15,,,,,,0.15,,,,,,,,,,,,,,,,,0.0,,,,False,False,False,False
2026-03-26T12:00:00+00:00,,Level 2,82.5,Healthy,0.5,0.0,0.0,0.0,0.5,1.19313,6936.4,,,,0.57,4.4,6.7,2.08383,3.06,2.83,2.98,235.0,233.2,236.2,6.7,3.2,1.2,2.2,1.6,0.681,,,e0214,,0.05,,,,,,0.05,,,,,,0.008,,,,,,0.15,,,,,,0.15,,,,,,,,,,,,,,,,,0.0,,,,False,False,False,False
2026-03-26T12:00:00+00:00,,Level 2,82.5,Healthy,0.5,0.0,0.0,0.0,0.5,10.042,46257.5,,,,0.95,44.0,23.8,10.6141,17.63,19.26,8.46,235.0,233.3,236.5,12.9,23.8,2.7,2.4,2.5,0.695,,,e0215,,0.05,,,,,,0.05,,,,,,0.008,,,,,,0.15,,,,,,0.15,,,,,,,,,,,,,,,,,0.0,,,,False,False,False,False
2026-03-26T12:00:00+00:00,,Level 2,82.5,Healthy,0.5,0.0,0.0,0.0,0.5,1.33682,10336.3,,,,0.89,11.1,65.4,1.60825,2.24,2.11,2.3,235.3,233.9,236.6,57.1,65.4,2.1,0.9,1.6,0.581,,,e0216,,0.05,,,,,,0.05,,,,,,0.008,,,,,,0.15,,,,,,0.15,,,,,,,,,,,,,,,,,0.0,,,,False,False,False,False
2026-03-26T12:00:00+00:00,,Level 2,82.5,Healthy,0.5,0.0,0.0,0.0,0.5,0.401971,9352.1,,,,0.78,8.1,24.8,0.515211,1.67,0.23,0.3,235.0,233.4,236.7,24.8,12.1,3.7,4.0,1.8,0.709,,,e0217,,0.05,,,,,,0.05,,,,,,0.008,,,,,,0.15,,,,,,0.15,,,,,,,,,,,,,,,,,0.0,,,,False,False,False,False
2026-03-26T12:00:00+00:00,,Level 2,82.5,Healthy,0.5,0.0,0.0,0.0,0.5,6.28155,27361.4,,,,0.87,28.8,41.0,7.16212,9.91,7.64,13.19,232.8,232.8,233.4,41.0,25.7,2.6,2.8,3.0,0.172,,,e0218,,0.05,,,,,,0.05,,,,,,0.008,,,,,,0.15,,,,,,0.15,,,,,,,,,,,,,,,,,0.0,,,,False,False,False,False
2026-03-26T12:00:00+00:00,,Level 3,82.5,Healthy,0.5,0.0,0.0,0.0,0.5,7.44451,34043.3,,,,0.81,1.4,4.4,9.15504,13.04,12.92,13.29,233.9,232.2,235.4,2.6,4.4,1.4,0.8,1.7,0.699,,,e0301,,0.05,,,,,,0.05,,,,,,0.008,,,,,,0.15,,,,,,0.15,,,,,,,,,,,,,,,,,0.0,,,,False,False,False,False
2026-03-26T12:00:00+00:00,,Level 3,82.5,Healthy,0.5,0.0,0.0,0.0,0.5,2.90089,17097.3,,,,0.25,3.8,4.3,11.7783,15.54,15.85,16.64,243.8,244.0,246.1,4.3,2.9,3.4,3.2,2.9,0.6,,,e0303,,0.05,,,,,,0.05,,,,,,0.008,,,,,,0.15,,,,,,0.15,,,,,,,,,,,,,,,,,0.0,,,,False,False,False,False
2026-03-26T12:00:00+00:00,,Level 3,82.5,Healthy,0.5,0.0,0.0,0.0,0.5,1.4529,29794.3,,,,0.87,42.7,8.6,1.66243,1.4,2.32,3.36,235.4,233.7,236.2,6.1,8.6,2.1,2.1,2.5,0.595,,,e0304,,0.05,,,,,,0.05,,,,,,0.008,,,,,,0.15,,,,,,0.15,,,,,,,,,,,,,,,,,0.0,,,,False,False,False,False
2026-03-26T12:00:00+00:00,,Level 3,82.5,Healthy,0.5,0.0,0.0,0.0,0.5,0.276702,14450.0,,,,0.83,90.3,14.5,0.336453,0.21,0.31,0.9,235.4,234.0,236.4,14.5,5.7,1.5,1.6,2.7,0.538,,,e0306,,0.05,,,,,,0.05,,,,,,0.008,,,,,,0.15,,,,,,0.15,,,,,,,,,,,,,,,,,0.0,,,,False,False,False,False
2026-03-26T12:00:00+00:00,,Level 3,82.5,Healthy,0.5,0.0,0.0,0.0,0.5,9.46192,36564.0,,,,0.78,1.8,7.6,12.1347,17.24,17.61,17.01,234.2,232.4,235.4,2.0,7.6,2.4,1.9,1.1,0.684,,,e0307,,0.05,,,,,,0.05,,,,,,0.008,,,,,,0.15,,,,,,0.15,,,,,,,,,,,,,,,,,0.0,,,,False,False,False,False
2026-03-26T12:00:00+00:00,,Level 3,82.5,Healthy,0.5,0.0,0.0,0.0,0.5,0.811664,18437.2,,,,0.94,74.8,10.2,0.872299,1.75,1.66,0.31,235.5,233.4,237.0,2.7,10.2,0.6,2.2,2.0,0.807,,,e0308,,0.05,,,,,,0.05,,,,,,0.008,,,,,,0.15,,,,,,0.15,,,,,,,,,,,,,,,,,0.0,,,,False,False,False,False
2026-03-26T12:00:00+00:00,,Level 3,82.5,Healthy,0.5,0.0,0.0,0.0,0.5,1.51344,21021.3,,,,0.97,32.1,9.3,1.57227,1.95,2.95,1.8,235.1,233.4,236.5,4.2,9.3,2.2,1.7,0.9,0.681,,,e0311,,0.05,,,,,,0.05,,,,,,0.008,,,,,,0.15,,,,,,0.15,,,,,,,,,,,,,,,,,0.0,,,,False,False,False,False
2026-03-26T12:00:00+00:00,,Level 3,82.5,Healthy,0.5,0.0,0.0,0.0,0.5,0.0633145,11430.5,,,,0.85,4.2,48.2,0.0742921,0.25,0.04,0.03,235.7,234.1,237.0,8.8,48.2,2.0,0.9,1.3,0.637,,,e0312,,0.05,,,,,,0.05,,,,,,0.008,,,,,,0.15,,,,,,0.15,,,,,,,,,,,,,,,,,0.0,,,,False,False,False,False
2026-03-26T12:00:00+00:00,,Level 3,82.5,Healthy,0.5,0.0,0.0,0.0,0.5,1.47037,16245.2,,,,0.95,73.0,5.3,1.54669,3.8,1.58,1.21,234.1,232.9,236.4,5.3,3.0,1.6,1.9,1.6,0.825,,,e0313,,0.05,,,,,,0.05,,,,,,0.008,,,,,,0.15,,,,,,0.15,,,,,,,,,,,,,,,,,0.0,,,,False,False,False,False
2026-03-26T12:00:00+00:00,,Level 3,82.5,Healthy,0.5,0.0,0.0,0.0,0.5,6.00646,22697.6,,,,0.76,3.7,3.4,7.92534,10.44,11.23,10.81,242.8,242.7,245.2,3.4,3.3,0.6,1.3,1.3,0.671,,,e0314,,0.05,,,,,,0.05,,,,,,0.008,,,,,,0.15,,,,,,0.15,,,,,,,,,,,,,,,,,0.0,,,,False,False,False,False
2026-03-26T12:00:00+00:00,,Level 3,82.5,Healthy,0.5,0.0,0.0,0.0,0.5,1.43232,5948.7,,,,0.62,1.6,11.7,2.33328,3.15,3.23,3.16,243.8,243.7,246.0,11.7,6.5,2.0,1.9,2.6,0.613,,,e0315,,0.05,,,,,,0.05,,,,,,0.008,,,,,,0.15,,,,,,0.15,,,,,,,,,,,,,,,,,0.0,,,,False,False,False,False
2026-03-26T12:00:00+00:00,,Level 4,82.5,Healthy,0.5,0.0,0.0,0.0,0.5,5.33477,17418.4,,,,0.56,41.4,9.0,9.51217,19.21,9.77,11.67,233.7,233.9,236.4,9.0,5.0,1.2,1.4,1.9,0.739,,,e0401,,0.05,,,,,,0.05,,,,,,0.008,,,,,,0.15,,,,,,0.15,,,,,,,,,,,,,,,,,0.0,,,,False,False,False,False
2026-03-26T12:00:00+00:00,,Level 4,82.5,Healthy,0.5,0.0,0.0,0.0,0.5,9.48038,48048.7,,,,0.64,2.9,11.6,14.9068,21.43,20.71,21.88,234.3,232.8,235.6,10.7,11.6,1.1,2.6,2.4,0.612,,,e0402,,0.05,,,,,,0.05,,,,,,0.008,,,,,,0.15,,,,,,0.15,,,,,,,,,,,,,,,,,0.0,,,,False,False,False,False
2026-03-26T12:00:00+00:00,,Level 4,82.5,Healthy,0.5,0.0,0.0,0.0,0.5,1.87657,9869.5,,,,0.57,12.3,7.8,3.3192,4.39,4.08,5.07,243.7,244.3,245.6,7.8,3.6,1.3,0.9,2.0,0.436,,,e0403,,0.05,,,,,,0.05,,,,,,0.008,,,,,,0.15,,,,,,0.15,,,,,,,,,,,,,,,,,0.0,,,,False,False,False,False
2026-03-26T12:00:00+00:00,,Level 4,82.5,Healthy,0.5,0.0,0.0,0.0,0.5,4.01972,24003.4,,,,0.73,8.7,8.7,5.55217,7.22,8.1,8.38,234.7,232.6,235.6,8.7,2.0,3.7,2.9,2.7,0.726,,,e0404,,0.05,,,,,,0.05,,,,,,0.008,,,,,,0.15,,,,,,0.15,,,,,,,,,,,,,,,,,0.0,,,,False,False,False,False
2026-03-26T12:00:00+00:00,,Level 4,82.5,Healthy,0.5,0.0,0.0,0.0,0.5,0.0621624,127160.1,,,,0.41,4.6,70.4,0.0915049,0.0,0.38,0.0,244.3,244.6,246.6,0.0,70.4,0.5,1.2,2.6,0.585,,,e0406,,0.05,,,,,,0.05,,,,,,0.008,,,,,,0.15,,,,,,0.15,,,,,,,,,,,,,,,,,0.0,,,,False,False,False,False
2026-03-26T12:00:00+00:00,,Level 4,82.5,Healthy,0.5,0.0,0.0,0.0,0.5,0.553027,13914.8,,,,0.95,29.5,4.8,0.580361,1.06,0.63,0.78,235.5,234.0,236.6,3.8,4.8,2.6,1.3,1.4,0.581,,,e0407,,0.05,,,,,,0.05,,,,,,0.008,,,,,,0.15,,,,,,0.15,,,,,,,,,,,,,,,,,0.0,,,,False,False,False,False
2026-03-26T12:00:00+00:00,,Level 4,82.5,Healthy,0.5,0.0,0.0,0.0,0.5,3.13443,16285.5,,,,0.61,11.1,4.1,5.17206,6.87,7.02,8.15,235.5,233.8,236.3,2.6,4.1,0.6,2.3,2.4,0.595,,,e0408,,0.05,,,,,,0.05,,,,,,0.008,,,,,,0.15,,,,,,0.15,,,,,,,,,,,,,,,,,0.0,,,,False,False,False,False
2026-03-26T12:00:00+00:00,,Level 4,82.5,Healthy,0.5,0.0,0.0,0.0,0.5,6.74696,36042.9,,,,0.65,10.4,10.2,10.4155,12.98,13.88,15.66,243.8,244.2,245.8,10.2,4.8,1.7,1.9,1.9,0.491,,,e0409,,0.05,,,,,,0.05,,,,,,0.008,,,,,,0.15,,,,,,0.15,,,,,,,,,,,,,,,,,0.0,,,,False,False,False,False
2026-03-26T12:00:00+00:00,,Level 4,82.5,Healthy,0.5,0.0,0.0,0.0,0.5,21.2462,156577.1,,,,0.76,1.6,19.3,27.9073,38.56,37.42,37.87,245.1,246.0,247.5,19.3,19.0,3.4,2.4,2.6,0.528,,,e0411,,0.05,,,,,,0.05,,,,,,0.008,,,,,,0.15,,,,,,0.15,,,,,,,,,,,,,,,,,0.0,,,,False,False,False,False
2026-03-26T12:00:00+00:00,,Level 4,82.5,Healthy,0.5,0.0,0.0,0.0,0.5,5.0375,47709.4,,,,0.8,3.3,7.0,6.29327,8.47,8.51,8.93,243.0,243.4,245.1,7.0,1.5,2.3,1.6,2.4,0.519,,,e0412,,0.05,,,,,,0.05,,,,,,0.008,,,,,,0.15,,,,,,0.15,,,,,,,,,,,,,,,,,0.0,,,,False,False,False,False
2026-03-26T12:00:00+00:00,,Level 4,82.5,Healthy,0.5,0.0,0.0,0.0,0.5,4.74809,30187.8,,,,0.84,4.5,83.2,5.65306,7.57,7.59,8.11,242.9,243.6,245.4,83.2,70.9,2.6,2.9,2.9,0.588,,,e0413,,0.05,,,,,,0.05,,,,,,0.008,,,,,,0.15,,,,,,0.15,,,,,,,,,,,,,,,,,0.0,,,,False,False,False,False
2026-03-26T12:00:00+00:00,,Level 4,82.5,Healthy,0.5,0.0,0.0,0.0,0.5,1.68055,10306.2,,,,0.88,6.8,76.0,1.92031,2.76,2.65,2.43,243.6,244.4,246.3,53.9,76.0,2.3,2.9,2.7,0.626,,,e0414,,0.05,,,,,,0.05,,,,,,0.008,,,,,,0.15,,,,,,0.15,,,,,,,,,,,,,,,,,0.0,,,,False,False,False,False
2026-03-26T12:00:00+00:00,,Level 4,82.5,Healthy,0.5,0.0,0.0,0.0,0.5,4.39612,24644.5,,,,0.62,18.7,4.9,7.11881,8.64,9.05,11.58,242.3,243.4,243.7,2.2,4.9,2.3,2.0,2.1,0.343,,,e0415,,0.05,,,,,,0.05,,,,,,0.008,,,,,,0.15,,,,,,0.15,,,,,,,,,,,,,,,,,0.0,,,,False,False,False,False
2026-03-26T12:00:00+00:00,,Level 4,82.5,Healthy,0.5,0.0,0.0,0.0,0.5,2.47518,16738.2,,,,0.89,3.8,81.1,3.03337,3.66,3.54,3.36,243.4,244.3,246.1,68.2,81.1,2.0,1.7,2.0,0.613,,,e0416,,0.05,,,,,,0.05,,,,,,0.008,,,,,,0.15,,,,,,0.15,,,,,,,,,,,,,,,,,0.0,,,,False,False,False,False
2026-03-26T12:00:00+00:00,,Level 4,82.5,Healthy,0.5,0.0,0.0,0.0,0.5,0.904805,16345.2,,,,0.88,64.9,11.6,1.03149,0.51,1.95,1.94,235.6,234.1,236.4,6.3,11.6,1.4,2.4,2.1,0.538,,,e0419,,0.05,,,,,,0.05,,,,,,0.008,,,,,,0.15,,,,,,0.15,,,,,,,,,,,,,,,,,0.0,,,,False,False,False,False
2026-03-26T12:00:00+00:00,,Level 4,82.5,Healthy,0.5,0.0,0.0,0.0,0.5,11.1716,55855.7,,,,0.82,11.3,4.9,13.7059,17.51,20.99,20.66,232.1,228.5,232.2,4.9,4.1,1.3,2.5,2.8,1.054,,,e0423,,0.05,,,,,,0.05,,,,,,0.008,,,,,,0.15,,,,,,0.15,,,,,,,,,,,,,,,,,0.0,,,,False,False,False,False
2026-03-26T12:00:00+00:00,,Level 5,82.5,Healthy,0.5,0.0,0.0,0.0,0.5,4.56576,25726.4,,,,0.64,5.8,4.3,7.18551,9.26,10.4,9.84,242.5,242.4,245.1,4.3,4.1,0.9,2.4,2.2,0.726,,,e0501,,0.05,,,,,,0.05,,,,,,0.008,,,,,,0.15,,,,,,0.15,,,,,,,,,,,,,,,,,0.0,,,,False,False,False,False
2026-03-26T12:00:00+00:00,,Level 5,82.5,Healthy,0.5,0.0,0.0,0.0,0.5,3.97117,22459.1,,,,0.82,8.7,90.2,4.83712,6.08,7.18,6.61,242.8,243.3,245.8,79.9,90.2,2.3,3.0,3.0,0.751,,,e0502,,0.05,,,,,,0.05,,,,,,0.008,,,,,,0.15,,,,,,0.15,,,,,,,,,,,,,,,,,0.0,,,,False,False,False,False
2026-03-26T12:00:00+00:00,,Level 5,82.5,Healthy,0.5,0.0,0.0,0.0,0.5,0.716926,11998.0,,,,0.96,32.1,5.2,0.744181,0.91,1.4,0.87,235.1,233.2,236.0,4.2,5.2,2.4,3.2,2.0,0.667,,,e0503,,0.05,,,,,,0.05,,,,,,0.008,,,,,,0.15,,,,,,0.15,,,,,,,,,,,,,,,,,0.0,,,,False,False,False,False
2026-03-26T12:00:00+00:00,,Level 5,82.5,Healthy,0.5,0.0,0.0,0.0,0.5,0.487082,10000.0,,,,0.94,5.5,10.8,0.517861,0.7,0.74,0.67,244.0,244.7,246.6,10.8,6.4,2.6,1.9,2.7,0.612,,,e0504,,0.05,,,,,,0.05,,,,,,0.008,,,,,,0.15,,,,,,0.15,,,,,,,,,,,,,,,,,0.0,,,,False,False,False,False
2026-03-26T12:00:00+00:00,,Level 5,82.5,Healthy,0.5,0.0,0.0,0.0,0.5,8.77318,45699.2,,,,0.82,4.1,18.0,10.6485,13.97,14.9,14.8,242.7,243.2,245.3,14.6,18.0,2.3,2.3,2.9,0.643,,,e0505,,0.05,,,,,,0.05,,,,,,0.008,,,,,,0.15,,,,,,0.15,,,,,,,,,,,,,,,,,0.0,,,,False,False,False,False
2026-03-26T12:00:00+00:00,,Level 5,82.5,Healthy,0.5,0.0,0.0,0.0,0.5,1.53891,25063.9,,,,0.18,6.3,5.8,8.64033,11.03,12.2,12.13,243.7,243.9,246.2,4.4,5.8,1.8,2.0,1.9,0.654,,,e0506,,0.05,,,,,,0.05,,,,,,0.008,,,,,,0.15,,,,,,0.15,,,,,,,,,,,,,,,,,0.0,,,,False,False,False,False
2026-03-26T12:00:00+00:00,,Level 5,82.5,Healthy,0.5,0.0,0.0,0.0,0.5,5.1251,29026.1,,,,0.59,5.8,5.9,8.7006,11.23,12.21,12.24,242.6,242.7,245.2,5.9,2.3,2.1,2.9,2.7,0.698,,,e0507,,0.05,,,,,,0.05,,,,,,0.008,,,,,,0.15,,,,,,0.15,,,,,,,,,,,,,,,,,0.0,,,,False,False,False,False
2026-03-26T12:00:00+00:00,,Level 5,82.5,Healthy,0.5,0.0,0.0,0.0,0.5,11.1362,58361.2,,,,0.79,4.0,5.2,14.1489,19.49,19.88,20.86,234.9,233.3,235.8,2.6,5.2,3.1,4.0,3.9,0.582,,,e0508,,0.05,,,,,,0.05,,,,,,0.008,,,,,,0.15,,,,,,0.15,,,,,,,,,,,,,,,,,0.0,,,,False,False,False,False
2026-03-26T12:00:00+00:00,,Level 5,82.5,Healthy,0.5,0.0,0.0,0.0,0.5,7.65101,41365.4,,,,0.77,12.2,7.2,9.91023,12.63,15.22,12.84,243.0,242.9,245.4,7.2,5.8,2.1,2.7,1.9,0.67,,,e0509,,0.05,,,,,,0.05,,,,,,0.008,,,,,,0.15,,,,,,0.15,,,,,,,,,,,,,,,,,0.0,,,,False,False,False,False
2026-03-26T12:00:00+00:00,,Level 5,82.5,Healthy,0.5,0.0,0.0,0.0,0.5,11.9838,52446.5,,,,0.86,4.8,34.4,13.9546,18.33,19.63,19.8,241.0,241.3,243.6,34.4,32.8,2.9,2.9,3.0,0.675,,,e0510,,0.05,,,,,,0.05,,,,,,0.008,,,,,,0.15,,,,,,0.15,,,,,,,,,,,,,,,,,0.0,,,,False,False,False,False
2026-03-26T12:00:00+00:00,,Level 5,82.5,Healthy,0.5,0.0,0.0,0.0,0.5,4.03589,24114.6,,,,0.54,9.3,86.0,7.5453,9.31,10.66,10.83,243.6,244.5,246.1,86.0,67.1,1.3,2.0,2.7,0.558,,,e0511,,0.05,,,,,,0.05,,,,,,0.008,,,,,,0.15,,,,,,0.15,,,,,,,,,,,,,,,,,0.0,,,,False,False,False,False
2026-03-26T12:00:00+00:00,,Level 6,82.5,Healthy,0.5,0.0,0.0,0.0,0.5,0.508829,11947.8,,,,0.97,83.5,5.7,0.524352,1.37,0.47,0.4,235.0,233.9,236.5,4.6,5.7,1.2,1.2,1.9,0.581,,,e0602,,0.05,,,,,,0.05,,,,,,0.008,,,,,,0.15,,,,,,0.15,,,,,,,,,,,,,,,,,0.0,,,,False,False,False,False
2026-03-26T12:00:00+00:00,,Level 6,82.5,Healthy,0.5,0.0,0.0,0.0,0.5,6.60708,52447.1,,,,0.8,0.3,6.5,8.329,11.93,11.8,11.85,233.5,231.6,234.1,6.5,4.8,1.4,1.9,2.1,0.629,,,e0603,,0.05,,,,,,0.05,,,,,,0.008,,,,,,0.15,,,,,,0.15,,,,,,,,,,,,,,,,,0.0,,,,False,False,False,False
2026-03-26T12:00:00+00:00,,Level 6,82.5,Healthy,0.5,0.0,0.0,0.0,0.5,7.2675,25016.0,,,,0.82,6.6,4.1,8.91451,11.9,13.4,12.93,233.1,230.9,233.8,2.1,4.1,1.4,2.1,1.8,0.731,,,e0604,,0.05,,,,,,0.05,,,,,,0.008,,,,,,0.15,,,,,,0.15,,,,,,,,,,,,,,,,,0.0,,,,False,False,False,False
2026-03-26T12:00:00+00:00,,Level 6,82.5,Healthy,0.5,0.0,0.0,0.0,0.5,7.17058,41127.3,,,,0.72,1.7,4.4,9.90509,14.37,13.96,14.1,233.5,232.1,234.7,4.4,2.1,2.4,1.5,1.3,0.571,,,e0605,,0.05,,,,,,0.05,,,,,,0.008,,,,,,0.15,,,,,,0.15,,,,,,,,,,,,,,,,,0.0,,,,False,False,False,False
2026-03-26T12:00:00+00:00,,Level 6,82.5,Healthy,0.5,0.0,0.0,0.0,0.5,8.36765,56524.8,,,,0.54,6.5,4.5,15.5011,21.69,21.08,23.53,230.2,233.3,237.2,4.5,4.4,2.5,3.3,3.0,1.556,,,e0606,,0.05,,,,,,0.05,,,,,,0.008,,,,,,0.15,,,,,,0.15,,,,,,,,,,,,,,,,,0.0,,,,False,False,False,False
2026-03-26T12:00:00+00:00,,Level 6,82.5,Healthy,0.5,0.0,0.0,0.0,0.5,6.75068,35767.0,,,,0.93,2.5,51.6,7.24863,10.31,10.14,10.63,233.0,231.5,234.1,51.6,44.8,2.3,2.4,2.2,0.587,,,e0607,,0.05,,,,,,0.05,,,,,,0.008,,,,,,0.15,,,,,,0.15,,,,,,,,,,,,,,,,,0.0,,,,False,False,False,False
2026-03-26T12:00:00+00:00,,Level 6,82.5,Healthy,0.5,0.0,0.0,0.0,0.5,4.42041,28393.9,,,,0.79,6.1,7.1,5.6018,8.08,7.49,8.33,230.6,234.0,237.8,7.1,5.2,1.5,2.0,2.5,1.566,,,e0611,,0.05,,,,,,0.05,,,,,,0.008,,,,,,0.15,,,,,,0.15,,,,,,,,,,,,,,,,,0.0,,,,False,False,False,False
2026-03-26T12:00:00+00:00,,Level 6,82.5,Healthy,0.5,0.0,0.0,0.0,0.5,0.483673,2417.9,,,,0.86,8.0,78.5,0.539015,5.83,6.69,6.12,29.2,29.3,29.5,78.5,64.7,2.7,3.6,2.7,0.568,,,e0622,,0.05,,,,,,0.05,,,,,,0.008,,,,,,0.15,,,,,,0.15,,,,,,,,,,,,,,,,,0.0,,,,False,False,False,False
2026-03-26T12:00:00+00:00,,Level 6,82.5,Healthy,0.5,0.0,0.0,0.0,0.5,6.6834,34787.5,,,,0.79,4.9,7.0,8.47277,12.31,12.54,11.53,233.9,230.5,235.2,7.0,3.7,2.1,2.6,2.3,1.158,,,e0625,,0.05,,,,,,0.05,,,,,,0.008,,,,,,0.15,,,,,,0.15,,,,,,,,,,,,,,,,,0.0,,,,False,False,False,False
2026-03-26T12:00:00+00:00,,Level 6,82.5,Healthy,0.5,0.0,0.0,0.0,0.5,7.16792,35890.9,,,,0.8,15.1,5.0,8.98616,12.16,11.44,14.7,234.7,233.2,235.5,2.7,5.0,2.0,0.4,1.4,0.54,,,e0626,,0.05,,,,,,0.05,,,,,,0.008,,,,,,0.15,,,,,,0.15,,,,,,,,,,,,,,,,,0.0,,,,False,False,False,False
2026-03-26T12:00:00+00:00,,Level 6,82.5,Healthy,0.5,0.0,0.0,0.0,0.5,4.52346,26496.9,,,,0.87,7.4,61.3,5.17252,7.67,6.83,7.65,234.4,233.1,235.7,61.3,55.5,2.3,1.4,2.2,0.555,,,e0627,,0.05,,,,,,0.05,,,,,,0.008,,,,,,0.15,,,,,,0.15,,,,,,,,,,,,,,,,,0.0,,,,False,False,False,False
2026-03-26T12:00:00+00:00,,Level 6,82.5,Healthy,0.5,0.0,0.0,0.0,0.5,4.56246,24594.0,,,,0.82,30.8,7.7,5.56639,7.11,6.29,10.36,234.6,233.4,234.6,6.2,7.7,1.1,7.7,6.4,0.342,,,e0628,,0.05,,,,,,0.05,,,,,,0.008,,,,,,0.15,,,,,,0.15,,,,,,,,,,,,,,,,,0.0,,,,False,False,False,False
2026-03-26T12:00:00+00:00,,Level 7,82.5,Healthy,0.5,0.0,0.0,0.0,0.5,8.19206,39606.8,,,,0.88,11.8,49.4,9.29167,14.3,13.7,11.65,234.8,233.1,236.0,39.2,49.4,1.9,1.9,1.4,0.654,,,e0701,,0.05,,,,,,0.05,,,,,,0.008,,,,,,0.15,,,,,,0.15,,,,,,,,,,,,,,,,,0.0,,,,False,False,False,False
2026-03-26T12:00:00+00:00,,Level 7,82.5,Healthy,0.5,0.0,0.0,0.0,0.5,10.0031,36653.0,,,,0.94,7.0,40.2,10.5822,15.18,14.06,16.08,234.8,233.1,235.7,40.2,37.1,0.8,1.2,1.1,0.611,,,e0702,,0.05,,,,,,0.05,,,,,,0.008,,,,,,0.15,,,,,,0.15,,,,,,,,,,,,,,,,,0.0,,,,False,False,False,False
2026-03-26T12:00:00+00:00,,Level 7,82.5,Healthy,0.5,0.0,0.0,0.0,0.5,11.3361,52854.6,,,,0.91,9.4,38.3,12.4376,19.47,16.83,17.07,233.4,232.1,235.4,33.4,38.3,0.3,0.3,0.7,0.756,,,e0703,,0.05,,,,,,0.05,,,,,,0.008,,,,,,0.15,,,,,,0.15,,,,,,,,,,,,,,,,,0.0,,,,False,False,False,False
2026-03-26T12:00:00+00:00,,Level 7,82.5,Healthy,0.5,0.0,0.0,0.0,0.5,5.97284,32310.2,,,,0.91,5.3,52.7,6.57295,9.49,8.85,9.68,234.3,232.8,235.3,52.7,50.8,2.8,4.2,3.9,0.569,,,e0704,,0.05,,,,,,0.05,,,,,,0.008,,,,,,0.15,,,,,,0.15,,,,,,,,,,,,,,,,,0.0,,,,False,False,False,False
2026-03-26T12:00:00+00:00,,Level 8,82.5,Healthy,0.5,0.0,0.0,0.0,0.5,4.63763,37826.5,,,,0.87,7.5,71.7,5.35773,7.05,8.0,7.84,229.9,232.9,237.2,71.7,68.3,2.5,2.7,2.1,1.657,,,e0801,,0.05,,,,,,0.05,,,,,,0.008,,,,,,0.15,,,,,,0.15,,,,,,,,,,,,,,,,,0.0,,,,False,False,False,False
2026-03-26T12:00:00+00:00,,Level 8,82.5,Healthy,0.5,0.0,0.0,0.0,0.5,5.71639,49106.6,,,,0.89,7.2,60.9,6.36717,9.62,8.47,9.25,230.5,234.0,238.1,60.9,51.9,1.8,3.3,3.3,1.665,,,e0802,,0.05,,,,,,0.05,,,,,,0.008,,,,,,0.15,,,,,,0.15,,,,,,,,,,,,,,,,,0.0,,,,False,False,False,False
2026-03-26T12:00:00+00:00,,Level 8,82.5,Healthy,0.5,0.0,0.0,0.0,0.5,3.30736,68128.4,,,,0.93,60.2,9.0,3.54021,7.37,5.75,2.01,234.5,233.2,236.1,6.9,9.0,2.9,2.2,1.4,0.639,,,e0803,,0.05,,,,,,0.05,,,,,,0.008,,,,,,0.15,,,,,,0.15,,,,,,,,,,,,,,,,,0.0,,,,False,False,False,False
2026-03-26T12:00:00+00:00,,Level 8,82.5,Healthy,0.5,0.0,0.0,0.0,0.5,8.69101,46126.3,,,,0.74,12.5,20.4,11.6783,18.76,15.17,16.09,230.3,234.2,238.1,13.9,20.4,1.9,3.6,3.3,1.665,,,e0804,,0.05,,,,,,0.05,,,,,,0.008,,,,,,0.15,,,,,,0.15,,,,,,,,,,,,,,,,,0.0,,,,False,False,False,False
2026-03-26T12:00:00+00:00,,Level 8,82.5,Healthy,0.5,0.0,0.0,0.0,0.5,8.8676,47688.3,,,,0.76,8.1,38.5,11.6831,18.04,15.7,16.22,230.3,234.0,238.0,30.0,38.5,2.9,3.9,3.1,1.666,,,e0805,,0.05,,,,,,0.05,,,,,,0.008,,,,,,0.15,,,,,,0.15,,,,,,,,,,,,,,,,,0.0,,,,False,False,False,False
2026-03-26T12:00:00+00:00,,Level 9,82.5,Healthy,0.5,0.0,0.0,0.0,0.5,5.62385,29363.9,,,,0.75,11.9,5.0,7.52815,12.05,9.92,10.33,230.9,234.0,236.3,5.0,4.0,2.6,2.6,2.7,1.212,,,e0901,,0.05,,,,,,0.05,,,,,,0.008,,,,,,0.15,,,,,,0.15,,,,,,,,,,,,,,,,,0.0,,,,False,False,False,False
2026-03-26T12:00:00+00:00,,Level 9,82.5,Healthy,0.5,0.0,0.0,0.0,0.5,5.15604,32472.3,,,,0.79,12.6,8.7,6.55912,10.5,8.99,8.48,232.4,234.6,237.4,7.4,8.7,2.7,2.9,3.4,1.107,,,e0902,,0.05,,,,,,0.05,,,,,,0.008,,,,,,0.15,,,,,,0.15,,,,,,,,,,,,,,,,,0.0,,,,False,False,False,False
2026-03-26T12:00:00+00:00,,Level 9,82.5,Healthy,0.5,0.0,0.0,0.0,0.5,7.66273,38595.5,,,,0.82,3.1,5.9,9.27093,13.61,12.92,13.05,232.2,234.5,236.8,5.9,4.1,2.9,1.6,0.9,0.981,,,e0903,,0.05,,,,,,0.05,,,,,,0.008,,,,,,0.15,,,,,,0.15,,,,,,,,,,,,,,,,,0.0,,,,False,False,False,False
2026-03-26T12:00:00+00:00,,Level 9,82.5,Healthy,0.5,0.0,0.0,0.0,0.5,6.54953,40176.0,,,,0.86,6.3,78.8,7.54172,10.65,10.23,11.43,230.0,233.5,237.0,78.8,59.0,2.5,2.9,3.3,1.499,,,e0904,,0.05,,,,,,0.05,,,,,,0.008,,,,,,0.15,,,,,,0.15,,,,,,,,,,,,,,,,,0.0,,,,False,False,False,False
2026-03-26T12:00:00+00:00,,Level 9,82.5,Healthy,0.5,0.0,0.0,0.0,0.5,2.66727,32397.8,,,,0.45,14.9,5.3,5.98531,7.44,9.79,8.33,232.6,233.6,236.8,5.3,2.5,3.0,2.4,2.6,1.053,,,e0905,,0.05,,,,,,0.05,,,,,,0.008,,,,,,0.15,,,,,,0.15,,,,,,,,,,,,,,,,,0.0,,,,False,False,False,False
2026-03-26T12:00:00+00:00,,Level 9,82.5,Healthy,0.5,0.0,0.0,0.0,0.5,4.68108,24388.1,,,,0.63,19.9,22.8,7.34189,10.11,8.79,12.6,233.0,235.5,237.4,19.2,22.8,3.2,2.8,2.7,0.977,,,e0906,,0.05,,,,,,0.05,,,,,,0.008,,,,,,0.15,,,,,,0.15,,,,,,,,,,,,,,,,,0.0,,,,False,False,False,False
2026-03-26T12:00:00+00:00,,Level 9,82.5,Healthy,0.5,0.0,0.0,0.0,0.5,3.5279,28818.4,,,,0.54,15.6,8.6,6.48997,8.8,10.65,8.25,232.6,234.4,237.3,8.6,7.3,3.0,2.8,2.0,1.079,,,e0907,,0.05,,,,,,0.05,,,,,,0.008,,,,,,0.15,,,,,,0.15,,,,,,,,,,,,,,,,,0.0,,,,False,False,False,False
2026-03-26T12:00:00+00:00,,Level 9,82.5,Healthy,0.5,0.0,0.0,0.0,0.5,3.87171,49200.1,,,,0.89,4.7,61.5,4.37701,6.52,6.02,6.14,231.9,234.5,236.7,61.5,57.0,3.9,1.9,2.6,1.052,,,e0908,,0.05,,,,,,0.05,,,,,,0.008,,,,,,0.15,,,,,,0.15,,,,,,,,,,,,,,,,,0.0,,,,False,False,False,False
2026-03-26T12:00:00+00:00,,Level 10,82.5,Healthy,0.5,0.0,0.0,0.0,0.5,3.16578,16575.5,,,,0.95,69.8,38.9,3.3515,6.34,6.56,1.45,231.3,233.8,235.7,38.9,38.8,3.6,3.1,3.5,0.985,,,e1001,,0.05,,,,,,0.05,,,,,,0.008,,,,,,0.15,,,,,,0.15,,,,,,,,,,,,,,,,,0.0,,,,False,False,False,False
2026-03-26T12:00:00+00:00,,Level 10,82.5,Healthy,0.5,0.0,0.0,0.0,0.5,9.84762,61774.8,,,,0.91,14.5,39.7,10.7664,15.26,13.21,17.56,232.2,234.6,236.5,39.7,34.1,2.2,1.4,1.8,0.953,,,e1002,,0.05,,,,,,0.05,,,,,,0.008,,,,,,0.15,,,,,,0.15,,,,,,,,,,,,,,,,,0.0,,,,False,False,False,False
2026-03-26T12:00:00+00:00,,Level 10,82.5,Healthy,0.5,0.0,0.0,0.0,0.5,6.94551,49942.3,,,,0.92,11.3,46.6,7.55022,9.92,10.35,11.94,232.0,234.2,236.2,46.6,35.7,3.0,2.1,2.5,0.911,,,e1003,,0.05,,,,,,0.05,,,,,,0.008,,,,,,0.15,,,,,,0.15,,,,,,,,,,,,,,,,,0.0,,,,False,False,False,False
2026-03-26T12:00:00+00:00,,Level 10,82.5,Healthy,0.5,0.0,0.0,0.0,0.5,3.9197,23348.9,,,,0.95,1.8,38.7,4.12414,5.97,5.76,5.86,231.7,234.3,236.3,37.9,38.7,3.7,2.9,2.6,1.025,,,e1004,,0.05,,,,,,0.05,,,,,,0.008,,,,,,0.15,,,,,,0.15,,,,,,,,,,,,,,,,,0.0,,,,False,False,False,False
2026-03-26T12:00:00+00:00,,Level 10,82.5,Healthy,0.5,0.0,0.0,0.0,0.5,3.39224,42147.1,,,,0.94,7.2,49.6,3.64088,5.32,5.43,4.81,229.3,233.1,237.5,43.7,49.6,3.6,2.5,2.3,1.8,,,e1005,,0.05,,,,,,0.05,,,,,,0.008,,,,,,0.15,,,,,,0.15,,,,,,,,,,,,,,,,,0.0,,,,False,False,False,False
2026-03-26T12:00:00+00:00,,Level 10,82.5,Healthy,0.5,0.0,0.0,0.0,0.5,8.22145,45996.3,,,,0.92,6.7,41.9,8.9646,13.46,11.89,12.88,232.1,234.6,236.8,41.9,41.9,4.0,3.0,3.5,1.023,,,e1006,,0.05,,,,,,0.05,,,,,,0.008,,,,,,0.15,,,,,,0.15,,,,,,,,,,,,,,,,,0.0,,,,False,False,False,False
2026-03-26T12:00:00+00:00,,Level 10,82.5,Healthy,0.5,0.0,0.0,0.0,0.5,7.08169,26867.2,,,,0.92,3.9,49.0,7.69826,10.68,10.9,11.41,231.8,234.1,236.1,49.0,43.0,3.3,2.4,2.8,0.94,,,e1007,,0.05,,,,,,0.05,,,,,,0.008,,,,,,0.15,,,,,,0.15,,,,,,,,,,,,,,,,,0.0,,,,False,False,False,False
2026-03-26T12:00:00+00:00,,Level 10,82.5,Healthy,0.5,0.0,0.0,0.0,0.5,6.6817,38632.5,,,,0.96,11.6,35.7,6.97708,8.76,11.17,9.99,230.9,233.2,235.3,35.7,33.8,3.6,3.8,3.9,0.958,,,e1008,,0.05,,,,,,0.05,,,,,,0.008,,,,,,0.15,,,,,,0.15,,,,,,,,,,,,,,,,,0.0,,,,False,False,False,False
2026-03-26T12:00:00+00:00,,Level 11,82.5,Healthy,0.5,0.0,0.0,0.0,0.5,-0.682772,0.0,,,,-0.99,16.4,22.8,0.693214,0.89,0.91,1.15,233.0,235.2,237.5,22.8,3.6,4.1,2.3,2.8,0.964,,,e1101,,0.05,,,,,,0.05,,,,,,0.008,,,,,,0.15,,,,,,0.15,,,,,,,,,,,,,,,,,0.0,,,,False,False,False,False
2026-03-26T12:00:00+00:00,,Level 11,82.5,Healthy,0.5,0.0,0.0,0.0,0.5,7.52052,55898.7,,,,0.89,5.0,42.1,8.48886,12.52,11.38,12.14,232.8,235.2,237.5,39.7,42.1,3.6,3.1,2.6,1.006,,,e1102,,0.05,,,,,,0.05,,,,,,0.008,,,,,,0.15,,,,,,0.15,,,,,,,,,,,,,,,,,0.0,,,,False,False,False,False
2026-03-26T12:00:00+00:00,,Level 11,82.5,Healthy,0.5,0.0,0.0,0.0,0.5,11.5121,40600.3,,,,0.95,10.2,39.9,12.0373,18.92,16.5,16.06,232.3,234.8,237.2,33.3,39.9,3.9,3.4,3.5,1.051,,,e1103,,0.05,,,,,,0.05,,,,,,0.008,,,,,,0.15,,,,,,0.15,,,,,,,,,,,,,,,,,0.0,,,,False,False,False,False
2026-03-26T12:00:00+00:00,,Level 11,82.5,Healthy,0.5,0.0,0.0,0.0,0.5,4.3572,22850.2,,,,0.9,7.7,51.7,4.82863,7.23,6.33,7.01,231.6,234.4,236.7,51.3,51.7,3.2,2.4,2.6,1.124,,,e1104,,0.05,,,,,,0.05,,,,,,0.008,,,,,,0.15,,,,,,0.15,,,,,,,,,,,,,,,,,0.0,,,,False,False,False,False
2026-03-26T12:00:00+00:00,,Level 11,82.5,Healthy,0.5,0.0,0.0,0.0,0.5,2.55846,28920.4,,,,0.86,12.6,78.3,2.99441,4.79,4.05,3.93,230.1,233.9,238.1,59.6,78.3,3.1,3.9,3.4,1.738,,,e1105,,0.05,,,,,,0.05,,,,,,0.008,,,,,,0.15,,,,,,0.15,,,,,,,,,,,,,,,,,0.0,,,,False,False,False,False
2026-03-26T12:00:00+00:00,,Level 11,82.5,Healthy,0.5,0.0,0.0,0.0,0.5,10.8361,58278.5,,,,0.95,6.2,36.1,11.4117,17.03,15.28,16.54,230.3,233.7,237.6,36.1,30.7,3.1,2.3,3.6,1.596,,,e1106,,0.05,,,,,,0.05,,,,,,0.008,,,,,,0.15,,,,,,0.15,,,,,,,,,,,,,,,,,0.0,,,,False,False,False,False
2026-03-26T12:00:00+00:00,,Level 11,82.5,Healthy,0.5,0.0,0.0,0.0,0.5,8.59295,27974.1,,,,0.92,5.2,48.9,9.3475,12.59,13.54,13.65,231.0,234.2,238.1,48.9,39.1,2.7,3.8,3.4,1.564,,,e1107,,0.05,,,,,,0.05,,,,,,0.008,,,,,,0.15,,,,,,0.15,,,,,,,,,,,,,,,,,0.0,,,,False,False,False,False
2026-03-26T12:00:00+00:00,,Level 11,82.5,Healthy,0.5,0.0,0.0,0.0,0.5,3.13287,33394.2,,,,0.64,15.3,72.5,4.89373,7.43,7.67,5.94,229.7,234.0,237.0,61.3,72.5,2.8,2.9,3.0,1.655,,,e1108,,0.05,,,,,,0.05,,,,,,0.008,,,,,,0.15,,,,,,0.15,,,,,,,,,,,,,,,,,0.0,,,,False,False,False,False
2026-03-26T14:00:00+00:00,,Level 1,82.5,Healthy,0.5,0.0,0.0,0.0,0.5,0.367948,10607.9,,,,0.36,22.6,11.6,1.0297,1.78,1.35,1.23,236.5,238.0,234.9,8.3,11.6,2.4,2.9,2.5,0.663,,,e0101,,0.05,,,,,,0.05,,,,,,0.008,,,,,,0.15,,,,,,0.15,,,,,,,,,,,,,,,,,0.0,,,,False,False,False,False
2026-03-26T14:00:00+00:00,,Level 1,82.5,Healthy,0.5,0.0,0.0,0.0,0.5,3.75334,20467.7,,,,0.79,25.3,3.8,4.71287,5.93,5.72,8.35,236.3,234.9,236.1,3.8,3.1,1.8,1.6,1.7,0.368,,,e0102,,0.05,,,,,,0.05,,,,,,0.008,,,,,,0.15,,,,,,0.15,,,,,,,,,,,,,,,,,0.0,,,,False,False,False,False
2026-03-26T14:00:00+00:00,,Level 1,82.5,Healthy,0.5,0.0,0.0,0.0,0.5,6.75829,37277.4,,,,0.79,15.7,9.6,8.53688,13.96,11.14,11.1,235.8,234.7,237.4,4.2,9.6,3.2,1.2,1.5,0.607,,,e0103,,0.05,,,,,,0.05,,,,,,0.008,,,,,,0.15,,,,,,0.15,,,,,,,,,,,,,,,,,0.0,,,,False,False,False,False
2026-03-26T14:00:00+00:00,,Level 1,82.5,Healthy,0.5,0.0,0.0,0.0,0.5,6.2434,34024.8,,,,0.74,1.4,6.0,8.46082,11.96,11.8,12.14,236.3,234.3,237.2,4.3,6.0,1.8,2.2,2.7,0.692,,,e0104,,0.05,,,,,,0.05,,,,,,0.008,,,,,,0.15,,,,,,0.15,,,,,,,,,,,,,,,,,0.0,,,,False,False,False,False
2026-03-26T14:00:00+00:00,,Level 1,82.5,Healthy,0.5,0.0,0.0,0.0,0.5,8.11324,1299257.2,,,,0.73,34.2,12.3,11.1866,16.87,19.59,10.27,239.2,238.1,240.9,10.4,12.3,3.4,3.0,2.5,0.627,,,e0105,,0.05,,,,,,0.05,,,,,,0.008,,,,,,0.15,,,,,,0.15,,,,,,,,,,,,,,,,,0.0,,,,False,False,False,False
2026-03-26T14:00:00+00:00,,Level 1,82.5,Healthy,0.5,0.0,0.0,0.0,0.5,1.23109,15460.0,,,,0.84,99.2,2.8,1.46356,4.11,1.06,1.02,236.5,235.2,238.9,2.6,2.8,4.0,3.6,3.3,0.858,,,e0106,,0.05,,,,,,0.05,,,,,,0.008,,,,,,0.15,,,,,,0.15,,,,,,,,,,,,,,,,,0.0,,,,False,False,False,False
2026-03-26T14:00:00+00:00,,Level 1,82.5,Healthy,0.5,0.0,0.0,0.0,0.5,0.23628,6466.1,,,,0.9,77.9,7.8,0.263404,0.66,0.19,0.26,237.0,235.2,238.0,2.6,7.8,2.1,2.4,2.1,0.648,,,e0107,,0.05,,,,,,0.05,,,,,,0.008,,,,,,0.15,,,,,,0.15,,,,,,,,,,,,,,,,,0.0,,,,False,False,False,False
2026-03-26T14:00:00+00:00,,Level 1,82.5,Healthy,0.5,0.0,0.0,0.0,0.5,5.6786,30573.8,,,,0.74,1.8,3.1,7.72981,10.43,10.68,10.39,244.8,245.0,247.2,0.7,3.1,1.7,1.7,0.8,0.624,,,e0108,,0.05,,,,,,0.05,,,,,,0.008,,,,,,0.15,,,,,,0.15,,,,,,,,,,,,,,,,,0.0,,,,False,False,False,False
2026-03-26T14:00:00+00:00,,Level 1,82.5,Healthy,0.5,0.0,0.0,0.0,0.5,2.08476,8899.7,,,,0.77,31.2,7.5,2.704,3.14,5.01,3.3,237.3,235.0,238.0,7.5,3.5,1.0,2.2,1.7,0.746,,,e0109,,0.05,,,,,,0.05,,,,,,0.008,,,,,,0.15,,,,,,0.15,,,,,,,,,,,,,,,,,0.0,,,,False,False,False,False
2026-03-26T14:00:00+00:00,,Level 1,82.5,Healthy,0.5,0.0,0.0,0.0,0.5,11.3232,58771.2,,,,0.78,2.3,7.6,14.5391,20.52,20.11,20.94,236.3,234.4,237.3,2.5,7.6,2.9,0.6,2.3,0.678,,,e0110,,0.05,,,,,,0.05,,,,,,0.008,,,,,,0.15,,,,,,0.15,,,,,,,,,,,,,,,,,0.0,,,,False,False,False,False
2026-03-26T14:00:00+00:00,,Level 1,82.5,Healthy,0.5,0.0,0.0,0.0,0.5,0.244609,4228.7,,,,0.68,10.5,98.9,0.360505,0.55,0.45,0.53,237.2,235.2,238.1,98.9,18.5,1.6,1.8,1.9,0.69,,,e0111,,0.05,,,,,,0.05,,,,,,0.008,,,,,,0.15,,,,,,0.15,,,,,,,,,,,,,,,,,0.0,,,,False,False,False,False
2026-03-26T14:00:00+00:00,,Level 1,82.5,Healthy,0.5,0.0,0.0,0.0,0.5,2.84484,16084.6,,,,0.56,5.7,,5.11871,6.55,7.07,7.2,244.1,244.7,246.6,,,1.8,2.1,2.7,0.598,,,e0112,,0.05,,,,,,0.05,,,,,,0.008,,,,,,0.15,,,,,,0.15,,,,,,,,,,,,,,,,,0.0,,,,False,False,False,False
2026-03-26T14:00:00+00:00,,Level 1,82.5,Healthy,0.5,0.0,0.0,0.0,0.5,3.23977,18557.0,,,,0.38,2.3,7.1,8.55175,11.38,11.82,11.79,243.3,243.8,246.1,7.1,4.9,1.6,0.8,2.2,0.696,,,e0113,,0.05,,,,,,0.05,,,,,,0.008,,,,,,0.15,,,,,,0.15,,,,,,,,,,,,,,,,,0.0,,,,False,False,False,False
2026-03-26T14:00:00+00:00,,Level 1,82.5,Healthy,0.5,0.0,0.0,0.0,0.5,7.53894,41172.6,,,,0.8,1.2,5.3,9.49535,13.14,13.0,12.83,242.2,242.9,244.7,4.7,5.3,2.7,2.7,2.3,0.589,,,e0114,,0.05,,,,,,0.05,,,,,,0.008,,,,,,0.15,,,,,,0.15,,,,,,,,,,,,,,,,,0.0,,,,False,False,False,False
2026-03-26T14:00:00+00:00,,Level 1,82.5,Healthy,0.5,0.0,0.0,0.0,0.5,6.80673,36616.0,,,,0.77,5.5,3.3,8.88311,11.44,12.34,12.53,243.5,243.7,245.9,0.7,3.3,1.0,1.3,1.9,0.627,,,e0115,,0.05,,,,,,0.05,,,,,,0.008,,,,,,0.15,,,,,,0.15,,,,,,,,,,,,,,,,,0.0,,,,False,False,False,False
2026-03-26T14:00:00+00:00,,Level 1,82.5,Healthy,0.5,0.0,0.0,0.0,0.5,6.59069,35078.9,,,,0.74,3.5,11.5,8.9488,12.6,11.75,12.2,243.8,244.5,246.6,8.0,11.5,1.1,1.7,2.1,0.667,,,e0116,,0.05,,,,,,0.05,,,,,,0.008,,,,,,0.15,,,,,,0.15,,,,,,,,,,,,,,,,,0.0,,,,False,False,False,False
2026-03-26T14:00:00+00:00,,Level 1,82.5,Healthy,0.5,0.0,0.0,0.0,0.5,11.543,61040.2,,,,0.77,6.8,9.9,14.9308,20.15,22.51,20.6,236.8,234.4,237.4,9.9,6.9,2.0,2.3,1.3,0.762,,,e0117,,0.05,,,,,,0.05,,,,,,0.008,,,,,,0.15,,,,,,0.15,,,,,,,,,,,,,,,,,0.0,,,,False,False,False,False
2026-03-26T14:00:00+00:00,,Level 1,82.5,Healthy,0.5,0.0,0.0,0.0,0.5,6.12135,33556.6,,,,0.68,2.4,6.5,9.02342,12.51,12.96,12.97,236.0,234.0,236.7,6.0,6.5,1.7,2.1,1.8,0.665,,,e0118,,0.05,,,,,,0.05,,,,,,0.008,,,,,,0.15,,,,,,0.15,,,,,,,,,,,,,,,,,0.0,,,,False,False,False,False
2026-03-26T14:00:00+00:00,,Level 1,82.5,Healthy,0.5,0.0,0.0,0.0,0.5,4.00619,16196.4,,,,0.45,67.6,3.2,8.92311,7.55,20.28,8.46,245.4,245.2,247.3,2.1,3.2,0.8,2.3,2.4,0.542,,,e0120,,0.05,,,,,,0.05,,,,,,0.008,,,,,,0.15,,,,,,0.15,,,,,,,,,,,,,,,,,0.0,,,,False,False,False,False
2026-03-26T14:00:00+00:00,,Level 1,82.5,Healthy,0.5,0.0,0.0,0.0,0.5,14.8998,85387.7,,,,0.81,6.1,6.5,18.5185,26.03,24.56,27.69,236.6,235.0,237.5,3.3,6.5,2.2,1.4,2.0,0.578,,,e0121,,0.05,,,,,,0.05,,,,,,0.008,,,,,,0.15,,,,,,0.15,,,,,,,,,,,,,,,,,0.0,,,,False,False,False,False
2026-03-26T14:00:00+00:00,,Level 2,82.5,Healthy,0.5,0.0,0.0,0.0,0.5,2.02828,17394.6,,,,0.59,80.3,10.3,3.44996,8.78,2.93,2.9,236.2,235.5,238.6,10.3,5.5,1.5,1.1,1.3,0.774,,,e0201,,0.05,,,,,,0.05,,,,,,0.008,,,,,,0.15,,,,,,0.15,,,,,,,,,,,,,,,,,0.0,,,,False,False,False,False
2026-03-26T14:00:00+00:00,,Level 2,82.5,Healthy,0.5,0.0,0.0,0.0,0.5,2.19352,8628.7,,,,0.89,16.2,69.9,2.47443,4.04,3.5,2.91,235.5,234.1,237.8,51.1,69.9,2.0,2.5,1.9,0.848,,,e0202,,0.05,,,,,,0.05,,,,,,0.008,,,,,,0.15,,,,,,0.15,,,,,,,,,,,,,,,,,0.0,,,,False,False,False,False
2026-03-26T14:00:00+00:00,,Level 2,82.5,Healthy,0.5,0.0,0.0,0.0,0.5,1.27993,5340.2,,,,0.8,6.3,95.8,1.60513,2.42,2.16,2.25,236.5,234.3,237.9,84.0,95.8,0.7,2.7,3.0,0.818,,,e0203,,0.05,,,,,,0.05,,,,,,0.008,,,,,,0.15,,,,,,0.15,,,,,,,,,,,,,,,,,0.0,,,,False,False,False,False
2026-03-26T14:00:00+00:00,,Level 2,82.5,Healthy,0.5,0.0,0.0,0.0,0.5,0.241331,13410.5,,,,0.58,86.0,39.2,0.413372,0.98,0.08,0.69,237.0,235.5,238.2,39.2,14.9,1.7,3.0,2.2,0.591,,,e0204,,0.05,,,,,,0.05,,,,,,0.008,,,,,,0.15,,,,,,0.15,,,,,,,,,,,,,,,,,0.0,,,,False,False,False,False
2026-03-26T14:00:00+00:00,,Level 2,82.5,Healthy,0.5,0.0,0.0,0.0,0.5,0.323868,11253.4,,,,0.77,11.9,17.2,0.418418,1.39,0.04,0.33,236.8,235.3,238.3,17.2,9.7,2.2,2.8,2.3,0.633,,,e0205,,0.05,,,,,,0.05,,,,,,0.008,,,,,,0.15,,,,,,0.15,,,,,,,,,,,,,,,,,0.0,,,,False,False,False,False
2026-03-26T14:00:00+00:00,,Level 2,82.5,Healthy,0.5,0.0,0.0,0.0,0.5,4.76615,12942.7,,,,0.9,26.9,4.6,5.26255,5.45,7.65,9.25,237.0,235.3,237.7,4.6,4.1,1.9,2.3,1.9,0.577,,,e0206,,0.05,,,,,,0.05,,,,,,0.008,,,,,,0.15,,,,,,0.15,,,,,,,,,,,,,,,,,0.0,,,,False,False,False,False
2026-03-26T14:00:00+00:00,,Level 2,82.5,Healthy,0.5,0.0,0.0,0.0,0.5,0.768697,11495.9,,,,0.96,49.5,7.3,0.804875,0.7,1.01,1.69,237.1,235.2,237.7,4.6,7.3,0.8,1.3,2.3,0.62,,,e0207,,0.05,,,,,,0.05,,,,,,0.008,,,,,,0.15,,,,,,0.15,,,,,,,,,,,,,,,,,0.0,,,,False,False,False,False
2026-03-26T14:00:00+00:00,,Level 2,82.5,Healthy,0.5,0.0,0.0,0.0,0.5,5.56946,31202.2,,,,0.79,6.2,6.7,7.10719,9.58,9.91,10.68,235.2,233.5,236.2,6.7,6.3,1.2,2.4,1.6,0.624,,,e0208,,0.05,,,,,,0.05,,,,,,0.008,,,,,,0.15,,,,,,0.15,,,,,,,,,,,,,,,,,0.0,,,,False,False,False,False
2026-03-26T14:00:00+00:00,,Level 2,82.5,Healthy,0.5,0.0,0.0,0.0,0.5,7.86533,41961.4,,,,0.86,4.1,6.8,9.2568,12.93,12.88,13.71,234.1,232.5,234.9,6.8,5.4,1.4,1.9,1.9,0.57,,,e0209,,0.05,,,,,,0.05,,,,,,0.008,,,,,,0.15,,,,,,0.15,,,,,,,,,,,,,,,,,0.0,,,,False,False,False,False
2026-03-26T14:00:00+00:00,,Level 2,82.5,Healthy,0.5,0.0,0.0,0.0,0.5,0.0,24522.9,,,,0.0,0.0,0.0,0.0,0.0,0.0,0.0,236.8,235.0,237.8,0.0,0.0,2.5,2.1,1.5,0.648,,,e0210,,0.05,,,,,,0.05,,,,,,0.008,,,,,,0.15,,,,,,0.15,,,,,,,,,,,,,,,,,0.0,,,,False,False,False,False
2026-03-26T14:00:00+00:00,,Level 2,82.5,Healthy,0.5,0.0,0.0,0.0,0.5,3.96968,36698.8,,,,0.68,24.1,5.4,5.85178,10.27,6.61,7.94,235.7,234.7,237.6,4.5,5.4,2.2,3.2,2.4,0.678,,,e0211,,0.05,,,,,,0.05,,,,,,0.008,,,,,,0.15,,,,,,0.15,,,,,,,,,,,,,,,,,0.0,,,,False,False,False,False
2026-03-26T14:00:00+00:00,,Level 2,82.5,Healthy,0.5,0.0,0.0,0.0,0.5,1.01004,8140.4,,,,0.74,6.4,87.0,1.35891,1.74,1.96,1.83,244.8,245.8,248.0,87.0,,1.2,1.8,3.1,0.731,,,e0212,,0.05,,,,,,0.05,,,,,,0.008,,,,,,0.15,,,,,,0.15,,,,,,,,,,,,,,,,,0.0,,,,False,False,False,False
2026-03-26T14:00:00+00:00,,Level 2,82.5,Healthy,0.5,0.0,0.0,0.0,0.5,9.24849,50412.9,,,,0.84,7.0,7.1,11.0023,15.18,16.84,15.17,233.9,230.9,234.6,7.1,4.4,0.3,0.6,1.9,0.958,,,e0213,,0.05,,,,,,0.05,,,,,,0.008,,,,,,0.15,,,,,,0.15,,,,,,,,,,,,,,,,,0.0,,,,False,False,False,False
2026-03-26T14:00:00+00:00,,Level 2,82.5,Healthy,0.5,0.0,0.0,0.0,0.5,1.19576,6938.6,,,,0.57,4.7,8.7,2.12615,3.11,2.86,3.02,236.7,235.0,237.9,8.7,4.8,3.2,3.0,2.4,0.648,,,e0214,,0.05,,,,,,0.05,,,,,,0.008,,,,,,0.15,,,,,,0.15,,,,,,,,,,,,,,,,,0.0,,,,False,False,False,False
2026-03-26T14:00:00+00:00,,Level 2,82.5,Healthy,0.5,0.0,0.0,0.0,0.5,10.1579,46277.6,,,,0.95,43.9,21.9,10.7003,17.67,19.25,8.5,237.0,235.1,238.4,10.4,21.9,0.5,1.2,2.2,0.732,,,e0215,,0.05,,,,,,0.05,,,,,,0.008,,,,,,0.15,,,,,,0.15,,,,,,,,,,,,,,,,,0.0,,,,False,False,False,False
2026-03-26T14:00:00+00:00,,Level 2,82.5,Healthy,0.5,0.0,0.0,0.0,0.5,1.34076,10339.0,,,,0.87,8.3,64.6,1.54695,2.25,2.0,2.3,236.9,235.3,238.1,58.3,64.6,2.3,2.8,1.6,0.619,,,e0216,,0.05,,,,,,0.05,,,,,,0.008,,,,,,0.15,,,,,,0.15,,,,,,,,,,,,,,,,,0.0,,,,False,False,False,False
2026-03-26T14:00:00+00:00,,Level 2,82.5,Healthy,0.5,0.0,0.0,0.0,0.5,0.400433,9352.7,,,,0.77,8.1,25.5,0.517216,1.66,0.23,0.3,235.9,234.3,238.5,25.5,14.8,0.9,1.0,1.7,0.96,,,e0217,,0.05,,,,,,0.05,,,,,,0.008,,,,,,0.15,,,,,,0.15,,,,,,,,,,,,,,,,,0.0,,,,False,False,False,False
2026-03-26T14:00:00+00:00,,Level 2,82.5,Healthy,0.5,0.0,0.0,0.0,0.5,6.29641,27373.9,,,,0.87,29.2,42.2,7.20568,9.92,7.59,13.22,234.6,234.5,235.1,42.2,27.7,1.6,2.7,2.6,0.156,,,e0218,,0.05,,,,,,0.05,,,,,,0.008,,,,,,0.15,,,,,,0.15,,,,,,,,,,,,,,,,,0.0,,,,False,False,False,False
2026-03-26T14:00:00+00:00,,Level 3,82.5,Healthy,0.5,0.0,0.0,0.0,0.5,7.46801,34059.8,,,,0.81,1.5,9.7,9.25813,13.08,12.93,13.3,235.7,233.8,237.1,9.7,6.6,1.7,1.4,1.3,0.736,,,e0301,,0.05,,,,,,0.05,,,,,,0.008,,,,,,0.15,,,,,,0.15,,,,,,,,,,,,,,,,,0.0,,,,False,False,False,False
2026-03-26T14:00:00+00:00,,Level 3,82.5,Healthy,0.5,0.0,0.0,0.0,0.5,2.95804,17103.2,,,,0.25,3.8,3.5,11.933,15.74,15.98,16.76,244.9,244.9,247.1,3.5,3.1,2.0,2.8,2.0,0.597,,,e0303,,0.05,,,,,,0.05,,,,,,0.008,,,,,,0.15,,,,,,0.15,,,,,,,,,,,,,,,,,0.0,,,,False,False,False,False
2026-03-26T14:00:00+00:00,,Level 3,82.5,Healthy,0.5,0.0,0.0,0.0,0.5,1.46763,29797.1,,,,0.87,42.6,8.5,1.68346,1.41,2.33,3.39,237.0,235.2,237.8,8.5,5.8,2.1,2.6,2.9,0.62,,,e0304,,0.05,,,,,,0.05,,,,,,0.008,,,,,,0.15,,,,,,0.15,,,,,,,,,,,,,,,,,0.0,,,,False,False,False,False
2026-03-26T14:00:00+00:00,,Level 3,82.5,Healthy,0.5,0.0,0.0,0.0,0.5,0.281049,14450.5,,,,0.83,89.5,15.4,0.341088,0.22,0.31,0.91,237.3,235.8,238.4,15.4,2.0,1.3,1.6,2.3,0.576,,,e0306,,0.05,,,,,,0.05,,,,,,0.008,,,,,,0.15,,,,,,0.15,,,,,,,,,,,,,,,,,0.0,,,,False,False,False,False
2026-03-26T14:00:00+00:00,,Level 3,82.5,Healthy,0.5,0.0,0.0,0.0,0.5,9.48791,36581.8,,,,0.77,1.8,6.4,12.2555,17.33,17.65,17.08,236.1,234.2,237.1,4.4,6.4,1.0,1.9,0.9,0.679,,,e0307,,0.05,,,,,,0.05,,,,,,0.008,,,,,,0.15,,,,,,0.15,,,,,,,,,,,,,,,,,0.0,,,,False,False,False,False
2026-03-26T14:00:00+00:00,,Level 3,82.5,Healthy,0.5,0.0,0.0,0.0,0.5,0.827069,18438.8,,,,0.94,75.0,12.5,0.884329,1.75,1.68,0.31,236.7,234.6,238.3,4.1,12.5,3.1,1.9,2.7,0.817,,,e0308,,0.05,,,,,,0.05,,,,,,0.008,,,,,,0.15,,,,,,0.15,,,,,,,,,,,,,,,,,0.0,,,,False,False,False,False
2026-03-26T14:00:00+00:00,,Level 3,82.5,Healthy,0.5,0.0,0.0,0.0,0.5,1.53462,21024.2,,,,0.96,31.3,7.4,1.59751,1.98,2.96,1.8,236.8,235.0,238.2,7.4,5.1,3.7,3.0,3.0,0.704,,,e0311,,0.05,,,,,,0.05,,,,,,0.008,,,,,,0.15,,,,,,0.15,,,,,,,,,,,,,,,,,0.0,,,,False,False,False,False
2026-03-26T14:00:00+00:00,,Level 3,82.5,Healthy,0.5,0.0,0.0,0.0,0.5,0.063642,11430.6,,,,0.85,4.2,48.2,0.0754533,0.25,0.04,0.03,237.0,235.4,238.2,4.8,48.2,2.5,2.1,1.9,0.619,,,e0312,,0.05,,,,,,0.05,,,,,,0.008,,,,,,0.15,,,,,,0.15,,,,,,,,,,,,,,,,,0.0,,,,False,False,False,False
2026-03-26T14:00:00+00:00,,Level 3,82.5,Healthy,0.5,0.0,0.0,0.0,0.5,1.48957,16248.0,,,,0.95,73.0,9.4,1.56199,3.81,1.59,1.21,235.9,235.0,238.4,9.4,4.4,1.5,2.3,1.8,0.832,,,e0313,,0.05,,,,,,0.05,,,,,,0.008,,,,,,0.15,,,,,,0.15,,,,,,,,,,,,,,,,,0.0,,,,False,False,False,False
2026-03-26T14:00:00+00:00,,Level 3,82.5,Healthy,0.5,0.0,0.0,0.0,0.5,6.04127,22709.6,,,,0.75,3.6,10.0,7.98932,10.53,11.29,10.87,243.9,243.7,246.4,0.9,10.0,1.0,2.4,2.4,0.708,,,e0314,,0.05,,,,,,0.05,,,,,,0.008,,,,,,0.15,,,,,,0.15,,,,,,,,,,,,,,,,,0.0,,,,False,False,False,False
2026-03-26T14:00:00+00:00,,Level 3,82.5,Healthy,0.5,0.0,0.0,0.0,0.5,1.45169,5951.5,,,,0.62,1.6,9.5,2.3475,3.17,3.24,3.16,245.0,244.7,247.2,7.6,9.5,2.6,1.4,2.9,0.638,,,e0315,,0.05,,,,,,0.05,,,,,,0.008,,,,,,0.15,,,,,,0.15,,,,,,,,,,,,,,,,,0.0,,,,False,False,False,False
2026-03-26T14:00:00+00:00,,Level 4,82.5,Healthy,0.5,0.0,0.0,0.0,0.5,4.39512,17427.2,,,,0.51,21.6,5.9,8.57675,14.71,9.86,11.8,236.0,235.4,237.9,2.7,5.9,2.9,2.7,1.5,0.62,,,e0401,,0.05,,,,,,0.05,,,,,,0.008,,,,,,0.15,,,,,,0.15,,,,,,,,,,,,,,,,,0.0,,,,False,False,False,False
2026-03-26T14:00:00+00:00,,Level 4,82.5,Healthy,0.5,0.0,0.0,0.0,0.5,9.76042,48067.8,,,,0.64,3.2,18.7,15.2957,21.61,20.78,22.01,236.0,234.3,237.3,18.7,6.9,1.6,1.5,1.9,0.664,,,e0402,,0.05,,,,,,0.05,,,,,,0.008,,,,,,0.15,,,,,,0.15,,,,,,,,,,,,,,,,,0.0,,,,False,False,False,False
2026-03-26T14:00:00+00:00,,Level 4,82.5,Healthy,0.5,0.0,0.0,0.0,0.5,1.9031,9873.2,,,,0.56,12.4,5.5,3.36721,4.46,4.1,5.13,245.0,245.4,247.0,5.5,2.0,1.8,0.7,1.5,0.488,,,e0403,,0.05,,,,,,0.05,,,,,,0.008,,,,,,0.15,,,,,,0.15,,,,,,,,,,,,,,,,,0.0,,,,False,False,False,False
2026-03-26T14:00:00+00:00,,Level 4,82.5,Healthy,0.5,0.0,0.0,0.0,0.5,4.05825,24011.4,,,,0.72,8.5,6.5,5.60632,7.31,8.16,8.48,236.3,234.1,237.2,5.5,6.5,1.3,2.6,1.8,0.749,,,e0404,,0.05,,,,,,0.05,,,,,,0.008,,,,,,0.15,,,,,,0.15,,,,,,,,,,,,,,,,,0.0,,,,False,False,False,False
2026-03-26T14:00:00+00:00,,Level 4,82.5,Healthy,0.5,0.0,0.0,0.0,0.5,0.0486503,127160.2,,,,0.41,4.6,68.3,0.117734,0.0,0.38,0.1,245.6,245.9,247.9,0.0,68.3,2.4,1.7,2.2,0.582,,,e0406,,0.05,,,,,,0.05,,,,,,0.008,,,,,,0.15,,,,,,0.15,,,,,,,,,,,,,,,,,0.0,,,,False,False,False,False
2026-03-26T14:00:00+00:00,,Level 4,82.5,Healthy,0.5,0.0,0.0,0.0,0.5,0.559181,13916.0,,,,0.95,29.2,10.4,0.586396,1.07,0.63,0.78,237.0,235.4,238.1,4.6,10.4,2.9,2.1,1.3,0.605,,,e0407,,0.05,,,,,,0.05,,,,,,0.008,,,,,,0.15,,,,,,0.15,,,,,,,,,,,,,,,,,0.0,,,,False,False,False,False
2026-03-26T14:00:00+00:00,,Level 4,82.5,Healthy,0.5,0.0,0.0,0.0,0.5,3.15564,16291.8,,,,0.6,11.1,7.1,5.25492,6.94,7.08,8.24,236.8,234.9,237.5,7.1,5.9,0.8,1.9,1.7,0.635,,,e0408,,0.05,,,,,,0.05,,,,,,0.008,,,,,,0.15,,,,,,0.15,,,,,,,,,,,,,,,,,0.0,,,,False,False,False,False
2026-03-26T14:00:00+00:00,,Level 4,82.5,Healthy,0.5,0.0,0.0,0.0,0.5,6.7598,36056.2,,,,0.64,10.7,10.7,10.5084,13.09,13.86,15.75,244.9,245.4,247.1,10.7,4.2,0.6,1.4,1.9,0.529,,,e0409,,0.05,,,,,,0.05,,,,,,0.008,,,,,,0.15,,,,,,0.15,,,,,,,,,,,,,,,,,0.0,,,,False,False,False,False
2026-03-26T14:00:00+00:00,,Level 4,82.5,Healthy,0.5,0.0,0.0,0.0,0.5,23.6291,156620.4,,,,0.74,1.7,16.7,31.9904,44.18,42.77,43.34,246.5,247.3,248.8,16.7,16.2,2.8,1.6,2.0,0.512,,,e0411,,0.05,,,,,,0.05,,,,,,0.008,,,,,,0.15,,,,,,0.15,,,,,,,,,,,,,,,,,0.0,,,,False,False,False,False
2026-03-26T14:00:00+00:00,,Level 4,82.5,Healthy,0.5,0.0,0.0,0.0,0.5,5.09374,47719.4,,,,0.8,3.6,8.4,6.38747,8.52,8.53,9.0,244.1,244.6,246.4,1.5,8.4,0.3,1.4,1.7,0.558,,,e0412,,0.05,,,,,,0.05,,,,,,0.008,,,,,,0.15,,,,,,0.15,,,,,,,,,,,,,,,,,0.0,,,,False,False,False,False
2026-03-26T14:00:00+00:00,,Level 4,82.5,Healthy,0.5,0.0,0.0,0.0,0.5,4.73666,30197.1,,,,0.84,4.7,83.0,5.64932,7.5,7.46,8.05,244.0,244.8,246.5,83.0,71.6,2.3,3.2,2.8,0.571,,,e0413,,0.05,,,,,,0.05,,,,,,0.008,,,,,,0.15,,,,,,0.15,,,,,,,,,,,,,,,,,0.0,,,,False,False,False,False
2026-03-26T14:00:00+00:00,,Level 4,82.5,Healthy,0.5,0.0,0.0,0.0,0.5,1.74669,10309.5,,,,0.88,5.3,71.0,1.97137,2.78,2.67,2.5,244.8,245.4,247.5,53.6,71.0,1.9,2.5,2.4,0.651,,,e0414,,0.05,,,,,,0.05,,,,,,0.008,,,,,,0.15,,,,,,0.15,,,,,,,,,,,,,,,,,0.0,,,,False,False,False,False
2026-03-26T14:00:00+00:00,,Level 4,82.5,Healthy,0.5,0.0,0.0,0.0,0.5,4.42164,24653.2,,,,0.61,18.6,3.7,7.22776,8.78,9.09,11.68,243.7,244.6,245.0,3.7,2.1,2.6,2.6,2.2,0.3,,,e0415,,0.05,,,,,,0.05,,,,,,0.008,,,,,,0.15,,,,,,0.15,,,,,,,,,,,,,,,,,0.0,,,,False,False,False,False
2026-03-26T14:00:00+00:00,,Level 4,82.5,Healthy,0.5,0.0,0.0,0.0,0.5,2.25156,16742.9,,,,0.89,3.1,66.2,2.85703,3.83,3.93,3.75,244.5,245.3,247.2,54.6,66.2,3.3,4.4,2.0,0.624,,,e0416,,0.05,,,,,,0.05,,,,,,0.008,,,,,,0.15,,,,,,0.15,,,,,,,,,,,,,,,,,0.0,,,,False,False,False,False
2026-03-26T14:00:00+00:00,,Level 4,82.5,Healthy,0.5,0.0,0.0,0.0,0.5,0.922849,16347.1,,,,0.88,65.0,16.2,1.03539,0.52,1.96,1.95,237.0,235.4,237.7,4.1,16.2,0.7,2.0,2.3,0.549,,,e0419,,0.05,,,,,,0.05,,,,,,0.008,,,,,,0.15,,,,,,0.15,,,,,,,,,,,,,,,,,0.0,,,,False,False,False,False
2026-03-26T14:00:00+00:00,,Level 4,82.5,Healthy,0.5,0.0,0.0,0.0,0.5,11.1383,55877.8,,,,0.81,11.2,7.7,13.691,17.47,20.94,20.63,233.5,229.8,233.4,3.4,7.7,1.6,2.9,2.4,1.048,,,e0423,,0.05,,,,,,0.05,,,,,,0.008,,,,,,0.15,,,,,,0.15,,,,,,,,,,,,,,,,,0.0,,,,False,False,False,False
2026-03-26T14:00:00+00:00,,Level 5,82.5,Healthy,0.5,0.0,0.0,0.0,0.5,4.58522,25735.3,,,,0.63,5.7,7.4,7.26691,9.33,10.43,9.93,243.4,243.4,246.2,7.4,1.5,2.2,2.6,3.0,0.764,,,e0501,,0.05,,,,,,0.05,,,,,,0.008,,,,,,0.15,,,,,,0.15,,,,,,,,,,,,,,,,,0.0,,,,False,False,False,False
2026-03-26T14:00:00+00:00,,Level 5,82.5,Healthy,0.5,0.0,0.0,0.0,0.5,3.98302,22466.9,,,,0.82,8.3,87.2,4.86748,6.08,7.11,6.67,243.9,244.4,247.0,80.0,87.2,1.9,3.0,1.5,0.775,,,e0502,,0.05,,,,,,0.05,,,,,,0.008,,,,,,0.15,,,,,,0.15,,,,,,,,,,,,,,,,,0.0,,,,False,False,False,False
2026-03-26T14:00:00+00:00,,Level 5,82.5,Healthy,0.5,0.0,0.0,0.0,0.5,0.720717,11999.4,,,,0.96,32.9,6.3,0.749055,0.9,1.4,0.87,237.0,235.1,237.8,6.3,5.3,1.9,2.0,1.7,0.648,,,e0503,,0.05,,,,,,0.05,,,,,,0.008,,,,,,0.15,,,,,,0.15,,,,,,,,,,,,,,,,,0.0,,,,False,False,False,False
2026-03-26T14:00:00+00:00,,Level 5,82.5,Healthy,0.5,0.0,0.0,0.0,0.5,0.490278,10001.0,,,,0.94,5.2,10.6,0.522744,0.7,0.75,0.68,245.2,245.8,247.9,10.6,7.0,2.3,2.9,2.7,0.65,,,e0504,,0.05,,,,,,0.05,,,,,,0.008,,,,,,0.15,,,,,,0.15,,,,,,,,,,,,,,,,,0.0,,,,False,False,False,False
2026-03-26T14:00:00+00:00,,Level 5,82.5,Healthy,0.5,0.0,0.0,0.0,0.5,8.79796,45716.6,,,,0.82,3.8,17.3,10.6818,14.04,14.82,14.84,243.9,244.4,246.6,14.5,17.3,1.8,2.7,2.8,0.667,,,e0505,,0.05,,,,,,0.05,,,,,,0.008,,,,,,0.15,,,,,,0.15,,,,,,,,,,,,,,,,,0.0,,,,False,False,False,False
2026-03-26T14:00:00+00:00,,Level 5,82.5,Healthy,0.5,0.0,0.0,0.0,0.5,1.51113,25069.5,,,,0.17,5.8,4.5,8.77295,11.19,12.21,12.26,244.7,245.0,247.3,4.5,2.4,1.9,1.3,2.2,0.665,,,e0506,,0.05,,,,,,0.05,,,,,,0.008,,,,,,0.15,,,,,,0.15,,,,,,,,,,,,,,,,,0.0,,,,False,False,False,False
2026-03-26T14:00:00+00:00,,Level 5,82.5,Healthy,0.5,0.0,0.0,0.0,0.5,5.14422,29036.3,,,,0.58,5.1,2.7,8.79896,11.35,12.26,12.36,243.9,244.0,246.5,2.7,2.6,1.8,1.6,2.3,0.694,,,e0507,,0.05,,,,,,0.05,,,,,,0.008,,,,,,0.15,,,,,,0.15,,,,,,,,,,,,,,,,,0.0,,,,False,False,False,False
2026-03-26T14:00:00+00:00,,Level 5,82.5,Healthy,0.5,0.0,0.0,0.0,0.5,11.1701,58383.4,,,,0.79,4.0,6.8,14.1913,19.5,19.87,20.89,236.2,234.4,236.9,6.4,6.8,1.5,2.3,2.6,0.608,,,e0508,,0.05,,,,,,0.05,,,,,,0.008,,,,,,0.15,,,,,,0.15,,,,,,,,,,,,,,,,,0.0,,,,False,False,False,False
2026-03-26T14:00:00+00:00,,Level 5,82.5,Healthy,0.5,0.0,0.0,0.0,0.5,7.6636,41380.5,,,,0.77,11.8,3.5,9.99536,12.71,15.22,12.89,244.1,243.9,246.6,2.4,3.5,1.3,2.0,1.9,0.708,,,e0509,,0.05,,,,,,0.05,,,,,,0.008,,,,,,0.15,,,,,,0.15,,,,,,,,,,,,,,,,,0.0,,,,False,False,False,False
2026-03-26T14:00:00+00:00,,Level 5,82.5,Healthy,0.5,0.0,0.0,0.0,0.5,11.9577,52470.0,,,,0.86,4.3,32.3,13.9654,18.37,19.48,19.78,242.3,242.5,245.0,32.3,31.2,2.3,3.1,3.6,0.713,,,e0510,,0.05,,,,,,0.05,,,,,,0.008,,,,,,0.15,,,,,,0.15,,,,,,,,,,,,,,,,,0.0,,,,False,False,False,False
2026-03-26T14:00:00+00:00,,Level 5,82.5,Healthy,0.5,0.0,0.0,0.0,0.5,4.03291,24122.5,,,,0.54,10.0,84.1,7.49794,9.15,10.59,10.71,244.8,245.6,247.3,84.1,64.9,3.1,2.9,3.1,0.569,,,e0511,,0.05,,,,,,0.05,,,,,,0.008,,,,,,0.15,,,,,,0.15,,,,,,,,,,,,,,,,,0.0,,,,False,False,False,False
2026-03-26T14:00:00+00:00,,Level 6,82.5,Healthy,0.5,0.0,0.0,0.0,0.5,0.512342,11948.8,,,,0.97,83.5,8.1,0.527389,1.37,0.47,0.4,236.4,235.2,238.1,6.0,8.1,2.5,1.4,1.1,0.648,,,e0602,,0.05,,,,,,0.05,,,,,,0.008,,,,,,0.15,,,,,,0.15,,,,,,,,,,,,,,,,,0.0,,,,False,False,False,False
2026-03-26T14:00:00+00:00,,Level 6,82.5,Healthy,0.5,0.0,0.0,0.0,0.5,6.63439,52460.8,,,,0.79,0.4,7.0,8.39778,11.92,11.85,11.87,235.2,233.7,236.2,7.0,4.4,1.8,1.4,1.8,0.567,,,e0603,,0.05,,,,,,0.05,,,,,,0.008,,,,,,0.15,,,,,,0.15,,,,,,,,,,,,,,,,,0.0,,,,False,False,False,False
2026-03-26T14:00:00+00:00,,Level 6,82.5,Healthy,0.5,0.0,0.0,0.0,0.5,7.27775,25031.2,,,,0.81,6.5,6.0,8.97552,11.91,13.38,12.94,234.4,232.3,235.4,2.6,6.0,2.0,3.0,1.6,0.741,,,e0604,,0.05,,,,,,0.05,,,,,,0.008,,,,,,0.15,,,,,,0.15,,,,,,,,,,,,,,,,,0.0,,,,False,False,False,False
2026-03-26T14:00:00+00:00,,Level 6,82.5,Healthy,0.5,0.0,0.0,0.0,0.5,7.19883,41142.3,,,,0.72,1.7,4.1,9.99229,14.42,13.98,14.14,234.9,233.6,236.2,4.1,3.2,2.0,1.7,1.3,0.553,,,e0605,,0.05,,,,,,0.05,,,,,,0.008,,,,,,0.15,,,,,,0.15,,,,,,,,,,,,,,,,,0.0,,,,False,False,False,False
2026-03-26T14:00:00+00:00,,Level 6,82.5,Healthy,0.5,0.0,0.0,0.0,0.5,8.30035,56541.1,,,,0.53,6.2,4.6,15.7174,21.98,21.2,23.62,231.8,234.7,238.6,4.6,1.4,1.9,0.8,2.5,1.518,,,e0606,,0.05,,,,,,0.05,,,,,,0.008,,,,,,0.15,,,,,,0.15,,,,,,,,,,,,,,,,,0.0,,,,False,False,False,False
2026-03-26T14:00:00+00:00,,Level 6,82.5,Healthy,0.5,0.0,0.0,0.0,0.5,6.67474,35779.9,,,,0.92,3.0,54.3,7.27982,10.23,10.03,10.62,234.8,233.1,236.0,54.3,47.7,0.2,2.5,1.8,0.654,,,e0607,,0.05,,,,,,0.05,,,,,,0.008,,,,,,0.15,,,,,,0.15,,,,,,,,,,,,,,,,,0.0,,,,False,False,False,False
2026-03-26T14:00:00+00:00,,Level 6,82.5,Healthy,0.5,0.0,0.0,0.0,0.5,4.44935,28402.6,,,,0.79,6.1,5.6,5.66694,8.14,7.51,8.37,232.2,235.4,239.1,4.4,5.6,2.9,3.3,3.4,1.5,,,e0611,,0.05,,,,,,0.05,,,,,,0.008,,,,,,0.15,,,,,,0.15,,,,,,,,,,,,,,,,,0.0,,,,False,False,False,False
2026-03-26T14:00:00+00:00,,Level 6,82.5,Healthy,0.5,0.0,0.0,0.0,0.5,0.47577,2418.8,,,,0.86,8.4,83.7,0.536013,5.78,6.6,6.11,29.3,29.4,29.7,83.7,57.6,1.8,2.4,2.4,0.792,,,e0622,,0.05,,,,,,0.05,,,,,,0.008,,,,,,0.15,,,,,,0.15,,,,,,,,,,,,,,,,,0.0,,,,False,False,False,False
2026-03-26T14:00:00+00:00,,Level 6,82.5,Healthy,0.5,0.0,0.0,0.0,0.5,6.69237,34801.4,,,,0.78,4.9,9.2,8.53631,12.35,12.55,11.56,235.2,231.8,236.3,4.7,9.2,2.6,2.6,1.9,1.123,,,e0625,,0.05,,,,,,0.05,,,,,,0.008,,,,,,0.15,,,,,,0.15,,,,,,,,,,,,,,,,,0.0,,,,False,False,False,False
2026-03-26T14:00:00+00:00,,Level 6,82.5,Healthy,0.5,0.0,0.0,0.0,0.5,7.19552,35905.0,,,,0.79,15.6,8.7,9.10362,12.17,11.5,14.83,236.5,235.0,237.2,8.7,2.0,3.3,2.8,1.4,0.522,,,e0626,,0.05,,,,,,0.05,,,,,,0.008,,,,,,0.15,,,,,,0.15,,,,,,,,,,,,,,,,,0.0,,,,False,False,False,False
2026-03-26T14:00:00+00:00,,Level 6,82.5,Healthy,0.5,0.0,0.0,0.0,0.5,4.50407,26506.0,,,,0.87,8.3,59.9,5.22913,7.67,6.74,7.68,236.0,234.5,237.3,59.9,55.6,0.9,2.2,1.4,0.608,,,e0627,,0.05,,,,,,0.05,,,,,,0.008,,,,,,0.15,,,,,,0.15,,,,,,,,,,,,,,,,,0.0,,,,False,False,False,False
2026-03-26T14:00:00+00:00,,Level 6,82.5,Healthy,0.5,0.0,0.0,0.0,0.5,4.57652,24603.5,,,,0.82,30.8,6.2,5.60404,7.13,6.3,10.37,235.7,234.6,235.8,6.2,2.5,1.9,1.9,2.0,0.326,,,e0628,,0.05,,,,,,0.05,,,,,,0.008,,,,,,0.15,,,,,,0.15,,,,,,,,,,,,,,,,,0.0,,,,False,False,False,False
2026-03-26T14:00:00+00:00,,Level 7,82.5,Healthy,0.5,0.0,0.0,0.0,0.5,8.24541,39622.7,,,,0.88,11.6,49.4,9.3749,14.34,13.67,11.73,236.1,234.6,237.5,39.2,49.4,2.2,2.8,3.1,0.621,,,e0701,,0.05,,,,,,0.05,,,,,,0.008,,,,,,0.15,,,,,,0.15,,,,,,,,,,,,,,,,,0.0,,,,False,False,False,False
2026-03-26T14:00:00+00:00,,Level 7,82.5,Healthy,0.5,0.0,0.0,0.0,0.5,9.94937,36672.3,,,,0.94,6.3,42.5,10.5945,15.18,14.08,15.8,236.3,234.8,237.5,42.5,39.0,1.7,2.4,2.4,0.593,,,e0702,,0.05,,,,,,0.05,,,,,,0.008,,,,,,0.15,,,,,,0.15,,,,,,,,,,,,,,,,,0.0,,,,False,False,False,False
2026-03-26T14:00:00+00:00,,Level 7,82.5,Healthy,0.5,0.0,0.0,0.0,0.5,11.3639,52876.7,,,,0.91,9.6,38.3,12.5154,19.45,16.73,17.04,234.9,233.7,236.8,33.7,38.3,2.5,3.2,2.1,0.709,,,e0703,,0.05,,,,,,0.05,,,,,,0.008,,,,,,0.15,,,,,,0.15,,,,,,,,,,,,,,,,,0.0,,,,False,False,False,False
2026-03-26T14:00:00+00:00,,Level 7,82.5,Healthy,0.5,0.0,0.0,0.0,0.5,6.0122,32322.0,,,,0.91,5.7,53.6,6.6089,9.48,8.79,9.71,235.9,234.4,237.1,53.6,50.8,0.4,1.6,1.7,0.594,,,e0704,,0.05,,,,,,0.05,,,,,,0.008,,,,,,0.15,,,,,,0.15,,,,,,,,,,,,,,,,,0.0,,,,False,False,False,False
2026-03-26T14:00:00+00:00,,Level 8,82.5,Healthy,0.5,0.0,0.0,0.0,0.5,4.64442,37835.1,,,,0.87,7.3,72.3,5.38281,7.06,7.93,7.85,231.4,234.4,238.6,72.3,68.4,3.3,3.7,3.2,1.618,,,e0801,,0.05,,,,,,0.05,,,,,,0.008,,,,,,0.15,,,,,,0.15,,,,,,,,,,,,,,,,,0.0,,,,False,False,False,False
2026-03-26T14:00:00+00:00,,Level 8,82.5,Healthy,0.5,0.0,0.0,0.0,0.5,5.70863,49117.8,,,,0.9,7.1,58.7,6.37739,9.54,8.37,9.16,232.2,235.5,239.4,58.7,53.3,2.6,2.9,3.1,1.57,,,e0802,,0.05,,,,,,0.05,,,,,,0.008,,,,,,0.15,,,,,,0.15,,,,,,,,,,,,,,,,,0.0,,,,False,False,False,False
2026-03-26T14:00:00+00:00,,Level 8,82.5,Healthy,0.5,0.0,0.0,0.0,0.5,3.57743,68135.0,,,,0.94,53.2,13.2,3.82456,7.95,5.72,2.53,235.8,234.8,237.7,4.8,13.2,1.1,2.7,2.0,0.678,,,e0803,,0.05,,,,,,0.05,,,,,,0.008,,,,,,0.15,,,,,,0.15,,,,,,,,,,,,,,,,,0.0,,,,False,False,False,False
2026-03-26T14:00:00+00:00,,Level 8,82.5,Healthy,0.5,0.0,0.0,0.0,0.5,9.00865,46143.0,,,,0.75,11.1,18.6,12.1235,18.92,15.24,17.26,232.0,235.6,239.4,13.3,18.6,2.4,0.6,1.6,1.584,,,e0804,,0.05,,,,,,0.05,,,,,,0.008,,,,,,0.15,,,,,,0.15,,,,,,,,,,,,,,,,,0.0,,,,False,False,False,False
2026-03-26T14:00:00+00:00,,Level 8,82.5,Healthy,0.5,0.0,0.0,0.0,0.5,8.93771,47705.7,,,,0.76,9.0,37.6,11.7932,18.22,15.71,16.22,231.9,235.2,239.4,30.0,37.6,3.2,2.3,2.2,1.656,,,e0805,,0.05,,,,,,0.05,,,,,,0.008,,,,,,0.15,,,,,,0.15,,,,,,,,,,,,,,,,,0.0,,,,False,False,False,False
2026-03-26T14:00:00+00:00,,Level 9,82.5,Healthy,0.5,0.0,0.0,0.0,0.5,5.67283,29374.4,,,,0.74,11.9,6.3,7.64336,12.1,9.97,10.38,232.4,235.5,237.8,6.3,2.1,3.3,1.9,2.6,1.204,,,e0901,,0.05,,,,,,0.05,,,,,,0.008,,,,,,0.15,,,,,,0.15,,,,,,,,,,,,,,,,,0.0,,,,False,False,False,False
2026-03-26T14:00:00+00:00,,Level 9,82.5,Healthy,0.5,0.0,0.0,0.0,0.5,5.17714,32482.5,,,,0.79,13.3,11.1,6.60131,10.54,9.01,8.5,233.9,236.0,238.7,8.1,11.1,4.0,3.3,3.8,1.058,,,e0902,,0.05,,,,,,0.05,,,,,,0.008,,,,,,0.15,,,,,,0.15,,,,,,,,,,,,,,,,,0.0,,,,False,False,False,False
2026-03-26T14:00:00+00:00,,Level 9,82.5,Healthy,0.5,0.0,0.0,0.0,0.5,7.69969,38609.4,,,,0.82,3.3,7.5,9.34226,13.15,12.92,13.08,233.7,236.0,238.5,3.4,7.5,4.4,2.8,3.6,1.031,,,e0903,,0.05,,,,,,0.05,,,,,,0.008,,,,,,0.15,,,,,,0.15,,,,,,,,,,,,,,,,,0.0,,,,False,False,False,False
2026-03-26T14:00:00+00:00,,Level 9,82.5,Healthy,0.5,0.0,0.0,0.0,0.5,6.53439,40188.7,,,,0.86,6.3,77.9,7.53583,10.61,10.1,11.36,231.7,235.0,238.6,77.9,58.8,3.0,3.0,3.1,1.489,,,e0904,,0.05,,,,,,0.05,,,,,,0.008,,,,,,0.15,,,,,,0.15,,,,,,,,,,,,,,,,,0.0,,,,False,False,False,False
2026-03-26T14:00:00+00:00,,Level 9,82.5,Healthy,0.5,0.0,0.0,0.0,0.5,2.68629,32402.8,,,,0.44,14.6,5.2,6.05405,7.51,9.84,8.38,233.9,234.9,238.0,5.2,2.7,3.2,2.3,2.6,1.019,,,e0905,,0.05,,,,,,0.05,,,,,,0.008,,,,,,0.15,,,,,,0.15,,,,,,,,,,,,,,,,,0.0,,,,False,False,False,False
2026-03-26T14:00:00+00:00,,Level 9,82.5,Healthy,0.5,0.0,0.0,0.0,0.5,4.68108,24397.3,,,,0.63,20.3,22.8,7.46791,10.1,8.82,12.66,234.1,236.5,238.3,18.8,22.8,3.2,2.4,2.6,0.931,,,e0906,,0.05,,,,,,0.05,,,,,,0.008,,,,,,0.15,,,,,,0.15,,,,,,,,,,,,,,,,,0.0,,,,False,False,False,False
2026-03-26T14:00:00+00:00,,Level 9,82.5,Healthy,0.5,0.0,0.0,0.0,0.5,3.52848,28824.9,,,,0.54,15.3,9.6,6.60351,8.89,10.75,8.33,233.9,235.7,238.5,9.6,5.2,2.8,2.7,1.4,1.045,,,e0907,,0.05,,,,,,0.05,,,,,,0.008,,,,,,0.15,,,,,,0.15,,,,,,,,,,,,,,,,,0.0,,,,False,False,False,False
2026-03-26T14:00:00+00:00,,Level 9,82.5,Healthy,0.5,0.0,0.0,0.0,0.5,3.89997,49208.2,,,,0.89,4.4,60.8,4.38515,6.49,5.98,6.17,233.3,235.9,238.1,60.8,57.9,2.9,3.3,3.0,1.046,,,e0908,,0.05,,,,,,0.05,,,,,,0.008,,,,,,0.15,,,,,,0.15,,,,,,,,,,,,,,,,,0.0,,,,False,False,False,False
2026-03-26T14:00:00+00:00,,Level 10,82.5,Healthy,0.5,0.0,0.0,0.0,0.5,3.17171,16581.6,,,,0.95,69.6,44.4,3.34588,6.27,6.53,1.45,233.1,235.7,237.3,44.4,37.8,3.2,2.8,2.8,0.963,,,e1001,,0.05,,,,,,0.05,,,,,,0.008,,,,,,0.15,,,,,,0.15,,,,,,,,,,,,,,,,,0.0,,,,False,False,False,False
2026-03-26T14:00:00+00:00,,Level 10,82.5,Healthy,0.5,0.0,0.0,0.0,0.5,9.92084,61794.0,,,,0.91,14.9,42.8,10.8224,15.21,13.14,17.59,233.9,236.3,238.2,42.8,32.9,3.2,2.4,2.3,0.946,,,e1002,,0.05,,,,,,0.05,,,,,,0.008,,,,,,0.15,,,,,,0.15,,,,,,,,,,,,,,,,,0.0,,,,False,False,False,False
2026-03-26T14:00:00+00:00,,Level 10,82.5,Healthy,0.5,0.0,0.0,0.0,0.5,6.96679,49955.8,,,,0.92,11.6,47.4,7.62205,9.89,10.29,11.95,233.8,235.9,237.9,47.4,38.3,3.6,4.0,3.2,0.876,,,e1003,,0.05,,,,,,0.05,,,,,,0.008,,,,,,0.15,,,,,,0.15,,,,,,,,,,,,,,,,,0.0,,,,False,False,False,False
2026-03-26T14:00:00+00:00,,Level 10,82.5,Healthy,0.5,0.0,0.0,0.0,0.5,3.91492,23356.4,,,,0.95,1.5,40.0,4.11449,5.92,5.75,5.82,233.1,235.7,237.7,40.0,39.8,3.8,3.7,3.2,1.019,,,e1004,,0.05,,,,,,0.05,,,,,,0.008,,,,,,0.15,,,,,,0.15,,,,,,,,,,,,,,,,,0.0,,,,False,False,False,False
2026-03-26T14:00:00+00:00,,Level 10,82.5,Healthy,0.5,0.0,0.0,0.0,0.5,3.38726,42153.8,,,,0.94,7.2,48.3,3.62104,5.28,5.39,4.79,230.9,234.4,238.8,44.6,48.3,3.4,3.4,4.0,1.747,,,e1005,,0.05,,,,,,0.05,,,,,,0.008,,,,,,0.15,,,,,,0.15,,,,,,,,,,,,,,,,,0.0,,,,False,False,False,False
2026-03-26T14:00:00+00:00,,Level 10,82.5,Healthy,0.5,0.0,0.0,0.0,0.5,8.3036,46011.9,,,,0.92,7.4,42.6,9.04011,13.45,11.82,13.03,233.8,236.1,238.4,40.6,42.6,2.7,2.6,3.2,0.974,,,e1006,,0.05,,,,,,0.05,,,,,,0.008,,,,,,0.15,,,,,,0.15,,,,,,,,,,,,,,,,,0.0,,,,False,False,False,False
2026-03-26T14:00:00+00:00,,Level 10,82.5,Healthy,0.5,0.0,0.0,0.0,0.5,7.04106,26880.9,,,,0.92,4.3,50.7,7.71063,10.54,10.75,11.35,233.5,235.7,237.9,50.7,42.3,3.9,2.9,3.0,0.933,,,e1007,,0.05,,,,,,0.05,,,,,,0.008,,,,,,0.15,,,,,,0.15,,,,,,,,,,,,,,,,,0.0,,,,False,False,False,False
2026-03-26T14:00:00+00:00,,Level 10,82.5,Healthy,0.5,0.0,0.0,0.0,0.5,6.70669,38645.5,,,,0.96,11.8,37.3,6.99688,8.77,11.11,9.98,232.5,234.8,236.8,37.3,36.8,3.5,3.2,3.6,0.937,,,e1008,,0.05,,,,,,0.05,,,,,,0.008,,,,,,0.15,,,,,,0.15,,,,,,,,,,,,,,,,,0.0,,,,False,False,False,False
2026-03-26T14:00:00+00:00,,Level 11,82.5,Healthy,0.5,0.0,0.0,0.0,0.5,-0.688063,0.0,,,,-0.99,16.3,23.9,0.69771,0.89,0.91,1.15,234.4,236.5,238.7,23.9,3.8,3.0,1.9,2.2,0.916,,,e1101,,0.05,,,,,,0.05,,,,,,0.008,,,,,,0.15,,,,,,0.15,,,,,,,,,,,,,,,,,0.0,,,,False,False,False,False
2026-03-26T14:00:00+00:00,,Level 11,82.5,Healthy,0.5,0.0,0.0,0.0,0.5,7.54646,55912.8,,,,0.89,5.3,41.3,8.50996,12.49,11.36,12.14,234.2,236.5,238.8,40.2,41.3,3.3,0.5,1.7,0.973,,,e1102,,0.05,,,,,,0.05,,,,,,0.008,,,,,,0.15,,,,,,0.15,,,,,,,,,,,,,,,,,0.0,,,,False,False,False,False
2026-03-26T14:00:00+00:00,,Level 11,82.5,Healthy,0.5,0.0,0.0,0.0,0.5,11.4988,40621.7,,,,0.95,10.0,37.5,12.1517,18.89,16.5,16.12,233.8,236.2,238.7,32.1,37.5,3.2,3.2,1.8,1.044,,,e1103,,0.05,,,,,,0.05,,,,,,0.008,,,,,,0.15,,,,,,0.15,,,,,,,,,,,,,,,,,0.0,,,,False,False,False,False
2026-03-26T14:00:00+00:00,,Level 11,82.5,Healthy,0.5,0.0,0.0,0.0,0.5,4.36781,22858.5,,,,0.9,8.1,52.4,4.84312,7.22,6.29,7.03,233.1,235.9,238.2,52.4,51.5,4.2,2.5,2.0,1.117,,,e1104,,0.05,,,,,,0.05,,,,,,0.008,,,,,,0.15,,,,,,0.15,,,,,,,,,,,,,,,,,0.0,,,,False,False,False,False
2026-03-26T14:00:00+00:00,,Level 11,82.5,Healthy,0.5,0.0,0.0,0.0,0.5,2.58498,28925.5,,,,0.86,12.9,79.5,2.9966,4.79,4.03,3.92,231.8,235.2,239.4,59.9,79.5,2.5,0.8,2.0,1.67,,,e1105,,0.05,,,,,,0.05,,,,,,0.008,,,,,,0.15,,,,,,0.15,,,,,,,,,,,,,,,,,0.0,,,,False,False,False,False
2026-03-26T14:00:00+00:00,,Level 11,82.5,Healthy,0.5,0.0,0.0,0.0,0.5,10.8743,58298.7,,,,0.95,6.4,35.0,11.4506,16.97,15.17,16.5,231.9,235.3,239.0,35.0,31.3,2.4,3.9,2.9,1.529,,,e1106,,0.05,,,,,,0.05,,,,,,0.008,,,,,,0.15,,,,,,0.15,,,,,,,,,,,,,,,,,0.0,,,,False,False,False,False
2026-03-26T14:00:00+00:00,,Level 11,82.5,Healthy,0.5,0.0,0.0,0.0,0.5,8.61201,27990.1,,,,0.92,5.1,49.5,9.34993,12.52,13.5,13.73,232.5,235.8,239.4,49.5,37.8,2.7,3.3,3.7,1.484,,,e1107,,0.05,,,,,,0.05,,,,,,0.008,,,,,,0.15,,,,,,0.15,,,,,,,,,,,,,,,,,0.0,,,,False,False,False,False
2026-03-26T14:00:00+00:00,,Level 11,82.5,Healthy,0.5,0.0,0.0,0.0,0.5,3.1347,33400.1,,,,0.64,15.8,73.1,4.90022,7.42,7.61,5.84,231.1,235.4,238.3,60.7,73.1,2.8,2.9,3.0,1.632,,,e1108,,0.05,,,,,,0.05,,,,,,0.008,,,,,,0.15,,,,,,0.15,,,,,,,,,,,,,,,,,0.0,,,,False,False,False,False
2026-03-26T16:00:00+00:00,,Level 1,82.5,Healthy,0.5,0.0,0.0,0.0,0.5,0.371963,10609.1,,,,0.36,22.7,13.3,1.04045,1.8,1.36,1.24,237.9,239.2,236.3,13.3,7.2,1.5,2.1,2.8,0.631,,,e0101,,0.05,,,,,,0.05,,,,,,0.008,,,,,,0.15,,,,,,0.15,,,,,,,,,,,,,,,,,0.0,,,,False,False,False,False
2026-03-26T16:00:00+00:00,,Level 1,82.5,Healthy,0.5,0.0,0.0,0.0,0.5,3.77437,20474.4,,,,0.79,25.3,6.3,4.7489,5.95,5.74,8.38,237.4,235.9,237.1,4.0,6.3,2.1,3.1,2.1,0.38,,,e0102,,0.05,,,,,,0.05,,,,,,0.008,,,,,,0.15,,,,,,0.15,,,,,,,,,,,,,,,,,0.0,,,,False,False,False,False
2026-03-26T16:00:00+00:00,,Level 1,82.5,Healthy,0.5,0.0,0.0,0.0,0.5,6.81911,37289.7,,,,0.79,15.8,6.9,8.62662,14.02,11.16,11.16,236.9,235.7,238.7,6.9,4.6,0.8,2.1,2.6,0.675,,,e0103,,0.05,,,,,,0.05,,,,,,0.008,,,,,,0.15,,,,,,0.15,,,,,,,,,,,,,,,,,0.0,,,,False,False,False,False
2026-03-26T16:00:00+00:00,,Level 1,82.5,Healthy,0.5,0.0,0.0,0.0,0.5,6.27233,34036.1,,,,0.73,1.5,7.7,8.54328,12.02,11.84,12.19,237.8,235.7,238.6,3.5,7.7,1.7,2.6,3.2,0.702,,,e0104,,0.05,,,,,,0.05,,,,,,0.008,,,,,,0.15,,,,,,0.15,,,,,,,,,,,,,,,,,0.0,,,,False,False,False,False
2026-03-26T16:00:00+00:00,,Level 1,82.5,Healthy,0.5,0.0,0.0,0.0,0.5,8.21855,1299272.0,,,,0.73,34.2,15.2,11.3002,16.95,19.73,10.34,240.7,239.5,242.3,5.4,15.2,1.8,0.6,1.5,0.609,,,e0105,,0.05,,,,,,0.05,,,,,,0.008,,,,,,0.15,,,,,,0.15,,,,,,,,,,,,,,,,,0.0,,,,False,False,False,False
2026-03-26T16:00:00+00:00,,Level 1,82.5,Healthy,0.5,0.0,0.0,0.0,0.5,1.24918,15462.2,,,,0.84,99.3,2.0,1.47916,4.13,1.06,1.02,237.9,236.5,240.2,1.2,2.0,2.9,2.7,1.9,0.84,,,e0106,,0.05,,,,,,0.05,,,,,,0.008,,,,,,0.15,,,,,,0.15,,,,,,,,,,,,,,,,,0.0,,,,False,False,False,False
2026-03-26T16:00:00+00:00,,Level 1,82.5,Healthy,0.5,0.0,0.0,0.0,0.5,0.238549,6466.5,,,,0.9,77.4,9.3,0.266318,0.66,0.19,0.27,239.0,237.1,240.1,6.7,9.3,2.0,1.8,2.2,0.684,,,e0107,,0.05,,,,,,0.05,,,,,,0.008,,,,,,0.15,,,,,,0.15,,,,,,,,,,,,,,,,,0.0,,,,False,False,False,False
2026-03-26T16:00:00+00:00,,Level 1,82.5,Healthy,0.5,0.0,0.0,0.0,0.5,5.69025,30584.2,,,,0.73,1.6,4.0,7.77837,10.44,10.67,10.38,245.7,245.9,247.9,3.3,4.0,2.9,1.8,2.9,0.568,,,e0108,,0.05,,,,,,0.05,,,,,,0.008,,,,,,0.15,,,,,,0.15,,,,,,,,,,,,,,,,,0.0,,,,False,False,False,False
2026-03-26T16:00:00+00:00,,Level 1,82.5,Healthy,0.5,0.0,0.0,0.0,0.5,1.85518,8903.1,,,,0.75,13.7,5.0,2.47055,3.16,3.95,3.31,238.8,236.9,239.6,2.9,5.0,0.8,2.4,2.8,0.643,,,e0109,,0.05,,,,,,0.05,,,,,,0.008,,,,,,0.15,,,,,,0.15,,,,,,,,,,,,,,,,,0.0,,,,False,False,False,False
2026-03-26T16:00:00+00:00,,Level 1,82.5,Healthy,0.5,0.0,0.0,0.0,0.5,11.378,58791.9,,,,0.78,2.1,7.3,14.6096,20.56,20.14,21.0,236.9,235.2,238.0,7.3,5.8,1.9,0.8,1.2,0.634,,,e0110,,0.05,,,,,,0.05,,,,,,0.008,,,,,,0.15,,,,,,0.15,,,,,,,,,,,,,,,,,0.0,,,,False,False,False,False
2026-03-26T16:00:00+00:00,,Level 1,82.5,Healthy,0.5,0.0,0.0,0.0,0.5,0.246447,4229.2,,,,0.68,11.7,99.7,0.36395,0.54,0.44,0.53,238.1,236.2,239.1,99.7,18.5,1.8,1.7,1.6,0.673,,,e0111,,0.05,,,,,,0.05,,,,,,0.008,,,,,,0.15,,,,,,0.15,,,,,,,,,,,,,,,,,0.0,,,,False,False,False,False
2026-03-26T16:00:00+00:00,,Level 1,82.5,Healthy,0.5,0.0,0.0,0.0,0.5,2.82126,16089.7,,,,0.56,5.7,,5.02239,6.46,6.96,7.09,244.8,245.4,247.3,,,2.1,2.5,1.7,0.597,,,e0112,,0.05,,,,,,0.05,,,,,,0.008,,,,,,0.15,,,,,,0.15,,,,,,,,,,,,,,,,,0.0,,,,False,False,False,False
2026-03-26T16:00:00+00:00,,Level 1,82.5,Healthy,0.5,0.0,0.0,0.0,0.5,3.25759,18562.9,,,,0.38,2.4,4.6,8.60646,11.42,11.86,11.82,244.0,244.5,246.7,4.1,4.6,2.7,2.9,2.9,0.666,,,e0113,,0.05,,,,,,0.05,,,,,,0.008,,,,,,0.15,,,,,,0.15,,,,,,,,,,,,,,,,,0.0,,,,False,False,False,False
2026-03-26T16:00:00+00:00,,Level 1,82.5,Healthy,0.5,0.0,0.0,0.0,0.5,7.67621,41186.4,,,,0.8,2.6,8.2,9.64255,13.18,13.53,12.86,242.7,243.1,245.1,6.0,8.2,2.0,2.7,2.9,0.602,,,e0114,,0.05,,,,,,0.05,,,,,,0.008,,,,,,0.15,,,,,,0.15,,,,,,,,,,,,,,,,,0.0,,,,False,False,False,False
2026-03-26T16:00:00+00:00,,Level 1,82.5,Healthy,0.5,0.0,0.0,0.0,0.5,6.84685,36628.4,,,,0.77,5.4,4.8,8.94089,11.51,12.42,12.58,244.2,244.2,246.3,4.8,1.5,2.5,3.2,3.1,0.572,,,e0115,,0.05,,,,,,0.05,,,,,,0.008,,,,,,0.15,,,,,,0.15,,,,,,,,,,,,,,,,,0.0,,,,False,False,False,False
2026-03-26T16:00:00+00:00,,Level 1,82.5,Healthy,0.5,0.0,0.0,0.0,0.5,6.55878,35090.8,,,,0.74,5.6,13.2,8.90242,12.66,11.4,12.16,244.3,245.0,247.0,13.2,8.9,2.5,2.2,1.3,0.638,,,e0116,,0.05,,,,,,0.05,,,,,,0.008,,,,,,0.15,,,,,,0.15,,,,,,,,,,,,,,,,,0.0,,,,False,False,False,False
2026-03-26T16:00:00+00:00,,Level 1,82.5,Healthy,0.5,0.0,0.0,0.0,0.5,11.5928,61061.2,,,,0.78,6.6,5.1,14.9493,20.2,22.5,20.63,236.7,234.3,237.3,4.8,5.1,2.9,3.0,2.6,0.762,,,e0117,,0.05,,,,,,0.05,,,,,,0.008,,,,,,0.15,,,,,,0.15,,,,,,,,,,,,,,,,,0.0,,,,False,False,False,False
2026-03-26T16:00:00+00:00,,Level 1,82.5,Healthy,0.5,0.0,0.0,0.0,0.5,6.14345,33567.7,,,,0.68,2.3,5.3,9.05004,12.54,12.98,12.97,236.1,234.1,236.8,5.3,2.4,1.9,2.2,1.8,0.665,,,e0118,,0.05,,,,,,0.05,,,,,,0.008,,,,,,0.15,,,,,,0.15,,,,,,,,,,,,,,,,,0.0,,,,False,False,False,False
2026-03-26T16:00:00+00:00,,Level 1,82.5,Healthy,0.5,0.0,0.0,0.0,0.5,4.01646,16203.8,,,,0.45,67.0,4.5,8.93197,7.58,20.17,8.49,246.0,245.8,247.8,4.2,4.5,0.8,2.6,2.2,0.514,,,e0120,,0.05,,,,,,0.05,,,,,,0.008,,,,,,0.15,,,,,,0.15,,,,,,,,,,,,,,,,,0.0,,,,False,False,False,False
2026-03-26T16:00:00+00:00,,Level 1,82.5,Healthy,0.5,0.0,0.0,0.0,0.5,15.0167,85415.3,,,,0.81,6.1,9.6,18.7504,26.07,24.58,27.73,237.7,236.1,238.6,9.6,3.5,1.4,2.4,1.0,0.576,,,e0121,,0.05,,,,,,0.05,,,,,,0.008,,,,,,0.15,,,,,,0.15,,,,,,,,,,,,,,,,,0.0,,,,False,False,False,False
2026-03-26T16:00:00+00:00,,Level 2,82.5,Healthy,0.5,0.0,0.0,0.0,0.5,2.05205,17398.7,,,,0.58,79.9,6.9,3.51782,8.88,2.97,2.94,237.9,237.0,240.2,6.0,6.9,1.4,3.5,2.1,0.769,,,e0201,,0.05,,,,,,0.05,,,,,,0.008,,,,,,0.15,,,,,,0.15,,,,,,,,,,,,,,,,,0.0,,,,False,False,False,False
2026-03-26T16:00:00+00:00,,Level 2,82.5,Healthy,0.5,0.0,0.0,0.0,0.5,2.20663,8632.6,,,,0.89,16.1,70.6,2.46653,4.04,3.49,2.92,237.0,235.5,239.3,51.1,70.6,1.5,1.6,3.0,0.857,,,e0202,,0.05,,,,,,0.05,,,,,,0.008,,,,,,0.15,,,,,,0.15,,,,,,,,,,,,,,,,,0.0,,,,False,False,False,False
2026-03-26T16:00:00+00:00,,Level 2,82.5,Healthy,0.5,0.0,0.0,0.0,0.5,1.26392,5342.4,,,,0.79,6.2,97.3,1.59093,2.38,2.11,2.19,238.0,235.8,239.4,84.6,97.3,2.7,2.9,1.6,0.813,,,e0203,,0.05,,,,,,0.05,,,,,,0.008,,,,,,0.15,,,,,,0.15,,,,,,,,,,,,,,,,,0.0,,,,False,False,False,False
2026-03-26T16:00:00+00:00,,Level 2,82.5,Healthy,0.5,0.0,0.0,0.0,0.5,0.244112,13410.9,,,,0.58,86.0,39.6,0.420585,0.99,0.08,0.69,238.6,237.0,239.8,39.6,12.5,2.3,0.6,1.5,0.615,,,e0204,,0.05,,,,,,0.05,,,,,,0.008,,,,,,0.15,,,,,,0.15,,,,,,,,,,,,,,,,,0.0,,,,False,False,False,False
2026-03-26T16:00:00+00:00,,Level 2,82.5,Healthy,0.5,0.0,0.0,0.0,0.5,0.326617,11254.0,,,,0.77,11.9,17.5,0.423212,1.4,0.04,0.34,238.3,236.8,239.7,17.5,9.8,0.8,2.3,2.6,0.616,,,e0205,,0.05,,,,,,0.05,,,,,,0.008,,,,,,0.15,,,,,,0.15,,,,,,,,,,,,,,,,,0.0,,,,False,False,False,False
2026-03-26T16:00:00+00:00,,Level 2,82.5,Healthy,0.5,0.0,0.0,0.0,0.5,4.80724,12951.3,,,,0.9,27.0,8.3,5.32612,5.46,7.66,9.27,238.3,236.4,238.8,4.8,8.3,0.6,1.7,2.0,0.603,,,e0206,,0.05,,,,,,0.05,,,,,,0.008,,,,,,0.15,,,,,,0.15,,,,,,,,,,,,,,,,,0.0,,,,False,False,False,False
2026-03-26T16:00:00+00:00,,Level 2,82.5,Healthy,0.5,0.0,0.0,0.0,0.5,0.776469,11497.2,,,,0.96,49.5,6.8,0.81224,0.7,1.01,1.7,238.5,236.7,239.3,4.4,6.8,0.4,1.8,1.8,0.616,,,e0207,,0.05,,,,,,0.05,,,,,,0.008,,,,,,0.15,,,,,,0.15,,,,,,,,,,,,,,,,,0.0,,,,False,False,False,False
2026-03-26T16:00:00+00:00,,Level 2,82.5,Healthy,0.5,0.0,0.0,0.0,0.5,5.62648,31212.2,,,,0.79,6.3,8.8,7.10931,9.61,9.93,10.72,235.9,234.1,236.9,5.5,8.8,4.0,1.0,2.6,0.651,,,e0208,,0.05,,,,,,0.05,,,,,,0.008,,,,,,0.15,,,,,,0.15,,,,,,,,,,,,,,,,,0.0,,,,False,False,False,False
2026-03-26T16:00:00+00:00,,Level 2,82.5,Healthy,0.5,0.0,0.0,0.0,0.5,7.748,41975.3,,,,0.85,4.2,7.5,9.066,12.69,12.61,13.48,234.7,233.1,235.7,6.9,7.5,3.3,3.1,1.2,0.597,,,e0209,,0.05,,,,,,0.05,,,,,,0.008,,,,,,0.15,,,,,,0.15,,,,,,,,,,,,,,,,,0.0,,,,False,False,False,False
2026-03-26T16:00:00+00:00,,Level 2,82.5,Healthy,0.5,0.0,0.0,0.0,0.5,0.0,24522.9,,,,0.0,0.0,0.0,0.0,0.0,0.0,0.0,237.4,235.7,238.5,0.0,0.0,1.6,1.7,1.2,0.632,,,e0210,,0.05,,,,,,0.05,,,,,,0.008,,,,,,0.15,,,,,,0.15,,,,,,,,,,,,,,,,,0.0,,,,False,False,False,False
2026-03-26T16:00:00+00:00,,Level 2,82.5,Healthy,0.5,0.0,0.0,0.0,0.5,4.00505,36705.9,,,,0.68,24.1,5.2,5.88589,10.3,6.63,7.96,236.1,235.0,237.9,5.2,0.4,2.7,3.0,2.4,0.663,,,e0211,,0.05,,,,,,0.05,,,,,,0.008,,,,,,0.15,,,,,,0.15,,,,,,,,,,,,,,,,,0.0,,,,False,False,False,False
2026-03-26T16:00:00+00:00,,Level 2,82.5,Healthy,0.5,0.0,0.0,0.0,0.5,1.01207,8142.3,,,,0.74,6.3,89.3,1.3764,1.76,1.98,1.85,245.4,246.1,248.2,89.3,,3.3,1.3,1.9,0.662,,,e0212,,0.05,,,,,,0.05,,,,,,0.008,,,,,,0.15,,,,,,0.15,,,,,,,,,,,,,,,,,0.0,,,,False,False,False,False
2026-03-26T16:00:00+00:00,,Level 2,82.5,Healthy,0.5,0.0,0.0,0.0,0.5,9.29148,50430.4,,,,0.84,7.0,2.9,11.0746,15.23,16.88,15.22,234.4,231.3,235.2,2.9,2.4,3.5,0.8,1.0,0.999,,,e0213,,0.05,,,,,,0.05,,,,,,0.008,,,,,,0.15,,,,,,0.15,,,,,,,,,,,,,,,,,0.0,,,,False,False,False,False
2026-03-26T16:00:00+00:00,,Level 2,82.5,Healthy,0.5,0.0,0.0,0.0,0.5,1.20347,6940.9,,,,0.56,4.7,8.4,2.12691,3.11,2.85,3.02,237.0,235.1,238.1,8.4,6.0,1.4,1.0,0.7,0.69,,,e0214,,0.05,,,,,,0.05,,,,,,0.008,,,,,,0.15,,,,,,0.15,,,,,,,,,,,,,,,,,0.0,,,,False,False,False,False
2026-03-26T16:00:00+00:00,,Level 2,82.5,Healthy,0.5,0.0,0.0,0.0,0.5,10.2293,46295.7,,,,0.95,44.0,25.4,10.8673,17.71,19.31,8.49,238.3,236.7,239.8,18.1,25.4,1.7,2.0,3.8,0.658,,,e0215,,0.05,,,,,,0.05,,,,,,0.008,,,,,,0.15,,,,,,0.15,,,,,,,,,,,,,,,,,0.0,,,,False,False,False,False
2026-03-26T16:00:00+00:00,,Level 2,82.5,Healthy,0.5,0.0,0.0,0.0,0.5,1.51157,10341.7,,,,0.88,9.5,64.1,1.70791,2.29,2.61,2.29,238.5,236.8,239.7,58.1,64.1,2.4,2.0,1.9,0.643,,,e0216,,0.05,,,,,,0.05,,,,,,0.008,,,,,,0.15,,,,,,0.15,,,,,,,,,,,,,,,,,0.0,,,,False,False,False,False
2026-03-26T16:00:00+00:00,,Level 2,82.5,Healthy,0.5,0.0,0.0,0.0,0.5,0.403341,9353.4,,,,0.78,8.1,25.3,0.520511,1.67,0.23,0.3,237.4,236.0,239.2,25.3,8.9,1.7,1.1,2.6,0.702,,,e0217,,0.05,,,,,,0.05,,,,,,0.008,,,,,,0.15,,,,,,0.15,,,,,,,,,,,,,,,,,0.0,,,,False,False,False,False
2026-03-26T16:00:00+00:00,,Level 2,82.5,Healthy,0.5,0.0,0.0,0.0,0.5,6.31197,27385.1,,,,0.87,29.7,40.9,7.23529,9.97,7.5,13.22,234.9,234.4,235.2,40.9,26.9,0.2,1.1,1.7,0.185,,,e0218,,0.05,,,,,,0.05,,,,,,0.008,,,,,,0.15,,,,,,0.15,,,,,,,,,,,,,,,,,0.0,,,,False,False,False,False
2026-03-26T16:00:00+00:00,,Level 3,82.5,Healthy,0.5,0.0,0.0,0.0,0.5,7.52716,34073.3,,,,0.8,1.6,5.6,9.35352,13.14,12.95,13.37,237.1,235.1,238.2,2.6,5.6,2.3,1.2,1.4,0.718,,,e0301,,0.05,,,,,,0.05,,,,,,0.008,,,,,,0.15,,,,,,0.15,,,,,,,,,,,,,,,,,0.0,,,,False,False,False,False
2026-03-26T16:00:00+00:00,,Level 3,82.5,Healthy,0.5,0.0,0.0,0.0,0.5,3.00637,17108.3,,,,0.25,3.6,4.6,12.0375,15.87,16.1,16.88,245.6,245.5,247.7,4.6,2.2,2.3,2.7,2.1,0.582,,,e0303,,0.05,,,,,,0.05,,,,,,0.008,,,,,,0.15,,,,,,0.15,,,,,,,,,,,,,,,,,0.0,,,,False,False,False,False
2026-03-26T16:00:00+00:00,,Level 3,82.5,Healthy,0.5,0.0,0.0,0.0,0.5,1.4204,29799.7,,,,0.87,38.3,6.6,1.63827,1.41,2.34,3.14,238.0,236.1,238.7,6.6,5.8,4.3,3.1,2.6,0.631,,,e0304,,0.05,,,,,,0.05,,,,,,0.008,,,,,,0.15,,,,,,0.15,,,,,,,,,,,,,,,,,0.0,,,,False,False,False,False
2026-03-26T16:00:00+00:00,,Level 3,82.5,Healthy,0.5,0.0,0.0,0.0,0.5,0.282895,14451.1,,,,0.83,89.1,15.3,0.340979,0.22,0.31,0.91,237.2,235.6,238.2,15.3,11.5,1.0,2.1,1.2,0.591,,,e0306,,0.05,,,,,,0.05,,,,,,0.008,,,,,,0.15,,,,,,0.15,,,,,,,,,,,,,,,,,0.0,,,,False,False,False,False
2026-03-26T16:00:00+00:00,,Level 3,82.5,Healthy,0.5,0.0,0.0,0.0,0.5,9.49033,36599.7,,,,0.78,1.5,5.1,12.2761,17.28,17.58,17.11,236.1,234.1,237.2,3.4,5.1,1.5,3.6,3.8,0.721,,,e0307,,0.05,,,,,,0.05,,,,,,0.008,,,,,,0.15,,,,,,0.15,,,,,,,,,,,,,,,,,0.0,,,,False,False,False,False
2026-03-26T16:00:00+00:00,,Level 3,82.5,Healthy,0.5,0.0,0.0,0.0,0.5,0.827218,18440.2,,,,0.93,75.0,12.8,0.885133,1.76,1.67,0.31,237.8,235.7,239.3,4.1,12.8,1.8,1.3,1.7,0.8,,,e0308,,0.05,,,,,,0.05,,,,,,0.008,,,,,,0.15,,,,,,0.15,,,,,,,,,,,,,,,,,0.0,,,,False,False,False,False
2026-03-26T16:00:00+00:00,,Level 3,82.5,Healthy,0.5,0.0,0.0,0.0,0.5,1.53265,21027.2,,,,0.97,31.7,8.9,1.58654,1.97,2.98,1.81,237.2,235.3,238.5,8.9,7.1,2.9,1.7,1.3,0.717,,,e0311,,0.05,,,,,,0.05,,,,,,0.008,,,,,,0.15,,,,,,0.15,,,,,,,,,,,,,,,,,0.0,,,,False,False,False,False
2026-03-26T16:00:00+00:00,,Level 3,82.5,Healthy,0.5,0.0,0.0,0.0,0.5,0.0640093,11430.8,,,,0.84,4.2,46.0,0.0761183,0.25,0.04,0.03,237.6,236.0,238.8,4.7,46.0,4.6,3.7,2.1,0.618,,,e0312,,0.05,,,,,,0.05,,,,,,0.008,,,,,,0.15,,,,,,0.15,,,,,,,,,,,,,,,,,0.0,,,,False,False,False,False
2026-03-26T16:00:00+00:00,,Level 3,82.5,Healthy,0.5,0.0,0.0,0.0,0.5,1.49822,16250.7,,,,0.95,72.9,8.0,1.57121,3.82,1.59,1.22,237.5,236.6,239.8,8.0,1.8,3.1,1.2,1.8,0.77,,,e0313,,0.05,,,,,,0.05,,,,,,0.008,,,,,,0.15,,,,,,0.15,,,,,,,,,,,,,,,,,0.0,,,,False,False,False,False
2026-03-26T16:00:00+00:00,,Level 3,82.5,Healthy,0.5,0.0,0.0,0.0,0.5,6.03568,22720.2,,,,0.75,3.5,8.9,8.01877,10.55,11.29,10.89,244.7,244.5,247.0,3.2,8.9,2.3,2.8,2.2,0.652,,,e0314,,0.05,,,,,,0.05,,,,,,0.008,,,,,,0.15,,,,,,0.15,,,,,,,,,,,,,,,,,0.0,,,,False,False,False,False
2026-03-26T16:00:00+00:00,,Level 3,82.5,Healthy,0.5,0.0,0.0,0.0,0.5,1.4639,5954.2,,,,0.62,1.5,9.8,2.34925,3.18,3.25,3.17,245.9,245.6,247.9,9.8,4.3,3.0,2.5,2.3,0.582,,,e0315,,0.05,,,,,,0.05,,,,,,0.008,,,,,,0.15,,,,,,0.15,,,,,,,,,,,,,,,,,0.0,,,,False,False,False,False
2026-03-26T16:00:00+00:00,,Level 4,82.5,Healthy,0.5,0.0,0.0,0.0,0.5,4.4646,17435.2,,,,0.51,21.1,9.7,8.67958,14.83,9.95,11.88,237.1,236.5,238.9,9.7,8.5,1.3,1.5,1.4,0.589,,,e0401,,0.05,,,,,,0.05,,,,,,0.008,,,,,,0.15,,,,,,0.15,,,,,,,,,,,,,,,,,0.0,,,,False,False,False,False
2026-03-26T16:00:00+00:00,,Level 4,82.5,Healthy,0.5,0.0,0.0,0.0,0.5,9.79166,48085.0,,,,0.64,3.1,11.1,15.3415,21.7,20.95,22.15,237.2,235.4,238.3,8.8,11.1,2.1,2.2,2.7,0.661,,,e0402,,0.05,,,,,,0.05,,,,,,0.008,,,,,,0.15,,,,,,0.15,,,,,,,,,,,,,,,,,0.0,,,,False,False,False,False
2026-03-26T16:00:00+00:00,,Level 4,82.5,Healthy,0.5,0.0,0.0,0.0,0.5,1.90894,9876.6,,,,0.56,12.2,4.6,3.40031,4.5,4.12,5.15,246.0,246.3,247.9,4.6,1.5,1.5,1.1,2.1,0.473,,,e0403,,0.05,,,,,,0.05,,,,,,0.008,,,,,,0.15,,,,,,0.15,,,,,,,,,,,,,,,,,0.0,,,,False,False,False,False
2026-03-26T16:00:00+00:00,,Level 4,82.5,Healthy,0.5,0.0,0.0,0.0,0.5,4.08529,24018.5,,,,0.72,8.4,7.3,5.71566,7.36,8.21,8.54,237.7,235.4,238.4,7.3,1.5,2.0,3.3,2.0,0.745,,,e0404,,0.05,,,,,,0.05,,,,,,0.008,,,,,,0.15,,,,,,0.15,,,,,,,,,,,,,,,,,0.0,,,,False,False,False,False
2026-03-26T16:00:00+00:00,,Level 4,82.5,Healthy,0.5,0.0,0.0,0.0,0.5,0.0487496,127160.3,,,,0.41,4.6,73.3,0.118264,0.0,0.38,0.1,246.1,246.2,248.2,0.0,73.3,1.1,2.0,2.4,0.554,,,e0406,,0.05,,,,,,0.05,,,,,,0.008,,,,,,0.15,,,,,,0.15,,,,,,,,,,,,,,,,,0.0,,,,False,False,False,False
2026-03-26T16:00:00+00:00,,Level 4,82.5,Healthy,0.5,0.0,0.0,0.0,0.5,0.565344,13916.9,,,,0.95,29.8,3.0,0.592977,1.08,0.63,0.79,238.6,236.8,239.5,2.1,3.0,1.8,1.9,1.6,0.629,,,e0407,,0.05,,,,,,0.05,,,,,,0.008,,,,,,0.15,,,,,,0.15,,,,,,,,,,,,,,,,,0.0,,,,False,False,False,False
2026-03-26T16:00:00+00:00,,Level 4,82.5,Healthy,0.5,0.0,0.0,0.0,0.5,3.19495,16297.5,,,,0.6,10.8,9.9,5.35339,7.03,7.15,8.31,238.3,236.4,238.9,9.3,9.9,1.8,1.8,1.5,0.617,,,e0408,,0.05,,,,,,0.05,,,,,,0.008,,,,,,0.15,,,,,,0.15,,,,,,,,,,,,,,,,,0.0,,,,False,False,False,False
2026-03-26T16:00:00+00:00,,Level 4,82.5,Healthy,0.5,0.0,0.0,0.0,0.5,6.77303,36068.1,,,,0.64,10.5,9.8,10.5807,13.12,13.91,15.75,245.9,246.1,247.8,9.8,7.8,2.7,2.6,2.4,0.487,,,e0409,,0.05,,,,,,0.05,,,,,,0.008,,,,,,0.15,,,,,,0.15,,,,,,,,,,,,,,,,,0.0,,,,False,False,False,False
2026-03-26T16:00:00+00:00,,Level 4,82.5,Healthy,0.5,0.0,0.0,0.0,0.5,26.9744,156658.4,,,,0.75,1.3,25.4,35.7526,48.65,47.54,47.97,246.9,247.6,249.2,25.4,24.6,3.1,3.4,3.2,0.524,,,e0411,,0.05,,,,,,0.05,,,,,,0.008,,,,,,0.15,,,,,,0.15,,,,,,,,,,,,,,,,,0.0,,,,False,False,False,False
2026-03-26T16:00:00+00:00,,Level 4,82.5,Healthy,0.5,0.0,0.0,0.0,0.5,5.0913,47728.3,,,,0.8,3.4,8.1,6.44384,8.57,8.55,9.01,245.1,245.3,247.1,8.1,7.2,1.1,2.6,1.7,0.515,,,e0412,,0.05,,,,,,0.05,,,,,,0.008,,,,,,0.15,,,,,,0.15,,,,,,,,,,,,,,,,,0.0,,,,False,False,False,False
2026-03-26T16:00:00+00:00,,Level 4,82.5,Healthy,0.5,0.0,0.0,0.0,0.5,4.75233,30205.6,,,,0.84,5.0,83.2,5.68437,7.55,7.5,8.1,244.6,245.2,247.0,83.2,71.2,2.8,2.8,2.3,0.57,,,e0413,,0.05,,,,,,0.05,,,,,,0.008,,,,,,0.15,,,,,,0.15,,,,,,,,,,,,,,,,,0.0,,,,False,False,False,False
2026-03-26T16:00:00+00:00,,Level 4,82.5,Healthy,0.5,0.0,0.0,0.0,0.5,1.66969,10312.5,,,,0.88,7.0,75.6,1.90366,2.73,2.59,2.4,245.5,245.9,248.0,53.2,75.6,2.6,3.4,2.6,0.622,,,e0414,,0.05,,,,,,0.05,,,,,,0.008,,,,,,0.15,,,,,,0.15,,,,,,,,,,,,,,,,,0.0,,,,False,False,False,False
2026-03-26T16:00:00+00:00,,Level 4,82.5,Healthy,0.5,0.0,0.0,0.0,0.5,4.4626,24661.3,,,,0.61,18.5,2.1,7.23952,8.78,9.11,11.7,244.3,245.1,245.3,1.6,2.1,3.2,2.1,1.6,0.245,,,e0415,,0.05,,,,,,0.05,,,,,,0.008,,,,,,0.15,,,,,,0.15,,,,,,,,,,,,,,,,,0.0,,,,False,False,False,False
2026-03-26T16:00:00+00:00,,Level 4,82.5,Healthy,0.5,0.0,0.0,0.0,0.5,2.24905,16747.0,,,,0.9,3.6,66.9,2.51983,3.48,3.45,3.29,245.3,245.8,247.8,54.9,66.9,1.7,2.6,3.0,0.609,,,e0416,,0.05,,,,,,0.05,,,,,,0.008,,,,,,0.15,,,,,,0.15,,,,,,,,,,,,,,,,,0.0,,,,False,False,False,False
2026-03-26T16:00:00+00:00,,Level 4,82.5,Healthy,0.5,0.0,0.0,0.0,0.5,0.928993,16348.7,,,,0.88,65.2,15.0,1.05009,0.51,1.97,1.95,237.6,236.1,238.5,3.3,15.0,1.0,2.6,1.8,0.548,,,e0419,,0.05,,,,,,0.05,,,,,,0.008,,,,,,0.15,,,,,,0.15,,,,,,,,,,,,,,,,,0.0,,,,False,False,False,False
2026-03-26T16:00:00+00:00,,Level 4,82.5,Healthy,0.5,0.0,0.0,0.0,0.5,11.326,55897.7,,,,0.82,11.6,5.4,13.9142,17.59,21.0,21.07,234.4,230.6,234.1,5.4,4.8,1.9,2.4,1.8,1.044,,,e0423,,0.05,,,,,,0.05,,,,,,0.008,,,,,,0.15,,,,,,0.15,,,,,,,,,,,,,,,,,0.0,,,,False,False,False,False
2026-03-26T16:00:00+00:00,,Level 5,82.5,Healthy,0.5,0.0,0.0,0.0,0.5,4.59411,25743.4,,,,0.63,5.5,6.4,7.32353,9.4,10.46,9.97,244.6,244.3,247.2,2.4,6.4,1.8,3.2,3.1,0.747,,,e0501,,0.05,,,,,,0.05,,,,,,0.008,,,,,,0.15,,,,,,0.15,,,,,,,,,,,,,,,,,0.0,,,,False,False,False,False
2026-03-26T16:00:00+00:00,,Level 5,82.5,Healthy,0.5,0.0,0.0,0.0,0.5,3.97797,22474.0,,,,0.82,8.0,90.3,4.86985,6.07,7.1,6.63,245.0,245.2,247.7,79.1,90.3,2.6,2.9,2.2,0.705,,,e0502,,0.05,,,,,,0.05,,,,,,0.008,,,,,,0.15,,,,,,0.15,,,,,,,,,,,,,,,,,0.0,,,,False,False,False,False
2026-03-26T16:00:00+00:00,,Level 5,82.5,Healthy,0.5,0.0,0.0,0.0,0.5,0.728122,12000.7,,,,0.96,33.0,6.2,0.757193,0.9,1.41,0.87,238.5,236.8,239.4,6.2,5.3,1.3,1.6,1.9,0.602,,,e0503,,0.05,,,,,,0.05,,,,,,0.008,,,,,,0.15,,,,,,0.15,,,,,,,,,,,,,,,,,0.0,,,,False,False,False,False
2026-03-26T16:00:00+00:00,,Level 5,82.5,Healthy,0.5,0.0,0.0,0.0,0.5,0.493593,10001.9,,,,0.94,5.2,10.4,0.525513,0.71,0.75,0.68,246.0,246.3,248.4,10.4,6.5,3.0,1.8,2.3,0.608,,,e0504,,0.05,,,,,,0.05,,,,,,0.008,,,,,,0.15,,,,,,0.15,,,,,,,,,,,,,,,,,0.0,,,,False,False,False,False
2026-03-26T16:00:00+00:00,,Level 5,82.5,Healthy,0.5,0.0,0.0,0.0,0.5,8.94788,45732.3,,,,0.82,3.7,17.9,10.8164,14.18,15.01,14.99,244.6,245.0,247.2,12.9,17.9,2.3,2.3,2.3,0.651,,,e0505,,0.05,,,,,,0.05,,,,,,0.008,,,,,,0.15,,,,,,0.15,,,,,,,,,,,,,,,,,0.0,,,,False,False,False,False
2026-03-26T16:00:00+00:00,,Level 5,82.5,Healthy,0.5,0.0,0.0,0.0,0.5,1.54883,25074.7,,,,0.17,5.7,7.5,8.79908,11.23,12.24,12.26,245.6,245.5,247.9,7.2,7.5,3.0,2.0,1.8,0.636,,,e0506,,0.05,,,,,,0.05,,,,,,0.008,,,,,,0.15,,,,,,0.15,,,,,,,,,,,,,,,,,0.0,,,,False,False,False,False
2026-03-26T16:00:00+00:00,,Level 5,82.5,Healthy,0.5,0.0,0.0,0.0,0.5,5.17153,29045.3,,,,0.58,5.0,5.4,8.85366,11.4,12.28,12.39,244.6,244.5,247.0,5.4,3.2,2.8,1.8,2.5,0.666,,,e0507,,0.05,,,,,,0.05,,,,,,0.008,,,,,,0.15,,,,,,0.15,,,,,,,,,,,,,,,,,0.0,,,,False,False,False,False
2026-03-26T16:00:00+00:00,,Level 5,82.5,Healthy,0.5,0.0,0.0,0.0,0.5,11.2635,58403.0,,,,0.78,4.2,6.3,14.3331,19.57,19.9,21.0,237.2,235.5,238.0,6.3,6.1,1.4,2.6,2.0,0.591,,,e0508,,0.05,,,,,,0.05,,,,,,0.008,,,,,,0.15,,,,,,0.15,,,,,,,,,,,,,,,,,0.0,,,,False,False,False,False
2026-03-26T16:00:00+00:00,,Level 5,82.5,Healthy,0.5,0.0,0.0,0.0,0.5,7.74176,41394.2,,,,0.77,11.8,6.3,10.047,12.74,15.26,12.92,244.8,244.4,247.1,3.7,6.3,1.9,2.0,2.1,0.679,,,e0509,,0.05,,,,,,0.05,,,,,,0.008,,,,,,0.15,,,,,,0.15,,,,,,,,,,,,,,,,,0.0,,,,False,False,False,False
2026-03-26T16:00:00+00:00,,Level 5,82.5,Healthy,0.5,0.0,0.0,0.0,0.5,12.0307,52491.2,,,,0.85,4.5,34.1,14.0676,18.37,19.52,19.8,242.9,242.9,245.3,32.9,34.1,2.7,3.2,3.4,0.657,,,e0510,,0.05,,,,,,0.05,,,,,,0.008,,,,,,0.15,,,,,,0.15,,,,,,,,,,,,,,,,,0.0,,,,False,False,False,False
2026-03-26T16:00:00+00:00,,Level 5,82.5,Healthy,0.5,0.0,0.0,0.0,0.5,4.03943,24129.7,,,,0.54,9.9,85.5,7.52297,9.17,10.62,10.78,245.4,246.1,247.9,85.5,66.2,4.2,3.7,2.5,0.582,,,e0511,,0.05,,,,,,0.05,,,,,,0.008,,,,,,0.15,,,,,,0.15,,,,,,,,,,,,,,,,,0.0,,,,False,False,False,False
2026-03-26T16:00:00+00:00,,Level 6,82.5,Healthy,0.5,0.0,0.0,0.0,0.5,0.516104,11949.8,,,,0.97,83.5,6.8,0.530714,1.37,0.47,0.4,237.2,236.1,238.9,6.8,6.6,2.7,2.4,2.2,0.632,,,e0602,,0.05,,,,,,0.05,,,,,,0.008,,,,,,0.15,,,,,,0.15,,,,,,,,,,,,,,,,,0.0,,,,False,False,False,False
2026-03-26T16:00:00+00:00,,Level 6,82.5,Healthy,0.5,0.0,0.0,0.0,0.5,6.67581,52472.3,,,,0.79,0.5,10.3,8.47268,12.0,11.9,11.96,236.9,235.3,237.8,5.6,10.3,0.9,2.3,2.2,0.577,,,e0603,,0.05,,,,,,0.05,,,,,,0.008,,,,,,0.15,,,,,,0.15,,,,,,,,,,,,,,,,,0.0,,,,False,False,False,False
2026-03-26T16:00:00+00:00,,Level 6,82.5,Healthy,0.5,0.0,0.0,0.0,0.5,7.31598,25043.8,,,,0.81,6.5,6.3,9.04647,11.97,13.41,13.01,236.1,233.8,236.9,2.5,6.3,2.5,2.2,1.6,0.764,,,e0604,,0.05,,,,,,0.05,,,,,,0.008,,,,,,0.15,,,,,,0.15,,,,,,,,,,,,,,,,,0.0,,,,False,False,False,False
2026-03-26T16:00:00+00:00,,Level 6,82.5,Healthy,0.5,0.0,0.0,0.0,0.5,7.24688,41154.7,,,,0.72,1.6,5.5,10.1004,14.48,14.03,14.25,236.6,235.2,238.0,3.9,5.5,2.5,2.8,1.3,0.592,,,e0605,,0.05,,,,,,0.05,,,,,,0.008,,,,,,0.15,,,,,,0.15,,,,,,,,,,,,,,,,,0.0,,,,False,False,False,False
2026-03-26T16:00:00+00:00,,Level 6,82.5,Healthy,0.5,0.0,0.0,0.0,0.5,8.4061,56556.5,,,,0.53,6.2,8.4,15.9257,22.18,21.34,23.86,233.1,236.2,240.0,8.4,4.8,1.7,2.8,3.2,1.509,,,e0606,,0.05,,,,,,0.05,,,,,,0.008,,,,,,0.15,,,,,,0.15,,,,,,,,,,,,,,,,,0.0,,,,False,False,False,False
2026-03-26T16:00:00+00:00,,Level 6,82.5,Healthy,0.5,0.0,0.0,0.0,0.5,6.637,35792.3,,,,0.92,3.5,54.3,7.1967,10.12,9.87,10.54,235.5,234.0,236.6,54.3,44.4,1.8,1.0,1.5,0.581,,,e0607,,0.05,,,,,,0.05,,,,,,0.008,,,,,,0.15,,,,,,0.15,,,,,,,,,,,,,,,,,0.0,,,,False,False,False,False
2026-03-26T16:00:00+00:00,,Level 6,82.5,Healthy,0.5,0.0,0.0,0.0,0.5,4.47845,28410.8,,,,0.79,6.2,6.8,5.69535,8.17,7.53,8.4,232.7,235.9,239.8,4.5,6.8,3.0,3.2,3.3,1.553,,,e0611,,0.05,,,,,,0.05,,,,,,0.008,,,,,,0.15,,,,,,0.15,,,,,,,,,,,,,,,,,0.0,,,,False,False,False,False
2026-03-26T16:00:00+00:00,,Level 6,82.5,Healthy,0.5,0.0,0.0,0.0,0.5,0.474682,2419.6,,,,0.87,6.1,76.1,0.551334,5.66,6.61,6.3,29.5,29.5,29.8,76.1,70.5,0.7,2.6,2.7,0.676,,,e0622,,0.05,,,,,,0.05,,,,,,0.008,,,,,,0.15,,,,,,0.15,,,,,,,,,,,,,,,,,0.0,,,,False,False,False,False
2026-03-26T16:00:00+00:00,,Level 6,82.5,Healthy,0.5,0.0,0.0,0.0,0.5,6.71253,34812.9,,,,0.78,4.7,7.2,8.64119,12.39,12.56,11.62,237.0,233.7,238.1,7.2,4.0,3.1,2.2,1.5,1.086,,,e0625,,0.05,,,,,,0.05,,,,,,0.008,,,,,,0.15,,,,,,0.15,,,,,,,,,,,,,,,,,0.0,,,,False,False,False,False
2026-03-26T16:00:00+00:00,,Level 6,82.5,Healthy,0.5,0.0,0.0,0.0,0.5,7.24757,35918.2,,,,0.79,15.3,5.8,9.14373,12.27,11.52,14.85,236.7,235.1,237.4,5.8,1.3,1.4,2.7,2.4,0.55,,,e0626,,0.05,,,,,,0.05,,,,,,0.008,,,,,,0.15,,,,,,0.15,,,,,,,,,,,,,,,,,0.0,,,,False,False,False,False
2026-03-26T16:00:00+00:00,,Level 6,82.5,Healthy,0.5,0.0,0.0,0.0,0.5,4.53789,26514.7,,,,0.87,9.1,61.4,5.21173,7.65,6.68,7.7,236.8,235.4,238.2,61.4,53.5,1.7,2.3,1.4,0.591,,,e0627,,0.05,,,,,,0.05,,,,,,0.008,,,,,,0.15,,,,,,0.15,,,,,,,,,,,,,,,,,0.0,,,,False,False,False,False
2026-03-26T16:00:00+00:00,,Level 6,82.5,Healthy,0.5,0.0,0.0,0.0,0.5,4.60885,24611.4,,,,0.81,30.7,6.2,5.67425,7.18,6.32,10.43,237.5,236.4,237.6,6.2,0.7,1.3,2.1,1.9,0.323,,,e0628,,0.05,,,,,,0.05,,,,,,0.008,,,,,,0.15,,,,,,0.15,,,,,,,,,,,,,,,,,0.0,,,,False,False,False,False
2026-03-26T16:00:00+00:00,,Level 7,82.5,Healthy,0.5,0.0,0.0,0.0,0.5,8.26849,39637.7,,,,0.88,11.2,49.8,9.43663,14.36,13.58,11.74,237.7,236.0,238.9,39.3,49.8,1.4,0.7,1.8,0.646,,,e0701,,0.05,,,,,,0.05,,,,,,0.008,,,,,,0.15,,,,,,0.15,,,,,,,,,,,,,,,,,0.0,,,,False,False,False,False
2026-03-26T16:00:00+00:00,,Level 7,82.5,Healthy,0.5,0.0,0.0,0.0,0.5,9.98149,36690.4,,,,0.94,6.5,41.3,10.6764,15.14,13.99,15.8,237.7,236.0,238.6,41.3,39.1,1.3,1.6,1.9,0.604,,,e0702,,0.05,,,,,,0.05,,,,,,0.008,,,,,,0.15,,,,,,0.15,,,,,,,,,,,,,,,,,0.0,,,,False,False,False,False
2026-03-26T16:00:00+00:00,,Level 7,82.5,Healthy,0.5,0.0,0.0,0.0,0.5,11.3955,52897.4,,,,0.91,9.8,38.4,12.5841,19.5,16.68,17.07,236.4,235.2,238.1,33.8,38.4,1.8,1.8,2.5,0.648,,,e0703,,0.05,,,,,,0.05,,,,,,0.008,,,,,,0.15,,,,,,0.15,,,,,,,,,,,,,,,,,0.0,,,,False,False,False,False
2026-03-26T16:00:00+00:00,,Level 7,82.5,Healthy,0.5,0.0,0.0,0.0,0.5,6.02754,32332.8,,,,0.91,5.6,53.8,6.62364,9.48,8.72,9.7,237.4,235.9,238.4,53.8,50.2,2.6,8.1,7.6,0.562,,,e0704,,0.05,,,,,,0.05,,,,,,0.008,,,,,,0.15,,,,,,0.15,,,,,,,,,,,,,,,,,0.0,,,,False,False,False,False
2026-03-26T16:00:00+00:00,,Level 8,82.5,Healthy,0.5,0.0,0.0,0.0,0.5,4.65999,37843.6,,,,0.87,7.1,72.8,5.36136,7.06,7.87,7.86,232.0,235.1,239.4,72.8,66.6,2.5,3.5,3.1,1.656,,,e0801,,0.05,,,,,,0.05,,,,,,0.008,,,,,,0.15,,,,,,0.15,,,,,,,,,,,,,,,,,0.0,,,,False,False,False,False
2026-03-26T16:00:00+00:00,,Level 8,82.5,Healthy,0.5,0.0,0.0,0.0,0.5,5.69412,49128.8,,,,0.9,7.5,57.9,6.36974,9.57,8.34,9.17,232.3,235.8,239.7,57.9,53.7,1.1,2.5,2.8,1.596,,,e0802,,0.05,,,,,,0.05,,,,,,0.008,,,,,,0.15,,,,,,0.15,,,,,,,,,,,,,,,,,0.0,,,,False,False,False,False
2026-03-26T16:00:00+00:00,,Level 8,82.5,Healthy,0.5,0.0,0.0,0.0,0.5,3.45529,68141.9,,,,0.93,52.4,12.0,3.69841,7.49,5.71,2.49,236.3,235.0,238.1,12.0,7.8,3.9,1.3,1.3,0.691,,,e0803,,0.05,,,,,,0.05,,,,,,0.008,,,,,,0.15,,,,,,0.15,,,,,,,,,,,,,,,,,0.0,,,,False,False,False,False
2026-03-26T16:00:00+00:00,,Level 8,82.5,Healthy,0.5,0.0,0.0,0.0,0.5,8.73496,46158.9,,,,0.73,12.9,17.8,11.8422,18.94,15.24,16.09,232.1,236.0,239.7,14.9,17.8,1.4,2.6,3.4,1.625,,,e0804,,0.05,,,,,,0.05,,,,,,0.008,,,,,,0.15,,,,,,0.15,,,,,,,,,,,,,,,,,0.0,,,,False,False,False,False
2026-03-26T16:00:00+00:00,,Level 8,82.5,Healthy,0.5,0.0,0.0,0.0,0.5,8.92671,47721.8,,,,0.75,9.1,36.8,11.8984,18.28,15.72,16.24,233.3,236.8,240.8,29.4,36.8,1.2,1.9,2.4,1.618,,,e0805,,0.05,,,,,,0.05,,,,,,0.008,,,,,,0.15,,,,,,0.15,,,,,,,,,,,,,,,,,0.0,,,,False,False,False,False
2026-03-26T16:00:00+00:00,,Level 9,82.5,Healthy,0.5,0.0,0.0,0.0,0.5,5.69003,29385.2,,,,0.74,12.0,6.3,7.65262,12.13,9.98,10.4,232.7,235.7,238.2,2.3,6.3,3.6,3.5,2.7,1.203,,,e0901,,0.05,,,,,,0.05,,,,,,0.008,,,,,,0.15,,,,,,0.15,,,,,,,,,,,,,,,,,0.0,,,,False,False,False,False
2026-03-26T16:00:00+00:00,,Level 9,82.5,Healthy,0.5,0.0,0.0,0.0,0.5,5.21568,32491.8,,,,0.78,12.8,14.8,6.63392,10.54,8.98,8.49,234.3,236.4,239.2,14.2,14.8,3.7,3.7,3.6,1.085,,,e0902,,0.05,,,,,,0.05,,,,,,0.008,,,,,,0.15,,,,,,0.15,,,,,,,,,,,,,,,,,0.0,,,,False,False,False,False
2026-03-26T16:00:00+00:00,,Level 9,82.5,Healthy,0.5,0.0,0.0,0.0,0.5,7.49476,38624.0,,,,0.82,1.3,8.4,9.12857,12.72,12.92,13.04,234.1,236.2,238.6,4.8,8.4,3.0,1.5,2.1,0.973,,,e0903,,0.05,,,,,,0.05,,,,,,0.008,,,,,,0.15,,,,,,0.15,,,,,,,,,,,,,,,,,0.0,,,,False,False,False,False
2026-03-26T16:00:00+00:00,,Level 9,82.5,Healthy,0.5,0.0,0.0,0.0,0.5,6.54552,40200.5,,,,0.86,6.3,77.3,7.54764,10.6,10.06,11.32,232.1,235.5,239.2,77.3,57.7,3.8,3.8,4.1,1.528,,,e0904,,0.05,,,,,,0.05,,,,,,0.008,,,,,,0.15,,,,,,0.15,,,,,,,,,,,,,,,,,0.0,,,,False,False,False,False
2026-03-26T16:00:00+00:00,,Level 9,82.5,Healthy,0.5,0.0,0.0,0.0,0.5,2.52389,32407.4,,,,0.42,16.7,5.0,5.99539,7.5,9.88,7.99,234.3,235.3,238.9,5.0,2.7,3.3,2.5,2.7,1.157,,,e0905,,0.05,,,,,,0.05,,,,,,0.008,,,,,,0.15,,,,,,0.15,,,,,,,,,,,,,,,,,0.0,,,,False,False,False,False
2026-03-26T16:00:00+00:00,,Level 9,82.5,Healthy,0.5,0.0,0.0,0.0,0.5,4.69825,24405.7,,,,0.63,20.4,22.9,7.48333,10.16,8.8,12.69,234.5,236.9,238.9,18.9,22.9,3.2,2.6,2.7,0.957,,,e0906,,0.05,,,,,,0.05,,,,,,0.008,,,,,,0.15,,,,,,0.15,,,,,,,,,,,,,,,,,0.0,,,,False,False,False,False
2026-03-26T16:00:00+00:00,,Level 9,82.5,Healthy,0.5,0.0,0.0,0.0,0.5,3.55069,28831.7,,,,0.54,15.2,6.6,6.62291,8.91,10.76,8.36,234.4,236.1,239.0,6.6,3.8,3.6,1.9,1.8,1.057,,,e0907,,0.05,,,,,,0.05,,,,,,0.008,,,,,,0.15,,,,,,0.15,,,,,,,,,,,,,,,,,0.0,,,,False,False,False,False
2026-03-26T16:00:00+00:00,,Level 9,82.5,Healthy,0.5,0.0,0.0,0.0,0.5,4.28065,49216.0,,,,0.9,12.4,60.8,4.73242,6.48,6.09,7.55,233.7,236.4,237.6,60.8,44.3,3.3,2.4,3.0,0.933,,,e0908,,0.05,,,,,,0.05,,,,,,0.008,,,,,,0.15,,,,,,0.15,,,,,,,,,,,,,,,,,0.0,,,,False,False,False,False
2026-03-26T16:00:00+00:00,,Level 10,82.5,Healthy,0.5,0.0,0.0,0.0,0.5,3.15477,16587.5,,,,0.95,69.5,41.2,3.34108,6.24,6.51,1.44,233.5,236.0,237.9,41.2,36.7,3.1,1.8,2.3,0.975,,,e1001,,0.05,,,,,,0.05,,,,,,0.008,,,,,,0.15,,,,,,0.15,,,,,,,,,,,,,,,,,0.0,,,,False,False,False,False
2026-03-26T16:00:00+00:00,,Level 10,82.5,Healthy,0.5,0.0,0.0,0.0,0.5,9.91377,61812.2,,,,0.91,15.0,42.8,10.895,15.28,13.1,17.66,234.1,236.5,238.6,42.8,32.8,3.8,2.5,3.0,0.973,,,e1002,,0.05,,,,,,0.05,,,,,,0.008,,,,,,0.15,,,,,,0.15,,,,,,,,,,,,,,,,,0.0,,,,False,False,False,False
2026-03-26T16:00:00+00:00,,Level 10,82.5,Healthy,0.5,0.0,0.0,0.0,0.5,6.97396,49968.6,,,,0.92,12.0,46.6,7.57293,9.92,10.26,12.0,234.1,236.2,238.4,46.6,38.3,2.7,1.1,2.1,0.917,,,e1003,,0.05,,,,,,0.05,,,,,,0.008,,,,,,0.15,,,,,,0.15,,,,,,,,,,,,,,,,,0.0,,,,False,False,False,False
2026-03-26T16:00:00+00:00,,Level 10,82.5,Healthy,0.5,0.0,0.0,0.0,0.5,3.9008,23363.6,,,,0.95,1.6,39.5,4.11601,5.9,5.72,5.82,233.4,236.0,238.0,37.5,39.5,4.1,2.6,2.0,1.018,,,e1004,,0.05,,,,,,0.05,,,,,,0.008,,,,,,0.15,,,,,,0.15,,,,,,,,,,,,,,,,,0.0,,,,False,False,False,False
2026-03-26T16:00:00+00:00,,Level 10,82.5,Healthy,0.5,0.0,0.0,0.0,0.5,3.40576,42159.9,,,,0.94,6.8,45.9,3.63557,5.3,5.39,4.82,231.4,235.1,239.5,45.7,45.9,2.7,4.3,2.5,1.771,,,e1005,,0.05,,,,,,0.05,,,,,,0.008,,,,,,0.15,,,,,,0.15,,,,,,,,,,,,,,,,,0.0,,,,False,False,False,False
2026-03-26T16:00:00+00:00,,Level 10,82.5,Healthy,0.5,0.0,0.0,0.0,0.5,7.94072,46026.7,,,,0.92,10.6,48.1,8.64979,13.51,11.73,11.39,234.0,236.4,239.0,38.8,48.1,2.8,3.0,1.6,1.071,,,e1006,,0.05,,,,,,0.05,,,,,,0.008,,,,,,0.15,,,,,,0.15,,,,,,,,,,,,,,,,,0.0,,,,False,False,False,False
2026-03-26T16:00:00+00:00,,Level 10,82.5,Healthy,0.5,0.0,0.0,0.0,0.5,7.10113,26893.9,,,,0.92,4.3,51.4,7.73978,10.64,10.72,11.39,233.5,235.8,238.2,51.4,43.2,3.8,2.5,3.2,1.004,,,e1007,,0.05,,,,,,0.05,,,,,,0.008,,,,,,0.15,,,,,,0.15,,,,,,,,,,,,,,,,,0.0,,,,False,False,False,False
2026-03-26T16:00:00+00:00,,Level 10,82.5,Healthy,0.5,0.0,0.0,0.0,0.5,6.69792,38657.7,,,,0.96,12.0,39.8,7.00593,8.78,11.12,10.03,232.8,234.9,237.2,39.8,34.7,3.9,2.6,2.6,0.95,,,e1008,,0.05,,,,,,0.05,,,,,,0.008,,,,,,0.15,,,,,,0.15,,,,,,,,,,,,,,,,,0.0,,,,False,False,False,False
2026-03-26T16:00:00+00:00,,Level 11,82.5,Healthy,0.5,0.0,0.0,0.0,0.5,-0.694862,0.0,,,,-0.99,16.7,23.6,0.704995,0.9,0.91,1.15,235.2,237.3,239.5,23.6,2.1,3.7,2.9,1.7,0.913,,,e1101,,0.05,,,,,,0.05,,,,,,0.008,,,,,,0.15,,,,,,0.15,,,,,,,,,,,,,,,,,0.0,,,,False,False,False,False
2026-03-26T16:00:00+00:00,,Level 11,82.5,Healthy,0.5,0.0,0.0,0.0,0.5,7.5645,55926.6,,,,0.89,5.3,39.9,8.53479,12.46,11.31,12.11,236.0,238.4,240.7,39.6,39.9,2.7,2.3,2.7,0.993,,,e1102,,0.05,,,,,,0.05,,,,,,0.008,,,,,,0.15,,,,,,0.15,,,,,,,,,,,,,,,,,0.0,,,,False,False,False,False
2026-03-26T16:00:00+00:00,,Level 11,82.5,Healthy,0.5,0.0,0.0,0.0,0.5,11.5136,40642.9,,,,0.95,10.1,39.4,12.1282,18.76,16.35,16.03,234.7,237.2,239.6,29.8,39.4,3.9,2.7,2.6,1.04,,,e1103,,0.05,,,,,,0.05,,,,,,0.008,,,,,,0.15,,,,,,0.15,,,,,,,,,,,,,,,,,0.0,,,,False,False,False,False
2026-03-26T16:00:00+00:00,,Level 11,82.5,Healthy,0.5,0.0,0.0,0.0,0.5,4.37665,22866.4,,,,0.9,8.5,52.6,4.85384,7.21,6.26,7.04,233.9,236.7,239.1,52.6,51.0,3.8,1.8,3.3,1.127,,,e1104,,0.05,,,,,,0.05,,,,,,0.008,,,,,,0.15,,,,,,0.15,,,,,,,,,,,,,,,,,0.0,,,,False,False,False,False
2026-03-26T16:00:00+00:00,,Level 11,82.5,Healthy,0.5,0.0,0.0,0.0,0.5,2.59399,28930.2,,,,0.86,13.2,79.1,3.01013,4.8,4.0,3.92,232.5,236.1,240.3,58.0,79.1,2.1,2.5,1.8,1.693,,,e1105,,0.05,,,,,,0.05,,,,,,0.008,,,,,,0.15,,,,,,0.15,,,,,,,,,,,,,,,,,0.0,,,,False,False,False,False
2026-03-26T16:00:00+00:00,,Level 11,82.5,Healthy,0.5,0.0,0.0,0.0,0.5,10.8588,58318.6,,,,0.95,6.7,33.7,11.4928,17.0,15.14,16.49,232.6,236.0,240.0,33.6,33.7,1.1,1.9,2.3,1.609,,,e1106,,0.05,,,,,,0.05,,,,,,0.008,,,,,,0.15,,,,,,0.15,,,,,,,,,,,,,,,,,0.0,,,,False,False,False,False
2026-03-26T16:00:00+00:00,,Level 11,82.5,Healthy,0.5,0.0,0.0,0.0,0.5,8.63729,28005.9,,,,0.92,4.9,48.7,9.38994,12.61,13.42,13.72,233.2,236.4,240.3,48.7,36.1,2.4,1.1,2.9,1.55,,,e1107,,0.05,,,,,,0.05,,,,,,0.008,,,,,,0.15,,,,,,0.15,,,,,,,,,,,,,,,,,0.0,,,,False,False,False,False
2026-03-26T16:00:00+00:00,,Level 11,82.5,Healthy,0.5,0.0,0.0,0.0,0.5,3.12926,33405.9,,,,0.64,16.2,72.9,4.90284,7.43,7.59,5.83,231.7,236.0,239.0,59.7,72.9,2.8,3.0,3.0,1.641,,,e1108,,0.05,,,,,,0.05,,,,,,0.008,,,,,,0.15,,,,,,0.15,,,,,,,,,,,,,,,,,0.0,,,,False,False,False,False
